{"avg_inner_best_models/val_loss_mean":0.7009620070457458,"_timestamp":1.772516102029252e+09,"_step":24,"_wandb":{"runtime":0},"_runtime":0.03519001,"avg_inner_best_models/train_loss_mean":0.5093127290407816}