outer_test_LOGLOSS_mean,outer_test_LOGLOSS_std,outer_test_AUC_mean,outer_test_AUC_std,outer_test_AUCPR_mean,outer_test_AUCPR_std,outer_test_ACC_mean,outer_test_ACC_std,outer_test_SEN_mean,outer_test_SEN_std,outer_test_SP_mean,outer_test_SP_std,outer_test_MCC_mean,outer_test_MCC_std
0.6711042465702401,0.013757201198376178,0.5743899596875787,0.04682320407507545,0.705689117793148,0.051459213992813335,0.5942314118629908,0.03824244264837334,0.7487566137566137,0.1671488157701287,0.330984126984127,0.23906465904531338,0.08570370046052132,0.1043048021651434
