outer_test_LOGLOSS_mean,outer_test_LOGLOSS_std,outer_test_AUC_mean,outer_test_AUC_std,outer_test_AUCPR_mean,outer_test_AUCPR_std,outer_test_ACC_mean,outer_test_ACC_std,outer_test_SEN_mean,outer_test_SEN_std,outer_test_SP_mean,outer_test_SP_std,outer_test_MCC_mean,outer_test_MCC_std
0.6741139045699079,0.009770474825174782,0.5974627739984884,0.06331488709056614,0.7255792178439833,0.0401875165647694,0.5829594820384294,0.04391985694477052,0.6820052910052911,0.17611599712303466,0.4156349206349206,0.2546246104346817,0.09484275572649084,0.1245886572210892
