outer_test_LOGLOSS_mean,outer_test_LOGLOSS_std,outer_test_AUC_mean,outer_test_AUC_std,outer_test_AUCPR_mean,outer_test_AUCPR_std,outer_test_ACC_mean,outer_test_ACC_std,outer_test_SEN_mean,outer_test_SEN_std,outer_test_SP_mean,outer_test_SP_std,outer_test_MCC_mean,outer_test_MCC_std
0.6757061290332416,0.009432198809754211,0.5718422776518014,0.06882817181223817,0.7196741517072015,0.04879289221384496,0.5837050960735171,0.052920694314832505,0.6817724867724867,0.1310966957319167,0.4093015873015873,0.17445099074958706,0.09212731145509019,0.11559593408910351
