outer_test_LOGLOSS_mean,outer_test_LOGLOSS_std,outer_test_AUC_mean,outer_test_AUC_std,outer_test_AUCPR_mean,outer_test_AUCPR_std,outer_test_ACC_mean,outer_test_ACC_std,outer_test_SEN_mean,outer_test_SEN_std,outer_test_SP_mean,outer_test_SP_std,outer_test_MCC_mean,outer_test_MCC_std
0.6778548550976651,0.011995876306574222,0.5713140589569161,0.06401030446981303,0.7124822450049381,0.04934267544502927,0.5877756892230576,0.0541571990976062,0.7105873015873015,0.07938754502531722,0.3765873015873016,0.16965642753338198,0.08664876214813728,0.14057843976246268
