outer_test_LOGLOSS_mean,outer_test_LOGLOSS_std,outer_test_AUC_mean,outer_test_AUC_std,outer_test_AUCPR_mean,outer_test_AUCPR_std,outer_test_ACC_mean,outer_test_ACC_std,outer_test_SEN_mean,outer_test_SEN_std,outer_test_SP_mean,outer_test_SP_std,outer_test_MCC_mean,outer_test_MCC_std
0.6698065353993032,0.01055247073230069,0.5974460191484,0.05416642096007113,0.716602631677612,0.0383889146345253,0.6025396825396825,0.050677208731985085,0.7006031746031748,0.08922727180734044,0.43501587301587297,0.15751637013192393,0.1375567537089448,0.1277590928197006
