outer_test_LOGLOSS_mean,outer_test_LOGLOSS_std,outer_test_AUC_mean,outer_test_AUC_std,outer_test_AUCPR_mean,outer_test_AUCPR_std,outer_test_ACC_mean,outer_test_ACC_std,outer_test_SEN_mean,outer_test_SEN_std,outer_test_SP_mean,outer_test_SP_std,outer_test_MCC_mean,outer_test_MCC_std
0.675692635189393,0.019842463202921823,0.55676669186193,0.047658338772606355,0.6976162372123197,0.03405929793998874,0.5978529657477025,0.05176601125378331,0.7404074074074074,0.12389594492751498,0.3492063492063492,0.11502459914310231,0.10207186142775387,0.08239491527089032
