{"_timestamp":1.7725496876633425e+09,"_step":59,"_runtime":0.055843937,"_wandb":{"runtime":0},"avg_inner_best_models/train_loss_mean":0.559371554851532,"avg_inner_best_models/val_loss_mean":0.6769506772359213}