{"avg_inner_best_models/val_loss_mean":0.6724654734134674,"_timestamp":1.7725073410470471e+09,"_step":52,"_runtime":0.037842564,"_wandb":{"runtime":0},"avg_inner_best_models/train_loss_mean":0.4183051983515422}