outer_test_LOGLOSS_mean,outer_test_LOGLOSS_std,outer_test_AUC_mean,outer_test_AUC_std,outer_test_AUCPR_mean,outer_test_AUCPR_std,outer_test_ACC_mean,outer_test_ACC_std,outer_test_SEN_mean,outer_test_SEN_std,outer_test_SP_mean,outer_test_SP_std,outer_test_MCC_mean,outer_test_MCC_std
0.6788387600847162,0.01634161774581972,0.558238851095994,0.07514552521475273,0.6969998221810443,0.06998070401492477,0.5625125313283208,0.08920652013679803,0.6758148148148149,0.17943046330852985,0.3638253968253968,0.12327850842517907,0.04857457993843021,0.13632311277874606
