outer_test_LOGLOSS_mean,outer_test_LOGLOSS_std,outer_test_AUC_mean,outer_test_AUC_std,outer_test_AUCPR_mean,outer_test_AUCPR_std,outer_test_ACC_mean,outer_test_ACC_std,outer_test_SEN_mean,outer_test_SEN_std,outer_test_SP_mean,outer_test_SP_std,outer_test_MCC_mean,outer_test_MCC_std
0.6741344596778589,0.016812261063991384,0.5655861048122953,0.0778638627302118,0.6986884868778399,0.0670224856940795,0.6026524644945698,0.05584622924858013,0.7281111111111112,0.08361140909966508,0.3842857142857143,0.10182891297062209,0.11902510399625185,0.11610586464353002
