outer_test_LOGLOSS_mean,outer_test_LOGLOSS_std,outer_test_AUC_mean,outer_test_AUC_std,outer_test_AUCPR_mean,outer_test_AUCPR_std,outer_test_ACC_mean,outer_test_ACC_std,outer_test_SEN_mean,outer_test_SEN_std,outer_test_SP_mean,outer_test_SP_std,outer_test_MCC_mean,outer_test_MCC_std
0.6716879480484531,0.006421973021438194,0.5946710758377426,0.04274046781371145,0.7322309425177149,0.04515897675668096,0.6071825396825398,0.055001142934821286,0.7297619047619048,0.14475660822807523,0.395984126984127,0.14442232395648777,0.14514614650046237,0.10272749970911325
