outer_test_LOGLOSS_mean,outer_test_LOGLOSS_std,outer_test_AUC_mean,outer_test_AUC_std,outer_test_AUCPR_mean,outer_test_AUCPR_std,outer_test_ACC_mean,outer_test_ACC_std,outer_test_SEN_mean,outer_test_SEN_std,outer_test_SP_mean,outer_test_SP_std,outer_test_MCC_mean,outer_test_MCC_std
0.6723320490067256,0.014976064991861453,0.6013194129503654,0.06260766683754178,0.7457341730396099,0.04942212798191374,0.5667209690893901,0.05551018750704757,0.6136137566137565,0.1873804919597952,0.49111111111111105,0.21162649319907947,0.1096071226193065,0.08441798534920508
