{"_wandb":{"runtime":0},"_runtime":0.038558114,"avg_inner_best_models/train_loss_mean":0.6217879255612692,"avg_inner_best_models/val_loss_mean":0.8107360899448395,"_timestamp":1.7725348328946228e+09,"_step":41}