outer_test_LOGLOSS_mean,outer_test_LOGLOSS_std,outer_test_AUC_mean,outer_test_AUC_std,outer_test_AUCPR_mean,outer_test_AUCPR_std,outer_test_ACC_mean,outer_test_ACC_std,outer_test_SEN_mean,outer_test_SEN_std,outer_test_SP_mean,outer_test_SP_std,outer_test_MCC_mean,outer_test_MCC_std
0.6808449238442696,0.014005724351229286,0.5523661501637692,0.06520047620405889,0.6950524310230276,0.06230142622626961,0.5724937343358396,0.0422344837996858,0.6593492063492064,0.11709570835404855,0.41877777777777775,0.18432244224841804,0.0778151797520261,0.10848861957209184
