outer_test_LOGLOSS_mean,outer_test_LOGLOSS_std,outer_test_AUC_mean,outer_test_AUC_std,outer_test_AUCPR_mean,outer_test_AUCPR_std,outer_test_ACC_mean,outer_test_ACC_std,outer_test_SEN_mean,outer_test_SEN_std,outer_test_SP_mean,outer_test_SP_std,outer_test_MCC_mean,outer_test_MCC_std
0.6780543699967287,0.01562819977005736,0.5885127236079616,0.06181089059172976,0.7141732875435106,0.05479674152452137,0.6031641604010025,0.06712619304837004,0.6507883597883599,0.13747546633837981,0.5207301587301587,0.1803294830247262,0.1748270465762606,0.1400560867396899
