{"avg_inner_best_models/val_auc_mean":0.7370689655172414,"_runtime":0.052079844,"_wandb":{"runtime":0},"_timestamp":1.7728084078803928e+09,"_step":43,"avg_inner_best_models/train_loss_mean":0.5095242038369179,"avg_inner_best_models/val_loss_mean":0.6479062835375468}