{"avg_inner_best_models/val_auc_mean":0.7689075630252101,"_timestamp":1.7728783324918673e+09,"_step":50,"_wandb":{"runtime":0},"_runtime":0.050685253,"avg_inner_best_models/train_loss_mean":1.5705872575441997,"avg_inner_best_models/val_loss_mean":0.6215618054072062}