{"_step":55,"avg_inner_best_models/train_loss_mean":1.3862589001655579,"_wandb":{"runtime":0},"_runtime":0.054983419,"avg_inner_best_models/val_loss_mean":0.6617855429649353,"avg_inner_best_models/val_auc_mean":0.6961206896551724,"_timestamp":1.7728701454061153e+09}