outer_test_LOGLOSS_mean,outer_test_LOGLOSS_std,outer_test_AUC_mean,outer_test_AUC_std,outer_test_AUCPR_mean,outer_test_AUCPR_std,outer_test_ACC_mean,outer_test_ACC_std,outer_test_SEN_mean,outer_test_SEN_std,outer_test_SP_mean,outer_test_SP_std,outer_test_MCC_mean,outer_test_MCC_std
0.6805404329733595,0.015538664216465166,0.5802168052406148,0.04664615822122254,0.7017520609304646,0.04222011735644557,0.569139515455305,0.053098753867388174,0.6310476190476192,0.1615338549273474,0.4591904761904762,0.1797194438919643,0.09269727702159887,0.08547059863033296
