outer_test_LOGLOSS_mean,outer_test_LOGLOSS_std,outer_test_AUC_mean,outer_test_AUC_std,outer_test_AUCPR_mean,outer_test_AUCPR_std,outer_test_ACC_mean,outer_test_ACC_std,outer_test_SEN_mean,outer_test_SEN_std,outer_test_SP_mean,outer_test_SP_std,outer_test_MCC_mean,outer_test_MCC_std
0.6672746935615658,0.009342515973669236,0.6098397581254725,0.06521854157857775,0.7469377777890867,0.051596707582616384,0.626077694235589,0.03964670844406634,0.771888888888889,0.1346936682500599,0.3705714285714286,0.20034711693647667,0.15260511802933005,0.10289061023555165
