{"_runtime":0.061036933,"avg_inner_best_models/val_auc_mean":0.8103448275862069,"_timestamp":1.7727594303354032e+09,"_step":80,"avg_inner_best_models/train_loss_mean":0.45624931156635284,"avg_inner_best_models/val_loss_mean":0.5925770103931427,"_wandb":{"runtime":0}}