{"_step":59,"_wandb":{"runtime":0},"_runtime":0.059006134,"avg_inner_best_models/train_loss_mean":0.48227111995220184,"avg_inner_best_models/val_loss_mean":0.6317562659581503,"avg_inner_best_models/val_auc_mean":0.7058823529411765,"_timestamp":1.772769834378211e+09}