{"_runtime":0.064455435,"avg_inner_best_models/train_loss_mean":0.7819952567418417,"avg_inner_best_models/val_loss_mean":0.6611367066701254,"avg_inner_best_models/val_auc_mean":0.6848739495798319,"_timestamp":1.7728717362686756e+09,"_step":57,"_wandb":{"runtime":0}}