{"avg_inner_best_models/val_loss_mean":0.669893225034078,"_timestamp":1.7725389205274503e+09,"_wandb":{"runtime":0},"_runtime":0.044960935,"_step":44,"avg_inner_best_models/train_loss_mean":0.5920149832963943}