{"_step":40,"avg_inner_best_models/train_loss_mean":0.4659769982099533,"avg_inner_best_models/val_loss_mean":0.6448659896850586,"_wandb":{"runtime":0},"_runtime":0.063438221,"avg_inner_best_models/val_auc_mean":0.6638655462184875,"_timestamp":1.7727554640879698e+09}