{"avg_inner_best_models/val_loss_mean":0.6545419494311014,"_timestamp":1.7725091146099734e+09,"_step":40,"avg_inner_best_models/train_loss_mean":0.5273316949605942,"_wandb":{"runtime":0},"_runtime":0.053252858}