{"_timestamp":1.7725089322136257e+09,"_step":25,"avg_inner_best_models/train_loss_mean":0.30031412343184155,"_wandb":{"runtime":0},"_runtime":0.035621592,"avg_inner_best_models/val_loss_mean":0.6651172041893005}