{"_runtime":0.05272017,"_step":33,"avg_inner_best_models/train_loss_mean":0.47375763207674026,"avg_inner_best_models/val_loss_mean":0.6561959385871887,"avg_inner_best_models/val_auc_mean":0.6077586206896551,"_timestamp":1.7728294209611075e+09,"_wandb":{"runtime":0}}