{"_runtime":0.040583911,"avg_inner_best_models/train_loss_mean":0.5297950680057207,"avg_inner_best_models/val_loss_mean":0.6516695618629456,"_timestamp":1.7725403602449312e+09,"_step":39,"_wandb":{"runtime":0}}