{"avg_inner_best_models/val_loss_mean":0.6455454428990682,"avg_inner_best_models/val_auc_mean":0.6974789915966386,"_timestamp":1.7727927806156366e+09,"_wandb":{"runtime":0},"_runtime":0.051081506,"_step":22,"avg_inner_best_models/train_loss_mean":0.5651033322016398}