{"_step":23,"avg_inner_best_models/train_loss_mean":0.42110149065653485,"avg_inner_best_models/val_loss_mean":0.6336802542209625,"_wandb":{"runtime":0},"_runtime":0.035939298,"_timestamp":1.7725305821375978e+09}