{"avg_inner_best_models/train_loss_mean":0.47115525354941684,"avg_inner_best_models/val_loss_mean":0.6485119660695394,"_timestamp":1.7725466029140394e+09,"_step":74,"_wandb":{"runtime":0},"_runtime":0.040055866}