{"_wandb":{"runtime":0},"_runtime":0.059663327,"avg_inner_best_models/val_loss_mean":0.6963765025138855,"_timestamp":1.772576228892968e+09,"_step":74,"avg_inner_best_models/train_loss_mean":0.5407267411549886}