outer_test_LOGLOSS_mean,outer_test_LOGLOSS_std,outer_test_AUC_mean,outer_test_AUC_std,outer_test_AUCPR_mean,outer_test_AUCPR_std,outer_test_ACC_mean,outer_test_ACC_std,outer_test_SEN_mean,outer_test_SEN_std,outer_test_SP_mean,outer_test_SP_std,outer_test_MCC_mean,outer_test_MCC_std
0.6861022922061983,0.0130303832594534,0.5562526455026455,0.06610882668427136,0.6830054937215706,0.03862914962385784,0.5485609857978279,0.06944073767467356,0.5915079365079365,0.11590419550702868,0.47600000000000003,0.14717495236197115,0.06567139743056437,0.1386280772621005
