outer_test_LOGLOSS_mean,outer_test_LOGLOSS_std,outer_test_AUC_mean,outer_test_AUC_std,outer_test_AUCPR_mean,outer_test_AUCPR_std,outer_test_ACC_mean,outer_test_ACC_std,outer_test_SEN_mean,outer_test_SEN_std,outer_test_SP_mean,outer_test_SP_std,outer_test_MCC_mean,outer_test_MCC_std
0.6743586403088596,0.014995017414324758,0.6200568783068783,0.09560760291250942,0.7667036493943963,0.05567408745307145,0.589032999164578,0.08819493732424374,0.6183650793650792,0.09812408624269241,0.5372063492063492,0.13183872927544274,0.1524206776406247,0.1775286545373674
