outer_test_LOGLOSS_mean,outer_test_LOGLOSS_std,outer_test_AUC_mean,outer_test_AUC_std,outer_test_AUCPR_mean,outer_test_AUCPR_std,outer_test_ACC_mean,outer_test_ACC_std,outer_test_SEN_mean,outer_test_SEN_std,outer_test_SP_mean,outer_test_SP_std,outer_test_MCC_mean,outer_test_MCC_std
0.6652495934211988,0.01244791542328328,0.5992384101788865,0.04714688251296672,0.7371929753250097,0.03471505829976761,0.5958479532163743,0.042313759897386324,0.6731957671957673,0.09490683782736403,0.4634444444444443,0.11301329613505234,0.13857854323978094,0.08212721159739339
