{"avg_inner_best_models/train_loss_mean":0.5852138102054596,"avg_inner_best_models/val_loss_mean":0.6673031250635783,"_timestamp":1.7725633873228028e+09,"_step":65,"_wandb":{"runtime":0},"_runtime":0.056152877}