outer_test_LOGLOSS_mean,outer_test_LOGLOSS_std,outer_test_AUC_mean,outer_test_AUC_std,outer_test_AUCPR_mean,outer_test_AUCPR_std,outer_test_ACC_mean,outer_test_ACC_std,outer_test_SEN_mean,outer_test_SEN_std,outer_test_SP_mean,outer_test_SP_std,outer_test_MCC_mean,outer_test_MCC_std
0.6892905474200192,0.011205439488131021,0.5479215797430084,0.059340108500463284,0.6792204679457663,0.055465934998933986,0.5201357560568088,0.09268149552036427,0.5064126984126983,0.1640096877854496,0.5407142857142856,0.12975900935311488,0.040982879715669496,0.16306783880467715
