outer_test_LOGLOSS_mean,outer_test_LOGLOSS_std,outer_test_AUC_mean,outer_test_AUC_std,outer_test_AUCPR_mean,outer_test_AUCPR_std,outer_test_ACC_mean,outer_test_ACC_std,outer_test_SEN_mean,outer_test_SEN_std,outer_test_SP_mean,outer_test_SP_std,outer_test_MCC_mean,outer_test_MCC_std
0.6820357910544984,0.011173600521998318,0.585479087931469,0.043074072309951354,0.7114049718368334,0.04525409022689994,0.5676002506265665,0.050371980242599305,0.6202328042328042,0.10354677761303531,0.47474603174603175,0.10582744119847658,0.09432294812783146,0.08660865197295382
