outer_test_LOGLOSS_mean,outer_test_LOGLOSS_std,outer_test_AUC_mean,outer_test_AUC_std,outer_test_AUCPR_mean,outer_test_AUCPR_std,outer_test_ACC_mean,outer_test_ACC_std,outer_test_SEN_mean,outer_test_SEN_std,outer_test_SP_mean,outer_test_SP_std,outer_test_MCC_mean,outer_test_MCC_std
0.6725975070316285,0.00791847864775993,0.6096394557823129,0.03275081105811471,0.7306175482434301,0.04673617536653679,0.5943191311612365,0.05350943650910774,0.6279365079365079,0.14068928507208692,0.5393174603174602,0.12793622211510833,0.1702108389270226,0.07321024413840828
