{"avg_inner_best_models/val_auc_mean":0.7342799188640974,"_timestamp":1.7728217677390265e+09,"_step":39,"_wandb":{"runtime":0},"_runtime":0.059453469,"avg_inner_best_models/train_loss_mean":0.3857831085721652,"avg_inner_best_models/val_loss_mean":0.6380525827407837}