{"avg_inner_best_models/train_loss_mean":0.45812185605367023,"avg_inner_best_models/val_loss_mean":0.6464867889881134,"avg_inner_best_models/val_auc_mean":0.7457983193277311,"_timestamp":1.7727879867862058e+09,"_wandb":{"runtime":0},"_runtime":0.051259542,"_step":46}