outer_test_LOGLOSS_mean,outer_test_LOGLOSS_std,outer_test_AUC_mean,outer_test_AUC_std,outer_test_AUCPR_mean,outer_test_AUCPR_std,outer_test_ACC_mean,outer_test_ACC_std,outer_test_SEN_mean,outer_test_SEN_std,outer_test_SP_mean,outer_test_SP_std,outer_test_MCC_mean,outer_test_MCC_std
0.6604974282399452,0.016638736512388033,0.614439594356261,0.055103520931363725,0.721080588194266,0.03692313725400291,0.6347159565580618,0.07257907692905631,0.7369417989417989,0.11085558538449028,0.45544444444444443,0.0981324868955203,0.20334891941218505,0.1410210439882699
