{"_step":36,"_wandb":{"runtime":0},"_runtime":0.050531011,"avg_inner_best_models/train_loss_mean":0.33087106545766193,"avg_inner_best_models/val_loss_mean":0.6200181543827057,"_timestamp":1.7725185986063542e+09}