{"avg_inner_best_models/train_loss_mean":0.38432808220386505,"avg_inner_best_models/val_loss_mean":0.6233034133911133,"_timestamp":1.7725243898249865e+09,"_wandb":{"runtime":0},"_runtime":0.041902073,"_step":54}