outer_test_LOGLOSS_mean,outer_test_LOGLOSS_std,outer_test_AUC_mean,outer_test_AUC_std,outer_test_AUCPR_mean,outer_test_AUCPR_std,outer_test_ACC_mean,outer_test_ACC_std,outer_test_SEN_mean,outer_test_SEN_std,outer_test_SP_mean,outer_test_SP_std,outer_test_MCC_mean,outer_test_MCC_std
0.6743201891138502,0.019533558366924865,0.5590824514991181,0.0869236549358757,0.6921726520236249,0.0814004804352014,0.5884335839598996,0.04394244414608809,0.7102010582010582,0.06787886668256646,0.37958730158730164,0.13103830722464216,0.08990171280495098,0.11103479959612024
