{"_runtime":0.092245961,"_wandb":{"runtime":0},"_step":53,"avg_inner_best_models/train_loss_mean":1.635019878546397,"avg_inner_best_models/val_loss_mean":0.6128426790237427,"avg_inner_best_models/val_auc_mean":0.7693965517241379,"_timestamp":1.7728513897745836e+09}