{"_step":38,"avg_inner_best_models/train_loss_mean":0.46016870935757953,"avg_inner_best_models/val_loss_mean":0.6201080083847046,"avg_inner_best_models/val_auc_mean":0.7586206896551724,"_timestamp":1.7727609628144236e+09,"_wandb":{"runtime":0},"_runtime":0.058428029}