outer_test_LOGLOSS_mean,outer_test_LOGLOSS_std,outer_test_AUC_mean,outer_test_AUC_std,outer_test_AUCPR_mean,outer_test_AUCPR_std,outer_test_ACC_mean,outer_test_ACC_std,outer_test_SEN_mean,outer_test_SEN_std,outer_test_SP_mean,outer_test_SP_std,outer_test_MCC_mean,outer_test_MCC_std
0.6811664784841505,0.01028253357092697,0.5486245905769715,0.045810301114035515,0.6971715690975141,0.036888972298807936,0.5606871345029241,0.0491407112394817,0.6568518518518519,0.07562411657593475,0.3933333333333333,0.07714920924413739,0.05189154255662872,0.09553007520195246
