{"avg_inner_best_models/val_loss_mean":0.6220875978469849,"avg_inner_best_models/val_auc_mean":0.6745689655172413,"_timestamp":1.7728314359536152e+09,"_wandb":{"runtime":0},"_runtime":0.07861217,"_step":44,"avg_inner_best_models/train_loss_mean":0.4609099179506302}