outer_test_LOGLOSS_mean,outer_test_LOGLOSS_std,outer_test_AUC_mean,outer_test_AUC_std,outer_test_AUCPR_mean,outer_test_AUCPR_std,outer_test_ACC_mean,outer_test_ACC_std,outer_test_SEN_mean,outer_test_SEN_std,outer_test_SP_mean,outer_test_SP_std,outer_test_MCC_mean,outer_test_MCC_std
0.6736217385802892,0.011547583612827726,0.5764196271101033,0.06648704572220807,0.7133956296181574,0.0585203580362071,0.5910192147034253,0.045116777637894574,0.6979047619047619,0.1170227743347158,0.4061111111111112,0.16553522187918318,0.10657584836271866,0.10469250828554859
