outer_test_LOGLOSS_mean,outer_test_LOGLOSS_std,outer_test_AUC_mean,outer_test_AUC_std,outer_test_AUCPR_mean,outer_test_AUCPR_std,outer_test_ACC_mean,outer_test_ACC_std,outer_test_SEN_mean,outer_test_SEN_std,outer_test_SP_mean,outer_test_SP_std,outer_test_MCC_mean,outer_test_MCC_std
0.6619642184469918,0.01514088999569001,0.6237757621567147,0.07137245022461862,0.7532584079148488,0.04843023993094669,0.6098830409356725,0.05214490110313768,0.720068783068783,0.10781664714023195,0.4181587301587301,0.15126869827245062,0.14201935152824535,0.1175087274795113
