outer_train_LOGLOSS_mean,outer_train_LOGLOSS_std,outer_train_AUC_mean,outer_train_AUC_std,outer_train_AUCPR_mean,outer_train_AUCPR_std,outer_train_ACC_mean,outer_train_ACC_std,outer_train_SEN_mean,outer_train_SEN_std,outer_train_SP_mean,outer_train_SP_std,outer_train_MCC_mean,outer_train_MCC_std
0.5424068473435828,0.04565580824007361,0.9943960859641876,0.00735684365353098,0.9968752646087526,0.004347015481681944,0.9582654867256636,0.043528444026959344,0.9748543123543124,0.02735896068019564,0.9293858360270351,0.13151054658523326,0.912779723480608,0.09126953594465682
