{"_timestamp":1.7727849468067589e+09,"_step":33,"avg_inner_best_models/train_loss_mean":0.5072739919026693,"avg_inner_best_models/val_loss_mean":0.6495607793331146,"avg_inner_best_models/val_auc_mean":0.7016806722689075,"_runtime":0.038870129,"_wandb":{"runtime":0}}