{"_timestamp":1.772529962627346e+09,"_wandb":{"runtime":0},"_runtime":0.035569269,"_step":32,"avg_inner_best_models/train_loss_mean":0.4317492147286733,"avg_inner_best_models/val_loss_mean":0.6085002819697062}