{"_timestamp":1.7728292096766047e+09,"_step":41,"avg_inner_best_models/train_loss_mean":0.5089834506313006,"_runtime":0.052516728,"_wandb":{"runtime":0},"avg_inner_best_models/val_loss_mean":0.6379746993382772,"avg_inner_best_models/val_auc_mean":0.7331932773109244}