{"avg_inner_best_models/val_loss_mean":0.6135962804158529,"avg_inner_best_models/val_auc_mean":0.730603448275862,"_timestamp":1.772794809249071e+09,"_step":69,"_wandb":{"runtime":0},"_runtime":0.056189199,"avg_inner_best_models/train_loss_mean":0.4770427520076434}