{"avg_inner_best_models/val_loss_mean":0.6001761257648468,"_timestamp":1.7725108070322053e+09,"_wandb":{"runtime":0},"_runtime":0.037318853,"_step":49,"avg_inner_best_models/train_loss_mean":0.28624841074148816}