outer_test_LOGLOSS_mean,outer_test_LOGLOSS_std,outer_test_AUC_mean,outer_test_AUC_std,outer_test_AUCPR_mean,outer_test_AUCPR_std,outer_test_ACC_mean,outer_test_ACC_std,outer_test_SEN_mean,outer_test_SEN_std,outer_test_SP_mean,outer_test_SP_std,outer_test_MCC_mean,outer_test_MCC_std
0.6751635994223085,0.01210407778714531,0.5885120307382212,0.08400727784558179,0.7138974281171522,0.05876143888407166,0.5885693400167085,0.05777005086837357,0.6577566137566138,0.09783354616974495,0.46979365079365076,0.1573009114077934,0.1260643059727435,0.13297360103792655
