outer_test_LOGLOSS_mean,outer_test_LOGLOSS_std,outer_test_AUC_mean,outer_test_AUC_std,outer_test_AUCPR_mean,outer_test_AUCPR_std,outer_test_ACC_mean,outer_test_ACC_std,outer_test_SEN_mean,outer_test_SEN_std,outer_test_SP_mean,outer_test_SP_std,outer_test_MCC_mean,outer_test_MCC_std
0.6655817727641062,0.023879914037350142,0.6011373771730915,0.06761039248758906,0.7246406928371704,0.053305770038089416,0.6168964076858814,0.06616965823011058,0.7355502645502645,0.11027498550664527,0.4123809523809524,0.14412429385962977,0.15622940466559707,0.1411468814662358
