{"avg_inner_best_models/train_loss_mean":0.5225235819816589,"_wandb":{"runtime":0},"_runtime":0.054700236,"avg_inner_best_models/val_loss_mean":0.6329228579998016,"_timestamp":1.7725386386738453e+09,"_step":39}