{"avg_inner_best_models/train_loss_mean":0.4789262016614278,"avg_inner_best_models/val_loss_mean":0.6539808909098307,"avg_inner_best_models/val_auc_mean":0.6369168356997972,"_wandb":{"runtime":0},"_runtime":0.035004978,"_timestamp":1.77279490919888e+09,"_step":33}