{"_timestamp":1.7725119725841973e+09,"_step":45,"avg_inner_best_models/train_loss_mean":0.49346455931663513,"_wandb":{"runtime":0},"_runtime":0.036398346,"avg_inner_best_models/val_loss_mean":0.6322372158368429}