{"_wandb":{"runtime":0},"_runtime":0.055168975,"avg_inner_best_models/train_loss_mean":0.44398797551790875,"avg_inner_best_models/val_loss_mean":0.6270777583122253,"avg_inner_best_models/val_auc_mean":0.7184873949579832,"_timestamp":1.772795786065428e+09,"_step":80}