{"_timestamp":1.772766215987225e+09,"_step":41,"avg_inner_best_models/train_loss_mean":0.48526546607414883,"avg_inner_best_models/val_loss_mean":0.6587124665578207,"avg_inner_best_models/val_auc_mean":0.584051724137931,"_wandb":{"runtime":0},"_runtime":0.058431744}