{"_timestamp":1.7727511534257386e+09,"_runtime":0.055850435,"_wandb":{"runtime":0},"_step":68,"avg_inner_best_models/train_loss_mean":0.41237391034762066,"avg_inner_best_models/val_loss_mean":0.6384626626968384,"avg_inner_best_models/val_auc_mean":0.7142857142857143}