{"_wandb":{"runtime":0},"_runtime":0.036699692,"avg_inner_best_models/train_loss_mean":0.5893301367759705,"avg_inner_best_models/val_loss_mean":0.6979213058948517,"_timestamp":1.772510270508064e+09,"_step":21}