{"_wandb":{"runtime":0},"_runtime":0.061836543,"avg_inner_best_models/train_loss_mean":0.6157245635986328,"avg_inner_best_models/val_loss_mean":0.6811046898365021,"_timestamp":1.7725783356034374e+09,"_step":68}