{"_wandb":{"runtime":0},"_runtime":0.039870117,"_timestamp":1.7725247455814157e+09,"_step":69,"avg_inner_best_models/train_loss_mean":0.2982308268547058,"avg_inner_best_models/val_loss_mean":0.6285775601863861}