{"_timestamp":1.7728455773256052e+09,"_wandb":{"runtime":0},"_runtime":0.086784974,"_step":76,"avg_inner_best_models/train_loss_mean":1.2201296836137772,"avg_inner_best_models/val_loss_mean":0.6197101473808289,"avg_inner_best_models/val_auc_mean":0.771551724137931}