{"avg_inner_best_models/train_loss_mean":0.49253703157107037,"avg_inner_best_models/val_loss_mean":0.6619208753108978,"_timestamp":1.7725430263850853e+09,"_wandb":{"runtime":0},"_runtime":0.052122482,"_step":43}