{"_wandb":{"runtime":0},"avg_inner_best_models/train_loss_mean":0.50848671545585,"avg_inner_best_models/val_loss_mean":0.6329245964686075,"avg_inner_best_models/val_auc_mean":0.6806722689075629,"_timestamp":1.7728047844246058e+09,"_step":67,"_runtime":0.068000753}