outer_test_LOGLOSS_mean,outer_test_LOGLOSS_std,outer_test_AUC_mean,outer_test_AUC_std,outer_test_AUCPR_mean,outer_test_AUCPR_std,outer_test_ACC_mean,outer_test_ACC_std,outer_test_SEN_mean,outer_test_SEN_std,outer_test_SP_mean,outer_test_SP_std,outer_test_MCC_mean,outer_test_MCC_std
0.6851247356529409,0.005388759881696781,0.5668464978584027,0.08805423894826829,0.7136677643663774,0.07071848099115495,0.5680179615705931,0.05192622720051453,0.6732010582010582,0.05667669191310008,0.3855873015873016,0.12230997722610287,0.05773874094236523,0.12469937773211556
