{"_runtime":0.05548499,"_wandb":{"runtime":0},"avg_inner_best_models/train_loss_mean":0.45330047607421875,"avg_inner_best_models/val_loss_mean":0.6552762587865194,"_timestamp":1.7725232802625957e+09,"_step":34}