{"_step":38,"avg_inner_best_models/train_loss_mean":0.7062782347202301,"avg_inner_best_models/val_loss_mean":0.6940231323242188,"_timestamp":1.77250860723435e+09,"_wandb":{"runtime":0},"_runtime":0.034995276}