{"_step":42,"avg_inner_best_models/train_loss_mean":0.463624248902003,"avg_inner_best_models/val_loss_mean":0.6018058260281881,"_wandb":{"runtime":0},"_runtime":0.052675687,"avg_inner_best_models/val_auc_mean":0.7478991596638656,"_timestamp":1.772814070143786e+09}