outer_test_LOGLOSS_mean,outer_test_LOGLOSS_std,outer_test_AUC_mean,outer_test_AUC_std,outer_test_AUCPR_mean,outer_test_AUCPR_std,outer_test_ACC_mean,outer_test_ACC_std,outer_test_SEN_mean,outer_test_SEN_std,outer_test_SP_mean,outer_test_SP_std,outer_test_MCC_mean,outer_test_MCC_std
0.6765125239375059,0.024025256716975543,0.5813359788359789,0.08588627496277461,0.7025041308131856,0.06744502448512321,0.5459899749373434,0.0989197372373707,0.6023809523809524,0.1972465731829101,0.44523809523809527,0.13652639225553762,0.052994587806219094,0.15076500836139503
