{"_timestamp":1.7724983359795177e+09,"_step":32,"_wandb":{"runtime":0},"_runtime":0.036472332,"avg_inner_best_models/train_loss_mean":0.41981141269207,"avg_inner_best_models/val_loss_mean":0.6125553448994955}