{"_timestamp":1.7728219921202993e+09,"_step":56,"avg_inner_best_models/train_loss_mean":0.37730875611305237,"avg_inner_best_models/val_loss_mean":0.6308310627937317,"_wandb":{"runtime":0},"_runtime":0.055993594,"avg_inner_best_models/val_auc_mean":0.6875}