{"avg_inner_best_models/train_loss_mean":0.3603395422299703,"_wandb":{"runtime":0},"_runtime":0.06688877,"avg_inner_best_models/val_loss_mean":0.586197555065155,"_timestamp":1.7725193778752718e+09,"_step":56}