{"avg_inner_best_models/train_loss_mean":0.47760267555713654,"avg_inner_best_models/val_loss_mean":0.6835046410560608,"_timestamp":1.7725210184694586e+09,"_wandb":{"runtime":0},"_runtime":0.036791939,"_step":35}