{"_timestamp":1.7725010444613097e+09,"_step":42,"avg_inner_best_models/train_loss_mean":0.5106073071559271,"_wandb":{"runtime":0},"_runtime":0.041760656,"avg_inner_best_models/val_loss_mean":0.6413864195346832}