{"avg_inner_best_models/val_auc_mean":0.6982758620689655,"_timestamp":1.7728564893697994e+09,"_step":73,"_wandb":{"runtime":0},"_runtime":0.077459298,"avg_inner_best_models/train_loss_mean":1.9667312800884247,"avg_inner_best_models/val_loss_mean":0.6293442050615946}