{"_step":80,"avg_inner_best_models/train_loss_mean":0.538374662399292,"avg_inner_best_models/val_loss_mean":0.6355603734652201,"avg_inner_best_models/val_auc_mean":0.8060344827586207,"_timestamp":1.7727989835412366e+09,"_runtime":0.067789616,"_wandb":{"runtime":0}}