{"_step":45,"avg_inner_best_models/train_loss_mean":0.47274932513634366,"avg_inner_best_models/val_loss_mean":0.6386755704879761,"avg_inner_best_models/val_auc_mean":0.7794117647058824,"_timestamp":1.77280808549633e+09,"_wandb":{"runtime":0},"_runtime":0.058301616}