outer_test_LOGLOSS_mean,outer_test_LOGLOSS_std,outer_test_AUC_mean,outer_test_AUC_std,outer_test_AUCPR_mean,outer_test_AUCPR_std,outer_test_ACC_mean,outer_test_ACC_std,outer_test_SEN_mean,outer_test_SEN_std,outer_test_SP_mean,outer_test_SP_std,outer_test_MCC_mean,outer_test_MCC_std
0.6732179528620652,0.013134082252037504,0.6169700176366842,0.0601698187346295,0.7351810296936739,0.039738491998190184,0.601311612364244,0.05870733401270273,0.6513756613756615,0.1047777889483162,0.515047619047619,0.07069901203050517,0.16697501535056067,0.09891825718071835
