outer_test_LOGLOSS_mean,outer_test_LOGLOSS_std,outer_test_AUC_mean,outer_test_AUC_std,outer_test_AUCPR_mean,outer_test_AUCPR_std,outer_test_ACC_mean,outer_test_ACC_std,outer_test_SEN_mean,outer_test_SEN_std,outer_test_SP_mean,outer_test_SP_std,outer_test_MCC_mean,outer_test_MCC_std
0.6751514235091586,0.022899828132976776,0.5434425547996977,0.1193257907946335,0.6848434383509198,0.0941456602465289,0.5806725146198829,0.082884074914547,0.7543968253968254,0.14109454491547907,0.27852380952380956,0.09990996799361375,0.0518722951399659,0.16622150963270255
