outer_test_LOGLOSS_mean,outer_test_LOGLOSS_std,outer_test_AUC_mean,outer_test_AUC_std,outer_test_AUCPR_mean,outer_test_AUCPR_std,outer_test_ACC_mean,outer_test_ACC_std,outer_test_SEN_mean,outer_test_SEN_std,outer_test_SP_mean,outer_test_SP_std,outer_test_MCC_mean,outer_test_MCC_std
0.674827522441987,0.01510723866172644,0.5736439909297051,0.08658779114040974,0.7014579241486942,0.06792433526367474,0.5847159565580617,0.07346916716818525,0.6514920634920633,0.13722380491829073,0.46861904761904766,0.180354909662185,0.1257651218298686,0.158595686066684
