{"avg_inner_best_models/train_loss_mean":0.6502196143070856,"avg_inner_best_models/val_loss_mean":0.78984002272288,"_timestamp":1.77255258534186e+09,"_wandb":{"runtime":0},"_runtime":0.068650701,"_step":66}