{"_wandb":{"runtime":0},"_runtime":0.035446207,"avg_inner_best_models/train_loss_mean":0.5223295812805494,"avg_inner_best_models/val_loss_mean":0.7017183303833008,"avg_inner_best_models/val_auc_mean":0.603448275862069,"_timestamp":1.7728256722731411e+09,"_step":26}