outer_test_LOGLOSS_mean,outer_test_LOGLOSS_std,outer_test_AUC_mean,outer_test_AUC_std,outer_test_AUCPR_mean,outer_test_AUCPR_std,outer_test_ACC_mean,outer_test_ACC_std,outer_test_SEN_mean,outer_test_SEN_std,outer_test_SP_mean,outer_test_SP_std,outer_test_MCC_mean,outer_test_MCC_std
0.6798431832588826,0.013048470683989313,0.565543461829176,0.0897652279856734,0.7080344485538577,0.06570497471263363,0.581203007518797,0.04044594770958639,0.6806190476190477,0.08235675320752996,0.4093015873015873,0.1628182702300916,0.08681198253530004,0.11563187210995382
