{"_timestamp":1.7727917930009742e+09,"_wandb":{"runtime":0},"_runtime":0.037389275,"_step":38,"avg_inner_best_models/train_loss_mean":0.5385077993075053,"avg_inner_best_models/val_loss_mean":0.6617568135261536,"avg_inner_best_models/val_auc_mean":0.6594827586206896}