{"_runtime":0.093111875,"_timestamp":1.77272921983743e+09,"_step":22,"avg_inner_best_models/train_loss_mean":0.01611738747192754,"avg_inner_best_models/val_loss_mean":0.98454172325631,"_wandb":{"runtime":0}}