{"_runtime":0.039192305,"_timestamp":1.7725446855102692e+09,"_step":46,"avg_inner_best_models/train_loss_mean":0.49870648980140686,"avg_inner_best_models/val_loss_mean":0.6457102298736572,"_wandb":{"runtime":0}}