outer_test_LOGLOSS_mean,outer_test_LOGLOSS_std,outer_test_AUC_mean,outer_test_AUC_std,outer_test_AUCPR_mean,outer_test_AUCPR_std,outer_test_ACC_mean,outer_test_ACC_std,outer_test_SEN_mean,outer_test_SEN_std,outer_test_SP_mean,outer_test_SP_std,outer_test_MCC_mean,outer_test_MCC_std
0.6627637337925755,0.010553233704602566,0.6135144872763921,0.05054818172769333,0.7414867544648498,0.047465987177665536,0.625595238095238,0.04926119503740554,0.7600476190476191,0.09164043178413135,0.3933333333333333,0.09960391203634088,0.1664630727550291,0.09913305629985697
