{"avg_inner_best_models/val_loss_mean":0.6812769770622253,"_timestamp":1.772531872976946e+09,"_runtime":0.051174658,"_wandb":{"runtime":0},"_step":26,"avg_inner_best_models/train_loss_mean":0.3782421002785365}