{"_step":68,"_wandb":{"runtime":0},"_runtime":0.071014339,"avg_inner_best_models/train_loss_mean":0.5919677118460337,"avg_inner_best_models/val_loss_mean":0.6926374236742655,"_timestamp":1.7725535898386123e+09}