outer_test_LOGLOSS_mean,outer_test_LOGLOSS_std,outer_test_AUC_mean,outer_test_AUC_std,outer_test_AUCPR_mean,outer_test_AUCPR_std,outer_test_ACC_mean,outer_test_ACC_std,outer_test_SEN_mean,outer_test_SEN_std,outer_test_SP_mean,outer_test_SP_std,outer_test_MCC_mean,outer_test_MCC_std
0.6775229953983338,0.016071429071489576,0.5688704333585286,0.09195460463926243,0.7011683380760063,0.07267735106454143,0.5919715956558061,0.07779693385337705,0.7266031746031746,0.12691305537466618,0.3601111111111111,0.1196990602768994,0.0951206139743853,0.148351408904895
