{"avg_inner_best_models/val_loss_mean":0.6275234222412109,"_timestamp":1.7725419282842488e+09,"_runtime":0.03839598,"_wandb":{"runtime":0},"_step":48,"avg_inner_best_models/train_loss_mean":0.4739338979125023}