{"avg_inner_best_models/train_loss_mean":0.5140510375301043,"avg_inner_best_models/val_loss_mean":0.637039065361023,"avg_inner_best_models/val_auc_mean":0.7079831932773109,"_timestamp":1.7728236862794824e+09,"_step":29,"_wandb":{"runtime":0},"_runtime":0.052967082}