{"_timestamp":1.7725317900581207e+09,"_step":46,"avg_inner_best_models/train_loss_mean":0.44968219349781674,"avg_inner_best_models/val_loss_mean":0.6145131786664327,"_runtime":0.036201744,"_wandb":{"runtime":0}}