{"_timestamp":1.772534991236663e+09,"_step":29,"avg_inner_best_models/train_loss_mean":0.6469978814323744,"avg_inner_best_models/val_loss_mean":0.7099937597910563,"_wandb":{"runtime":0},"_runtime":0.035660446}