{"avg_inner_best_models/val_loss_mean":0.6351387699445089,"avg_inner_best_models/val_auc_mean":0.7586206896551724,"_timestamp":1.7727726217950485e+09,"_wandb":{"runtime":0},"_runtime":0.058992907,"_step":36,"avg_inner_best_models/train_loss_mean":0.48451654613018036}