{"_step":37,"avg_inner_best_models/train_loss_mean":0.43832811464866,"_wandb":{"runtime":0},"_runtime":0.057140756,"avg_inner_best_models/val_loss_mean":0.6583479046821594,"_timestamp":1.7725444248517928e+09}