{"_wandb":{"runtime":0},"_runtime":0.05959137,"_timestamp":1.772809947329862e+09,"_step":40,"avg_inner_best_models/train_loss_mean":0.4418439269065857,"avg_inner_best_models/val_loss_mean":0.6536133885383606,"avg_inner_best_models/val_auc_mean":0.661764705882353}