outer_test_LOGLOSS_mean,outer_test_LOGLOSS_std,outer_test_AUC_mean,outer_test_AUC_std,outer_test_AUCPR_mean,outer_test_AUCPR_std,outer_test_ACC_mean,outer_test_ACC_std,outer_test_SEN_mean,outer_test_SEN_std,outer_test_SP_mean,outer_test_SP_std,outer_test_MCC_mean,outer_test_MCC_std
0.6647340408263063,0.02660350107344176,0.586209372637944,0.1250906494752669,0.723422943248432,0.10160658240433122,0.5992481203007518,0.06644942887979562,0.7711111111111111,0.10967122584241401,0.30238095238095236,0.26036342993258194,0.07048769853729094,0.21394895626345442
