{"avg_inner_best_models/val_loss_mean":0.6323321461677551,"_timestamp":1.772526788901602e+09,"_wandb":{"runtime":0},"_runtime":0.039342958,"_step":49,"avg_inner_best_models/train_loss_mean":0.41015953322251636}