{"_runtime":0.035866525,"_step":27,"avg_inner_best_models/train_loss_mean":0.46344469487667084,"avg_inner_best_models/val_loss_mean":0.6690207123756409,"_timestamp":1.7725039770320468e+09,"_wandb":{"runtime":0}}