{"avg_inner_best_models/val_auc_mean":0.5883620689655172,"_wandb":{"runtime":0},"_runtime":0.069999712,"_timestamp":1.7728185254322212e+09,"_step":29,"avg_inner_best_models/train_loss_mean":0.4973219633102417,"avg_inner_best_models/val_loss_mean":0.7544881304105123}