{"avg_inner_best_models/train_loss_mean":0.46798037737607956,"avg_inner_best_models/val_loss_mean":0.6380926767985026,"avg_inner_best_models/val_auc_mean":0.6551724137931035,"_timestamp":1.772775178006912e+09,"_wandb":{"runtime":0},"_runtime":0.055981993,"_step":61}