{"avg_inner_best_models/val_auc_mean":0.7370689655172414,"_timestamp":1.772751365188267e+09,"_step":51,"avg_inner_best_models/train_loss_mean":0.5935336450735728,"_wandb":{"runtime":0},"_runtime":0.060041647,"avg_inner_best_models/val_loss_mean":0.6831966936588287}