{"avg_inner_best_models/train_loss_mean":0.4603572015961011,"avg_inner_best_models/val_loss_mean":0.6657410661379496,"_timestamp":1.7725321349005523e+09,"_wandb":{"runtime":0},"_runtime":0.045123017,"_step":40}