{"avg_inner_best_models/val_loss_mean":0.679040273030599,"_wandb":{"runtime":0},"_runtime":0.060043282,"_timestamp":1.77255999330461e+09,"_step":59,"avg_inner_best_models/train_loss_mean":0.5345252593358357}