{"_wandb":{"runtime":0},"_runtime":0.053333971,"_step":59,"avg_inner_best_models/train_loss_mean":0.5880207017064094,"avg_inner_best_models/val_loss_mean":0.6940240840117137,"_timestamp":1.7725512367153165e+09}