outer_test_LOGLOSS_mean,outer_test_LOGLOSS_std,outer_test_AUC_mean,outer_test_AUC_std,outer_test_AUCPR_mean,outer_test_AUCPR_std,outer_test_ACC_mean,outer_test_ACC_std,outer_test_SEN_mean,outer_test_SEN_std,outer_test_SP_mean,outer_test_SP_std,outer_test_MCC_mean,outer_test_MCC_std
0.663390108704732,0.012308004563364835,0.6071299445704207,0.07168166109933043,0.7461025702281595,0.04090106894143618,0.6014097744360902,0.04551735917343224,0.7900476190476191,0.142382282815956,0.27953968253968253,0.24202510964333826,0.07056946416166103,0.1442538427979956
