{"avg_inner_best_models/val_loss_mean":0.6565931141376495,"avg_inner_best_models/val_auc_mean":0.7629310344827587,"_timestamp":1.772785453445516e+09,"_wandb":{"runtime":0},"_runtime":0.05323918,"_step":73,"avg_inner_best_models/train_loss_mean":0.5164538969596227}