{"_runtime":0.053560543,"avg_inner_best_models/val_auc_mean":0.7478991596638656,"_timestamp":1.7728005017983353e+09,"_step":42,"avg_inner_best_models/train_loss_mean":0.463624248902003,"avg_inner_best_models/val_loss_mean":0.6018058260281881,"_wandb":{"runtime":0}}