{"_timestamp":1.7725035473940973e+09,"_wandb":{"runtime":0},"_runtime":0.03705412,"_step":44,"avg_inner_best_models/train_loss_mean":0.40686171253522235,"avg_inner_best_models/val_loss_mean":0.6154552400112152}