{"_timestamp":1.772830965453863e+09,"_wandb":{"runtime":0},"_runtime":0.03703999,"_step":42,"avg_inner_best_models/train_loss_mean":0.5372519890467325,"avg_inner_best_models/val_loss_mean":0.6508738696575165,"avg_inner_best_models/val_auc_mean":0.6788793103448276}