outer_test_LOGLOSS_mean,outer_test_LOGLOSS_std,outer_test_AUC_mean,outer_test_AUC_std,outer_test_AUCPR_mean,outer_test_AUCPR_std,outer_test_ACC_mean,outer_test_ACC_std,outer_test_SEN_mean,outer_test_SEN_std,outer_test_SP_mean,outer_test_SP_std,outer_test_MCC_mean,outer_test_MCC_std
0.6858162762419983,0.007955337040011421,0.5609812295288485,0.07282914062476814,0.7164551317757956,0.06767559909639269,0.5475647451963239,0.04677708715163989,0.5804973544973545,0.1022502184352355,0.49314285714285727,0.1932299187983523,0.07111416933395096,0.13224254511475975
