outer_test_LOGLOSS_mean,outer_test_LOGLOSS_std,outer_test_AUC_mean,outer_test_AUC_std,outer_test_AUCPR_mean,outer_test_AUCPR_std,outer_test_ACC_mean,outer_test_ACC_std,outer_test_SEN_mean,outer_test_SEN_std,outer_test_SP_mean,outer_test_SP_std,outer_test_MCC_mean,outer_test_MCC_std
0.6781344419536383,0.011679040346537632,0.5786853111615017,0.06234467190624633,0.7176601246902987,0.0471147754010977,0.5801733500417712,0.0385335514504774,0.6556455026455026,0.059049925488741856,0.4500793650793651,0.09439681831212078,0.10479257633688933,0.08506176086769324
