{"_runtime":0.051405033,"_step":34,"avg_inner_best_models/train_loss_mean":0.49960529804229736,"avg_inner_best_models/val_loss_mean":0.6767337620258331,"avg_inner_best_models/val_auc_mean":0.6982758620689655,"_timestamp":1.7728011218956347e+09,"_wandb":{"runtime":0}}