outer_test_LOGLOSS_mean,outer_test_LOGLOSS_std,outer_test_AUC_mean,outer_test_AUC_std,outer_test_AUCPR_mean,outer_test_AUCPR_std,outer_test_ACC_mean,outer_test_ACC_std,outer_test_SEN_mean,outer_test_SEN_std,outer_test_SP_mean,outer_test_SP_std,outer_test_MCC_mean,outer_test_MCC_std
0.6730923385105634,0.022462896222317744,0.5860695389266818,0.08092915586513039,0.728248114034342,0.07257570739121932,0.6065162907268171,0.040762347139125236,0.7323809523809525,0.10392492735903648,0.3895238095238095,0.15475824171489158,0.1266919563841613,0.09756453489958031
