{"avg_inner_best_models/train_loss_mean":0.6522203485171,"avg_inner_best_models/val_loss_mean":0.687784731388092,"_timestamp":1.7724955824440794e+09,"_step":41,"_wandb":{"runtime":0},"_runtime":0.052278818}