{"avg_inner_best_models/val_loss_mean":0.6210745573043823,"_wandb":{"runtime":0},"_runtime":0.068799088,"avg_inner_best_models/val_auc_mean":0.8060344827586207,"_timestamp":1.7728944569869432e+09,"_step":76,"avg_inner_best_models/train_loss_mean":1.0045711795488994}