{"avg_inner_best_models/val_loss_mean":0.6430201232433319,"_timestamp":1.7725086950474014e+09,"_runtime":0.054139951,"_wandb":{"runtime":0},"_step":43,"avg_inner_best_models/train_loss_mean":0.3156454662481944}