{"_runtime":0.03776441,"_wandb":{"runtime":0},"_step":42,"avg_inner_best_models/train_loss_mean":0.5017538915077845,"avg_inner_best_models/val_loss_mean":0.6338622570037842,"_timestamp":1.7725365209344969e+09}