{"_timestamp":1.7725273925065517e+09,"_step":39,"_wandb":{"runtime":0},"_runtime":0.035592656,"avg_inner_best_models/train_loss_mean":0.3243711789449056,"avg_inner_best_models/val_loss_mean":0.6719662845134735}