{"avg_inner_best_models/train_loss_mean":0.5392433951298395,"avg_inner_best_models/val_loss_mean":0.6952489614486694,"avg_inner_best_models/val_auc_mean":0.6594827586206896,"_wandb":{"runtime":0},"_runtime":0.057737093,"_timestamp":1.7728076047852657e+09,"_step":44}