{"avg_inner_best_models/train_loss_mean":0.7228507498900095,"avg_inner_best_models/val_loss_mean":0.7405560910701752,"_wandb":{"runtime":0},"_runtime":0.070400037,"_timestamp":1.7725523595176868e+09,"_step":66}