{"_timestamp":1.772779712095555e+09,"_step":38,"avg_inner_best_models/train_loss_mean":0.4828974852959315,"avg_inner_best_models/val_loss_mean":0.6427849233150482,"avg_inner_best_models/val_auc_mean":0.7327586206896552,"_wandb":{"runtime":0},"_runtime":0.062989803}