{"_timestamp":1.7727706803793776e+09,"_step":57,"avg_inner_best_models/train_loss_mean":0.3409782846768697,"avg_inner_best_models/val_loss_mean":0.6060492197672526,"avg_inner_best_models/val_auc_mean":0.7457983193277311,"_wandb":{"runtime":0},"_runtime":0.053842306}