outer_test_LOGLOSS_mean,outer_test_LOGLOSS_std,outer_test_AUC_mean,outer_test_AUC_std,outer_test_AUCPR_mean,outer_test_AUCPR_std,outer_test_ACC_mean,outer_test_ACC_std,outer_test_SEN_mean,outer_test_SEN_std,outer_test_SP_mean,outer_test_SP_std,outer_test_MCC_mean,outer_test_MCC_std
0.6892084441775933,0.01983462236834139,0.5349600025195264,0.0752769938387998,0.6707454729981337,0.05373996476278608,0.5663721804511277,0.0666663302345582,0.6630211640211641,0.13254346516217624,0.4006190476190476,0.09788057866253824,0.0693768444303441,0.10972913174188799
