outer_test_LOGLOSS_mean,outer_test_LOGLOSS_std,outer_test_AUC_mean,outer_test_AUC_std,outer_test_AUCPR_mean,outer_test_AUCPR_std,outer_test_ACC_mean,outer_test_ACC_std,outer_test_SEN_mean,outer_test_SEN_std,outer_test_SP_mean,outer_test_SP_std,outer_test_MCC_mean,outer_test_MCC_std
0.6733138844296653,0.01377659305404802,0.567381708238851,0.06988168571973642,0.7052385812655457,0.04143497027592558,0.5765058479532164,0.05592967041159388,0.696989417989418,0.05842281333267611,0.36782539682539683,0.10826311002719723,0.06554699808421031,0.12833425772450663
