{"_wandb":{"runtime":0},"avg_inner_best_models/train_loss_mean":0.5916849871476492,"avg_inner_best_models/val_loss_mean":0.6687974333763123,"avg_inner_best_models/val_auc_mean":0.7198275862068965,"_timestamp":1.77282237818712e+09,"_step":47,"_runtime":0.037113909}