outer_test_LOGLOSS_mean,outer_test_LOGLOSS_std,outer_test_AUC_mean,outer_test_AUC_std,outer_test_AUCPR_mean,outer_test_AUCPR_std,outer_test_ACC_mean,outer_test_ACC_std,outer_test_SEN_mean,outer_test_SEN_std,outer_test_SP_mean,outer_test_SP_std,outer_test_MCC_mean,outer_test_MCC_std
0.6737203024147915,0.01667934459517593,0.5869436255983874,0.0594152566735353,0.7194529725163875,0.04298627775193142,0.5777944862155389,0.06943437073989862,0.6537830687830687,0.18012601526621275,0.44933333333333336,0.16896356374248062,0.11678089297660704,0.12263709798973835
