outer_test_LOGLOSS_mean,outer_test_LOGLOSS_std,outer_test_AUC_mean,outer_test_AUC_std,outer_test_AUCPR_mean,outer_test_AUCPR_std,outer_test_ACC_mean,outer_test_ACC_std,outer_test_SEN_mean,outer_test_SEN_std,outer_test_SP_mean,outer_test_SP_std,outer_test_MCC_mean,outer_test_MCC_std
0.6863045752857441,0.013385701957702903,0.5944592466616275,0.05790440897758267,0.7265201039556848,0.04431195565751579,0.5561215538847117,0.0682286172501953,0.5186084656084656,0.13972845930748212,0.6237142857142857,0.11426869480175675,0.1426146492566445,0.11073329039818466
