{"_wandb":{"runtime":0},"_step":61,"avg_inner_best_models/train_loss_mean":0.4051200598478317,"avg_inner_best_models/val_loss_mean":0.63432776927948,"avg_inner_best_models/val_auc_mean":0.7327586206896552,"_timestamp":1.7727737929321806e+09,"_runtime":0.055050568}