{"_step":44,"avg_inner_best_models/train_loss_mean":0.45289887487888336,"avg_inner_best_models/val_loss_mean":0.6437492569287618,"_runtime":0.04328503,"_wandb":{"runtime":0},"avg_inner_best_models/val_auc_mean":0.6197478991596639,"_timestamp":1.772760077421535e+09}