outer_test_LOGLOSS_mean,outer_test_LOGLOSS_std,outer_test_AUC_mean,outer_test_AUC_std,outer_test_AUCPR_mean,outer_test_AUCPR_std,outer_test_ACC_mean,outer_test_ACC_std,outer_test_SEN_mean,outer_test_SEN_std,outer_test_SP_mean,outer_test_SP_std,outer_test_MCC_mean,outer_test_MCC_std
0.6760429343924721,0.008851633464862486,0.6289735449735451,0.05236758955748568,0.7648687101686434,0.03731966013371551,0.601672932330827,0.04678619547569134,0.689132275132275,0.14307553902147194,0.4531904761904762,0.1633889517853289,0.1507508945925503,0.07831329595553833
