{"_step":32,"avg_inner_best_models/train_loss_mean":0.5059240361054739,"_runtime":0.051849693,"_wandb":{"runtime":0},"avg_inner_best_models/val_loss_mean":0.6204702258110046,"_timestamp":1.7725195506408095e+09}