{"_runtime":0.054508764,"_step":48,"avg_inner_best_models/train_loss_mean":0.26337263484795886,"avg_inner_best_models/val_loss_mean":0.6289847791194916,"_timestamp":1.772499434544259e+09,"_wandb":{"runtime":0}}