{"avg_inner_best_models/val_loss_mean":0.6695357859134674,"avg_inner_best_models/val_auc_mean":0.7068965517241379,"_timestamp":1.7729076668075097e+09,"_wandb":{"runtime":0},"_runtime":0.06010164,"_step":50,"avg_inner_best_models/train_loss_mean":1.2653005719184875}