{"avg_inner_folds/mean_logloss":0.6639181468221876,"avg_inner_folds/std_aucpr":0.08786662304598042,"avg_inner_folds/std_logloss":0.03585968225024728,"avg_inner_folds/std_auc":0.10505220476378462,"avg_inner_folds/mean_auc":0.6054730512894813,"avg_inner_folds/std_acc":0.09878271453730166,"_wandb":{"runtime":0},"_timestamp":1.772104159624198e+09,"avg_inner_folds/mean_aucpr":0.7338779891822943,"_runtime":0,"_step":0,"avg_inner_folds/mean_acc":0.5822222222222223}