{"_timestamp":1.7725349130578072e+09,"_wandb":{"runtime":0},"_runtime":0.055589541,"_step":45,"avg_inner_best_models/train_loss_mean":0.6267175575097402,"avg_inner_best_models/val_loss_mean":0.7377594113349915}