outer_test_LOGLOSS_mean,outer_test_LOGLOSS_std,outer_test_AUC_mean,outer_test_AUC_std,outer_test_AUCPR_mean,outer_test_AUCPR_std,outer_test_ACC_mean,outer_test_ACC_std,outer_test_SEN_mean,outer_test_SEN_std,outer_test_SP_mean,outer_test_SP_std,outer_test_MCC_mean,outer_test_MCC_std
0.6809302472920363,0.018120805336491234,0.5608718190980096,0.0902437003556231,0.7058935226689994,0.057336717357575055,0.5815392648287385,0.057431815492041995,0.6793439153439154,0.11296094219551218,0.4161904761904761,0.2051660114893918,0.09336091887840851,0.15321236519403078
