{"avg_inner_best_models/val_loss_mean":0.6702593217293422,"_timestamp":1.7725471336007853e+09,"_step":22,"avg_inner_best_models/train_loss_mean":0.5307592240472634,"_wandb":{"runtime":0},"_runtime":0.036655284}