{"_timestamp":1.7728101648634088e+09,"_step":31,"avg_inner_best_models/train_loss_mean":0.4739454463124275,"avg_inner_best_models/val_loss_mean":0.6440308491388956,"_wandb":{"runtime":0},"_runtime":0.058124069,"avg_inner_best_models/val_auc_mean":0.6218487394957983}