{"_runtime":0.063885632,"avg_inner_best_models/train_loss_mean":0.44611502687136334,"avg_inner_best_models/val_loss_mean":0.6227325797080994,"avg_inner_best_models/val_auc_mean":0.7112068965517241,"_timestamp":1.77277478389699e+09,"_step":67,"_wandb":{"runtime":0}}