{"avg_inner_best_models/val_loss_mean":0.6102136075496674,"avg_inner_best_models/val_auc_mean":0.7823275862068966,"_wandb":{"runtime":0},"_runtime":0.057584501,"_timestamp":1.7728257987446578e+09,"_step":68,"avg_inner_best_models/train_loss_mean":0.4328618049621582}