outer_test_LOGLOSS_mean,outer_test_LOGLOSS_std,outer_test_AUC_mean,outer_test_AUC_std,outer_test_AUCPR_mean,outer_test_AUCPR_std,outer_test_ACC_mean,outer_test_ACC_std,outer_test_SEN_mean,outer_test_SEN_std,outer_test_SP_mean,outer_test_SP_std,outer_test_MCC_mean,outer_test_MCC_std
0.6764657359062337,0.013239294795962114,0.5935565003779288,0.04163474129085574,0.7160965348408838,0.04045042284288199,0.5789076858813701,0.03525960212497153,0.6532433862433862,0.07524368318951002,0.4505079365079365,0.09185406322914587,0.10338401501645222,0.06748758239364247
