outer_test_LOGLOSS_mean,outer_test_LOGLOSS_std,outer_test_AUC_mean,outer_test_AUC_std,outer_test_AUCPR_mean,outer_test_AUCPR_std,outer_test_ACC_mean,outer_test_ACC_std,outer_test_SEN_mean,outer_test_SEN_std,outer_test_SP_mean,outer_test_SP_std,outer_test_MCC_mean,outer_test_MCC_std
0.6803262577727172,0.011791576565899919,0.5819285084404132,0.08157840773485735,0.7206445524084915,0.04936648830746224,0.568343776106934,0.08147002228079957,0.6452592592592593,0.18985577172017254,0.4396507936507936,0.12630634605882327,0.09528535790165786,0.10882579862070961
