outer_test_LOGLOSS_mean,outer_test_LOGLOSS_std,outer_test_AUC_mean,outer_test_AUC_std,outer_test_AUCPR_mean,outer_test_AUCPR_std,outer_test_ACC_mean,outer_test_ACC_std,outer_test_SEN_mean,outer_test_SEN_std,outer_test_SP_mean,outer_test_SP_std,outer_test_MCC_mean,outer_test_MCC_std
0.6769327576899888,0.014646528047665293,0.5866812799193752,0.07027245237693602,0.7259530529426267,0.049306822303942024,0.5754615705931495,0.08314229645433287,0.6417619047619049,0.17420433616016487,0.46423809523809517,0.11628153374665588,0.12459315824426805,0.1568580134117807
