{"avg_inner_best_models/val_auc_mean":0.646551724137931,"_timestamp":1.772810058204951e+09,"_wandb":{"runtime":0},"_runtime":0.035576324,"_step":28,"avg_inner_best_models/train_loss_mean":0.4744347333908081,"avg_inner_best_models/val_loss_mean":0.6581287781397501}