{"_timestamp":1.7725565149545758e+09,"_wandb":{"runtime":0},"_runtime":0.077335383,"_step":73,"avg_inner_best_models/train_loss_mean":0.5104827831188837,"avg_inner_best_models/val_loss_mean":0.6519635021686554}