{"avg_inner_best_models/val_auc_mean":0.7025862068965516,"_timestamp":1.7728098196657584e+09,"_wandb":{"runtime":0},"_runtime":0.073439435,"_step":43,"avg_inner_best_models/train_loss_mean":0.5025758172074953,"avg_inner_best_models/val_loss_mean":0.6646859447161356}