outer_test_LOGLOSS_mean,outer_test_LOGLOSS_std,outer_test_AUC_mean,outer_test_AUC_std,outer_test_AUCPR_mean,outer_test_AUCPR_std,outer_test_ACC_mean,outer_test_ACC_std,outer_test_SEN_mean,outer_test_SEN_std,outer_test_SP_mean,outer_test_SP_std,outer_test_MCC_mean,outer_test_MCC_std
0.6762789945202047,0.01891587234730429,0.5718567649281935,0.09862961520974935,0.7086796262622638,0.08204318659800146,0.5978216374269006,0.06792026556077929,0.7401798941798942,0.10300021920309944,0.35055555555555545,0.11277849766097024,0.09933180736335505,0.1419969313922438
