{"_runtime":0.052444096,"_step":23,"avg_inner_best_models/train_loss_mean":0.6088740924994152,"avg_inner_best_models/val_loss_mean":0.7045198678970337,"avg_inner_best_models/val_auc_mean":0.7063351202549986,"_timestamp":1.7728164733547878e+09,"_wandb":{"runtime":0}}