{"_wandb":{"runtime":0},"_runtime":0.050546641,"avg_inner_best_models/train_loss_mean":0.44733084738254547,"avg_inner_best_models/val_loss_mean":0.6016779541969299,"avg_inner_best_models/val_auc_mean":0.7262931034482759,"_timestamp":1.772809462382738e+09,"_step":36}