{"avg_inner_best_models/train_loss_mean":0.5764809250831604,"avg_inner_best_models/val_loss_mean":0.6709384918212891,"_wandb":{"runtime":0},"_runtime":0.054473476,"_timestamp":1.772550566754963e+09,"_step":65}