{"_runtime":0.03545772,"_step":23,"avg_inner_best_models/train_loss_mean":0.5949697047472,"avg_inner_best_models/val_loss_mean":0.6567580302556356,"_timestamp":1.7725393348367019e+09,"_wandb":{"runtime":0}}