{"_step":58,"avg_inner_best_models/train_loss_mean":0.5439400350054105,"avg_inner_best_models/val_loss_mean":0.7194385727246603,"_wandb":{"runtime":0},"_runtime":0.081089902,"avg_inner_best_models/val_auc_mean":0.6400862068965517,"_timestamp":1.7727863456541038e+09}