outer_test_LOGLOSS_mean,outer_test_LOGLOSS_std,outer_test_AUC_mean,outer_test_AUC_std,outer_test_AUCPR_mean,outer_test_AUCPR_std,outer_test_ACC_mean,outer_test_ACC_std,outer_test_SEN_mean,outer_test_SEN_std,outer_test_SP_mean,outer_test_SP_std,outer_test_MCC_mean,outer_test_MCC_std
0.6628512161927853,0.013398108473141384,0.5982184429327285,0.06277526436929592,0.716126174806587,0.038412452922295164,0.6297932330827067,0.05935096786196324,0.7948624338624338,0.09673072616175392,0.3442380952380952,0.11694280883852311,0.16283823671881645,0.14532295903988585
