{"avg_inner_best_models/val_auc_mean":0.7435344827586207,"_timestamp":1.7728838935105836e+09,"_step":49,"_wandb":{"runtime":0},"_runtime":0.059875589,"avg_inner_best_models/train_loss_mean":0.8163457810878754,"avg_inner_best_models/val_loss_mean":0.6669467091560364}