outer_test_LOGLOSS_mean,outer_test_LOGLOSS_std,outer_test_AUC_mean,outer_test_AUC_std,outer_test_AUCPR_mean,outer_test_AUCPR_std,outer_test_ACC_mean,outer_test_ACC_std,outer_test_SEN_mean,outer_test_SEN_std,outer_test_SP_mean,outer_test_SP_std,outer_test_MCC_mean,outer_test_MCC_std
0.684277098959441,0.01662897751489683,0.5782144116906022,0.09644786990567546,0.7125805325107037,0.07750800699124155,0.564983291562239,0.09463238756312418,0.5773121693121694,0.12548293659667473,0.5434761904761904,0.12239475805450495,0.12008776139857145,0.1783765082614466
