outer_test_LOGLOSS_mean,outer_test_LOGLOSS_std,outer_test_AUC_mean,outer_test_AUC_std,outer_test_AUCPR_mean,outer_test_AUCPR_std,outer_test_ACC_mean,outer_test_ACC_std,outer_test_SEN_mean,outer_test_SEN_std,outer_test_SP_mean,outer_test_SP_std,outer_test_MCC_mean,outer_test_MCC_std
0.6776590558706467,0.01010874344514254,0.5959913076341647,0.10446778021193383,0.7379276255127549,0.07203886652909294,0.5945843776106934,0.07583888522333061,0.6770158730158731,0.09191771849911583,0.4494761904761904,0.16182363833431362,0.12636831172600604,0.17852273964169474
