outer_test_LOGLOSS_mean,outer_test_LOGLOSS_std,outer_test_AUC_mean,outer_test_AUC_std,outer_test_AUCPR_mean,outer_test_AUCPR_std,outer_test_ACC_mean,outer_test_ACC_std,outer_test_SEN_mean,outer_test_SEN_std,outer_test_SP_mean,outer_test_SP_std,outer_test_MCC_mean,outer_test_MCC_std
0.6814778055285753,0.01348323915738085,0.58398721340388,0.09548466971533413,0.7217540778640502,0.07295314776913547,0.5841060985797827,0.07189101126010879,0.6191322751322752,0.10346041108970494,0.5214603174603174,0.16600447977430705,0.13906859194489984,0.15956238768457248
