{"avg_inner_best_models/val_auc_mean":0.7737068965517241,"_timestamp":1.772810626757871e+09,"_step":40,"avg_inner_best_models/train_loss_mean":0.43627627193927765,"avg_inner_best_models/val_loss_mean":0.6507004300753275,"_wandb":{"runtime":0},"_runtime":0.053521829}