{"avg_inner_best_models/train_loss_mean":0.4996566077073415,"avg_inner_best_models/val_loss_mean":0.678213357925415,"_timestamp":1.7725659893022814e+09,"_step":62,"_wandb":{"runtime":0},"_runtime":0.058814748}