{"_runtime":0.05980324,"_wandb":{"runtime":0},"_step":39,"avg_inner_best_models/train_loss_mean":0.5603612661361694,"avg_inner_best_models/val_loss_mean":0.6816793084144592,"avg_inner_best_models/val_auc_mean":0.6596638655462185,"_timestamp":1.7728194274131994e+09}