outer_test_LOGLOSS_mean,outer_test_LOGLOSS_std,outer_test_AUC_mean,outer_test_AUC_std,outer_test_AUCPR_mean,outer_test_AUCPR_std,outer_test_ACC_mean,outer_test_ACC_std,outer_test_SEN_mean,outer_test_SEN_std,outer_test_SP_mean,outer_test_SP_std,outer_test_MCC_mean,outer_test_MCC_std
0.6789727842013059,0.012398315040834175,0.5731763038548754,0.036103779563896626,0.7111984400457763,0.033494928773834,0.5727485380116959,0.05668380145337095,0.6282962962962962,0.11084545646839275,0.4734603174603174,0.11584519352924791,0.10195716847047342,0.10112477546226385
