outer_test_LOGLOSS_mean,outer_test_LOGLOSS_std,outer_test_AUC_mean,outer_test_AUC_std,outer_test_AUCPR_mean,outer_test_AUCPR_std,outer_test_ACC_mean,outer_test_ACC_std,outer_test_SEN_mean,outer_test_SEN_std,outer_test_SP_mean,outer_test_SP_std,outer_test_MCC_mean,outer_test_MCC_std
0.6717631588246424,0.019228334769240688,0.6071700050390526,0.06028449243392669,0.722364096049296,0.05976506602108678,0.6001148705096074,0.06817611027680336,0.6745026455026455,0.17303024659886884,0.47496825396825404,0.1574270208023791,0.1654423190828318,0.10625744996533504
