{"_wandb":{"runtime":0},"_runtime":0.037096085,"avg_inner_best_models/val_auc_mean":0.646551724137931,"_timestamp":1.7728273044216278e+09,"_step":38,"avg_inner_best_models/train_loss_mean":0.4906760777036349,"avg_inner_best_models/val_loss_mean":0.6775156656901041}