{"_wandb":{"runtime":0},"avg_inner_best_models/train_loss_mean":0.4886517922083537,"avg_inner_best_models/val_loss_mean":0.6599093377590179,"avg_inner_best_models/val_auc_mean":0.6953781512605042,"_timestamp":1.77279791126175e+09,"_step":62,"_runtime":0.039417985}