{"avg_inner_best_models/val_loss_mean":0.6599093377590179,"avg_inner_best_models/val_auc_mean":0.6953781512605042,"_timestamp":1.7727841791666915e+09,"_wandb":{"runtime":0},"_runtime":0.059146246,"_step":62,"avg_inner_best_models/train_loss_mean":0.4886517922083537}