{"_wandb":{"runtime":0},"_runtime":0.06339162,"_step":45,"avg_inner_best_models/train_loss_mean":0.5793491949637731,"avg_inner_best_models/val_loss_mean":0.6428549289703369,"_timestamp":1.7725358718627622e+09}