{"_timestamp":1.7725510098893638e+09,"_step":66,"_wandb":{"runtime":0},"_runtime":0.068615736,"avg_inner_best_models/train_loss_mean":0.6267022788524628,"avg_inner_best_models/val_loss_mean":0.6337587535381317}