{"_step":42,"_wandb":{"runtime":0},"_runtime":0.034881997,"avg_inner_best_models/train_loss_mean":0.29875395943721134,"avg_inner_best_models/val_loss_mean":0.6195918917655945,"_timestamp":1.7725297823755186e+09}