outer_test_LOGLOSS_mean,outer_test_LOGLOSS_std,outer_test_AUC_mean,outer_test_AUC_std,outer_test_AUCPR_mean,outer_test_AUCPR_std,outer_test_ACC_mean,outer_test_ACC_std,outer_test_SEN_mean,outer_test_SEN_std,outer_test_SP_mean,outer_test_SP_std,outer_test_MCC_mean,outer_test_MCC_std
0.6869826643198854,0.01424078228472339,0.5419272486772487,0.052868760937564714,0.6773927951661767,0.035556261846103464,0.5483834586466165,0.07083318765963963,0.5981534391534392,0.13609038959596723,0.4616031746031747,0.09406407114723225,0.06220393155458261,0.11200052097308259
