outer_test_LOGLOSS_mean,outer_test_LOGLOSS_std,outer_test_AUC_mean,outer_test_AUC_std,outer_test_AUCPR_mean,outer_test_AUCPR_std,outer_test_ACC_mean,outer_test_ACC_std,outer_test_SEN_mean,outer_test_SEN_std,outer_test_SP_mean,outer_test_SP_std,outer_test_MCC_mean,outer_test_MCC_std
0.6707450293166999,0.010308403058679512,0.5634257999496093,0.04729839944214982,0.696487897580263,0.02405929840182882,0.5995279866332498,0.040866623676464243,0.7759417989417989,0.12933091446171416,0.2892698412698413,0.15350851862319972,0.07612038169585043,0.07312166019417678
