{"avg_inner_best_models/val_auc_mean":0.7650862068965517,"_timestamp":1.7727753930735052e+09,"_wandb":{"runtime":0},"_runtime":0.042950499,"_step":80,"avg_inner_best_models/train_loss_mean":0.602325439453125,"avg_inner_best_models/val_loss_mean":0.6808893084526062}