{"_runtime":0.068838465,"_step":47,"avg_inner_best_models/train_loss_mean":0.4656651901702086,"avg_inner_best_models/val_loss_mean":0.6600342492262522,"avg_inner_best_models/val_auc_mean":0.6848739495798319,"_timestamp":1.7728010212343836e+09,"_wandb":{"runtime":0}}