{"_timestamp":1.7725461123976274e+09,"_wandb":{"runtime":0},"_runtime":0.064191449,"_step":52,"avg_inner_best_models/train_loss_mean":0.474013219277064,"avg_inner_best_models/val_loss_mean":0.6352887153625488}