{"avg_inner_best_models/train_loss_mean":0.7367311120033264,"_wandb":{"runtime":0},"_runtime":0.064409346,"avg_inner_best_models/val_loss_mean":0.642456978559494,"avg_inner_best_models/val_auc_mean":0.7163865546218487,"_timestamp":1.772886455597823e+09,"_step":53}