{"avg_inner_best_models/train_loss_mean":0.4267929295698802,"avg_inner_best_models/val_loss_mean":0.6751710772514343,"_timestamp":1.7725273015980685e+09,"_step":28,"_wandb":{"runtime":0},"_runtime":0.039816527}