{"_wandb":{"runtime":0},"_runtime":0.054160407,"avg_inner_best_models/train_loss_mean":0.5613335371017456,"avg_inner_best_models/val_loss_mean":0.6544647216796875,"_timestamp":1.7725332357481067e+09,"_step":34}