{"avg_inner_best_models/val_loss_mean":0.7028661966323853,"_timestamp":1.7725075258705134e+09,"_runtime":0.038154728,"_wandb":{"runtime":0},"_step":40,"avg_inner_best_models/train_loss_mean":0.6137844324111938}