outer_test_LOGLOSS_mean,outer_test_LOGLOSS_std,outer_test_AUC_mean,outer_test_AUC_std,outer_test_AUCPR_mean,outer_test_AUCPR_std,outer_test_ACC_mean,outer_test_ACC_std,outer_test_SEN_mean,outer_test_SEN_std,outer_test_SP_mean,outer_test_SP_std,outer_test_MCC_mean,outer_test_MCC_std
0.6807479016687403,0.02361468159790048,0.5352268833459309,0.058079878092438995,0.6852868950257253,0.04188285083859673,0.5541457811194652,0.06660685621624587,0.6656084656084654,0.18048642737055068,0.3578253968253968,0.1645425379813955,0.029454188250808103,0.09191227084950804
