outer_test_LOGLOSS_mean,outer_test_LOGLOSS_std,outer_test_AUC_mean,outer_test_AUC_std,outer_test_AUCPR_mean,outer_test_AUCPR_std,outer_test_ACC_mean,outer_test_ACC_std,outer_test_SEN_mean,outer_test_SEN_std,outer_test_SP_mean,outer_test_SP_std,outer_test_MCC_mean,outer_test_MCC_std
0.6701715447282551,0.01734786638709502,0.566393927941547,0.048542374587131176,0.7036038813022076,0.04784984381329129,0.6103654970760234,0.046187069132133746,0.7703439153439152,0.09572579474171665,0.3325555555555555,0.09232789850692727,0.11684957461717699,0.09074516592593879
