outer_test_LOGLOSS_mean,outer_test_LOGLOSS_std,outer_test_AUC_mean,outer_test_AUC_std,outer_test_AUCPR_mean,outer_test_AUCPR_std,outer_test_ACC_mean,outer_test_ACC_std,outer_test_SEN_mean,outer_test_SEN_std,outer_test_SP_mean,outer_test_SP_std,outer_test_MCC_mean,outer_test_MCC_std
0.6668625272642197,0.013175547590805541,0.6045635550516503,0.05074758623982167,0.7391017164286003,0.05213896727538418,0.5989202172096909,0.046786945971512506,0.7224074074074074,0.12201096494470659,0.38465079365079363,0.13298862459020402,0.11583347478670802,0.0861256139477408
