{"_runtime":0.064589705,"_timestamp":1.7725494702096822e+09,"_step":59,"avg_inner_best_models/train_loss_mean":0.5149436051646867,"avg_inner_best_models/val_loss_mean":0.6613103588422139,"_wandb":{"runtime":0}}