{"_runtime":0.038567792,"_step":62,"avg_inner_best_models/train_loss_mean":0.3409415930509567,"avg_inner_best_models/val_loss_mean":0.6240858733654022,"_timestamp":1.7725290721922884e+09,"_wandb":{"runtime":0}}