{"_timestamp":1.7727549355106068e+09,"_step":60,"_wandb":{"runtime":0},"_runtime":0.05493756,"avg_inner_best_models/train_loss_mean":0.46451549232006073,"avg_inner_best_models/val_loss_mean":0.6380129257837931,"avg_inner_best_models/val_auc_mean":0.7038539553752536}