outer_test_LOGLOSS_mean,outer_test_LOGLOSS_std,outer_test_AUC_mean,outer_test_AUC_std,outer_test_AUCPR_mean,outer_test_AUCPR_std,outer_test_ACC_mean,outer_test_ACC_std,outer_test_SEN_mean,outer_test_SEN_std,outer_test_SP_mean,outer_test_SP_std,outer_test_MCC_mean,outer_test_MCC_std
0.6589980778981387,0.013814942766178407,0.6146120559334844,0.0563642669300183,0.7487640686090749,0.04305081120804462,0.6193588137009189,0.04474052906144404,0.8287301587301589,0.1120178271287828,0.25719047619047625,0.14110124413034622,0.10557286718453514,0.11687784437038776
