outer_test_LOGLOSS_mean,outer_test_LOGLOSS_std,outer_test_AUC_mean,outer_test_AUC_std,outer_test_AUCPR_mean,outer_test_AUCPR_std,outer_test_ACC_mean,outer_test_ACC_std,outer_test_SEN_mean,outer_test_SEN_std,outer_test_SP_mean,outer_test_SP_std,outer_test_MCC_mean,outer_test_MCC_std
0.6704709746570491,0.014084075585609432,0.6001104182413707,0.06369663340647716,0.7344957203439818,0.06020187838150092,0.5846010860484544,0.06349975981037405,0.6818941798941798,0.14720702469318028,0.4183650793650794,0.13361135485394174,0.10944505599012096,0.10788354693035025
