{"_wandb":{"runtime":0},"_runtime":0.062928871,"avg_inner_best_models/train_loss_mean":0.28933974107106525,"avg_inner_best_models/val_loss_mean":0.55290088057518,"_timestamp":1.7724990794065347e+09,"_step":80}