{"_timestamp":1.7728055317740748e+09,"_step":34,"avg_inner_best_models/train_loss_mean":0.5396109819412231,"_wandb":{"runtime":0},"_runtime":0.036418105,"avg_inner_best_models/val_loss_mean":0.6395298838615417,"avg_inner_best_models/val_auc_mean":0.6995798319327731}