outer_test_LOGLOSS_mean,outer_test_LOGLOSS_std,outer_test_AUC_mean,outer_test_AUC_std,outer_test_AUCPR_mean,outer_test_AUCPR_std,outer_test_ACC_mean,outer_test_ACC_std,outer_test_SEN_mean,outer_test_SEN_std,outer_test_SP_mean,outer_test_SP_std,outer_test_MCC_mean,outer_test_MCC_std
0.6861243801180701,0.009616799553294492,0.5902430083144369,0.0677531505663928,0.7288833015928128,0.04633140864758869,0.5382456140350876,0.04951964202122699,0.5057089947089947,0.14582310143885877,0.5933015873015873,0.19796565127017562,0.10102128562763918,0.10819865583468366
