{"avg_inner_best_models/train_loss_mean":0.41787728170553845,"avg_inner_best_models/val_loss_mean":0.6474608778953552,"_timestamp":1.772522169013765e+09,"_wandb":{"runtime":0},"_runtime":0.036503553,"_step":29}