{"_step":65,"avg_inner_best_models/train_loss_mean":0.5859464605649313,"avg_inner_best_models/val_loss_mean":0.6810659170150757,"_timestamp":1.7725567287189958e+09,"_wandb":{"runtime":0},"_runtime":0.072275969}