{"_runtime":0.054924091,"avg_inner_best_models/train_loss_mean":0.32355086257060367,"avg_inner_best_models/val_loss_mean":0.6441056927045187,"_timestamp":1.772522844286956e+09,"_step":52,"_wandb":{"runtime":0}}