{"_wandb":{"runtime":0},"_runtime":0.036567313,"avg_inner_best_models/train_loss_mean":0.4852599153916041,"avg_inner_best_models/val_loss_mean":0.677246481180191,"avg_inner_best_models/val_auc_mean":0.6487068965517242,"_timestamp":1.7727622985141323e+09,"_step":30}