{"_timestamp":1.7728652910348048e+09,"_wandb":{"runtime":0},"_runtime":0.06355819,"_step":80,"avg_inner_best_models/train_loss_mean":1.5466577609380086,"avg_inner_best_models/val_loss_mean":0.6249368190765381,"avg_inner_best_models/val_auc_mean":0.7219827586206896}