{"avg_inner_best_models/val_auc_mean":0.7521008403361344,"_runtime":0.069804929,"_wandb":{"runtime":0},"_timestamp":1.772903573403092e+09,"_step":62,"avg_inner_best_models/train_loss_mean":0.6986942291259766,"avg_inner_best_models/val_loss_mean":0.6202246149381002}