{"_wandb":{"runtime":0},"_runtime":0.053769534,"_timestamp":1.7727755299446716e+09,"_step":74,"avg_inner_best_models/train_loss_mean":0.46807465453942615,"avg_inner_best_models/val_loss_mean":0.5967798233032227,"avg_inner_best_models/val_auc_mean":0.7478448275862069}