outer_test_LOGLOSS_mean,outer_test_LOGLOSS_std,outer_test_AUC_mean,outer_test_AUC_std,outer_test_AUCPR_mean,outer_test_AUCPR_std,outer_test_ACC_mean,outer_test_ACC_std,outer_test_SEN_mean,outer_test_SEN_std,outer_test_SP_mean,outer_test_SP_std,outer_test_MCC_mean,outer_test_MCC_std
0.670686348247998,0.0144257875821753,0.5925656336608718,0.05066475746366918,0.7277538406132165,0.037848130665823855,0.5897681704260651,0.052191334321715036,0.6948941798941799,0.13377885639490333,0.41130158730158733,0.1779107168949298,0.11146244836442414,0.11128516538269019
