{"_runtime":0.051172184,"avg_inner_best_models/val_loss_mean":0.6308909257253011,"avg_inner_best_models/val_auc_mean":0.7142857142857143,"_timestamp":1.7728155318799508e+09,"_step":36,"avg_inner_best_models/train_loss_mean":0.5051727195580801,"_wandb":{"runtime":0}}