{"_wandb":{"runtime":0},"_runtime":0.063232993,"avg_inner_best_models/val_loss_mean":0.6603445013364156,"avg_inner_best_models/val_auc_mean":0.6487068965517241,"_timestamp":1.7728102916753e+09,"_step":72,"avg_inner_best_models/train_loss_mean":0.47102511177460354}