outer_test_LOGLOSS_mean,outer_test_LOGLOSS_std,outer_test_AUC_mean,outer_test_AUC_std,outer_test_AUCPR_mean,outer_test_AUCPR_std,outer_test_ACC_mean,outer_test_ACC_std,outer_test_SEN_mean,outer_test_SEN_std,outer_test_SP_mean,outer_test_SP_std,outer_test_MCC_mean,outer_test_MCC_std
0.6840840809700081,0.0056037206071992696,0.5612233560090703,0.04424293676378793,0.703645498544746,0.0429967615489138,0.573560985797828,0.044830735260657804,0.629174603174603,0.07520461164952491,0.4795396825396826,0.12283681886820694,0.10643690314988688,0.1002530463843248
