outer_test_LOGLOSS_mean,outer_test_LOGLOSS_std,outer_test_AUC_mean,outer_test_AUC_std,outer_test_AUCPR_mean,outer_test_AUCPR_std,outer_test_ACC_mean,outer_test_ACC_std,outer_test_SEN_mean,outer_test_SEN_std,outer_test_SP_mean,outer_test_SP_std,outer_test_MCC_mean,outer_test_MCC_std
0.694120137611905,0.01164546077461422,0.555775636180398,0.07275348714344142,0.6828752311520371,0.06559087597246742,0.5347681704260652,0.047864725592842876,0.5246031746031745,0.11789950973460546,0.550079365079365,0.15955288408330082,0.0758954091576579,0.10244715914056689
