outer_test_LOGLOSS_mean,outer_test_LOGLOSS_std,outer_test_AUC_mean,outer_test_AUC_std,outer_test_AUCPR_mean,outer_test_AUCPR_std,outer_test_ACC_mean,outer_test_ACC_std,outer_test_SEN_mean,outer_test_SEN_std,outer_test_SP_mean,outer_test_SP_std,outer_test_MCC_mean,outer_test_MCC_std
0.6674475247981448,0.013541803217182556,0.609232741244646,0.05737019391405551,0.7498125829942259,0.04014728648143325,0.6020154553049291,0.055871803573242,0.6704603174603175,0.11828472112801845,0.48742857142857143,0.18165288875958985,0.15890563235491267,0.1332866255810737
