outer_test_LOGLOSS_mean,outer_test_LOGLOSS_std,outer_test_AUC_mean,outer_test_AUC_std,outer_test_AUCPR_mean,outer_test_AUCPR_std,outer_test_ACC_mean,outer_test_ACC_std,outer_test_SEN_mean,outer_test_SEN_std,outer_test_SP_mean,outer_test_SP_std,outer_test_MCC_mean,outer_test_MCC_std
0.6733554521589966,0.014857535136565155,0.585364134542706,0.047500395753414006,0.703081957624763,0.028211377784055133,0.5831954887218045,0.05800664070655299,0.700010582010582,0.1611192577623314,0.37990476190476186,0.17707629756051754,0.09594094721838597,0.11169441838524463
