{"_step":80,"avg_inner_best_models/train_loss_mean":0.43416934708754223,"_wandb":{"runtime":0},"_runtime":0.060377286,"avg_inner_best_models/val_loss_mean":0.6204153895378113,"_timestamp":1.7725402701525936e+09}