{"_timestamp":1.7728128932295613e+09,"_step":33,"avg_inner_best_models/train_loss_mean":0.4520610123872757,"_wandb":{"runtime":0},"_runtime":0.050193283,"avg_inner_best_models/val_loss_mean":0.6404942572116852,"avg_inner_best_models/val_auc_mean":0.7112068965517242}