outer_test_LOGLOSS_mean,outer_test_LOGLOSS_std,outer_test_AUC_mean,outer_test_AUC_std,outer_test_AUCPR_mean,outer_test_AUCPR_std,outer_test_ACC_mean,outer_test_ACC_std,outer_test_SEN_mean,outer_test_SEN_std,outer_test_SP_mean,outer_test_SP_std,outer_test_MCC_mean,outer_test_MCC_std
0.6731012160116259,0.014429536994307756,0.5875036533131771,0.09798339994772402,0.7055851773808836,0.07263688626042458,0.6120572263993317,0.05885753961796885,0.7099259259259258,0.05746860288055746,0.4435714285714285,0.14258543192248296,0.1535754820804316,0.13975214997358992
