{"avg_inner_best_models/val_loss_mean":0.7111451248327891,"_timestamp":1.7725528089963453e+09,"_step":59,"_wandb":{"runtime":0},"_runtime":0.061855428,"avg_inner_best_models/train_loss_mean":0.6202621688445409}