{"avg_inner_best_models/train_loss_mean":0.010219335235241387,"avg_inner_best_models/val_loss_mean":1.1979255536674625,"_timestamp":1.77274572391998e+09,"_wandb":{"runtime":0},"_runtime":0.129086208,"_step":22}