{"avg_inner_best_models/train_loss_mean":0.3544317384560903,"avg_inner_best_models/val_loss_mean":0.6559755206108093,"_timestamp":1.772528429830012e+09,"_runtime":0.052621734,"_wandb":{"runtime":0},"_step":31}