outer_test_LOGLOSS_mean,outer_test_LOGLOSS_std,outer_test_AUC_mean,outer_test_AUC_std,outer_test_AUCPR_mean,outer_test_AUCPR_std,outer_test_ACC_mean,outer_test_ACC_std,outer_test_SEN_mean,outer_test_SEN_std,outer_test_SP_mean,outer_test_SP_std,outer_test_MCC_mean,outer_test_MCC_std
0.6819449466540533,0.015899665845588093,0.5696475812547241,0.09610193045245201,0.6929842513262057,0.08108327521041074,0.572784043441938,0.05909030175828745,0.6444814814814814,0.07973506688755491,0.44776190476190475,0.13136827244224178,0.09092721563855077,0.1309031124543506
