{"_runtime":0.057111038,"_step":65,"avg_inner_best_models/train_loss_mean":0.38882538427909213,"avg_inner_best_models/val_loss_mean":0.5912558237711588,"avg_inner_best_models/val_auc_mean":0.728448275862069,"_timestamp":1.7727767163478084e+09,"_wandb":{"runtime":0}}