{"_wandb":{"runtime":0},"_runtime":0.03549356,"avg_inner_best_models/train_loss_mean":0.3318538616100947,"avg_inner_best_models/val_loss_mean":0.5747453272342682,"_timestamp":1.772512929291958e+09,"_step":28}