{"_runtime":0.036364441,"_wandb":{"runtime":0},"avg_inner_best_models/train_loss_mean":0.4105016241470973,"avg_inner_best_models/val_loss_mean":0.6594275037447611,"_timestamp":1.7725188556643867e+09,"_step":37}