{"_runtime":0.05880869,"_timestamp":1.7728145663415234e+09,"_step":31,"avg_inner_best_models/train_loss_mean":0.5011081770062447,"avg_inner_best_models/val_loss_mean":0.615529457728068,"avg_inner_best_models/val_auc_mean":0.7521008403361344,"_wandb":{"runtime":0}}