{"_wandb":{"runtime":0},"_runtime":0.053413995,"avg_inner_best_models/val_loss_mean":0.7027671535809835,"avg_inner_best_models/val_auc_mean":0.592292089249493,"_timestamp":1.7728234469182887e+09,"_step":29,"avg_inner_best_models/train_loss_mean":0.6150473455588022}