{"_timestamp":1.7728207752803674e+09,"_wandb":{"runtime":0},"_runtime":0.03686605,"_step":33,"avg_inner_best_models/train_loss_mean":0.4930270314216614,"avg_inner_best_models/val_loss_mean":0.6470484435558319,"avg_inner_best_models/val_auc_mean":0.6357758620689655}