{"avg_inner_best_models/train_loss_mean":0.5462106168270111,"avg_inner_best_models/val_loss_mean":0.6519796550273895,"avg_inner_best_models/val_auc_mean":0.7423935091277891,"_wandb":{"runtime":0},"_runtime":0.079912007,"_timestamp":1.7728325771671693e+09,"_step":72}