{"_wandb":{"runtime":0},"_runtime":0.063287059,"avg_inner_best_models/train_loss_mean":0.38038941224416095,"avg_inner_best_models/val_loss_mean":0.5820386111736298,"_timestamp":1.7725092120343244e+09,"_step":74}