{"_wandb":{"runtime":0},"_runtime":0.040593718,"_timestamp":1.7727725116126833e+09,"_step":80,"avg_inner_best_models/train_loss_mean":0.5271463344494501,"avg_inner_best_models/val_loss_mean":0.6589912474155426,"avg_inner_best_models/val_auc_mean":0.6918103448275862}