{"_runtime":0.0369577,"_step":34,"avg_inner_best_models/train_loss_mean":0.5105102062225342,"avg_inner_best_models/val_loss_mean":0.6282164752483368,"avg_inner_best_models/val_auc_mean":0.7198275862068965,"_timestamp":1.7727967756187067e+09,"_wandb":{"runtime":0}}