{"avg_inner_best_models/val_auc_mean":0.6806722689075629,"_timestamp":1.7727655183099558e+09,"_step":71,"avg_inner_best_models/train_loss_mean":0.46587832520405453,"_wandb":{"runtime":0},"_runtime":0.067359873,"avg_inner_best_models/val_loss_mean":0.6362678607304891}