outer_test_LOGLOSS_mean,outer_test_LOGLOSS_std,outer_test_AUC_mean,outer_test_AUC_std,outer_test_AUCPR_mean,outer_test_AUCPR_std,outer_test_ACC_mean,outer_test_ACC_std,outer_test_SEN_mean,outer_test_SEN_std,outer_test_SP_mean,outer_test_SP_std,outer_test_MCC_mean,outer_test_MCC_std
0.6745327424013845,0.012883635421277444,0.618996409674981,0.0702094682659764,0.7415790717873547,0.04691456825044503,0.5700710108604845,0.0786000192412363,0.6372010582010582,0.1907039469772587,0.45739682539682536,0.15742059447160622,0.10719343942738692,0.12012092144415112
