outer_test_LOGLOSS_mean,outer_test_LOGLOSS_std,outer_test_AUC_mean,outer_test_AUC_std,outer_test_AUCPR_mean,outer_test_AUCPR_std,outer_test_ACC_mean,outer_test_ACC_std,outer_test_SEN_mean,outer_test_SEN_std,outer_test_SP_mean,outer_test_SP_std,outer_test_MCC_mean,outer_test_MCC_std
0.6717958683731401,0.012373827008061878,0.5721700050390528,0.06543061290132329,0.7057069613541274,0.05221501791020234,0.5826190476190476,0.05338807571451434,0.6814179894179894,0.1461208565347371,0.41392063492063497,0.17630159329133935,0.09760459570008324,0.10323972485377489
