{"avg_inner_best_models/val_auc_mean":0.7205882352941176,"_timestamp":1.7727945718416524e+09,"_wandb":{"runtime":0},"_runtime":0.062320228,"_step":44,"avg_inner_best_models/train_loss_mean":0.50687754402558,"avg_inner_best_models/val_loss_mean":0.6642447312672933}