{"_timestamp":1.7725398314781458e+09,"_step":33,"_wandb":{"runtime":0},"_runtime":0.05465739,"avg_inner_best_models/train_loss_mean":0.5666244427363077,"avg_inner_best_models/val_loss_mean":0.6690061092376709}