{"_timestamp":1.7728015877139516e+09,"_step":67,"avg_inner_best_models/train_loss_mean":0.49122720460096997,"avg_inner_best_models/val_loss_mean":0.6464943587779999,"avg_inner_best_models/val_auc_mean":0.7004310344827587,"_wandb":{"runtime":0},"_runtime":0.078259706}