outer_test_LOGLOSS_mean,outer_test_LOGLOSS_std,outer_test_AUC_mean,outer_test_AUC_std,outer_test_AUCPR_mean,outer_test_AUCPR_std,outer_test_ACC_mean,outer_test_ACC_std,outer_test_SEN_mean,outer_test_SEN_std,outer_test_SP_mean,outer_test_SP_std,outer_test_MCC_mean,outer_test_MCC_std
0.6688703350590465,0.013521938911840278,0.6060248173343411,0.07316525835553642,0.7280930772004175,0.0590057228769221,0.5985150375939849,0.06505958331115658,0.6843650793650795,0.1473465352579839,0.4539206349206349,0.1747967159509801,0.14492077894311386,0.13481909818758947
