{"_step":54,"avg_inner_best_models/train_loss_mean":0.4209765171011289,"avg_inner_best_models/val_loss_mean":0.5889308253924052,"_wandb":{"runtime":0},"_runtime":0.059586408,"avg_inner_best_models/val_auc_mean":0.8017241379310345,"_timestamp":1.7727583099744918e+09}