{"_runtime":0.053124827,"avg_inner_best_models/train_loss_mean":0.550134688615799,"avg_inner_best_models/val_loss_mean":0.6686200300852457,"_timestamp":1.7725187656818402e+09,"_step":27,"_wandb":{"runtime":0}}