outer_test_LOGLOSS_mean,outer_test_LOGLOSS_std,outer_test_AUC_mean,outer_test_AUC_std,outer_test_AUCPR_mean,outer_test_AUCPR_std,outer_test_ACC_mean,outer_test_ACC_std,outer_test_SEN_mean,outer_test_SEN_std,outer_test_SP_mean,outer_test_SP_std,outer_test_MCC_mean,outer_test_MCC_std
0.6699023204595475,0.012222142720839754,0.5672161123708743,0.051266703105817574,0.7039011489551878,0.04271443007902534,0.5804135338345865,0.05067982610743133,0.6998148148148149,0.08256510334641026,0.37423809523809526,0.08587174823176133,0.07785555446453903,0.0980526690328278
