{"avg_inner_best_models/val_auc_mean":0.7542016806722689,"_timestamp":1.7727686684429197e+09,"_wandb":{"runtime":0},"_runtime":0.063573458,"_step":80,"avg_inner_best_models/train_loss_mean":0.3463903417189916,"avg_inner_best_models/val_loss_mean":0.6017931997776031}