outer_test_LOGLOSS_mean,outer_test_LOGLOSS_std,outer_test_AUC_mean,outer_test_AUC_std,outer_test_AUCPR_mean,outer_test_AUCPR_std,outer_test_ACC_mean,outer_test_ACC_std,outer_test_SEN_mean,outer_test_SEN_std,outer_test_SP_mean,outer_test_SP_std,outer_test_MCC_mean,outer_test_MCC_std
0.6794815622571874,0.02768322458509737,0.5977370244394055,0.10026684955686839,0.7282593968250992,0.07052266945631892,0.5855200501253133,0.10234194050304396,0.6108359788359788,0.2333106671243382,0.544063492063492,0.20741657796043234,0.17518167361320494,0.16196477831911255
