outer_test_LOGLOSS_mean,outer_test_LOGLOSS_std,outer_test_AUC_mean,outer_test_AUC_std,outer_test_AUCPR_mean,outer_test_AUCPR_std,outer_test_ACC_mean,outer_test_ACC_std,outer_test_SEN_mean,outer_test_SEN_std,outer_test_SP_mean,outer_test_SP_std,outer_test_MCC_mean,outer_test_MCC_std
0.6739071874479526,0.01828085364739725,0.5603248299319727,0.05903640736500495,0.7078374350658921,0.04230224954762392,0.5823538011695907,0.053686648520172006,0.7299100529100528,0.09022503480466554,0.32741269841269843,0.08048184300274218,0.06519815528808733,0.1038367937211303
