{"avg_inner_best_models/val_auc_mean":0.7413793103448276,"_timestamp":1.772826326984584e+09,"_step":62,"avg_inner_best_models/train_loss_mean":0.3869735697905223,"avg_inner_best_models/val_loss_mean":0.6047786672910055,"_wandb":{"runtime":0},"_runtime":0.05488344}