{"avg_inner_best_models/val_loss_mean":0.6378449499607086,"avg_inner_best_models/val_auc_mean":0.6896551724137931,"_timestamp":1.7727777188035893e+09,"_wandb":{"runtime":0},"_runtime":0.067779217,"_step":79,"avg_inner_best_models/train_loss_mean":0.4925708870093028}