{"_timestamp":1.772501640969513e+09,"_step":23,"avg_inner_best_models/train_loss_mean":0.46022067219018936,"avg_inner_best_models/val_loss_mean":0.6664263804753622,"_wandb":{"runtime":0},"_runtime":0.033700836}