outer_test_LOGLOSS_mean,outer_test_LOGLOSS_std,outer_test_AUC_mean,outer_test_AUC_std,outer_test_AUCPR_mean,outer_test_AUCPR_std,outer_test_ACC_mean,outer_test_ACC_std,outer_test_SEN_mean,outer_test_SEN_std,outer_test_SP_mean,outer_test_SP_std,outer_test_MCC_mean,outer_test_MCC_std
0.6827139396700528,0.018157433805942452,0.5526077097505669,0.08224473675484076,0.6981224487608972,0.08467600016084716,0.5530701754385965,0.03795293858122293,0.6422222222222222,0.055360769637124926,0.3961904761904762,0.10773118893939111,0.03727224229455158,0.09385113606258823
