{"_wandb":{"runtime":0},"_runtime":0.041091038,"avg_inner_best_models/val_loss_mean":0.6481972932815552,"_timestamp":1.7724949623811169e+09,"_step":39,"avg_inner_best_models/train_loss_mean":0.5477291792631149}