outer_test_LOGLOSS_mean,outer_test_LOGLOSS_std,outer_test_AUC_mean,outer_test_AUC_std,outer_test_AUCPR_mean,outer_test_AUCPR_std,outer_test_ACC_mean,outer_test_ACC_std,outer_test_SEN_mean,outer_test_SEN_std,outer_test_SP_mean,outer_test_SP_std,outer_test_MCC_mean,outer_test_MCC_std
0.675261390526484,0.016613075461389234,0.5723935500125976,0.04236566721582074,0.7197139297031182,0.032289985053781875,0.5488784461152881,0.05058705947117187,0.613100529100529,0.19336554396911954,0.4403333333333334,0.2386287136296534,0.05365792908272628,0.09637950385730545
