{"avg_inner_best_models/val_loss_mean":0.6631208658218384,"avg_inner_best_models/val_auc_mean":0.603448275862069,"_timestamp":1.7727922725698104e+09,"_step":33,"_runtime":0.077362491,"_wandb":{"runtime":0},"avg_inner_best_models/train_loss_mean":0.44101178149382275}