{"avg_inner_best_models/val_loss_mean":0.6965781648953756,"_timestamp":1.7725616780326593e+09,"_runtime":0.05514528,"_wandb":{"runtime":0},"_step":64,"avg_inner_best_models/train_loss_mean":0.5657439082860947}