{"_timestamp":1.7728287815785818e+09,"_step":29,"avg_inner_best_models/train_loss_mean":0.5157473633686701,"avg_inner_best_models/val_loss_mean":0.6497388084729513,"_wandb":{"runtime":0},"_runtime":0.058064217,"avg_inner_best_models/val_auc_mean":0.6745689655172414}