outer_test_LOGLOSS_mean,outer_test_LOGLOSS_std,outer_test_AUC_mean,outer_test_AUC_std,outer_test_AUCPR_mean,outer_test_AUCPR_std,outer_test_ACC_mean,outer_test_ACC_std,outer_test_SEN_mean,outer_test_SEN_std,outer_test_SP_mean,outer_test_SP_std,outer_test_MCC_mean,outer_test_MCC_std
0.6898600423383433,0.011035071740145657,0.5628816452506928,0.07947692031242815,0.6919639929353869,0.049989256884743004,0.556033834586466,0.0636800268542397,0.572873015873016,0.14682725591145931,0.5283492063492063,0.1763267563666384,0.10155645293470097,0.12308718596327851
