{"avg_inner_best_models/val_loss_mean":0.650180200735728,"avg_inner_best_models/val_auc_mean":0.75,"_timestamp":1.7728726578045573e+09,"_step":52,"avg_inner_best_models/train_loss_mean":1.1695067932208378,"_wandb":{"runtime":0},"_runtime":0.054633902}