{"avg_inner_best_models/val_loss_mean":0.6680980026721954,"avg_inner_best_models/val_auc_mean":0.7262931034482758,"_timestamp":1.772812564241202e+09,"_wandb":{"runtime":0},"_runtime":0.05430755,"_step":36,"avg_inner_best_models/train_loss_mean":0.5653598407904307}