{"avg_inner_best_models/train_loss_mean":0.4150344381729762,"avg_inner_best_models/val_loss_mean":0.6807393431663513,"_timestamp":1.7725246453886573e+09,"_step":29,"_wandb":{"runtime":0},"_runtime":0.05326419}