{"avg_inner_best_models/val_auc_mean":0.6020175311503912,"_timestamp":1.7728213022351003e+09,"_step":29,"_wandb":{"runtime":0},"_runtime":0.038307917,"avg_inner_best_models/train_loss_mean":0.5346858724951744,"avg_inner_best_models/val_loss_mean":0.6792996823787689}