{"_wandb":{"runtime":0},"_step":29,"avg_inner_best_models/train_loss_mean":0.40021559099356335,"avg_inner_best_models/val_loss_mean":0.6467388073603312,"_timestamp":1.7725058504034078e+09,"_runtime":0.051566206}