{"avg_inner_best_models/train_loss_mean":0.42697666585445404,"_wandb":{"runtime":0},"_runtime":0.059241144,"avg_inner_best_models/val_loss_mean":0.6469603975613912,"_timestamp":1.7725713112866457e+09,"_step":61}