{"avg_inner_best_models/train_loss_mean":0.5285427818695704,"avg_inner_best_models/val_loss_mean":0.6633189717928568,"avg_inner_best_models/val_auc_mean":0.6702586206896551,"_timestamp":1.7727920282149234e+09,"_step":59,"_wandb":{"runtime":0},"_runtime":0.080028207}