{"avg_inner_folds/mean_auc":0.5221747319617501,"avg_inner_folds/std_auc":0.038575271095918934,"avg_inner_curve/val_acc_std":0,"avg_inner_folds/std_logloss":0.030974791272070954,"avg_inner_folds/std_aucpr":0.021692719944181805,"avg_inner_curve/val_acc_mean":0.6222222222222222,"avg_inner_curve/train_loss_mean":0.5388506244529377,"avg_inner_folds/std_acc":0.0901746951591166,"_runtime":0,"_timestamp":1.77210529141978e+09,"avg_inner_curve/val_loss_mean":0.6566078066825867,"avg_inner_curve/val_loss_std":0,"avg_inner_curve/val_auc_std":0,"_step":35,"avg_inner_folds/mean_logloss":0.6896681416207466,"avg_inner_folds/mean_aucpr":0.68446726818123,"avg_inner_curve/val_auc_mean":0.5969827586206897,"avg_inner_curve/train_loss_std":0,"_wandb":{"runtime":0},"avg_inner_curve/folds_count":1,"avg_inner_folds/mean_acc":0.5404830917874397}