{"avg_inner_best_models/val_auc_mean":0.6573275862068966,"_timestamp":1.7728139619560437e+09,"_step":48,"_wandb":{"runtime":0},"_runtime":0.06135856,"avg_inner_best_models/train_loss_mean":0.5469727118810018,"avg_inner_best_models/val_loss_mean":0.6762722730636597}