{"_timestamp":1.7728138613472037e+09,"_step":69,"avg_inner_best_models/train_loss_mean":0.37839030226071674,"_wandb":{"runtime":0},"_runtime":0.062159221,"avg_inner_best_models/val_loss_mean":0.5837341845035553,"avg_inner_best_models/val_auc_mean":0.7392241379310345}