{"_timestamp":1.772761482588525e+09,"_step":76,"avg_inner_best_models/train_loss_mean":0.4380342861016591,"avg_inner_best_models/val_loss_mean":0.6202632784843445,"avg_inner_best_models/val_auc_mean":0.7394957983193278,"_wandb":{"runtime":0},"_runtime":0.061546945}