{"avg_inner_best_models/train_loss_mean":0.5421652322014173,"avg_inner_best_models/val_loss_mean":0.657781700293223,"avg_inner_best_models/val_auc_mean":0.6890756302521008,"_timestamp":1.7727740460528986e+09,"_step":35,"_wandb":{"runtime":0},"_runtime":0.063818509}