outer_test_LOGLOSS_mean,outer_test_LOGLOSS_std,outer_test_AUC_mean,outer_test_AUC_std,outer_test_AUCPR_mean,outer_test_AUCPR_std,outer_test_ACC_mean,outer_test_ACC_std,outer_test_SEN_mean,outer_test_SEN_std,outer_test_SP_mean,outer_test_SP_std,outer_test_MCC_mean,outer_test_MCC_std
0.6866718762829309,0.009899958133824749,0.5691194255479969,0.07322634787961102,0.7045884794848116,0.07269669942579511,0.5602756892230577,0.04193000526531523,0.5644444444444445,0.11624261558917344,0.5523809523809524,0.24752745558794337,0.11321966209665553,0.1536216825787358
