{"_wandb":{"runtime":0},"_runtime":0.063164105,"avg_inner_best_models/val_loss_mean":0.6282954216003418,"avg_inner_best_models/val_auc_mean":0.6785714285714286,"_timestamp":1.7727984298946538e+09,"_step":36,"avg_inner_best_models/train_loss_mean":0.439576451977094}