{"avg_inner_best_models/train_loss_mean":0.531136562426885,"avg_inner_best_models/val_loss_mean":0.646327406167984,"_timestamp":1.7725627427173634e+09,"_wandb":{"runtime":0},"_runtime":0.063697243,"_step":60}