{"avg_inner_best_models/val_loss_mean":0.6697009603182474,"_timestamp":1.7725436711014419e+09,"_step":43,"_wandb":{"runtime":0},"_runtime":0.036355136,"avg_inner_best_models/train_loss_mean":0.47689704845348996}