{"avg_inner_best_models/train_loss_mean":0.5404640287160873,"avg_inner_best_models/val_loss_mean":0.655817707379659,"_runtime":0.058363602,"_wandb":{"runtime":0},"_timestamp":1.7725475239672418e+09,"_step":29}