{"_wandb":{"runtime":0},"_runtime":0.051664647,"avg_inner_best_models/train_loss_mean":0.4303136318922043,"avg_inner_best_models/val_loss_mean":0.6606123745441437,"_timestamp":1.772527828193865e+09,"_step":28}