{"_step":35,"_wandb":{"runtime":0},"_runtime":0.037307845,"avg_inner_best_models/train_loss_mean":0.3171886131167412,"avg_inner_best_models/val_loss_mean":0.6446738839149475,"_timestamp":1.772501379259468e+09}