{"_wandb":{"runtime":0},"_step":22,"avg_inner_best_models/train_loss_mean":0.6164601494868597,"avg_inner_best_models/val_loss_mean":0.6997696955998739,"_timestamp":1.7725183144420362e+09,"_runtime":0.034929499}