outer_test_LOGLOSS_mean,outer_test_LOGLOSS_std,outer_test_AUC_mean,outer_test_AUC_std,outer_test_AUCPR_mean,outer_test_AUCPR_std,outer_test_ACC_mean,outer_test_ACC_std,outer_test_SEN_mean,outer_test_SEN_std,outer_test_SP_mean,outer_test_SP_std,outer_test_MCC_mean,outer_test_MCC_std
0.6784839766522933,0.014557077619143178,0.5616049382716048,0.07225517335438343,0.6974657440346717,0.05328109441162702,0.5769089390142023,0.044492208156026426,0.6628465608465609,0.09808381156580705,0.42707936507936506,0.14047539059380493,0.08918705595506679,0.09802623965486314
