outer_test_LOGLOSS_mean,outer_test_LOGLOSS_std,outer_test_AUC_mean,outer_test_AUC_std,outer_test_AUCPR_mean,outer_test_AUCPR_std,outer_test_ACC_mean,outer_test_ACC_std,outer_test_SEN_mean,outer_test_SEN_std,outer_test_SP_mean,outer_test_SP_std,outer_test_MCC_mean,outer_test_MCC_std
0.6935314347945111,0.013679392858749608,0.515650037792895,0.09393653001554737,0.6646973382624697,0.07786134877763072,0.5436967418546366,0.043965786484523484,0.6112328042328042,0.05651657323151389,0.42847619047619045,0.11740505697994931,0.03768660819567034,0.10545679944667269
