{"avg_inner_best_models/train_loss_mean":0.4574756473302841,"avg_inner_best_models/val_loss_mean":0.6520933508872986,"_wandb":{"runtime":0},"_runtime":0.040301543,"_timestamp":1.772537943943484e+09,"_step":60}