{"_step":43,"avg_inner_best_models/train_loss_mean":0.2925952027241389,"avg_inner_best_models/val_loss_mean":0.6195473273595175,"_timestamp":1.7725280802061448e+09,"_wandb":{"runtime":0},"_runtime":0.055189962}