{"_wandb":{"runtime":0},"_runtime":0.036492748,"_timestamp":1.772505046093904e+09,"_step":32,"avg_inner_best_models/train_loss_mean":0.4174211372931798,"avg_inner_best_models/val_loss_mean":0.6766126751899719}