{"avg_inner_best_models/val_auc_mean":0.6745689655172413,"_timestamp":1.77282452114602e+09,"_step":80,"_wandb":{"runtime":0},"_runtime":0.084795851,"avg_inner_best_models/train_loss_mean":0.5254274904727936,"avg_inner_best_models/val_loss_mean":0.6396758953730265}