{"avg_inner_best_models/train_loss_mean":0.1524491881330808,"avg_inner_best_models/val_loss_mean":0.5204183906316757,"_timestamp":1.772513289157693e+09,"_wandb":{"runtime":0},"_runtime":0.039893876,"_step":75}