outer_test_LOGLOSS_mean,outer_test_LOGLOSS_std,outer_test_AUC_mean,outer_test_AUC_std,outer_test_AUCPR_mean,outer_test_AUCPR_std,outer_test_ACC_mean,outer_test_ACC_std,outer_test_SEN_mean,outer_test_SEN_std,outer_test_SP_mean,outer_test_SP_std,outer_test_MCC_mean,outer_test_MCC_std
0.678981940080304,0.02220619194228642,0.5938576467624087,0.08275447939618424,0.7255250380876432,0.05145225967766183,0.551374269005848,0.07704016832424773,0.578026455026455,0.14474715729197118,0.5065396825396827,0.1318614215627256,0.08863346763476705,0.13485451770661516
