outer_test_LOGLOSS_mean,outer_test_LOGLOSS_std,outer_test_AUC_mean,outer_test_AUC_std,outer_test_AUCPR_mean,outer_test_AUCPR_std,outer_test_ACC_mean,outer_test_ACC_std,outer_test_SEN_mean,outer_test_SEN_std,outer_test_SP_mean,outer_test_SP_std,outer_test_MCC_mean,outer_test_MCC_std
0.6868345782256499,0.019316274739634442,0.5884615142353238,0.09219392516433172,0.7134310551165505,0.06961084155114372,0.5725814536340853,0.06387076518223865,0.5619523809523808,0.08500102874233595,0.5919682539682539,0.1124088679796695,0.1492688994362846,0.1281227979040762
