outer_test_LOGLOSS_mean,outer_test_LOGLOSS_std,outer_test_AUC_mean,outer_test_AUC_std,outer_test_AUCPR_mean,outer_test_AUCPR_std,outer_test_ACC_mean,outer_test_ACC_std,outer_test_SEN_mean,outer_test_SEN_std,outer_test_SP_mean,outer_test_SP_std,outer_test_MCC_mean,outer_test_MCC_std
0.6774944616220635,0.014928724216060672,0.5850346434870246,0.07275585569595665,0.7177286214231143,0.06054432569701854,0.573999582289056,0.06625847069055818,0.6367460317460316,0.10716563050786822,0.4642063492063492,0.1198300959842524,0.10113766267282293,0.12606376415599177
