{"_step":45,"avg_inner_best_models/train_loss_mean":0.41084333260854083,"avg_inner_best_models/val_loss_mean":0.6437362134456635,"_wandb":{"runtime":0},"_runtime":0.040587815,"avg_inner_best_models/val_auc_mean":0.6961206896551724,"_timestamp":1.7728204716704297e+09}