{"_timestamp":1.772522317683197e+09,"_wandb":{"runtime":0},"_runtime":0.034522616,"_step":21,"avg_inner_best_models/train_loss_mean":0.4329052617152532,"avg_inner_best_models/val_loss_mean":0.6115881204605103}