{"_runtime":0.059184587,"avg_inner_best_models/val_auc_mean":0.7004310344827587,"_timestamp":1.7729092424408684e+09,"_step":30,"avg_inner_best_models/train_loss_mean":1.2093732754389446,"avg_inner_best_models/val_loss_mean":0.6505976319313049,"_wandb":{"runtime":0}}