outer_test_LOGLOSS_mean,outer_test_LOGLOSS_std,outer_test_AUC_mean,outer_test_AUC_std,outer_test_AUCPR_mean,outer_test_AUCPR_std,outer_test_ACC_mean,outer_test_ACC_std,outer_test_SEN_mean,outer_test_SEN_std,outer_test_SP_mean,outer_test_SP_std,outer_test_MCC_mean,outer_test_MCC_std
0.6693827627247684,0.01702019687622055,0.5935020156210633,0.09207734817731918,0.7185843817838927,0.07658811310846034,0.5962719298245615,0.06848337965144805,0.7060687830687831,0.11679438372894219,0.408984126984127,0.14512898642971325,0.11916258385533589,0.13696838349978518
