outer_test_LOGLOSS_mean,outer_test_LOGLOSS_std,outer_test_AUC_mean,outer_test_AUC_std,outer_test_AUCPR_mean,outer_test_AUCPR_std,outer_test_ACC_mean,outer_test_ACC_std,outer_test_SEN_mean,outer_test_SEN_std,outer_test_SP_mean,outer_test_SP_std,outer_test_MCC_mean,outer_test_MCC_std
0.684919717874512,0.016340452103018765,0.5785645628621819,0.13027339233713972,0.7096038852684211,0.09811322115253894,0.5520217209690893,0.08538374028693306,0.568862433862434,0.0882979842165467,0.5244603174603174,0.22624570765460855,0.09174060326835647,0.21519503916390387
