{"_wandb":{"runtime":0},"_runtime":0.059348916,"_step":62,"avg_inner_best_models/train_loss_mean":0.6986942291259766,"avg_inner_best_models/val_loss_mean":0.6202246149381002,"avg_inner_best_models/val_auc_mean":0.7521008403361344,"_timestamp":1.7728618730904837e+09}