outer_test_LOGLOSS_mean,outer_test_LOGLOSS_std,outer_test_AUC_mean,outer_test_AUC_std,outer_test_AUCPR_mean,outer_test_AUCPR_std,outer_test_ACC_mean,outer_test_ACC_std,outer_test_SEN_mean,outer_test_SEN_std,outer_test_SP_mean,outer_test_SP_std,outer_test_MCC_mean,outer_test_MCC_std
0.6870473260298771,0.013404955052988266,0.5674445074326027,0.12152986929581112,0.7000249264060878,0.10042290027157189,0.5408458646616542,0.09344895788436534,0.5620158730158731,0.13532378341517212,0.5046507936507937,0.10200039145585635,0.06628727040907575,0.16633569426679037
