{"_timestamp":1.7725236311812184e+09,"_step":35,"avg_inner_best_models/train_loss_mean":0.5561115046342214,"avg_inner_best_models/val_loss_mean":0.6990570227305094,"_wandb":{"runtime":0},"_runtime":0.05199011}