{"_step":42,"avg_inner_best_models/train_loss_mean":0.4570724293589592,"avg_inner_best_models/val_loss_mean":0.6546616951624552,"_wandb":{"runtime":0},"_runtime":0.035200394,"avg_inner_best_models/val_auc_mean":0.6995798319327731,"_timestamp":1.7728137517419314e+09}