{"avg_inner_best_models/val_loss_mean":0.6787013709545135,"_timestamp":1.772500536491838e+09,"_step":46,"avg_inner_best_models/train_loss_mean":0.45610212286313373,"_wandb":{"runtime":0},"_runtime":0.03804044}