outer_test_LOGLOSS_mean,outer_test_LOGLOSS_std,outer_test_AUC_mean,outer_test_AUC_std,outer_test_AUCPR_mean,outer_test_AUCPR_std,outer_test_ACC_mean,outer_test_ACC_std,outer_test_SEN_mean,outer_test_SEN_std,outer_test_SP_mean,outer_test_SP_std,outer_test_MCC_mean,outer_test_MCC_std
0.6865737481265278,0.014013236091636353,0.5794098639455781,0.07309334658698367,0.7065877249894824,0.03433638603300093,0.5836758563074352,0.07354334002867438,0.5857142857142857,0.0939416302161598,0.5795079365079364,0.10029704344248264,0.1603857203418219,0.14045785826414053
