outer_test_LOGLOSS_mean,outer_test_LOGLOSS_std,outer_test_AUC_mean,outer_test_AUC_std,outer_test_AUCPR_mean,outer_test_AUCPR_std,outer_test_ACC_mean,outer_test_ACC_std,outer_test_SEN_mean,outer_test_SEN_std,outer_test_SP_mean,outer_test_SP_std,outer_test_MCC_mean,outer_test_MCC_std
0.7003188365302704,0.01308093834899185,0.5663560090702949,0.04614067041729894,0.7049197951076429,0.037042756547445946,0.5066499582289055,0.054981640552380806,0.42560846560846566,0.15929153066178878,0.6474920634920636,0.17408124534808617,0.07611948903702974,0.08730267423571535
