outer_test_LOGLOSS_mean,outer_test_LOGLOSS_std,outer_test_AUC_mean,outer_test_AUC_std,outer_test_AUCPR_mean,outer_test_AUCPR_std,outer_test_ACC_mean,outer_test_ACC_std,outer_test_SEN_mean,outer_test_SEN_std,outer_test_SP_mean,outer_test_SP_std,outer_test_MCC_mean,outer_test_MCC_std
0.6868964925698726,0.0232510414889705,0.5630371000251954,0.06503209822263416,0.7009555854876628,0.05169399405358193,0.5512844611528822,0.08064859821196467,0.5533227513227513,0.20225850756016447,0.5517301587301587,0.1477702337862155,0.10923932826072741,0.08687949806501269
