outer_test_LOGLOSS_mean,outer_test_LOGLOSS_std,outer_test_AUC_mean,outer_test_AUC_std,outer_test_AUCPR_mean,outer_test_AUCPR_std,outer_test_ACC_mean,outer_test_ACC_std,outer_test_SEN_mean,outer_test_SEN_std,outer_test_SP_mean,outer_test_SP_std,outer_test_MCC_mean,outer_test_MCC_std
0.6911557313439183,0.02022808782481522,0.5712502519526329,0.07235003915528856,0.7196519060572308,0.06566301156574858,0.5161257309941522,0.07730182454857323,0.49097883597883596,0.16826576196846474,0.5624126984126984,0.16728588496761918,0.056590642994417545,0.1310723147768322
