{"avg_inner_best_models/val_loss_mean":0.6585203329722086,"_timestamp":1.7725682825802023e+09,"_wandb":{"runtime":0},"_runtime":0.060426861,"_step":59,"avg_inner_best_models/train_loss_mean":0.5201726684967677}