{"_runtime":0.037893273,"_timestamp":1.7724969899054794e+09,"_step":50,"avg_inner_best_models/train_loss_mean":0.3292578011751175,"avg_inner_best_models/val_loss_mean":0.6452105641365051,"_wandb":{"runtime":0}}