{"_wandb":{"runtime":0},"_runtime":0.055106002,"_step":43,"avg_inner_best_models/train_loss_mean":0.40270935495694477,"avg_inner_best_models/val_loss_mean":0.6458497047424316,"_timestamp":1.7725357702605102e+09}