{"_runtime":0.051863455,"avg_inner_best_models/val_auc_mean":0.6848739495798319,"_timestamp":1.7727650741381412e+09,"_step":52,"avg_inner_best_models/train_loss_mean":0.41828858852386475,"avg_inner_best_models/val_loss_mean":0.6195788184801737,"_wandb":{"runtime":0}}