{"_step":49,"avg_inner_best_models/train_loss_mean":0.3528859615325928,"_wandb":{"runtime":0},"_runtime":0.061655748,"avg_inner_best_models/val_loss_mean":0.6381554007530212,"_timestamp":1.7724939667141001e+09}