{"avg_inner_best_models/val_loss_mean":0.6668154448270798,"avg_inner_best_models/val_auc_mean":0.6648706896551724,"_timestamp":1.7727597318624792e+09,"_step":29,"avg_inner_best_models/train_loss_mean":0.4929957563678423,"_wandb":{"runtime":0},"_runtime":0.036316256}