{"_timestamp":1.7725175517888653e+09,"_step":34,"_wandb":{"runtime":0},"_runtime":0.042700385,"avg_inner_best_models/train_loss_mean":0.3552340691288312,"avg_inner_best_models/val_loss_mean":0.6774587035179138}