outer_test_LOGLOSS_mean,outer_test_LOGLOSS_std,outer_test_AUC_mean,outer_test_AUC_std,outer_test_AUCPR_mean,outer_test_AUCPR_std,outer_test_ACC_mean,outer_test_ACC_std,outer_test_SEN_mean,outer_test_SEN_std,outer_test_SP_mean,outer_test_SP_std,outer_test_MCC_mean,outer_test_MCC_std
0.677591779161346,0.014902006323601332,0.5951914840010077,0.06587772795333274,0.7205105664710794,0.05778094127797431,0.5594987468671679,0.06364514270379161,0.5710687830687831,0.10223724564116356,0.5391587301587301,0.1264856129635677,0.10826756628815479,0.12504919112327303
