{"_wandb":{"runtime":0},"_runtime":0.059194343,"_step":48,"avg_inner_best_models/train_loss_mean":0.3916306098302205,"avg_inner_best_models/val_loss_mean":0.589747428894043,"avg_inner_best_models/val_auc_mean":0.728448275862069,"_timestamp":1.7728300587390633e+09}