{"_runtime":0.053976917,"_step":61,"avg_inner_best_models/train_loss_mean":0.49223267038663227,"avg_inner_best_models/val_loss_mean":0.6570543646812439,"avg_inner_best_models/val_auc_mean":0.7047413793103448,"_timestamp":1.772793847666537e+09,"_wandb":{"runtime":0}}