{"_timestamp":1.7725097605581105e+09,"_wandb":{"runtime":0},"_runtime":0.051044275,"_step":31,"avg_inner_best_models/train_loss_mean":0.39998965958754223,"avg_inner_best_models/val_loss_mean":0.6639389594395956}