outer_test_LOGLOSS_mean,outer_test_LOGLOSS_std,outer_test_AUC_mean,outer_test_AUC_std,outer_test_AUCPR_mean,outer_test_AUCPR_std,outer_test_ACC_mean,outer_test_ACC_std,outer_test_SEN_mean,outer_test_SEN_std,outer_test_SP_mean,outer_test_SP_std,outer_test_MCC_mean,outer_test_MCC_std
0.679038817252111,0.008456077964243483,0.6024019274376416,0.07983122909072894,0.7501094530693595,0.06077447376880169,0.5835693400167083,0.06092361956697302,0.6591005291005292,0.0745212297023449,0.4515238095238095,0.10150231310947468,0.1110489592153705,0.12805483608773732
