outer_test_LOGLOSS_mean,outer_test_LOGLOSS_std,outer_test_AUC_mean,outer_test_AUC_std,outer_test_AUCPR_mean,outer_test_AUCPR_std,outer_test_ACC_mean,outer_test_ACC_std,outer_test_SEN_mean,outer_test_SEN_std,outer_test_SP_mean,outer_test_SP_std,outer_test_MCC_mean,outer_test_MCC_std
0.685505728000676,0.019734140673926592,0.5474400982615268,0.0852395768055598,0.6989682558862306,0.05978850667767181,0.5521449456975773,0.07255766028667647,0.6115132275132275,0.07870228982195131,0.44842857142857134,0.09740145600436569,0.05944726284509387,0.14680295973305826
