outer_test_LOGLOSS_mean,outer_test_LOGLOSS_std,outer_test_AUC_mean,outer_test_AUC_std,outer_test_AUCPR_mean,outer_test_AUCPR_std,outer_test_ACC_mean,outer_test_ACC_std,outer_test_SEN_mean,outer_test_SEN_std,outer_test_SP_mean,outer_test_SP_std,outer_test_MCC_mean,outer_test_MCC_std
0.6822903894260381,0.012119552196122511,0.5665097001763668,0.07745685037323567,0.7194620602089716,0.054442217302258164,0.5398015873015873,0.05629978451118151,0.5652857142857143,0.08641136663660874,0.49549206349206354,0.1540378486571855,0.0594054466687647,0.13194436579036675
