{"_step":70,"avg_inner_best_models/train_loss_mean":0.5556996961434683,"avg_inner_best_models/val_loss_mean":0.6600947380065918,"_timestamp":1.7725770664132383e+09,"_runtime":0.063215075,"_wandb":{"runtime":0}}