{"_timestamp":1.7727670617914877e+09,"_wandb":{"runtime":0},"_runtime":0.060948112,"_step":26,"avg_inner_best_models/train_loss_mean":0.5570608178774515,"avg_inner_best_models/val_loss_mean":0.667247732480367,"avg_inner_best_models/val_auc_mean":0.6273815560707041}