{"avg_inner_best_models/val_loss_mean":0.6276689569155375,"avg_inner_best_models/val_auc_mean":0.680672268907563,"_timestamp":1.7728543365613477e+09,"_step":80,"_wandb":{"runtime":0},"_runtime":0.079549031,"avg_inner_best_models/train_loss_mean":1.243882675965627}