outer_test_LOGLOSS_mean,outer_test_LOGLOSS_std,outer_test_AUC_mean,outer_test_AUC_std,outer_test_AUCPR_mean,outer_test_AUCPR_std,outer_test_ACC_mean,outer_test_ACC_std,outer_test_SEN_mean,outer_test_SEN_std,outer_test_SP_mean,outer_test_SP_std,outer_test_MCC_mean,outer_test_MCC_std
0.6788812251338472,0.012249572077543023,0.5868876921138826,0.09318947525610959,0.7196563781498064,0.061243754583696484,0.6093086883876357,0.06163599218161572,0.6947566137566138,0.15851063163638268,0.45998412698412705,0.2183232943345654,0.16455199616843852,0.14302251387167278
