outer_test_LOGLOSS_mean,outer_test_LOGLOSS_std,outer_test_AUC_mean,outer_test_AUC_std,outer_test_AUCPR_mean,outer_test_AUCPR_std,outer_test_ACC_mean,outer_test_ACC_std,outer_test_SEN_mean,outer_test_SEN_std,outer_test_SP_mean,outer_test_SP_std,outer_test_MCC_mean,outer_test_MCC_std
0.6763614721002938,0.012811241313104014,0.5698082640463592,0.07125929356761188,0.7009255917713796,0.05414464511054045,0.5614348370927318,0.060667474812393936,0.6426507936507936,0.08204387382105237,0.4193809523809524,0.14426599164635465,0.0592426767465282,0.1437756351176724
