outer_test_LOGLOSS_mean,outer_test_LOGLOSS_std,outer_test_AUC_mean,outer_test_AUC_std,outer_test_AUCPR_mean,outer_test_AUCPR_std,outer_test_ACC_mean,outer_test_ACC_std,outer_test_SEN_mean,outer_test_SEN_std,outer_test_SP_mean,outer_test_SP_std,outer_test_MCC_mean,outer_test_MCC_std
0.6814943556685097,0.016147542572951954,0.5699387125220458,0.10138473017285365,0.7200147007769634,0.06919923777017274,0.5660380116959064,0.08701432125029035,0.6129365079365079,0.12666001936147525,0.4856825396825396,0.16683139981680561,0.09825032314384434,0.1757772206325221
