{"_runtime":0.067414334,"_step":80,"avg_inner_best_models/train_loss_mean":0.49199549357096356,"avg_inner_best_models/val_loss_mean":0.65781170129776,"avg_inner_best_models/val_auc_mean":0.6638655462184874,"_timestamp":1.7728297466183183e+09,"_wandb":{"runtime":0}}