{"avg_inner_best_models/val_auc_mean":0.6480186902347146,"_timestamp":1.7727713102427092e+09,"_step":23,"_wandb":{"runtime":0},"_runtime":0.035188116,"avg_inner_best_models/train_loss_mean":0.5080412750442823,"avg_inner_best_models/val_loss_mean":0.6540724635124207}