outer_test_LOGLOSS_mean,outer_test_LOGLOSS_std,outer_test_AUC_mean,outer_test_AUC_std,outer_test_AUCPR_mean,outer_test_AUCPR_std,outer_test_ACC_mean,outer_test_ACC_std,outer_test_SEN_mean,outer_test_SEN_std,outer_test_SP_mean,outer_test_SP_std,outer_test_MCC_mean,outer_test_MCC_std
0.6839782563138941,0.023129700404604055,0.5604051398337113,0.05924343771674472,0.6971581098952769,0.03558783005695356,0.5463304093567252,0.06981653482940033,0.5891851851851851,0.18114119961130704,0.4697619047619047,0.15222575939836075,0.06071764598911102,0.08551404935158587
