{"_runtime":0,"avg_inner_folds/std_aucpr":0.03343482904011619,"avg_inner_folds/std_acc":0.030243860941470677,"avg_inner_curve/val_auc_mean":0.5105042016806722,"avg_inner_curve/val_loss_mean":0.6812832951545715,"avg_inner_folds/std_logloss":0.005775108885890367,"avg_inner_folds/mean_acc":0.5532367149758454,"_step":22,"avg_inner_curve/val_acc_mean":0.5555555555555556,"avg_inner_curve/val_auc_std":0,"avg_inner_folds/mean_auc":0.5362358736598087,"_wandb":{"runtime":0},"avg_inner_curve/train_loss_std":0,"_timestamp":1.772107958054682e+09,"avg_inner_curve/folds_count":1,"avg_inner_curve/val_acc_std":0,"avg_inner_folds/mean_logloss":0.6915908632416656,"avg_inner_folds/std_auc":0.04129976625141961,"avg_inner_curve/train_loss_mean":0.5484644770622253,"avg_inner_folds/mean_aucpr":0.6754466273457596,"avg_inner_curve/val_loss_std":0}