{"avg_inner_best_models/train_loss_mean":0.5085977191726366,"avg_inner_best_models/val_loss_mean":0.6763185063997904,"_wandb":{"runtime":0},"_runtime":0.039578798,"_timestamp":1.7725381409886541e+09,"_step":50}