{"avg_inner_best_models/val_loss_mean":0.6580231189727783,"avg_inner_best_models/val_auc_mean":0.634453781512605,"_wandb":{"runtime":0},"_runtime":0.066070949,"_timestamp":1.7727983148873894e+09,"_step":36,"avg_inner_best_models/train_loss_mean":0.5308696925640106}