outer_test_LOGLOSS_mean,outer_test_LOGLOSS_std,outer_test_AUC_mean,outer_test_AUC_std,outer_test_AUCPR_mean,outer_test_AUCPR_std,outer_test_ACC_mean,outer_test_ACC_std,outer_test_SEN_mean,outer_test_SEN_std,outer_test_SP_mean,outer_test_SP_std,outer_test_MCC_mean,outer_test_MCC_std
0.6875127939942861,0.012954371185801119,0.5637201436130007,0.04916734529981681,0.700375642418458,0.03745289846008004,0.5695071010860484,0.04537448903829434,0.6201904761904762,0.08255189574563215,0.48203174603174603,0.10039285274830816,0.10091059418369117,0.08706161732846952
