{"_runtime":0.052178311,"_wandb":{"runtime":0},"avg_inner_best_models/train_loss_mean":0.5319820667306582,"avg_inner_best_models/val_loss_mean":0.6254669626553854,"avg_inner_best_models/val_auc_mean":0.7435344827586207,"_timestamp":1.77283131515477e+09,"_step":44}