outer_test_LOGLOSS_mean,outer_test_LOGLOSS_std,outer_test_AUC_mean,outer_test_AUC_std,outer_test_AUCPR_mean,outer_test_AUCPR_std,outer_test_ACC_mean,outer_test_ACC_std,outer_test_SEN_mean,outer_test_SEN_std,outer_test_SP_mean,outer_test_SP_std,outer_test_MCC_mean,outer_test_MCC_std
0.6808607095642943,0.011103406655081837,0.5545714915595867,0.04738244980253353,0.7012079973636312,0.040783018655645396,0.55484335839599,0.047674128459853256,0.6461111111111112,0.08126534845879323,0.3981269841269841,0.10247570316817742,0.04376764022320557,0.09978398377080597
