{"_step":38,"avg_inner_best_models/train_loss_mean":0.553651769955953,"avg_inner_best_models/val_loss_mean":0.6725737452507019,"avg_inner_best_models/val_auc_mean":0.8038793103448276,"_timestamp":1.772798745958501e+09,"_wandb":{"runtime":0},"_runtime":0.064743518}