{"_runtime":0.052369483,"_step":34,"avg_inner_best_models/train_loss_mean":0.4514450579881668,"avg_inner_best_models/val_loss_mean":0.6229564944903055,"_timestamp":1.7725189501676908e+09,"_wandb":{"runtime":0}}