outer_test_LOGLOSS_mean,outer_test_LOGLOSS_std,outer_test_AUC_mean,outer_test_AUC_std,outer_test_AUCPR_mean,outer_test_AUCPR_std,outer_test_ACC_mean,outer_test_ACC_std,outer_test_SEN_mean,outer_test_SEN_std,outer_test_SP_mean,outer_test_SP_std,outer_test_MCC_mean,outer_test_MCC_std
0.6906673672620776,0.0056832453098036705,0.5258601662887378,0.0689316749364788,0.669015731529311,0.05457376536299825,0.5434419381787803,0.04508324380430468,0.5948148148148149,0.0940279309800674,0.4556031746031746,0.15404772566021638,0.048784616884033676,0.11153078732795614
