{"avg_inner_best_models/train_loss_mean":0.4258490428328514,"avg_inner_best_models/val_loss_mean":0.6343384782473246,"avg_inner_best_models/val_auc_mean":0.7226890756302521,"_wandb":{"runtime":0},"_runtime":0.06425094,"_timestamp":1.7728042649557753e+09,"_step":39}