{"_timestamp":1.7725548068299124e+09,"_step":61,"avg_inner_best_models/train_loss_mean":0.5398395583033562,"avg_inner_best_models/val_loss_mean":0.6533687114715576,"_wandb":{"runtime":0},"_runtime":0.061751088}