outer_test_LOGLOSS_mean,outer_test_LOGLOSS_std,outer_test_AUC_mean,outer_test_AUC_std,outer_test_AUCPR_mean,outer_test_AUCPR_std,outer_test_ACC_mean,outer_test_ACC_std,outer_test_SEN_mean,outer_test_SEN_std,outer_test_SP_mean,outer_test_SP_std,outer_test_MCC_mean,outer_test_MCC_std
0.6745551283453646,0.0118326351371512,0.6282465986394558,0.05141580698934692,0.7518513185763658,0.05044453314056242,0.6191499582289056,0.048426811690880374,0.6580423280423281,0.12023022093728376,0.5551269841269841,0.11708017478489628,0.2137336075753586,0.07194486799168827
