{"_wandb":{"runtime":0},"_runtime":0.056064712,"avg_inner_best_models/val_loss_mean":0.6763540903727213,"_timestamp":1.7725758061872041e+09,"_step":60,"avg_inner_best_models/train_loss_mean":0.6197532216707865}