{"avg_inner_best_models/val_loss_mean":0.6859679222106934,"_timestamp":1.7725575874336421e+09,"_step":69,"avg_inner_best_models/train_loss_mean":0.4945299873749415,"_wandb":{"runtime":0},"_runtime":0.060614237}