{"_wandb":{"runtime":0},"_runtime":0.06657902,"_step":58,"avg_inner_best_models/train_loss_mean":0.5450715372959772,"avg_inner_best_models/val_loss_mean":0.6906163692474365,"avg_inner_best_models/val_auc_mean":0.6512605042016807,"_timestamp":1.7727866141540983e+09}