{"_wandb":{"runtime":0},"_runtime":0.063562109,"avg_inner_best_models/val_loss_mean":0.6844350397586823,"_timestamp":1.7725360584563215e+09,"_step":47,"avg_inner_best_models/train_loss_mean":0.52674667040507}