{"_wandb":{"runtime":0},"_runtime":0.037202845,"_timestamp":1.7725460081627471e+09,"_step":43,"avg_inner_best_models/train_loss_mean":0.5253529921174049,"avg_inner_best_models/val_loss_mean":0.6272173325220743}