{"avg_inner_best_models/train_loss_mean":0.5417052711049715,"avg_inner_best_models/val_loss_mean":0.6533119201660156,"_timestamp":1.772559361574419e+09,"_step":59,"_wandb":{"runtime":0},"_runtime":0.056168345}