{"avg_inner_best_models/train_loss_mean":0.4798887198170026,"avg_inner_best_models/val_loss_mean":0.6384311517079672,"_timestamp":1.7724974162951992e+09,"_step":32,"_wandb":{"runtime":0},"_runtime":0.035373377}