{"avg_inner_best_models/val_auc_mean":0.6869747899159664,"_wandb":{"runtime":0},"_runtime":0.065394353,"_timestamp":1.772813009097415e+09,"_step":53,"avg_inner_best_models/train_loss_mean":0.3932895213365555,"avg_inner_best_models/val_loss_mean":0.6005223592122396}