{"_step":80,"avg_inner_best_models/train_loss_mean":0.9932462126016617,"avg_inner_best_models/val_loss_mean":0.6539136370023092,"avg_inner_best_models/val_auc_mean":0.7836134453781513,"_timestamp":1.7728960880730865e+09,"_wandb":{"runtime":0},"_runtime":0.062191996}