{"_step":80,"avg_inner_best_models/train_loss_mean":0.417991782228152,"avg_inner_best_models/val_loss_mean":0.5814349055290222,"_wandb":{"runtime":0},"_runtime":0.063078592,"avg_inner_best_models/val_auc_mean":0.7626050420168067,"_timestamp":1.7727525754142458e+09}