{"_runtime":0.037700009,"_step":50,"avg_inner_best_models/train_loss_mean":0.4700090338786443,"avg_inner_best_models/val_loss_mean":0.7006591955820719,"_timestamp":1.7725288997107859e+09,"_wandb":{"runtime":0}}