outer_test_LOGLOSS_mean,outer_test_LOGLOSS_std,outer_test_AUC_mean,outer_test_AUC_std,outer_test_AUCPR_mean,outer_test_AUCPR_std,outer_test_ACC_mean,outer_test_ACC_std,outer_test_SEN_mean,outer_test_SEN_std,outer_test_SP_mean,outer_test_SP_std,outer_test_MCC_mean,outer_test_MCC_std
0.6732012954891269,0.01638609298464396,0.6336525573192241,0.05419474605930651,0.7477444695322223,0.03936046357480262,0.574922723475355,0.08717252294913314,0.589968253968254,0.22194726632255393,0.5535873015873016,0.1872285754347699,0.1491803561929597,0.1003106433923285
