outer_test_LOGLOSS_mean,outer_test_LOGLOSS_std,outer_test_AUC_mean,outer_test_AUC_std,outer_test_AUCPR_mean,outer_test_AUCPR_std,outer_test_ACC_mean,outer_test_ACC_std,outer_test_SEN_mean,outer_test_SEN_std,outer_test_SP_mean,outer_test_SP_std,outer_test_MCC_mean,outer_test_MCC_std
0.674635353584757,0.010213340761559126,0.5902374023683548,0.050364170210653675,0.7246093107091918,0.03967505412327368,0.5985192147034252,0.03886414992316383,0.7288994708994709,0.0969169602823044,0.3740634920634921,0.16826927676679274,0.10126150600834884,0.11350924819471778
