{"avg_inner_best_models/val_loss_mean":0.6836828589439392,"_wandb":{"runtime":0},"_runtime":0.06191441,"avg_inner_best_models/val_auc_mean":0.646551724137931,"_timestamp":1.7727970866569884e+09,"_step":38,"avg_inner_best_models/train_loss_mean":0.46292460213104886}