{"_runtime":0.036573226,"avg_inner_best_models/train_loss_mean":0.30688877652088803,"avg_inner_best_models/val_loss_mean":0.6181837519009908,"_timestamp":1.7725197948193076e+09,"_step":32,"_wandb":{"runtime":0}}