{"avg_inner_best_models/val_loss_mean":0.7974425752957662,"_timestamp":1.772535074773922e+09,"_step":19,"_wandb":{"runtime":0},"_runtime":0.034720787,"avg_inner_best_models/train_loss_mean":0.6385844316747453}