{"_step":44,"_wandb":{"runtime":0},"_runtime":0.054037434,"avg_inner_best_models/train_loss_mean":0.5049630453189214,"avg_inner_best_models/val_loss_mean":0.6297845840454102,"_timestamp":1.7725411086468732e+09}