{"avg_inner_best_models/val_auc_mean":0.7079107505070994,"_wandb":{"runtime":0},"_runtime":0.08319039,"_timestamp":1.7728505940173302e+09,"_step":47,"avg_inner_best_models/train_loss_mean":1.4674206376075745,"avg_inner_best_models/val_loss_mean":0.6302490830421448}