outer_test_LOGLOSS_mean,outer_test_LOGLOSS_std,outer_test_AUC_mean,outer_test_AUC_std,outer_test_AUCPR_mean,outer_test_AUCPR_std,outer_test_ACC_mean,outer_test_ACC_std,outer_test_SEN_mean,outer_test_SEN_std,outer_test_SP_mean,outer_test_SP_std,outer_test_MCC_mean,outer_test_MCC_std
0.673917582256495,0.017918396837946365,0.5640561224489796,0.07129749128464569,0.6971564751160811,0.05377364863749086,0.5880367585630744,0.045088829444082185,0.7142486772486772,0.10095004666656418,0.36853968253968256,0.13390156125963615,0.08749518419198883,0.09870473811698215
