outer_test_LOGLOSS_mean,outer_test_LOGLOSS_std,outer_test_AUC_mean,outer_test_AUC_std,outer_test_AUCPR_mean,outer_test_AUCPR_std,outer_test_ACC_mean,outer_test_ACC_std,outer_test_SEN_mean,outer_test_SEN_std,outer_test_SP_mean,outer_test_SP_std,outer_test_MCC_mean,outer_test_MCC_std
0.6895956636281153,0.009305156097970748,0.5531049382716049,0.06939103624956182,0.7040224804721572,0.05956018798242648,0.5283103592314118,0.046441565783724326,0.5208465608465609,0.09856059853882351,0.542063492063492,0.15396732045241687,0.061394075866423196,0.10913437412628184
