{"avg_inner_best_models/val_loss_mean":0.660901407400767,"_wandb":{"runtime":0},"_runtime":0.062365877,"avg_inner_best_models/val_auc_mean":0.6701680672268908,"_timestamp":1.7727678018465955e+09,"_step":66,"avg_inner_best_models/train_loss_mean":0.44724345455567044}