{"avg_inner_best_models/train_loss_mean":0.5444701015949249,"avg_inner_best_models/val_loss_mean":0.6300713419914246,"_runtime":0.05046659,"_wandb":{"runtime":0},"_timestamp":1.7725209328660846e+09,"_step":32}