{"_timestamp":1.7728734836989772e+09,"_wandb":{"runtime":0},"_runtime":0.053313491,"_step":74,"avg_inner_best_models/train_loss_mean":1.0731882949670155,"avg_inner_best_models/val_loss_mean":0.67051100730896,"avg_inner_best_models/val_auc_mean":0.7392241379310345}