{"_timestamp":1.772789206174061e+09,"_step":35,"_wandb":{"runtime":0},"_runtime":0.057709388,"avg_inner_best_models/train_loss_mean":0.49287788073221844,"avg_inner_best_models/val_loss_mean":0.6513751149177551,"avg_inner_best_models/val_auc_mean":0.6328600405679513}