{"avg_inner_best_models/val_loss_mean":0.6292941570281982,"avg_inner_best_models/val_auc_mean":0.7689075630252101,"_timestamp":1.7727822802863872e+09,"_wandb":{"runtime":0},"_runtime":0.084430384,"_step":71,"avg_inner_best_models/train_loss_mean":0.47519993285338086}