{"_timestamp":1.7727611696665394e+09,"_step":32,"avg_inner_best_models/train_loss_mean":0.5000184699892998,"_wandb":{"runtime":0},"_runtime":0.039454563,"avg_inner_best_models/val_loss_mean":0.6485588351885477,"avg_inner_best_models/val_auc_mean":0.6197478991596638}