outer_test_LOGLOSS_mean,outer_test_LOGLOSS_std,outer_test_AUC_mean,outer_test_AUC_std,outer_test_AUCPR_mean,outer_test_AUCPR_std,outer_test_ACC_mean,outer_test_ACC_std,outer_test_SEN_mean,outer_test_SEN_std,outer_test_SP_mean,outer_test_SP_std,outer_test_MCC_mean,outer_test_MCC_std
0.6817894103157077,0.010696504193784833,0.5802709120685312,0.06178087079913818,0.7174268984147373,0.049652906871948684,0.5408040935672515,0.05694177709495771,0.5968941798941799,0.10012167222528193,0.4444761904761905,0.14803504308863863,0.04050116711865709,0.12415638222937844
