{"avg_inner_best_models/train_loss_mean":0.5071717152992884,"avg_inner_best_models/val_loss_mean":0.6748345196247101,"_wandb":{"runtime":0},"_runtime":0.043797728,"avg_inner_best_models/val_auc_mean":0.615546218487395,"_timestamp":1.7727628491141858e+09,"_step":65}