{"_wandb":{"runtime":0},"_runtime":0.063838303,"_timestamp":1.772754503748841e+09,"_step":80,"avg_inner_best_models/train_loss_mean":0.41586774587631226,"avg_inner_best_models/val_loss_mean":0.6170504987239838,"avg_inner_best_models/val_auc_mean":0.7715517241379312}