{"_runtime":0.061673697,"_step":63,"avg_inner_best_models/train_loss_mean":0.41242929299672443,"avg_inner_best_models/val_loss_mean":0.6076986193656921,"avg_inner_best_models/val_auc_mean":0.680672268907563,"_timestamp":1.7728212127136264e+09,"_wandb":{"runtime":0}}