{"_step":65,"avg_inner_best_models/train_loss_mean":0.5969079832235972,"avg_inner_best_models/val_loss_mean":0.7008047699928284,"_timestamp":1.7725779121508813e+09,"_wandb":{"runtime":0},"_runtime":0.053855705}