{"avg_inner_best_models/val_auc_mean":0.7198275862068965,"_timestamp":1.7728304435174963e+09,"_step":47,"_wandb":{"runtime":0},"_runtime":0.053479648,"avg_inner_best_models/train_loss_mean":0.5916849871476492,"avg_inner_best_models/val_loss_mean":0.6687974333763123}