{"_timestamp":1.7727791492618458e+09,"_step":43,"avg_inner_best_models/train_loss_mean":0.4648747891187668,"_wandb":{"runtime":0},"_runtime":0.051731183,"avg_inner_best_models/val_loss_mean":0.6733977794647217,"avg_inner_best_models/val_auc_mean":0.6369168356997972}