outer_test_LOGLOSS_mean,outer_test_LOGLOSS_std,outer_test_AUC_mean,outer_test_AUC_std,outer_test_AUCPR_mean,outer_test_AUCPR_std,outer_test_ACC_mean,outer_test_ACC_std,outer_test_SEN_mean,outer_test_SEN_std,outer_test_SP_mean,outer_test_SP_std,outer_test_MCC_mean,outer_test_MCC_std
0.6709736175887613,0.012223963603007685,0.56768820861678,0.07599635917647549,0.7131354643504572,0.05608774410605891,0.5885045948203843,0.06893021620524563,0.7594179894179894,0.13630415874511376,0.29520634920634925,0.187664609479729,0.07191716039861627,0.17805218299425277
