outer_test_LOGLOSS_mean,outer_test_LOGLOSS_std,outer_test_AUC_mean,outer_test_AUC_std,outer_test_AUCPR_mean,outer_test_AUCPR_std,outer_test_ACC_mean,outer_test_ACC_std,outer_test_SEN_mean,outer_test_SEN_std,outer_test_SP_mean,outer_test_SP_std,outer_test_MCC_mean,outer_test_MCC_std
0.6601354886271569,0.02251882870179818,0.5945195263290501,0.08031484588157634,0.7406403523151329,0.053247853769220393,0.6070593149540517,0.056054480874699886,0.7726455026455026,0.13845710986516455,0.3170952380952381,0.12925232802612094,0.11285403496675163,0.10058860428042822
