outer_test_LOGLOSS_mean,outer_test_LOGLOSS_std,outer_test_AUC_mean,outer_test_AUC_std,outer_test_AUCPR_mean,outer_test_AUCPR_std,outer_test_ACC_mean,outer_test_ACC_std,outer_test_SEN_mean,outer_test_SEN_std,outer_test_SP_mean,outer_test_SP_std,outer_test_MCC_mean,outer_test_MCC_std
0.6716921327985347,0.020310927922726593,0.5609697656840514,0.09411265266423396,0.6943034916298274,0.07213221790802976,0.6055409356725145,0.06621643754193765,0.7513650793650793,0.16068041589741902,0.35007936507936505,0.16688530987190642,0.12450332018759812,0.13642616089311077
