{"avg_inner_best_models/train_loss_mean":0.4381561999519666,"avg_inner_best_models/val_loss_mean":0.6014273762702942,"avg_inner_best_models/val_auc_mean":0.7887931034482758,"_wandb":{"runtime":0},"_runtime":0.056912739,"_timestamp":1.7727848547685945e+09,"_step":67}