outer_test_LOGLOSS_mean,outer_test_LOGLOSS_std,outer_test_AUC_mean,outer_test_AUC_std,outer_test_AUCPR_mean,outer_test_AUCPR_std,outer_test_ACC_mean,outer_test_ACC_std,outer_test_SEN_mean,outer_test_SEN_std,outer_test_SP_mean,outer_test_SP_std,outer_test_MCC_mean,outer_test_MCC_std
0.6810960907381663,0.012551285508666162,0.5627014361300076,0.0765947522660017,0.7137074639013411,0.06307662500500827,0.5792731829573935,0.06866418933647424,0.6697142857142857,0.11921078552243958,0.42434920634920625,0.15362159408838238,0.09584563350671388,0.1445033855006569
