outer_test_LOGLOSS_mean,outer_test_LOGLOSS_std,outer_test_AUC_mean,outer_test_AUC_std,outer_test_AUCPR_mean,outer_test_AUCPR_std,outer_test_ACC_mean,outer_test_ACC_std,outer_test_SEN_mean,outer_test_SEN_std,outer_test_SP_mean,outer_test_SP_std,outer_test_MCC_mean,outer_test_MCC_std
0.679870523014213,0.013787044886796078,0.5799413580246915,0.06333911079677336,0.7269300214521096,0.04468303455373084,0.5767627401837927,0.05951398136530404,0.6261111111111111,0.14555510625718962,0.4881904761904762,0.23063213638656527,0.1137830566962316,0.1517959845107327
