{"avg_inner_best_models/val_loss_mean":0.6149412989616394,"avg_inner_best_models/val_auc_mean":0.7758620689655172,"_wandb":{"runtime":0},"_runtime":0.056174071,"_timestamp":1.7727750418538718e+09,"_step":57,"avg_inner_best_models/train_loss_mean":0.43846045434474945}