{"_runtime":0.05419066,"_timestamp":1.7724943263447504e+09,"_step":48,"avg_inner_best_models/train_loss_mean":0.38335393865903217,"avg_inner_best_models/val_loss_mean":0.6032090783119202,"_wandb":{"runtime":0}}