outer_test_LOGLOSS_mean,outer_test_LOGLOSS_std,outer_test_AUC_mean,outer_test_AUC_std,outer_test_AUCPR_mean,outer_test_AUCPR_std,outer_test_ACC_mean,outer_test_ACC_std,outer_test_SEN_mean,outer_test_SEN_std,outer_test_SP_mean,outer_test_SP_std,outer_test_MCC_mean,outer_test_MCC_std
0.6823401767687572,0.01047580340184932,0.5619203199798437,0.08360969120282044,0.7195899950506572,0.07084755566951613,0.5775898078529658,0.053111054923700704,0.6859894179894179,0.16252042236956535,0.3868412698412699,0.21010456873090594,0.08106495050713444,0.11258433769479424
