outer_test_LOGLOSS_mean,outer_test_LOGLOSS_std,outer_test_AUC_mean,outer_test_AUC_std,outer_test_AUCPR_mean,outer_test_AUCPR_std,outer_test_ACC_mean,outer_test_ACC_std,outer_test_SEN_mean,outer_test_SEN_std,outer_test_SP_mean,outer_test_SP_std,outer_test_MCC_mean,outer_test_MCC_std
0.6806302532234277,0.0218743022329005,0.5392943436633912,0.09626256157552013,0.6915621387900092,0.06534729718618726,0.5582351712614869,0.0821779883748031,0.7011640211640212,0.123971319120589,0.30992063492063493,0.14986675679902475,0.013204139105756501,0.16902574951988095
