{"_runtime":0.039685375,"_timestamp":1.772544134446259e+09,"_step":33,"avg_inner_best_models/train_loss_mean":0.4874889800945918,"avg_inner_best_models/val_loss_mean":0.6550011932849884,"_wandb":{"runtime":0}}