{"_runtime":0.035793847,"_wandb":{"runtime":0},"_step":53,"avg_inner_best_models/train_loss_mean":0.2079300470650196,"avg_inner_best_models/val_loss_mean":0.6155653397242228,"_timestamp":1.7725087853911428e+09}