outer_test_LOGLOSS_mean,outer_test_LOGLOSS_std,outer_test_AUC_mean,outer_test_AUC_std,outer_test_AUCPR_mean,outer_test_AUCPR_std,outer_test_ACC_mean,outer_test_ACC_std,outer_test_SEN_mean,outer_test_SEN_std,outer_test_SP_mean,outer_test_SP_std,outer_test_MCC_mean,outer_test_MCC_std
0.6835801714955113,0.0198514047100307,0.5737357646762409,0.08453250853030587,0.7153863094826132,0.0661954447713542,0.5463387635756057,0.062090966117940016,0.5453333333333334,0.12631829539558284,0.5513174603174603,0.1531672984987226,0.09542114053988032,0.12156035524889448
