outer_test_LOGLOSS_mean,outer_test_LOGLOSS_std,outer_test_AUC_mean,outer_test_AUC_std,outer_test_AUCPR_mean,outer_test_AUCPR_std,outer_test_ACC_mean,outer_test_ACC_std,outer_test_SEN_mean,outer_test_SEN_std,outer_test_SP_mean,outer_test_SP_std,outer_test_MCC_mean,outer_test_MCC_std
0.6668743233542036,0.013823532486270055,0.5965133534895439,0.043046110462653386,0.716164322168205,0.0369974762615692,0.5917230576441103,0.041327584978180336,0.7168306878306879,0.11034300917703267,0.37242857142857144,0.14068533163715508,0.09328439443218145,0.08076100768443872
