{"_step":31,"_runtime":0.060923458,"_wandb":{"runtime":0},"avg_inner_best_models/train_loss_mean":1.3378317952156067,"avg_inner_best_models/val_loss_mean":0.6649244030316671,"avg_inner_best_models/val_auc_mean":0.6573275862068966,"_timestamp":1.772891639906668e+09}