{"avg_inner_best_models/train_loss_mean":0.5233636597792307,"avg_inner_best_models/val_loss_mean":0.6707043051719666,"avg_inner_best_models/val_auc_mean":0.5862068965517241,"_timestamp":1.7728043587251096e+09,"_wandb":{"runtime":0},"_runtime":0.050734858,"_step":29}