{"avg_inner_best_models/train_loss_mean":0.4949644555648168,"avg_inner_best_models/val_loss_mean":0.6703105767567953,"avg_inner_best_models/val_auc_mean":0.6085192697768762,"_timestamp":1.7728153197755399e+09,"_step":32,"_wandb":{"runtime":0},"_runtime":0.037250527}