outer_test_LOGLOSS_mean,outer_test_LOGLOSS_std,outer_test_AUC_mean,outer_test_AUC_std,outer_test_AUCPR_mean,outer_test_AUCPR_std,outer_test_ACC_mean,outer_test_ACC_std,outer_test_SEN_mean,outer_test_SEN_std,outer_test_SP_mean,outer_test_SP_std,outer_test_MCC_mean,outer_test_MCC_std
0.6813005571806218,0.018248073151292576,0.5882264424288234,0.13483817438487322,0.7133673804887868,0.10582921080538343,0.6023705096073517,0.06597894710715486,0.6719206349206348,0.050731331449964986,0.48287301587301584,0.1395035409332186,0.15171365163998488,0.1536270555820541
