{"_wandb":{"runtime":0},"_runtime":0.050605319,"_timestamp":1.7727820300941558e+09,"_step":30,"avg_inner_best_models/train_loss_mean":0.5398655931154887,"avg_inner_best_models/val_loss_mean":0.6692601044972738,"avg_inner_best_models/val_auc_mean":0.5991379310344828}