outer_test_LOGLOSS_mean,outer_test_LOGLOSS_std,outer_test_AUC_mean,outer_test_AUC_std,outer_test_AUCPR_mean,outer_test_AUCPR_std,outer_test_ACC_mean,outer_test_ACC_std,outer_test_SEN_mean,outer_test_SEN_std,outer_test_SP_mean,outer_test_SP_std,outer_test_MCC_mean,outer_test_MCC_std
0.6786146325130702,0.028061333253436866,0.5565154950869237,0.1291682722188977,0.699387312029071,0.10590044343482719,0.5812656641604009,0.07581634870138486,0.7260317460317459,0.1223746730112412,0.32999999999999996,0.03830300486131467,0.0689459919571316,0.13467161183266627
