outer_test_LOGLOSS_mean,outer_test_LOGLOSS_std,outer_test_AUC_mean,outer_test_AUC_std,outer_test_AUCPR_mean,outer_test_AUCPR_std,outer_test_ACC_mean,outer_test_ACC_std,outer_test_SEN_mean,outer_test_SEN_std,outer_test_SP_mean,outer_test_SP_std,outer_test_MCC_mean,outer_test_MCC_std
0.6718743044097266,0.010463130494613258,0.5812850214159738,0.10387870549546159,0.7051759891792221,0.08635689991487876,0.6168859649122806,0.054916723766886916,0.7492222222222221,0.06817591308795232,0.3908412698412698,0.199364705109168,0.14004230416981553,0.16197202231261354
