{"_runtime":0.056866027,"_step":44,"avg_inner_best_models/train_loss_mean":0.4266688600182533,"avg_inner_best_models/val_loss_mean":0.632949948310852,"_timestamp":1.7725095668251731e+09,"_wandb":{"runtime":0}}