{"_step":40,"avg_inner_best_models/train_loss_mean":0.3453998267650604,"_wandb":{"runtime":0},"_runtime":0.03596465,"avg_inner_best_models/val_loss_mean":0.6330354511737823,"_timestamp":1.7725106466835456e+09}