{"avg_inner_best_models/val_loss_mean":0.638017475605011,"avg_inner_best_models/val_auc_mean":0.6638655462184874,"_timestamp":1.7728156510102863e+09,"_step":54,"avg_inner_best_models/train_loss_mean":0.4490227848291397,"_wandb":{"runtime":0},"_runtime":0.060077483}