{"_runtime":0.067850555,"_wandb":{"runtime":0},"_timestamp":1.7724963924216886e+09,"_step":50,"avg_inner_best_models/train_loss_mean":0.31261483828226727,"avg_inner_best_models/val_loss_mean":0.6266136169433594}