outer_test_LOGLOSS_mean,outer_test_LOGLOSS_std,outer_test_AUC_mean,outer_test_AUC_std,outer_test_AUCPR_mean,outer_test_AUCPR_std,outer_test_ACC_mean,outer_test_ACC_std,outer_test_SEN_mean,outer_test_SEN_std,outer_test_SP_mean,outer_test_SP_std,outer_test_MCC_mean,outer_test_MCC_std
0.6841349099612981,0.013536102486091106,0.5560676492819351,0.08104689414041238,0.7140280966883874,0.055525031639911085,0.5498120300751881,0.08173990565849212,0.6084126984126984,0.11032973552808945,0.44666666666666666,0.15786809557636095,0.053039225093700945,0.17133748746393812
