{"avg_inner_best_models/train_loss_mean":0.40605757137139636,"avg_inner_best_models/val_loss_mean":0.6432642936706543,"_timestamp":1.7724967269663718e+09,"_step":41,"_runtime":0.061104071,"_wandb":{"runtime":0}}