outer_fold,inner_fold,hp_name,batch_size,learning_rate,weight_decay,rf_n_estimators,rf_max_depth,rf_min_samples_split,rf_min_samples_leaf,rf_max_features,rf_class_weight,rf_n_jobs,name,epoch,train_loss,train_auc,train_aucpr,train_acc,train_cindex,val_loss,val_auc,val_aucpr,val_acc,val_cindex,teacher_loss,student_survival_loss,student_repr_loss,student_feature_loss,smil_meta_train_loss,smil_meta_val_loss,smil_meta_val_ce,smil_align_fusion,smil_align_hidden,seed,degrading_modality,train_missing_prop
1,1,trees200_depth3_split2_leaf1_featsqrt_cwnone_trmiss60_degmodglobal,64,1.0,0.0,200,3,2,1,sqrt,none,-1,trees200_depth3_split2_leaf1_featsqrt_cwnone_trmiss60_degmodglobal,1,0.49069186096778594,0.9972465581977471,0.9975202338283299,0.9664804469273743,0.0,0.672837706994765,0.6383399209486166,0.6797190019957624,0.6444444444444445,0.0,0.0,0.0,0.0,0.0,0.0,0.0,0.0,0.0,0.0,4,global,0.6
1,1,trees200_depth3_split2_leaf3_featsqrt_cwnone_trmiss60_degmodglobal,64,1.0,0.0,200,3,2,3,sqrt,none,-1,trees200_depth3_split2_leaf3_featsqrt_cwnone_trmiss60_degmodglobal,1,0.5051331534502657,0.9943679599499374,0.9950810241322586,0.9608938547486033,0.0,0.6731853404083916,0.6324110671936759,0.6689762087202727,0.5777777777777777,0.0,0.0,0.0,0.0,0.0,0.0,0.0,0.0,0.0,0.0,4,global,0.6
1,1,trees200_depth5_split2_leaf1_featsqrt_cwnone_trmiss60_degmodglobal,64,1.0,0.0,200,5,2,1,sqrt,none,-1,trees200_depth5_split2_leaf1_featsqrt_cwnone_trmiss60_degmodglobal,1,0.3571653522490368,0.9998748435544431,0.9998880179171331,0.994413407821229,0.0,0.6510869751453292,0.699604743083004,0.6731328901964576,0.6888888888888889,0.0,0.0,0.0,0.0,0.0,0.0,0.0,0.0,0.0,0.0,4,global,0.6
1,1,trees200_depth5_split2_leaf3_featsqrt_cwnone_trmiss60_degmodglobal,64,1.0,0.0,200,5,2,3,sqrt,none,-1,trees200_depth5_split2_leaf3_featsqrt_cwnone_trmiss60_degmodglobal,1,0.39195942070199313,0.9993742177722154,0.999427916191061,0.9832402234636871,0.0,0.6633642649619466,0.6640316205533596,0.685339449555532,0.6444444444444445,0.0,0.0,0.0,0.0,0.0,0.0,0.0,0.0,0.0,0.0,4,global,0.6
1,1,trees200_depthnone_split2_leaf1_featsqrt_cwnone_trmiss60_degmodglobal,64,1.0,0.0,200,none,2,1,sqrt,none,-1,trees200_depthnone_split2_leaf1_featsqrt_cwnone_trmiss60_degmodglobal,1,0.2100125168347042,1.0,0.9999999999999998,1.0,0.0,0.6830139964761812,0.6185770750988141,0.6207497628581741,0.6222222222222222,0.0,0.0,0.0,0.0,0.0,0.0,0.0,0.0,0.0,0.0,4,global,0.6
1,1,trees200_depthnone_split2_leaf3_featsqrt_cwnone_trmiss60_degmodglobal,64,1.0,0.0,200,none,2,3,sqrt,none,-1,trees200_depthnone_split2_leaf3_featsqrt_cwnone_trmiss60_degmodglobal,1,0.28936262152762765,1.0,0.9999999999999999,1.0,0.0,0.6666346917366224,0.6403162055335969,0.680168458247748,0.6222222222222222,0.0,0.0,0.0,0.0,0.0,0.0,0.0,0.0,0.0,0.0,4,global,0.6
1,1,trees500_depth3_split2_leaf1_featsqrt_cwnone_trmiss60_degmodglobal,64,1.0,0.0,500,3,2,1,sqrt,none,-1,trees500_depth3_split2_leaf1_featsqrt_cwnone_trmiss60_degmodglobal,1,0.4921897685102223,0.9969962453066332,0.9972357772947623,0.9776536312849162,0.0,0.6688669868794879,0.6462450592885376,0.6915614175546709,0.5777777777777777,0.0,0.0,0.0,0.0,0.0,0.0,0.0,0.0,0.0,0.0,4,global,0.6
1,1,trees500_depth3_split2_leaf3_featsqrt_cwnone_trmiss60_degmodglobal,64,1.0,0.0,500,3,2,3,sqrt,none,-1,trees500_depth3_split2_leaf3_featsqrt_cwnone_trmiss60_degmodglobal,1,0.5064251799026055,0.9968710888610763,0.9971823461618978,0.9553072625698324,0.0,0.6736621437294373,0.6343873517786561,0.6764190375223925,0.6,0.0,0.0,0.0,0.0,0.0,0.0,0.0,0.0,0.0,0.0,4,global,0.6
1,1,trees500_depth5_split2_leaf1_featsqrt_cwnone_trmiss60_degmodglobal,64,1.0,0.0,500,5,2,1,sqrt,none,-1,trees500_depth5_split2_leaf1_featsqrt_cwnone_trmiss60_degmodglobal,1,0.3539878887499418,1.0,0.9999999999999999,0.994413407821229,0.0,0.6548425638568912,0.6798418972332015,0.7056522652525076,0.6444444444444445,0.0,0.0,0.0,0.0,0.0,0.0,0.0,0.0,0.0,0.0,4,global,0.6
1,1,trees500_depth5_split2_leaf3_featsqrt_cwnone_trmiss60_degmodglobal,64,1.0,0.0,500,5,2,3,sqrt,none,-1,trees500_depth5_split2_leaf3_featsqrt_cwnone_trmiss60_degmodglobal,1,0.39429835505349886,0.9996245306633291,0.9996651954127055,0.9832402234636871,0.0,0.6606471733627419,0.6719367588932806,0.6825826084376522,0.6222222222222222,0.0,0.0,0.0,0.0,0.0,0.0,0.0,0.0,0.0,0.0,4,global,0.6
1,1,trees500_depthnone_split2_leaf1_featsqrt_cwnone_trmiss60_degmodglobal,64,1.0,0.0,500,none,2,1,sqrt,none,-1,trees500_depthnone_split2_leaf1_featsqrt_cwnone_trmiss60_degmodglobal,1,0.2087679909684943,1.0,0.9999999999999999,1.0,0.0,0.6580293397719088,0.6798418972332017,0.6632912992056449,0.6888888888888889,0.0,0.0,0.0,0.0,0.0,0.0,0.0,0.0,0.0,0.0,4,global,0.6
1,1,trees500_depthnone_split2_leaf3_featsqrt_cwnone_trmiss60_degmodglobal,64,1.0,0.0,500,none,2,3,sqrt,none,-1,trees500_depthnone_split2_leaf3_featsqrt_cwnone_trmiss60_degmodglobal,1,0.28869207905844774,1.0,0.9999999999999999,1.0,0.0,0.6734014863222435,0.6363636363636364,0.6676127382695722,0.6444444444444445,0.0,0.0,0.0,0.0,0.0,0.0,0.0,0.0,0.0,0.0,4,global,0.6
1,2,trees200_depth3_split2_leaf1_featsqrt_cwnone_trmiss60_degmodglobal,64,1.0,0.0,200,3,2,1,sqrt,none,-1,trees200_depth3_split2_leaf1_featsqrt_cwnone_trmiss60_degmodglobal,1,0.4881667007344845,0.9992490613266584,0.9993326260127389,0.9608938547486033,0.0,0.6975066805749136,0.5158102766798419,0.5598855558800725,0.4888888888888889,0.0,0.0,0.0,0.0,0.0,0.0,0.0,0.0,0.0,0.0,4,global,0.6
1,2,trees200_depth3_split2_leaf3_featsqrt_cwnone_trmiss60_degmodglobal,64,1.0,0.0,200,3,2,3,sqrt,none,-1,trees200_depth3_split2_leaf3_featsqrt_cwnone_trmiss60_degmodglobal,1,0.49999621048574605,0.997622027534418,0.9980023819197521,0.9553072625698324,0.0,0.697845799290635,0.5079051383399209,0.5894561933762059,0.4222222222222222,0.0,0.0,0.0,0.0,0.0,0.0,0.0,0.0,0.0,0.0,4,global,0.6
1,2,trees200_depth5_split2_leaf1_featsqrt_cwnone_trmiss60_degmodglobal,64,1.0,0.0,200,5,2,1,sqrt,none,-1,trees200_depth5_split2_leaf1_featsqrt_cwnone_trmiss60_degmodglobal,1,0.3518633736466279,1.0,0.9999999999999999,0.9888268156424581,0.0,0.7112322607300589,0.4644268774703557,0.5130310474805015,0.5111111111111111,0.0,0.0,0.0,0.0,0.0,0.0,0.0,0.0,0.0,0.0,4,global,0.6
1,2,trees200_depth5_split2_leaf3_featsqrt_cwnone_trmiss60_degmodglobal,64,1.0,0.0,200,5,2,3,sqrt,none,-1,trees200_depth5_split2_leaf3_featsqrt_cwnone_trmiss60_degmodglobal,1,0.38272798440643685,1.0,0.9999999999999999,1.0,0.0,0.7130212963951835,0.4861660079051383,0.5376811814252307,0.4444444444444444,0.0,0.0,0.0,0.0,0.0,0.0,0.0,0.0,0.0,0.0,4,global,0.6
1,2,trees200_depthnone_split2_leaf1_featsqrt_cwnone_trmiss60_degmodglobal,64,1.0,0.0,200,none,2,1,sqrt,none,-1,trees200_depthnone_split2_leaf1_featsqrt_cwnone_trmiss60_degmodglobal,1,0.2059262688389963,1.0,0.9999999999999999,1.0,0.0,0.7110134111203267,0.5029644268774703,0.5502734774226941,0.4888888888888889,0.0,0.0,0.0,0.0,0.0,0.0,0.0,0.0,0.0,0.0,4,global,0.6
1,2,trees200_depthnone_split2_leaf3_featsqrt_cwnone_trmiss60_degmodglobal,64,1.0,0.0,200,none,2,3,sqrt,none,-1,trees200_depthnone_split2_leaf3_featsqrt_cwnone_trmiss60_degmodglobal,1,0.28499390734638597,1.0,0.9999999999999999,1.0,0.0,0.7086156408826173,0.5039525691699605,0.5489143063467361,0.5555555555555556,0.0,0.0,0.0,0.0,0.0,0.0,0.0,0.0,0.0,0.0,4,global,0.6
1,2,trees500_depth3_split2_leaf1_featsqrt_cwnone_trmiss60_degmodglobal,64,1.0,0.0,500,3,2,1,sqrt,none,-1,trees500_depth3_split2_leaf1_featsqrt_cwnone_trmiss60_degmodglobal,1,0.4894307584506016,0.9989987484355445,0.999137737961926,0.9608938547486033,0.0,0.7054419140751338,0.46047430830039526,0.5340010467395302,0.4222222222222222,0.0,0.0,0.0,0.0,0.0,0.0,0.0,0.0,0.0,0.0,4,global,0.6
1,2,trees500_depth3_split2_leaf3_featsqrt_cwnone_trmiss60_degmodglobal,64,1.0,0.0,500,3,2,3,sqrt,none,-1,trees500_depth3_split2_leaf3_featsqrt_cwnone_trmiss60_degmodglobal,1,0.5021569024717513,0.9962453066332917,0.996915859378452,0.9385474860335196,0.0,0.7080891940734589,0.4782608695652174,0.541151137375214,0.4222222222222222,0.0,0.0,0.0,0.0,0.0,0.0,0.0,0.0,0.0,0.0,4,global,0.6
1,2,trees500_depth5_split2_leaf1_featsqrt_cwnone_trmiss60_degmodglobal,64,1.0,0.0,500,5,2,1,sqrt,none,-1,trees500_depth5_split2_leaf1_featsqrt_cwnone_trmiss60_degmodglobal,1,0.3507218064048379,1.0,0.9999999999999999,0.994413407821229,0.0,0.7004508346744361,0.5335968379446641,0.5719734048256968,0.5111111111111111,0.0,0.0,0.0,0.0,0.0,0.0,0.0,0.0,0.0,0.0,4,global,0.6
1,2,trees500_depth5_split2_leaf3_featsqrt_cwnone_trmiss60_degmodglobal,64,1.0,0.0,500,5,2,3,sqrt,none,-1,trees500_depth5_split2_leaf3_featsqrt_cwnone_trmiss60_degmodglobal,1,0.38374873006837246,1.0,0.9999999999999999,1.0,0.0,0.7122205771704341,0.4762845849802371,0.541326242759665,0.4666666666666667,0.0,0.0,0.0,0.0,0.0,0.0,0.0,0.0,0.0,0.0,4,global,0.6
1,2,trees500_depthnone_split2_leaf1_featsqrt_cwnone_trmiss60_degmodglobal,64,1.0,0.0,500,none,2,1,sqrt,none,-1,trees500_depthnone_split2_leaf1_featsqrt_cwnone_trmiss60_degmodglobal,1,0.20598397831106363,1.0,0.9999999999999997,1.0,0.0,0.7108153896694432,0.5039525691699605,0.568321737071737,0.4444444444444444,0.0,0.0,0.0,0.0,0.0,0.0,0.0,0.0,0.0,0.0,4,global,0.6
1,2,trees500_depthnone_split2_leaf3_featsqrt_cwnone_trmiss60_degmodglobal,64,1.0,0.0,500,none,2,3,sqrt,none,-1,trees500_depthnone_split2_leaf3_featsqrt_cwnone_trmiss60_degmodglobal,1,0.28653520517084874,1.0,0.9999999999999999,1.0,0.0,0.7026866120203037,0.5276679841897233,0.5774916020519358,0.4888888888888889,0.0,0.0,0.0,0.0,0.0,0.0,0.0,0.0,0.0,0.0,4,global,0.6
1,3,trees200_depth3_split2_leaf1_featsqrt_cwnone_trmiss60_degmodglobal,64,1.0,0.0,200,3,2,1,sqrt,none,-1,trees200_depth3_split2_leaf1_featsqrt_cwnone_trmiss60_degmodglobal,1,0.48517287474460785,0.9973743435858965,0.9975242053222756,0.9720670391061452,0.0,0.6785419708704507,0.6150793650793651,0.6863732652646659,0.5555555555555556,0.0,0.0,0.0,0.0,0.0,0.0,0.0,0.0,0.0,0.0,4,global,0.6
1,3,trees200_depth3_split2_leaf3_featsqrt_cwnone_trmiss60_degmodglobal,64,1.0,0.0,200,3,2,3,sqrt,none,-1,trees200_depth3_split2_leaf3_featsqrt_cwnone_trmiss60_degmodglobal,1,0.5007808318801115,0.994748687171793,0.9949102030625029,0.9832402234636871,0.0,0.6760059881493349,0.6091269841269842,0.671356556870169,0.6222222222222222,0.0,0.0,0.0,0.0,0.0,0.0,0.0,0.0,0.0,0.0,4,global,0.6
1,3,trees200_depth5_split2_leaf1_featsqrt_cwnone_trmiss60_degmodglobal,64,1.0,0.0,200,5,2,1,sqrt,none,-1,trees200_depth5_split2_leaf1_featsqrt_cwnone_trmiss60_degmodglobal,1,0.349995936006605,0.9994998749687422,0.99953495094354,0.9888268156424581,0.0,0.6740591133450446,0.6250000000000001,0.702908977529096,0.5777777777777777,0.0,0.0,0.0,0.0,0.0,0.0,0.0,0.0,0.0,0.0,4,global,0.6
1,3,trees200_depth5_split2_leaf3_featsqrt_cwnone_trmiss60_degmodglobal,64,1.0,0.0,200,5,2,3,sqrt,none,-1,trees200_depth5_split2_leaf3_featsqrt_cwnone_trmiss60_degmodglobal,1,0.3908156727607255,0.9998749687421855,0.9998856097002974,0.9888268156424581,0.0,0.6726697307592506,0.6388888888888888,0.707279055080086,0.5111111111111111,0.0,0.0,0.0,0.0,0.0,0.0,0.0,0.0,0.0,0.0,4,global,0.6
1,3,trees200_depthnone_split2_leaf1_featsqrt_cwnone_trmiss60_degmodglobal,64,1.0,0.0,200,none,2,1,sqrt,none,-1,trees200_depthnone_split2_leaf1_featsqrt_cwnone_trmiss60_degmodglobal,1,0.2089064848533206,1.0,1.0,1.0,0.0,0.673575887310214,0.6408730158730158,0.7004084472944092,0.6,0.0,0.0,0.0,0.0,0.0,0.0,0.0,0.0,0.0,0.0,4,global,0.6
1,3,trees200_depthnone_split2_leaf3_featsqrt_cwnone_trmiss60_degmodglobal,64,1.0,0.0,200,none,2,3,sqrt,none,-1,trees200_depthnone_split2_leaf3_featsqrt_cwnone_trmiss60_degmodglobal,1,0.2887572424577661,1.0,1.0,1.0,0.0,0.6600210953987617,0.6488095238095238,0.7033659623728692,0.6222222222222222,0.0,0.0,0.0,0.0,0.0,0.0,0.0,0.0,0.0,0.0,4,global,0.6
1,3,trees500_depth3_split2_leaf1_featsqrt_cwnone_trmiss60_degmodglobal,64,1.0,0.0,500,3,2,1,sqrt,none,-1,trees500_depth3_split2_leaf1_featsqrt_cwnone_trmiss60_degmodglobal,1,0.48767610657072363,0.9977494373593399,0.9978930381661213,0.9776536312849162,0.0,0.678725681681044,0.6051587301587301,0.6683375758379658,0.5777777777777777,0.0,0.0,0.0,0.0,0.0,0.0,0.0,0.0,0.0,0.0,4,global,0.6
1,3,trees500_depth3_split2_leaf3_featsqrt_cwnone_trmiss60_degmodglobal,64,1.0,0.0,500,3,2,3,sqrt,none,-1,trees500_depth3_split2_leaf3_featsqrt_cwnone_trmiss60_degmodglobal,1,0.502945453220725,0.9942485621405351,0.9942971346007202,0.9776536312849162,0.0,0.6661434479712278,0.6706349206349207,0.7660060767349197,0.6222222222222222,0.0,0.0,0.0,0.0,0.0,0.0,0.0,0.0,0.0,0.0,4,global,0.6
1,3,trees500_depth5_split2_leaf1_featsqrt_cwnone_trmiss60_degmodglobal,64,1.0,0.0,500,5,2,1,sqrt,none,-1,trees500_depth5_split2_leaf1_featsqrt_cwnone_trmiss60_degmodglobal,1,0.3564574320157268,1.0,1.0,0.994413407821229,0.0,0.6833203577436429,0.5952380952380952,0.7062224810668408,0.5555555555555556,0.0,0.0,0.0,0.0,0.0,0.0,0.0,0.0,0.0,0.0,4,global,0.6
1,3,trees500_depth5_split2_leaf3_featsqrt_cwnone_trmiss60_degmodglobal,64,1.0,0.0,500,5,2,3,sqrt,none,-1,trees500_depth5_split2_leaf3_featsqrt_cwnone_trmiss60_degmodglobal,1,0.390304821131634,0.9998749687421855,0.9998856097002974,0.9832402234636871,0.0,0.6683277515834545,0.6428571428571429,0.7130066809646478,0.6222222222222222,0.0,0.0,0.0,0.0,0.0,0.0,0.0,0.0,0.0,0.0,4,global,0.6
1,3,trees500_depthnone_split2_leaf1_featsqrt_cwnone_trmiss60_degmodglobal,64,1.0,0.0,500,none,2,1,sqrt,none,-1,trees500_depthnone_split2_leaf1_featsqrt_cwnone_trmiss60_degmodglobal,1,0.20967641604175266,1.0,0.9999999999999999,1.0,0.0,0.678495703119161,0.6299603174603174,0.6898668270344465,0.6444444444444445,0.0,0.0,0.0,0.0,0.0,0.0,0.0,0.0,0.0,0.0,4,global,0.6
1,3,trees500_depthnone_split2_leaf3_featsqrt_cwnone_trmiss60_degmodglobal,64,1.0,0.0,500,none,2,3,sqrt,none,-1,trees500_depthnone_split2_leaf3_featsqrt_cwnone_trmiss60_degmodglobal,1,0.2915829626421792,1.0,1.0,1.0,0.0,0.6655293902980552,0.6547619047619049,0.7443309402703959,0.6,0.0,0.0,0.0,0.0,0.0,0.0,0.0,0.0,0.0,0.0,4,global,0.6
1,4,trees200_depth3_split2_leaf1_featsqrt_cwnone_trmiss60_degmodglobal,64,1.0,0.0,200,3,2,1,sqrt,none,-1,trees200_depth3_split2_leaf1_featsqrt_cwnone_trmiss60_degmodglobal,1,0.4874848841027795,0.997499374843711,0.9976141643532899,0.9720670391061452,0.0,0.6782918890190217,0.6071428571428572,0.5918697591871744,0.6444444444444445,0.0,0.0,0.0,0.0,0.0,0.0,0.0,0.0,0.0,0.0,4,global,0.6
1,4,trees200_depth3_split2_leaf3_featsqrt_cwnone_trmiss60_degmodglobal,64,1.0,0.0,200,3,2,3,sqrt,none,-1,trees200_depth3_split2_leaf3_featsqrt_cwnone_trmiss60_degmodglobal,1,0.4959618391776479,0.9981245311327832,0.9982374096455365,0.9832402234636871,0.0,0.6750528214791005,0.621031746031746,0.5931557574412466,0.5777777777777777,0.0,0.0,0.0,0.0,0.0,0.0,0.0,0.0,0.0,0.0,4,global,0.6
1,4,trees200_depth5_split2_leaf1_featsqrt_cwnone_trmiss60_degmodglobal,64,1.0,0.0,200,5,2,1,sqrt,none,-1,trees200_depth5_split2_leaf1_featsqrt_cwnone_trmiss60_degmodglobal,1,0.3542025507671788,1.0,1.0,1.0,0.0,0.6655382476322387,0.6587301587301587,0.6469429181738876,0.6,0.0,0.0,0.0,0.0,0.0,0.0,0.0,0.0,0.0,0.0,4,global,0.6
1,4,trees200_depth5_split2_leaf3_featsqrt_cwnone_trmiss60_degmodglobal,64,1.0,0.0,200,5,2,3,sqrt,none,-1,trees200_depth5_split2_leaf3_featsqrt_cwnone_trmiss60_degmodglobal,1,0.38644330925419285,1.0,1.0,1.0,0.0,0.6804098286687722,0.5932539682539683,0.5605890791218592,0.6,0.0,0.0,0.0,0.0,0.0,0.0,0.0,0.0,0.0,0.0,4,global,0.6
1,4,trees200_depthnone_split2_leaf1_featsqrt_cwnone_trmiss60_degmodglobal,64,1.0,0.0,200,none,2,1,sqrt,none,-1,trees200_depthnone_split2_leaf1_featsqrt_cwnone_trmiss60_degmodglobal,1,0.20212308937421333,1.0,0.9999999999999999,1.0,0.0,0.6735581259709511,0.6041666666666667,0.5772527439749896,0.6,0.0,0.0,0.0,0.0,0.0,0.0,0.0,0.0,0.0,0.0,4,global,0.6
1,4,trees200_depthnone_split2_leaf3_featsqrt_cwnone_trmiss60_degmodglobal,64,1.0,0.0,200,none,2,3,sqrt,none,-1,trees200_depthnone_split2_leaf3_featsqrt_cwnone_trmiss60_degmodglobal,1,0.28347046657301367,1.0,1.0,1.0,0.0,0.671630696202337,0.6527777777777778,0.6052687570901775,0.6222222222222222,0.0,0.0,0.0,0.0,0.0,0.0,0.0,0.0,0.0,0.0,4,global,0.6
1,4,trees500_depth3_split2_leaf1_featsqrt_cwnone_trmiss60_degmodglobal,64,1.0,0.0,500,3,2,1,sqrt,none,-1,trees500_depth3_split2_leaf1_featsqrt_cwnone_trmiss60_degmodglobal,1,0.48690520394126396,0.9979994998749687,0.9981601570833258,0.9832402234636871,0.0,0.6840956529467744,0.5575396825396826,0.5533017719546861,0.6444444444444445,0.0,0.0,0.0,0.0,0.0,0.0,0.0,0.0,0.0,0.0,4,global,0.6
1,4,trees500_depth3_split2_leaf3_featsqrt_cwnone_trmiss60_degmodglobal,64,1.0,0.0,500,3,2,3,sqrt,none,-1,trees500_depth3_split2_leaf3_featsqrt_cwnone_trmiss60_degmodglobal,1,0.49779213875613465,0.9982495623905977,0.9984960284867791,0.9776536312849162,0.0,0.6861102735388084,0.5634920634920635,0.5416840822098425,0.6222222222222222,0.0,0.0,0.0,0.0,0.0,0.0,0.0,0.0,0.0,0.0,4,global,0.6
1,4,trees500_depth5_split2_leaf1_featsqrt_cwnone_trmiss60_degmodglobal,64,1.0,0.0,500,5,2,1,sqrt,none,-1,trees500_depth5_split2_leaf1_featsqrt_cwnone_trmiss60_degmodglobal,1,0.34705927955040233,1.0,1.0,0.994413407821229,0.0,0.6827985383862439,0.5813492063492064,0.583330582974227,0.5333333333333333,0.0,0.0,0.0,0.0,0.0,0.0,0.0,0.0,0.0,0.0,4,global,0.6
1,4,trees500_depth5_split2_leaf3_featsqrt_cwnone_trmiss60_degmodglobal,64,1.0,0.0,500,5,2,3,sqrt,none,-1,trees500_depth5_split2_leaf3_featsqrt_cwnone_trmiss60_degmodglobal,1,0.3775338909338214,1.0,1.0,0.994413407821229,0.0,0.6805775666174597,0.5992063492063492,0.5664398904349822,0.6,0.0,0.0,0.0,0.0,0.0,0.0,0.0,0.0,0.0,0.0,4,global,0.6
1,4,trees500_depthnone_split2_leaf1_featsqrt_cwnone_trmiss60_degmodglobal,64,1.0,0.0,500,none,2,1,sqrt,none,-1,trees500_depthnone_split2_leaf1_featsqrt_cwnone_trmiss60_degmodglobal,1,0.20227910696361256,1.0,1.0,1.0,0.0,0.6827387377038128,0.6021825396825398,0.562231463232677,0.5777777777777777,0.0,0.0,0.0,0.0,0.0,0.0,0.0,0.0,0.0,0.0,4,global,0.6
1,4,trees500_depthnone_split2_leaf3_featsqrt_cwnone_trmiss60_degmodglobal,64,1.0,0.0,500,none,2,3,sqrt,none,-1,trees500_depthnone_split2_leaf3_featsqrt_cwnone_trmiss60_degmodglobal,1,0.28763897080539697,1.0,1.0,1.0,0.0,0.6842339236034498,0.6091269841269841,0.5796299446706541,0.6444444444444445,0.0,0.0,0.0,0.0,0.0,0.0,0.0,0.0,0.0,0.0,4,global,0.6
1,5,trees200_depth3_split2_leaf1_featsqrt_cwnone_trmiss60_degmodglobal,64,1.0,0.0,200,3,2,1,sqrt,none,-1,trees200_depth3_split2_leaf1_featsqrt_cwnone_trmiss60_degmodglobal,1,0.4769675953738922,0.9952993567540821,0.9957495356915838,0.95,0.0,0.7236677651676944,0.4523809523809524,0.5056136663254475,0.4318181818181818,0.0,0.0,0.0,0.0,0.0,0.0,0.0,0.0,0.0,0.0,4,global,0.6
1,5,trees200_depth3_split2_leaf3_featsqrt_cwnone_trmiss60_degmodglobal,64,1.0,0.0,200,3,2,3,sqrt,none,-1,trees200_depth3_split2_leaf3_featsqrt_cwnone_trmiss60_degmodglobal,1,0.4886209144173149,0.9934438396833252,0.9941289752762456,0.9555555555555556,0.0,0.7272076201459214,0.44202898550724645,0.4827489196047961,0.45454545454545453,0.0,0.0,0.0,0.0,0.0,0.0,0.0,0.0,0.0,0.0,4,global,0.6
1,5,trees200_depth5_split2_leaf1_featsqrt_cwnone_trmiss60_degmodglobal,64,1.0,0.0,200,5,2,1,sqrt,none,-1,trees200_depth5_split2_leaf1_featsqrt_cwnone_trmiss60_degmodglobal,1,0.33332773905821894,1.0,0.9999999999999999,0.9888888888888889,0.0,0.7316729343654541,0.4834368530020704,0.5101809680371177,0.5,0.0,0.0,0.0,0.0,0.0,0.0,0.0,0.0,0.0,0.0,4,global,0.6
1,5,trees200_depth5_split2_leaf3_featsqrt_cwnone_trmiss60_degmodglobal,64,1.0,0.0,200,5,2,3,sqrt,none,-1,trees200_depth5_split2_leaf3_featsqrt_cwnone_trmiss60_degmodglobal,1,0.36901292224276305,1.0,1.0,0.9888888888888889,0.0,0.7195424188400558,0.4958592132505176,0.5201853845880199,0.5227272727272727,0.0,0.0,0.0,0.0,0.0,0.0,0.0,0.0,0.0,0.0,4,global,0.6
1,5,trees200_depthnone_split2_leaf1_featsqrt_cwnone_trmiss60_degmodglobal,64,1.0,0.0,200,none,2,1,sqrt,none,-1,trees200_depthnone_split2_leaf1_featsqrt_cwnone_trmiss60_degmodglobal,1,0.1997572112841834,1.0,0.9999999999999999,1.0,0.0,0.7336568574548508,0.5093167701863355,0.5191735555586123,0.5454545454545454,0.0,0.0,0.0,0.0,0.0,0.0,0.0,0.0,0.0,0.0,4,global,0.6
1,5,trees200_depthnone_split2_leaf3_featsqrt_cwnone_trmiss60_degmodglobal,64,1.0,0.0,200,none,2,3,sqrt,none,-1,trees200_depthnone_split2_leaf3_featsqrt_cwnone_trmiss60_degmodglobal,1,0.27444942288357715,1.0,0.9999999999999999,1.0,0.0,0.7291793188297397,0.4958592132505176,0.5182032278205567,0.5454545454545454,0.0,0.0,0.0,0.0,0.0,0.0,0.0,0.0,0.0,0.0,4,global,0.6
1,5,trees500_depth3_split2_leaf1_featsqrt_cwnone_trmiss60_degmodglobal,64,1.0,0.0,500,3,2,1,sqrt,none,-1,trees500_depth3_split2_leaf1_featsqrt_cwnone_trmiss60_degmodglobal,1,0.47260704950043664,0.9959178624443344,0.9962718900985355,0.9722222222222222,0.0,0.7121210744654665,0.5062111801242236,0.5228862030965055,0.5227272727272727,0.0,0.0,0.0,0.0,0.0,0.0,0.0,0.0,0.0,0.0,4,global,0.6
1,5,trees500_depth3_split2_leaf3_featsqrt_cwnone_trmiss60_degmodglobal,64,1.0,0.0,500,3,2,3,sqrt,none,-1,trees500_depth3_split2_leaf3_featsqrt_cwnone_trmiss60_degmodglobal,1,0.487089707909339,0.9955467590301831,0.9959571262762267,0.9666666666666667,0.0,0.7189133370311206,0.45238095238095244,0.48603928935844715,0.5,0.0,0.0,0.0,0.0,0.0,0.0,0.0,0.0,0.0,0.0,4,global,0.6
1,5,trees500_depth5_split2_leaf1_featsqrt_cwnone_trmiss60_degmodglobal,64,1.0,0.0,500,5,2,1,sqrt,none,-1,trees500_depth5_split2_leaf1_featsqrt_cwnone_trmiss60_degmodglobal,1,0.333864230529391,1.0,0.9999999999999999,0.9888888888888889,0.0,0.7361082136035005,0.458592132505176,0.48797947185968277,0.4772727272727273,0.0,0.0,0.0,0.0,0.0,0.0,0.0,0.0,0.0,0.0,4,global,0.6
1,5,trees500_depth5_split2_leaf3_featsqrt_cwnone_trmiss60_degmodglobal,64,1.0,0.0,500,5,2,3,sqrt,none,-1,trees500_depth5_split2_leaf3_featsqrt_cwnone_trmiss60_degmodglobal,1,0.36971078362829213,1.0,0.9999999999999999,0.9944444444444445,0.0,0.740087569413155,0.44409937888198764,0.48559654272884817,0.4772727272727273,0.0,0.0,0.0,0.0,0.0,0.0,0.0,0.0,0.0,0.0,4,global,0.6
1,5,trees500_depthnone_split2_leaf1_featsqrt_cwnone_trmiss60_degmodglobal,64,1.0,0.0,500,none,2,1,sqrt,none,-1,trees500_depthnone_split2_leaf1_featsqrt_cwnone_trmiss60_degmodglobal,1,0.19850819035874084,1.0,1.0,1.0,0.0,0.7374923919741662,0.4886128364389234,0.5075414621677212,0.5454545454545454,0.0,0.0,0.0,0.0,0.0,0.0,0.0,0.0,0.0,0.0,4,global,0.6
1,5,trees500_depthnone_split2_leaf3_featsqrt_cwnone_trmiss60_degmodglobal,64,1.0,0.0,500,none,2,3,sqrt,none,-1,trees500_depthnone_split2_leaf3_featsqrt_cwnone_trmiss60_degmodglobal,1,0.27721533746658944,1.0,0.9999999999999999,1.0,0.0,0.7410025043328802,0.47722567287784684,0.5067279533932842,0.5454545454545454,0.0,0.0,0.0,0.0,0.0,0.0,0.0,0.0,0.0,0.0,4,global,0.6
2,1,trees200_depth3_split2_leaf1_featsqrt_cwnone_trmiss60_degmodglobal,64,1.0,0.0,200,3,2,1,sqrt,none,-1,trees200_depth3_split2_leaf1_featsqrt_cwnone_trmiss60_degmodglobal,1,0.48014475178488325,0.9960990712074304,0.9964995552600826,0.9722222222222222,0.0,0.6875548389973973,0.5395256916996047,0.6065018665994595,0.5555555555555556,0.0,0.0,0.0,0.0,0.0,0.0,0.0,0.0,0.0,0.0,4,global,0.6
2,1,trees200_depth3_split2_leaf3_featsqrt_cwnone_trmiss60_degmodglobal,64,1.0,0.0,200,3,2,3,sqrt,none,-1,trees200_depth3_split2_leaf3_featsqrt_cwnone_trmiss60_degmodglobal,1,0.49160275711052953,0.9947368421052631,0.9951957858167338,0.9555555555555556,0.0,0.6820893611176742,0.5731225296442688,0.6500813019638058,0.5555555555555556,0.0,0.0,0.0,0.0,0.0,0.0,0.0,0.0,0.0,0.0,4,global,0.6
2,1,trees200_depth5_split2_leaf1_featsqrt_cwnone_trmiss60_degmodglobal,64,1.0,0.0,200,5,2,1,sqrt,none,-1,trees200_depth5_split2_leaf1_featsqrt_cwnone_trmiss60_degmodglobal,1,0.3366687717590365,1.0,1.0,1.0,0.0,0.6746749285455484,0.5928853754940712,0.6467598977372534,0.5555555555555556,0.0,0.0,0.0,0.0,0.0,0.0,0.0,0.0,0.0,0.0,4,global,0.6
2,1,trees200_depth5_split2_leaf3_featsqrt_cwnone_trmiss60_degmodglobal,64,1.0,0.0,200,5,2,3,sqrt,none,-1,trees200_depth5_split2_leaf3_featsqrt_cwnone_trmiss60_degmodglobal,1,0.3750592850084999,0.999938080495356,0.9998903508771931,0.9888888888888889,0.0,0.6715235574189665,0.6126482213438735,0.6463662579723153,0.6,0.0,0.0,0.0,0.0,0.0,0.0,0.0,0.0,0.0,0.0,4,global,0.6
2,1,trees200_depthnone_split2_leaf1_featsqrt_cwnone_trmiss60_degmodglobal,64,1.0,0.0,200,none,2,1,sqrt,none,-1,trees200_depthnone_split2_leaf1_featsqrt_cwnone_trmiss60_degmodglobal,1,0.1954547189587772,1.0,0.9999999999999999,1.0,0.0,0.654092291445325,0.633399209486166,0.6284221028326378,0.6,0.0,0.0,0.0,0.0,0.0,0.0,0.0,0.0,0.0,0.0,4,global,0.6
2,1,trees200_depthnone_split2_leaf3_featsqrt_cwnone_trmiss60_degmodglobal,64,1.0,0.0,200,none,2,3,sqrt,none,-1,trees200_depthnone_split2_leaf3_featsqrt_cwnone_trmiss60_degmodglobal,1,0.2821560272208724,0.999938080495356,0.9998903508771931,0.9944444444444445,0.0,0.6573923826458936,0.6185770750988142,0.6565393813009384,0.6,0.0,0.0,0.0,0.0,0.0,0.0,0.0,0.0,0.0,0.0,4,global,0.6
2,1,trees500_depth3_split2_leaf1_featsqrt_cwnone_trmiss60_degmodglobal,64,1.0,0.0,500,3,2,1,sqrt,none,-1,trees500_depth3_split2_leaf1_featsqrt_cwnone_trmiss60_degmodglobal,1,0.4750957755413395,0.9979566563467492,0.9981449133763227,0.9777777777777777,0.0,0.6795268510031441,0.5691699604743082,0.6486702206208963,0.5333333333333333,0.0,0.0,0.0,0.0,0.0,0.0,0.0,0.0,0.0,0.0,4,global,0.6
2,1,trees500_depth3_split2_leaf3_featsqrt_cwnone_trmiss60_degmodglobal,64,1.0,0.0,500,3,2,3,sqrt,none,-1,trees500_depth3_split2_leaf3_featsqrt_cwnone_trmiss60_degmodglobal,1,0.4944488126590445,0.9948606811145511,0.9951915415313317,0.9555555555555556,0.0,0.6757745500731845,0.6146245059288536,0.66903693451057,0.6222222222222222,0.0,0.0,0.0,0.0,0.0,0.0,0.0,0.0,0.0,0.0,4,global,0.6
2,1,trees500_depth5_split2_leaf1_featsqrt_cwnone_trmiss60_degmodglobal,64,1.0,0.0,500,5,2,1,sqrt,none,-1,trees500_depth5_split2_leaf1_featsqrt_cwnone_trmiss60_degmodglobal,1,0.34296361202506376,1.0,1.0,1.0,0.0,0.6759342553855457,0.5830039525691699,0.6244947770913091,0.6444444444444445,0.0,0.0,0.0,0.0,0.0,0.0,0.0,0.0,0.0,0.0,4,global,0.6
2,1,trees500_depth5_split2_leaf3_featsqrt_cwnone_trmiss60_degmodglobal,64,1.0,0.0,500,5,2,3,sqrt,none,-1,trees500_depth5_split2_leaf3_featsqrt_cwnone_trmiss60_degmodglobal,1,0.3744167410517235,0.9996904024767802,0.9996675654702266,0.9944444444444445,0.0,0.6726318766558432,0.5988142292490118,0.6508292196702523,0.6222222222222222,0.0,0.0,0.0,0.0,0.0,0.0,0.0,0.0,0.0,0.0,4,global,0.6
2,1,trees500_depthnone_split2_leaf1_featsqrt_cwnone_trmiss60_degmodglobal,64,1.0,0.0,500,none,2,1,sqrt,none,-1,trees500_depthnone_split2_leaf1_featsqrt_cwnone_trmiss60_degmodglobal,1,0.20126583312718596,1.0,1.0,1.0,0.0,0.675497221648876,0.5790513833992095,0.6235755104749814,0.5333333333333333,0.0,0.0,0.0,0.0,0.0,0.0,0.0,0.0,0.0,0.0,4,global,0.6
2,1,trees500_depthnone_split2_leaf3_featsqrt_cwnone_trmiss60_degmodglobal,64,1.0,0.0,500,none,2,3,sqrt,none,-1,trees500_depthnone_split2_leaf3_featsqrt_cwnone_trmiss60_degmodglobal,1,0.2777549304864101,0.999938080495356,0.9998903508771931,0.9944444444444445,0.0,0.6596600498377168,0.6521739130434782,0.663706406088315,0.6666666666666666,0.0,0.0,0.0,0.0,0.0,0.0,0.0,0.0,0.0,0.0,4,global,0.6
2,2,trees200_depth3_split2_leaf1_featsqrt_cwnone_trmiss60_degmodglobal,64,1.0,0.0,200,3,2,1,sqrt,none,-1,trees200_depth3_split2_leaf1_featsqrt_cwnone_trmiss60_degmodglobal,1,0.4812804082297517,0.9951083591331269,0.9962410068731228,0.9777777777777777,0.0,0.6793346224053481,0.625494071146245,0.635207707139397,0.6222222222222222,0.0,0.0,0.0,0.0,0.0,0.0,0.0,0.0,0.0,0.0,4,global,0.6
2,2,trees200_depth3_split2_leaf3_featsqrt_cwnone_trmiss60_degmodglobal,64,1.0,0.0,200,3,2,3,sqrt,none,-1,trees200_depth3_split2_leaf3_featsqrt_cwnone_trmiss60_degmodglobal,1,0.4965730548300447,0.9889164086687307,0.9916317047475963,0.9444444444444444,0.0,0.6856933017803223,0.6195652173913043,0.6100264347097717,0.5333333333333333,0.0,0.0,0.0,0.0,0.0,0.0,0.0,0.0,0.0,0.0,4,global,0.6
2,2,trees200_depth5_split2_leaf1_featsqrt_cwnone_trmiss60_degmodglobal,64,1.0,0.0,200,5,2,1,sqrt,none,-1,trees200_depth5_split2_leaf1_featsqrt_cwnone_trmiss60_degmodglobal,1,0.34818372354216365,0.9986377708978329,0.9989076464746773,0.9944444444444445,0.0,0.6822860060443088,0.6116600790513833,0.5933183641819426,0.6,0.0,0.0,0.0,0.0,0.0,0.0,0.0,0.0,0.0,0.0,4,global,0.6
2,2,trees200_depth5_split2_leaf3_featsqrt_cwnone_trmiss60_degmodglobal,64,1.0,0.0,200,5,2,3,sqrt,none,-1,trees200_depth5_split2_leaf3_featsqrt_cwnone_trmiss60_degmodglobal,1,0.38324080819510964,0.9993188854489163,0.9993628808864267,0.9888888888888889,0.0,0.6827845236515041,0.6037549407114625,0.6208225276966938,0.6222222222222222,0.0,0.0,0.0,0.0,0.0,0.0,0.0,0.0,0.0,0.0,4,global,0.6
2,2,trees200_depthnone_split2_leaf1_featsqrt_cwnone_trmiss60_degmodglobal,64,1.0,0.0,200,none,2,1,sqrt,none,-1,trees200_depthnone_split2_leaf1_featsqrt_cwnone_trmiss60_degmodglobal,1,0.19630475811744488,0.9999999999999999,1.0,1.0,0.0,0.672219922921038,0.6363636363636364,0.626666743452035,0.6444444444444445,0.0,0.0,0.0,0.0,0.0,0.0,0.0,0.0,0.0,0.0,4,global,0.6
2,2,trees200_depthnone_split2_leaf3_featsqrt_cwnone_trmiss60_degmodglobal,64,1.0,0.0,200,none,2,3,sqrt,none,-1,trees200_depthnone_split2_leaf3_featsqrt_cwnone_trmiss60_degmodglobal,1,0.2841708413892779,0.9998142414860681,0.9997829625610419,0.9944444444444445,0.0,0.6857693294649773,0.5899209486166008,0.5851594632211525,0.5111111111111111,0.0,0.0,0.0,0.0,0.0,0.0,0.0,0.0,0.0,0.0,4,global,0.6
2,2,trees500_depth3_split2_leaf1_featsqrt_cwnone_trmiss60_degmodglobal,64,1.0,0.0,500,3,2,1,sqrt,none,-1,trees500_depth3_split2_leaf1_featsqrt_cwnone_trmiss60_degmodglobal,1,0.48171575550293616,0.9936842105263157,0.9957216318025933,0.9833333333333333,0.0,0.6805340640423503,0.6314229249011858,0.6238096714564395,0.5777777777777777,0.0,0.0,0.0,0.0,0.0,0.0,0.0,0.0,0.0,0.0,4,global,0.6
2,2,trees500_depth3_split2_leaf3_featsqrt_cwnone_trmiss60_degmodglobal,64,1.0,0.0,500,3,2,3,sqrt,none,-1,trees500_depth3_split2_leaf3_featsqrt_cwnone_trmiss60_degmodglobal,1,0.4922824726732949,0.9911455108359134,0.9940670202615823,0.9611111111111111,0.0,0.6818357242182134,0.6096837944664032,0.6283327472567425,0.5333333333333333,0.0,0.0,0.0,0.0,0.0,0.0,0.0,0.0,0.0,0.0,4,global,0.6
2,2,trees500_depth5_split2_leaf1_featsqrt_cwnone_trmiss60_degmodglobal,64,1.0,0.0,500,5,2,1,sqrt,none,-1,trees500_depth5_split2_leaf1_featsqrt_cwnone_trmiss60_degmodglobal,1,0.34563883246554233,0.9998761609907121,0.9998903508771931,0.9888888888888889,0.0,0.6826044295904714,0.6274703557312253,0.6293604556352147,0.5555555555555556,0.0,0.0,0.0,0.0,0.0,0.0,0.0,0.0,0.0,0.0,4,global,0.6
2,2,trees500_depth5_split2_leaf3_featsqrt_cwnone_trmiss60_degmodglobal,64,1.0,0.0,500,5,2,3,sqrt,none,-1,trees500_depth5_split2_leaf3_featsqrt_cwnone_trmiss60_degmodglobal,1,0.379274997998165,0.9991950464396284,0.9992776057791539,0.9833333333333333,0.0,0.6820395810367652,0.6077075098814229,0.6298129342317207,0.5333333333333333,0.0,0.0,0.0,0.0,0.0,0.0,0.0,0.0,0.0,0.0,4,global,0.6
2,2,trees500_depthnone_split2_leaf1_featsqrt_cwnone_trmiss60_degmodglobal,64,1.0,0.0,500,none,2,1,sqrt,none,-1,trees500_depthnone_split2_leaf1_featsqrt_cwnone_trmiss60_degmodglobal,1,0.20037374329746724,1.0,1.0,1.0,0.0,0.6822608254365864,0.6235177865612649,0.6111957344079769,0.6,0.0,0.0,0.0,0.0,0.0,0.0,0.0,0.0,0.0,0.0,4,global,0.6
2,2,trees500_depthnone_split2_leaf3_featsqrt_cwnone_trmiss60_degmodglobal,64,1.0,0.0,500,none,2,3,sqrt,none,-1,trees500_depthnone_split2_leaf3_featsqrt_cwnone_trmiss60_degmodglobal,1,0.279107946558028,0.999938080495356,0.9998903508771931,0.9944444444444445,0.0,0.6852772615018291,0.5978260869565217,0.5984583891740297,0.6,0.0,0.0,0.0,0.0,0.0,0.0,0.0,0.0,0.0,0.0,4,global,0.6
2,3,trees200_depth3_split2_leaf1_featsqrt_cwnone_trmiss60_degmodglobal,64,1.0,0.0,200,3,2,1,sqrt,none,-1,trees200_depth3_split2_leaf1_featsqrt_cwnone_trmiss60_degmodglobal,1,0.4554021724158373,0.9934438396833251,0.9944095135015196,0.9388888888888889,0.0,0.7039696881810864,0.4821428571428572,0.5406496317608958,0.4444444444444444,0.0,0.0,0.0,0.0,0.0,0.0,0.0,0.0,0.0,0.0,4,global,0.6
2,3,trees200_depth3_split2_leaf3_featsqrt_cwnone_trmiss60_degmodglobal,64,1.0,0.0,200,3,2,3,sqrt,none,-1,trees200_depth3_split2_leaf3_featsqrt_cwnone_trmiss60_degmodglobal,1,0.4749263501619184,0.9881246907471548,0.9895998586329833,0.9333333333333333,0.0,0.7184277288836237,0.41269841269841273,0.5226855682723079,0.4,0.0,0.0,0.0,0.0,0.0,0.0,0.0,0.0,0.0,0.0,4,global,0.6
2,3,trees200_depth5_split2_leaf1_featsqrt_cwnone_trmiss60_degmodglobal,64,1.0,0.0,200,5,2,1,sqrt,none,-1,trees200_depth5_split2_leaf1_featsqrt_cwnone_trmiss60_degmodglobal,1,0.31923592411725693,1.0,0.9999999999999999,1.0,0.0,0.7205335184156938,0.4563492063492064,0.5384374949482986,0.37777777777777777,0.0,0.0,0.0,0.0,0.0,0.0,0.0,0.0,0.0,0.0,4,global,0.6
2,3,trees200_depth5_split2_leaf3_featsqrt_cwnone_trmiss60_degmodglobal,64,1.0,0.0,200,5,2,3,sqrt,none,-1,trees200_depth5_split2_leaf3_featsqrt_cwnone_trmiss60_degmodglobal,1,0.3591666039803592,0.999752597723899,0.9997748445355125,0.9888888888888889,0.0,0.7213129605707288,0.45634920634920634,0.528471638717403,0.4222222222222222,0.0,0.0,0.0,0.0,0.0,0.0,0.0,0.0,0.0,0.0,4,global,0.6
2,3,trees200_depthnone_split2_leaf1_featsqrt_cwnone_trmiss60_degmodglobal,64,1.0,0.0,200,none,2,1,sqrt,none,-1,trees200_depthnone_split2_leaf1_featsqrt_cwnone_trmiss60_degmodglobal,1,0.19454108459628577,0.9999999999999999,1.0,1.0,0.0,0.7223901109535703,0.435515873015873,0.5015140144889532,0.4222222222222222,0.0,0.0,0.0,0.0,0.0,0.0,0.0,0.0,0.0,0.0,4,global,0.6
2,3,trees200_depthnone_split2_leaf3_featsqrt_cwnone_trmiss60_degmodglobal,64,1.0,0.0,200,none,2,3,sqrt,none,-1,trees200_depthnone_split2_leaf3_featsqrt_cwnone_trmiss60_degmodglobal,1,0.27717624986213196,1.0,0.9999999999999999,1.0,0.0,0.7257094426716465,0.4503968253968254,0.5132320474204304,0.4222222222222222,0.0,0.0,0.0,0.0,0.0,0.0,0.0,0.0,0.0,0.0,4,global,0.6
2,3,trees500_depth3_split2_leaf1_featsqrt_cwnone_trmiss60_degmodglobal,64,1.0,0.0,500,3,2,1,sqrt,none,-1,trees500_depth3_split2_leaf1_featsqrt_cwnone_trmiss60_degmodglobal,1,0.46120779585769,0.9919594260267194,0.9927433246800194,0.9444444444444444,0.0,0.7072172735742994,0.45634920634920634,0.5400039730867567,0.4222222222222222,0.0,0.0,0.0,0.0,0.0,0.0,0.0,0.0,0.0,0.0,4,global,0.6
2,3,trees500_depth3_split2_leaf3_featsqrt_cwnone_trmiss60_degmodglobal,64,1.0,0.0,500,3,2,3,sqrt,none,-1,trees500_depth3_split2_leaf3_featsqrt_cwnone_trmiss60_degmodglobal,1,0.47348349865456385,0.9908461157842652,0.9915296000705467,0.9444444444444444,0.0,0.7093520063083525,0.44246031746031744,0.5347903398655709,0.4222222222222222,0.0,0.0,0.0,0.0,0.0,0.0,0.0,0.0,0.0,0.0,4,global,0.6
2,3,trees500_depth5_split2_leaf1_featsqrt_cwnone_trmiss60_degmodglobal,64,1.0,0.0,500,5,2,1,sqrt,none,-1,trees500_depth5_split2_leaf1_featsqrt_cwnone_trmiss60_degmodglobal,1,0.3269850359454305,1.0,0.9999999999999999,0.9944444444444445,0.0,0.7159784722519299,0.4543650793650794,0.5264121517900688,0.35555555555555557,0.0,0.0,0.0,0.0,0.0,0.0,0.0,0.0,0.0,0.0,4,global,0.6
2,3,trees500_depth5_split2_leaf3_featsqrt_cwnone_trmiss60_degmodglobal,64,1.0,0.0,500,5,2,3,sqrt,none,-1,trees500_depth5_split2_leaf3_featsqrt_cwnone_trmiss60_degmodglobal,1,0.3597896877162507,0.999752597723899,0.9997748445355125,0.9944444444444445,0.0,0.7127966010776332,0.4464285714285714,0.5344143853197915,0.4222222222222222,0.0,0.0,0.0,0.0,0.0,0.0,0.0,0.0,0.0,0.0,4,global,0.6
2,3,trees500_depthnone_split2_leaf1_featsqrt_cwnone_trmiss60_degmodglobal,64,1.0,0.0,500,none,2,1,sqrt,none,-1,trees500_depthnone_split2_leaf1_featsqrt_cwnone_trmiss60_degmodglobal,1,0.19248616899742474,0.9999999999999999,0.9999999999999998,1.0,0.0,0.7166976462516511,0.46031746031746035,0.5038608478738824,0.4666666666666667,0.0,0.0,0.0,0.0,0.0,0.0,0.0,0.0,0.0,0.0,4,global,0.6
2,3,trees500_depthnone_split2_leaf3_featsqrt_cwnone_trmiss60_degmodglobal,64,1.0,0.0,500,none,2,3,sqrt,none,-1,trees500_depthnone_split2_leaf3_featsqrt_cwnone_trmiss60_degmodglobal,1,0.27407294354424483,1.0,0.9999999999999999,1.0,0.0,0.7151981858772584,0.4623015873015873,0.5250547441250732,0.4,0.0,0.0,0.0,0.0,0.0,0.0,0.0,0.0,0.0,0.0,4,global,0.6
2,4,trees200_depth3_split2_leaf1_featsqrt_cwnone_trmiss60_degmodglobal,64,1.0,0.0,200,3,2,1,sqrt,none,-1,trees200_depth3_split2_leaf1_featsqrt_cwnone_trmiss60_degmodglobal,1,0.48029341326652564,0.9944334487877289,0.9952362392691659,0.9611111111111111,0.0,0.6805909746075631,0.5843253968253969,0.6460938331464385,0.5333333333333333,0.0,0.0,0.0,0.0,0.0,0.0,0.0,0.0,0.0,0.0,4,global,0.6
2,4,trees200_depth3_split2_leaf3_featsqrt_cwnone_trmiss60_degmodglobal,64,1.0,0.0,200,3,2,3,sqrt,none,-1,trees200_depth3_split2_leaf3_featsqrt_cwnone_trmiss60_degmodglobal,1,0.48955553550286757,0.9933201385452746,0.9940796725780117,0.95,0.0,0.6860918321909152,0.558531746031746,0.6459849003815668,0.4888888888888889,0.0,0.0,0.0,0.0,0.0,0.0,0.0,0.0,0.0,0.0,4,global,0.6
2,4,trees200_depth5_split2_leaf1_featsqrt_cwnone_trmiss60_degmodglobal,64,1.0,0.0,200,5,2,1,sqrt,none,-1,trees200_depth5_split2_leaf1_featsqrt_cwnone_trmiss60_degmodglobal,1,0.3398970663924651,1.0,0.9999999999999999,1.0,0.0,0.6775394529749897,0.5565476190476191,0.6554428972908376,0.4888888888888889,0.0,0.0,0.0,0.0,0.0,0.0,0.0,0.0,0.0,0.0,4,global,0.6
2,4,trees200_depth5_split2_leaf3_featsqrt_cwnone_trmiss60_degmodglobal,64,1.0,0.0,200,5,2,3,sqrt,none,-1,trees200_depth5_split2_leaf3_featsqrt_cwnone_trmiss60_degmodglobal,1,0.3720710967357209,0.999752597723899,0.9997748445355125,0.9833333333333333,0.0,0.6924506656001804,0.5327380952380953,0.6275677207976571,0.4888888888888889,0.0,0.0,0.0,0.0,0.0,0.0,0.0,0.0,0.0,0.0,4,global,0.6
2,4,trees200_depthnone_split2_leaf1_featsqrt_cwnone_trmiss60_degmodglobal,64,1.0,0.0,200,none,2,1,sqrt,none,-1,trees200_depthnone_split2_leaf1_featsqrt_cwnone_trmiss60_degmodglobal,1,0.19563945694265295,1.0,1.0,1.0,0.0,0.6966723947786458,0.5486111111111112,0.6344414215298737,0.5333333333333333,0.0,0.0,0.0,0.0,0.0,0.0,0.0,0.0,0.0,0.0,4,global,0.6
2,4,trees200_depthnone_split2_leaf3_featsqrt_cwnone_trmiss60_degmodglobal,64,1.0,0.0,200,none,2,3,sqrt,none,-1,trees200_depthnone_split2_leaf3_featsqrt_cwnone_trmiss60_degmodglobal,1,0.2767220915543073,1.0,0.9999999999999999,1.0,0.0,0.6851873423041994,0.5922619047619048,0.6538535450093781,0.5777777777777777,0.0,0.0,0.0,0.0,0.0,0.0,0.0,0.0,0.0,0.0,4,global,0.6
2,4,trees500_depth3_split2_leaf1_featsqrt_cwnone_trmiss60_degmodglobal,64,1.0,0.0,500,3,2,1,sqrt,none,-1,trees500_depth3_split2_leaf1_featsqrt_cwnone_trmiss60_degmodglobal,1,0.47785452503712805,0.9966600692726373,0.9969848672166823,0.9611111111111111,0.0,0.6823573997284466,0.5625,0.6677172531608241,0.5333333333333333,0.0,0.0,0.0,0.0,0.0,0.0,0.0,0.0,0.0,0.0,4,global,0.6
2,4,trees500_depth3_split2_leaf3_featsqrt_cwnone_trmiss60_degmodglobal,64,1.0,0.0,500,3,2,3,sqrt,none,-1,trees500_depth3_split2_leaf3_featsqrt_cwnone_trmiss60_degmodglobal,1,0.4903495170543205,0.9955467590301832,0.9960662189964705,0.9611111111111111,0.0,0.6781777399577673,0.574404761904762,0.6670498256064061,0.5333333333333333,0.0,0.0,0.0,0.0,0.0,0.0,0.0,0.0,0.0,0.0,4,global,0.6
2,4,trees500_depth5_split2_leaf1_featsqrt_cwnone_trmiss60_degmodglobal,64,1.0,0.0,500,5,2,1,sqrt,none,-1,trees500_depth5_split2_leaf1_featsqrt_cwnone_trmiss60_degmodglobal,1,0.34313577390834127,1.0,0.9999999999999999,1.0,0.0,0.6869407521349516,0.5545634920634921,0.6441903378564123,0.4888888888888889,0.0,0.0,0.0,0.0,0.0,0.0,0.0,0.0,0.0,0.0,4,global,0.6
2,4,trees500_depth5_split2_leaf3_featsqrt_cwnone_trmiss60_degmodglobal,64,1.0,0.0,500,5,2,3,sqrt,none,-1,trees500_depth5_split2_leaf3_featsqrt_cwnone_trmiss60_degmodglobal,1,0.37847006331183564,1.0,0.9999999999999999,0.9944444444444445,0.0,0.6869909827242316,0.5505952380952381,0.6496483106551989,0.5111111111111111,0.0,0.0,0.0,0.0,0.0,0.0,0.0,0.0,0.0,0.0,4,global,0.6
2,4,trees500_depthnone_split2_leaf1_featsqrt_cwnone_trmiss60_degmodglobal,64,1.0,0.0,500,none,2,1,sqrt,none,-1,trees500_depthnone_split2_leaf1_featsqrt_cwnone_trmiss60_degmodglobal,1,0.20158609432482233,1.0,1.0,1.0,0.0,0.6912252546846697,0.5505952380952381,0.6436867548965581,0.4888888888888889,0.0,0.0,0.0,0.0,0.0,0.0,0.0,0.0,0.0,0.0,4,global,0.6
2,4,trees500_depthnone_split2_leaf3_featsqrt_cwnone_trmiss60_degmodglobal,64,1.0,0.0,500,none,2,3,sqrt,none,-1,trees500_depthnone_split2_leaf3_featsqrt_cwnone_trmiss60_degmodglobal,1,0.278803511999089,1.0,0.9999999999999999,1.0,0.0,0.6805946238677438,0.6041666666666666,0.6686584047272287,0.6,0.0,0.0,0.0,0.0,0.0,0.0,0.0,0.0,0.0,0.0,4,global,0.6
2,5,trees200_depth3_split2_leaf1_featsqrt_cwnone_trmiss60_degmodglobal,64,1.0,0.0,200,3,2,1,sqrt,none,-1,trees200_depth3_split2_leaf1_featsqrt_cwnone_trmiss60_degmodglobal,1,0.4899691119317198,0.9956704601682336,0.9965298908942992,0.9666666666666667,0.0,0.6491060528761479,0.7043650793650794,0.7762009526247298,0.6666666666666666,0.0,0.0,0.0,0.0,0.0,0.0,0.0,0.0,0.0,0.0,4,global,0.6
2,5,trees200_depth3_split2_leaf3_featsqrt_cwnone_trmiss60_degmodglobal,64,1.0,0.0,200,3,2,3,sqrt,none,-1,trees200_depth3_split2_leaf3_featsqrt_cwnone_trmiss60_degmodglobal,1,0.5062903573751016,0.9991340920336467,0.9992000637585612,0.9888888888888889,0.0,0.655273737117122,0.6785714285714286,0.757954274104143,0.6222222222222222,0.0,0.0,0.0,0.0,0.0,0.0,0.0,0.0,0.0,0.0,4,global,0.6
2,5,trees200_depth5_split2_leaf1_featsqrt_cwnone_trmiss60_degmodglobal,64,1.0,0.0,200,5,2,1,sqrt,none,-1,trees200_depth5_split2_leaf1_featsqrt_cwnone_trmiss60_degmodglobal,1,0.35291428365630434,1.0,0.9999999999999999,0.9944444444444445,0.0,0.6398577836188062,0.7182539682539683,0.7622469108902772,0.6444444444444445,0.0,0.0,0.0,0.0,0.0,0.0,0.0,0.0,0.0,0.0,4,global,0.6
2,5,trees200_depth5_split2_leaf3_featsqrt_cwnone_trmiss60_degmodglobal,64,1.0,0.0,200,5,2,3,sqrt,none,-1,trees200_depth5_split2_leaf3_featsqrt_cwnone_trmiss60_degmodglobal,1,0.3879624559056307,0.9998762988619495,0.9998880179171331,0.9944444444444445,0.0,0.6254484647220315,0.746031746031746,0.7939067462195939,0.6666666666666666,0.0,0.0,0.0,0.0,0.0,0.0,0.0,0.0,0.0,0.0,4,global,0.6
2,5,trees200_depthnone_split2_leaf1_featsqrt_cwnone_trmiss60_degmodglobal,64,1.0,0.0,200,none,2,1,sqrt,none,-1,trees200_depthnone_split2_leaf1_featsqrt_cwnone_trmiss60_degmodglobal,1,0.20503787173886054,1.0,0.9999999999999999,1.0,0.0,0.6227690855570569,0.6944444444444444,0.7741499605991193,0.5777777777777777,0.0,0.0,0.0,0.0,0.0,0.0,0.0,0.0,0.0,0.0,4,global,0.6
2,5,trees200_depthnone_split2_leaf3_featsqrt_cwnone_trmiss60_degmodglobal,64,1.0,0.0,200,none,2,3,sqrt,none,-1,trees200_depthnone_split2_leaf3_featsqrt_cwnone_trmiss60_degmodglobal,1,0.2858848125903583,1.0,0.9999999999999999,1.0,0.0,0.6232548237689327,0.7420634920634921,0.801107153112351,0.6888888888888889,0.0,0.0,0.0,0.0,0.0,0.0,0.0,0.0,0.0,0.0,4,global,0.6
2,5,trees500_depth3_split2_leaf1_featsqrt_cwnone_trmiss60_degmodglobal,64,1.0,0.0,500,3,2,1,sqrt,none,-1,trees500_depth3_split2_leaf1_featsqrt_cwnone_trmiss60_degmodglobal,1,0.4873126842814607,0.9990103908955963,0.9991656236962869,0.9777777777777777,0.0,0.6384091468457408,0.7757936507936508,0.8197697884442718,0.6444444444444445,0.0,0.0,0.0,0.0,0.0,0.0,0.0,0.0,0.0,0.0,4,global,0.6
2,5,trees500_depth3_split2_leaf3_featsqrt_cwnone_trmiss60_degmodglobal,64,1.0,0.0,500,3,2,3,sqrt,none,-1,trees500_depth3_split2_leaf3_featsqrt_cwnone_trmiss60_degmodglobal,1,0.5050079950027057,0.9972785749628896,0.9977422448387092,0.9666666666666667,0.0,0.6505367968255551,0.7202380952380952,0.7736219205595227,0.6222222222222222,0.0,0.0,0.0,0.0,0.0,0.0,0.0,0.0,0.0,0.0,4,global,0.6
2,5,trees500_depth5_split2_leaf1_featsqrt_cwnone_trmiss60_degmodglobal,64,1.0,0.0,500,5,2,1,sqrt,none,-1,trees500_depth5_split2_leaf1_featsqrt_cwnone_trmiss60_degmodglobal,1,0.3537420065994993,1.0,0.9999999999999999,1.0,0.0,0.6290347181084281,0.75,0.8037144229520852,0.6666666666666666,0.0,0.0,0.0,0.0,0.0,0.0,0.0,0.0,0.0,0.0,4,global,0.6
2,5,trees500_depth5_split2_leaf3_featsqrt_cwnone_trmiss60_degmodglobal,64,1.0,0.0,500,5,2,3,sqrt,none,-1,trees500_depth5_split2_leaf3_featsqrt_cwnone_trmiss60_degmodglobal,1,0.39064385885663977,0.9998762988619495,0.9998880179171331,0.9944444444444445,0.0,0.6327316022699002,0.7242063492063493,0.799700973849325,0.6666666666666666,0.0,0.0,0.0,0.0,0.0,0.0,0.0,0.0,0.0,0.0,4,global,0.6
2,5,trees500_depthnone_split2_leaf1_featsqrt_cwnone_trmiss60_degmodglobal,64,1.0,0.0,500,none,2,1,sqrt,none,-1,trees500_depthnone_split2_leaf1_featsqrt_cwnone_trmiss60_degmodglobal,1,0.20567093950429108,1.0,0.9999999999999999,1.0,0.0,0.6233460926528447,0.751984126984127,0.7771516564265046,0.6888888888888889,0.0,0.0,0.0,0.0,0.0,0.0,0.0,0.0,0.0,0.0,4,global,0.6
2,5,trees500_depthnone_split2_leaf3_featsqrt_cwnone_trmiss60_degmodglobal,64,1.0,0.0,500,none,2,3,sqrt,none,-1,trees500_depthnone_split2_leaf3_featsqrt_cwnone_trmiss60_degmodglobal,1,0.2891174177015143,1.0,0.9999999999999999,1.0,0.0,0.6178567109333835,0.7539682539682541,0.8116213298523196,0.6666666666666666,0.0,0.0,0.0,0.0,0.0,0.0,0.0,0.0,0.0,0.0,4,global,0.6
3,1,trees200_depth3_split2_leaf1_featsqrt_cwnone_trmiss60_degmodglobal,64,1.0,0.0,200,3,2,1,sqrt,none,-1,trees200_depth3_split2_leaf1_featsqrt_cwnone_trmiss60_degmodglobal,1,0.48767352437124745,0.9974613003095975,0.9977578975122786,0.9611111111111111,0.0,0.6706497804003397,0.6600790513833992,0.6853476098852013,0.6,0.0,0.0,0.0,0.0,0.0,0.0,0.0,0.0,0.0,0.0,4,global,0.6
3,1,trees200_depth3_split2_leaf3_featsqrt_cwnone_trmiss60_degmodglobal,64,1.0,0.0,200,3,2,3,sqrt,none,-1,trees200_depth3_split2_leaf3_featsqrt_cwnone_trmiss60_degmodglobal,1,0.502453022548695,0.9986996904024767,0.9987679767721119,0.9833333333333333,0.0,0.6614645543474305,0.6778656126482214,0.6673909693053078,0.5777777777777777,0.0,0.0,0.0,0.0,0.0,0.0,0.0,0.0,0.0,0.0,4,global,0.6
3,1,trees200_depth5_split2_leaf1_featsqrt_cwnone_trmiss60_degmodglobal,64,1.0,0.0,200,5,2,1,sqrt,none,-1,trees200_depth5_split2_leaf1_featsqrt_cwnone_trmiss60_degmodglobal,1,0.35542537322858875,0.9996284829721362,0.9996777658431794,0.9944444444444445,0.0,0.6638326274102652,0.6778656126482213,0.6698442000960768,0.6444444444444445,0.0,0.0,0.0,0.0,0.0,0.0,0.0,0.0,0.0,0.0,4,global,0.6
3,1,trees200_depth5_split2_leaf3_featsqrt_cwnone_trmiss60_degmodglobal,64,1.0,0.0,200,5,2,3,sqrt,none,-1,trees200_depth5_split2_leaf3_featsqrt_cwnone_trmiss60_degmodglobal,1,0.38254340055564534,0.9994427244582043,0.9994638909874367,0.9888888888888889,0.0,0.6488110957164557,0.7391304347826086,0.7810374269779488,0.6,0.0,0.0,0.0,0.0,0.0,0.0,0.0,0.0,0.0,0.0,4,global,0.6
3,1,trees200_depthnone_split2_leaf1_featsqrt_cwnone_trmiss60_degmodglobal,64,1.0,0.0,200,none,2,1,sqrt,none,-1,trees200_depthnone_split2_leaf1_featsqrt_cwnone_trmiss60_degmodglobal,1,0.2068018199675187,0.9999999999999999,0.9999999999999999,1.0,0.0,0.6394440642882018,0.6907114624505929,0.7208331807436668,0.5777777777777777,0.0,0.0,0.0,0.0,0.0,0.0,0.0,0.0,0.0,0.0,4,global,0.6
3,1,trees200_depthnone_split2_leaf3_featsqrt_cwnone_trmiss60_degmodglobal,64,1.0,0.0,200,none,2,3,sqrt,none,-1,trees200_depthnone_split2_leaf3_featsqrt_cwnone_trmiss60_degmodglobal,1,0.2883621823749231,0.999938080495356,0.999890350877193,0.9944444444444445,0.0,0.6552705520738864,0.6600790513833992,0.6891896839249396,0.5111111111111111,0.0,0.0,0.0,0.0,0.0,0.0,0.0,0.0,0.0,0.0,4,global,0.6
3,1,trees500_depth3_split2_leaf1_featsqrt_cwnone_trmiss60_degmodglobal,64,1.0,0.0,500,3,2,1,sqrt,none,-1,trees500_depth3_split2_leaf1_featsqrt_cwnone_trmiss60_degmodglobal,1,0.4872580053955888,0.9988235294117647,0.9988764716936263,0.9833333333333333,0.0,0.6736677322248725,0.6304347826086957,0.6561762546711366,0.5777777777777777,0.0,0.0,0.0,0.0,0.0,0.0,0.0,0.0,0.0,0.0,4,global,0.6
3,1,trees500_depth3_split2_leaf3_featsqrt_cwnone_trmiss60_degmodglobal,64,1.0,0.0,500,3,2,3,sqrt,none,-1,trees500_depth3_split2_leaf3_featsqrt_cwnone_trmiss60_degmodglobal,1,0.5012694705885437,0.9982043343653251,0.9983811279250508,0.9833333333333333,0.0,0.6700260680362953,0.6561264822134387,0.650859708146492,0.6222222222222222,0.0,0.0,0.0,0.0,0.0,0.0,0.0,0.0,0.0,0.0,4,global,0.6
3,1,trees500_depth5_split2_leaf1_featsqrt_cwnone_trmiss60_degmodglobal,64,1.0,0.0,500,5,2,1,sqrt,none,-1,trees500_depth5_split2_leaf1_featsqrt_cwnone_trmiss60_degmodglobal,1,0.35381438577944535,1.0,1.0,0.9944444444444445,0.0,0.654674782079324,0.6778656126482213,0.7121213886376112,0.6,0.0,0.0,0.0,0.0,0.0,0.0,0.0,0.0,0.0,0.0,4,global,0.6
3,1,trees500_depth5_split2_leaf3_featsqrt_cwnone_trmiss60_degmodglobal,64,1.0,0.0,500,5,2,3,sqrt,none,-1,trees500_depth5_split2_leaf3_featsqrt_cwnone_trmiss60_degmodglobal,1,0.3857710873028568,0.9995665634674922,0.9995601771540753,0.9888888888888889,0.0,0.6597380470374784,0.6482213438735178,0.6889825016398456,0.6444444444444445,0.0,0.0,0.0,0.0,0.0,0.0,0.0,0.0,0.0,0.0,4,global,0.6
3,1,trees500_depthnone_split2_leaf1_featsqrt_cwnone_trmiss60_degmodglobal,64,1.0,0.0,500,none,2,1,sqrt,none,-1,trees500_depthnone_split2_leaf1_featsqrt_cwnone_trmiss60_degmodglobal,1,0.20842858399978553,1.0,1.0,1.0,0.0,0.646304503832313,0.6837944664031621,0.7107245777384446,0.6222222222222222,0.0,0.0,0.0,0.0,0.0,0.0,0.0,0.0,0.0,0.0,4,global,0.6
3,1,trees500_depthnone_split2_leaf3_featsqrt_cwnone_trmiss60_degmodglobal,64,1.0,0.0,500,none,2,3,sqrt,none,-1,trees500_depthnone_split2_leaf3_featsqrt_cwnone_trmiss60_degmodglobal,1,0.28848531943788935,0.999938080495356,0.999890350877193,0.9944444444444445,0.0,0.6531098606384634,0.6462450592885376,0.6867625034234905,0.5777777777777777,0.0,0.0,0.0,0.0,0.0,0.0,0.0,0.0,0.0,0.0,4,global,0.6
3,2,trees200_depth3_split2_leaf1_featsqrt_cwnone_trmiss60_degmodglobal,64,1.0,0.0,200,3,2,1,sqrt,none,-1,trees200_depth3_split2_leaf1_featsqrt_cwnone_trmiss60_degmodglobal,1,0.49714811724957625,0.9981424148606811,0.9984111808290903,0.95,0.0,0.6978598490605713,0.5138339920948617,0.6077348900202105,0.4666666666666667,0.0,0.0,0.0,0.0,0.0,0.0,0.0,0.0,0.0,0.0,4,global,0.6
3,2,trees200_depth3_split2_leaf3_featsqrt_cwnone_trmiss60_degmodglobal,64,1.0,0.0,200,3,2,3,sqrt,none,-1,trees200_depth3_split2_leaf3_featsqrt_cwnone_trmiss60_degmodglobal,1,0.5104939148236036,0.9987616099071208,0.9989030003692855,0.9833333333333333,0.0,0.679789413271294,0.6245059288537549,0.695260035359958,0.4666666666666667,0.0,0.0,0.0,0.0,0.0,0.0,0.0,0.0,0.0,0.0,4,global,0.6
3,2,trees200_depth5_split2_leaf1_featsqrt_cwnone_trmiss60_degmodglobal,64,1.0,0.0,200,5,2,1,sqrt,none,-1,trees200_depth5_split2_leaf1_featsqrt_cwnone_trmiss60_degmodglobal,1,0.3602894912021561,1.0,1.0,0.9944444444444445,0.0,0.6831038347874906,0.5790513833992096,0.6865556334453382,0.5111111111111111,0.0,0.0,0.0,0.0,0.0,0.0,0.0,0.0,0.0,0.0,4,global,0.6
3,2,trees200_depth5_split2_leaf3_featsqrt_cwnone_trmiss60_degmodglobal,64,1.0,0.0,200,5,2,3,sqrt,none,-1,trees200_depth5_split2_leaf3_featsqrt_cwnone_trmiss60_degmodglobal,1,0.39820739581855286,0.9996284829721362,0.9996721592369422,0.9833333333333333,0.0,0.6891056471857387,0.5988142292490118,0.6474608288748454,0.5333333333333333,0.0,0.0,0.0,0.0,0.0,0.0,0.0,0.0,0.0,0.0,4,global,0.6
3,2,trees200_depthnone_split2_leaf1_featsqrt_cwnone_trmiss60_degmodglobal,64,1.0,0.0,200,none,2,1,sqrt,none,-1,trees200_depthnone_split2_leaf1_featsqrt_cwnone_trmiss60_degmodglobal,1,0.2113194746422282,1.0,1.0,1.0,0.0,0.6905250882436321,0.5701581027667985,0.6378706489554221,0.5333333333333333,0.0,0.0,0.0,0.0,0.0,0.0,0.0,0.0,0.0,0.0,4,global,0.6
3,2,trees200_depthnone_split2_leaf3_featsqrt_cwnone_trmiss60_degmodglobal,64,1.0,0.0,200,none,2,3,sqrt,none,-1,trees200_depthnone_split2_leaf3_featsqrt_cwnone_trmiss60_degmodglobal,1,0.2886164914698963,1.0,1.0,1.0,0.0,0.6850414312903161,0.5612648221343873,0.6282960663529371,0.6,0.0,0.0,0.0,0.0,0.0,0.0,0.0,0.0,0.0,0.0,4,global,0.6
3,2,trees500_depth3_split2_leaf1_featsqrt_cwnone_trmiss60_degmodglobal,64,1.0,0.0,500,3,2,1,sqrt,none,-1,trees500_depth3_split2_leaf1_featsqrt_cwnone_trmiss60_degmodglobal,1,0.49789202656633275,0.9972755417956656,0.9976040581795004,0.9722222222222222,0.0,0.6884394454060276,0.5968379446640317,0.6931405652173498,0.4666666666666667,0.0,0.0,0.0,0.0,0.0,0.0,0.0,0.0,0.0,0.0,4,global,0.6
3,2,trees500_depth3_split2_leaf3_featsqrt_cwnone_trmiss60_degmodglobal,64,1.0,0.0,500,3,2,3,sqrt,none,-1,trees500_depth3_split2_leaf3_featsqrt_cwnone_trmiss60_degmodglobal,1,0.5074794460211371,0.9970278637770899,0.9973855050740346,0.9611111111111111,0.0,0.6835892934387627,0.6086956521739131,0.6830069993279662,0.5777777777777777,0.0,0.0,0.0,0.0,0.0,0.0,0.0,0.0,0.0,0.0,4,global,0.6
3,2,trees500_depth5_split2_leaf1_featsqrt_cwnone_trmiss60_degmodglobal,64,1.0,0.0,500,5,2,1,sqrt,none,-1,trees500_depth5_split2_leaf1_featsqrt_cwnone_trmiss60_degmodglobal,1,0.3659874927210198,0.9998761609907121,0.9998903508771931,0.9944444444444445,0.0,0.6786877280260357,0.5909090909090909,0.6639038080629917,0.5555555555555556,0.0,0.0,0.0,0.0,0.0,0.0,0.0,0.0,0.0,0.0,4,global,0.6
3,2,trees500_depth5_split2_leaf3_featsqrt_cwnone_trmiss60_degmodglobal,64,1.0,0.0,500,5,2,3,sqrt,none,-1,trees500_depth5_split2_leaf3_featsqrt_cwnone_trmiss60_degmodglobal,1,0.40051243320109015,0.9998761609907121,0.9998903508771931,0.9944444444444445,0.0,0.6811463016403703,0.6067193675889329,0.6828859113210062,0.5333333333333333,0.0,0.0,0.0,0.0,0.0,0.0,0.0,0.0,0.0,0.0,4,global,0.6
3,2,trees500_depthnone_split2_leaf1_featsqrt_cwnone_trmiss60_degmodglobal,64,1.0,0.0,500,none,2,1,sqrt,none,-1,trees500_depthnone_split2_leaf1_featsqrt_cwnone_trmiss60_degmodglobal,1,0.20925593834382095,1.0,1.0,1.0,0.0,0.6727616081790816,0.6037549407114625,0.6549479994481178,0.5777777777777777,0.0,0.0,0.0,0.0,0.0,0.0,0.0,0.0,0.0,0.0,4,global,0.6
3,2,trees500_depthnone_split2_leaf3_featsqrt_cwnone_trmiss60_degmodglobal,64,1.0,0.0,500,none,2,3,sqrt,none,-1,trees500_depthnone_split2_leaf3_featsqrt_cwnone_trmiss60_degmodglobal,1,0.2897788010432494,1.0,1.0,1.0,0.0,0.6919915203562355,0.5454545454545454,0.6106126321727344,0.5111111111111111,0.0,0.0,0.0,0.0,0.0,0.0,0.0,0.0,0.0,0.0,4,global,0.6
3,3,trees200_depth3_split2_leaf1_featsqrt_cwnone_trmiss60_degmodglobal,64,1.0,0.0,200,3,2,1,sqrt,none,-1,trees200_depth3_split2_leaf1_featsqrt_cwnone_trmiss60_degmodglobal,1,0.476938465994018,0.999505195447798,0.9995508051130028,0.9722222222222222,0.0,0.7069531631541977,0.5198412698412699,0.5370025543158959,0.5333333333333333,0.0,0.0,0.0,0.0,0.0,0.0,0.0,0.0,0.0,0.0,4,global,0.6
3,3,trees200_depth3_split2_leaf3_featsqrt_cwnone_trmiss60_degmodglobal,64,1.0,0.0,200,3,2,3,sqrt,none,-1,trees200_depth3_split2_leaf3_featsqrt_cwnone_trmiss60_degmodglobal,1,0.4887130739516132,0.9987629886194953,0.9989572666101165,0.9833333333333333,0.0,0.7224857134636778,0.48809523809523814,0.5131077592555272,0.5777777777777777,0.0,0.0,0.0,0.0,0.0,0.0,0.0,0.0,0.0,0.0,4,global,0.6
3,3,trees200_depth5_split2_leaf1_featsqrt_cwnone_trmiss60_degmodglobal,64,1.0,0.0,200,5,2,1,sqrt,none,-1,trees200_depth5_split2_leaf1_featsqrt_cwnone_trmiss60_degmodglobal,1,0.3285361708603367,1.0,0.9999999999999999,1.0,0.0,0.7366695074598315,0.4920634920634921,0.5223174801665403,0.5333333333333333,0.0,0.0,0.0,0.0,0.0,0.0,0.0,0.0,0.0,0.0,4,global,0.6
3,3,trees200_depth5_split2_leaf3_featsqrt_cwnone_trmiss60_degmodglobal,64,1.0,0.0,200,5,2,3,sqrt,none,-1,trees200_depth5_split2_leaf3_featsqrt_cwnone_trmiss60_degmodglobal,1,0.3718127903763691,1.0,0.9999999999999999,1.0,0.0,0.7191327805067061,0.5178571428571429,0.552152273201551,0.5777777777777777,0.0,0.0,0.0,0.0,0.0,0.0,0.0,0.0,0.0,0.0,4,global,0.6
3,3,trees200_depthnone_split2_leaf1_featsqrt_cwnone_trmiss60_degmodglobal,64,1.0,0.0,200,none,2,1,sqrt,none,-1,trees200_depthnone_split2_leaf1_featsqrt_cwnone_trmiss60_degmodglobal,1,0.19530787938568367,1.0,1.0,1.0,0.0,0.7424794207111864,0.5109126984126984,0.5263146163921419,0.5777777777777777,0.0,0.0,0.0,0.0,0.0,0.0,0.0,0.0,0.0,0.0,4,global,0.6
3,3,trees200_depthnone_split2_leaf3_featsqrt_cwnone_trmiss60_degmodglobal,64,1.0,0.0,200,none,2,3,sqrt,none,-1,trees200_depthnone_split2_leaf3_featsqrt_cwnone_trmiss60_degmodglobal,1,0.27817616238396675,1.0,0.9999999999999999,1.0,0.0,0.7371891439857267,0.501984126984127,0.5454396939021184,0.5111111111111111,0.0,0.0,0.0,0.0,0.0,0.0,0.0,0.0,0.0,0.0,4,global,0.6
3,3,trees500_depth3_split2_leaf1_featsqrt_cwnone_trmiss60_degmodglobal,64,1.0,0.0,500,3,2,1,sqrt,none,-1,trees500_depth3_split2_leaf1_featsqrt_cwnone_trmiss60_degmodglobal,1,0.47219038423001225,0.9987629886194953,0.9988679472877797,0.9833333333333333,0.0,0.708870166167877,0.5099206349206349,0.5279472814425796,0.5111111111111111,0.0,0.0,0.0,0.0,0.0,0.0,0.0,0.0,0.0,0.0,4,global,0.6
3,3,trees500_depth3_split2_leaf3_featsqrt_cwnone_trmiss60_degmodglobal,64,1.0,0.0,500,3,2,3,sqrt,none,-1,trees500_depth3_split2_leaf3_featsqrt_cwnone_trmiss60_degmodglobal,1,0.48585066816154593,0.9992577931716972,0.9993097128813683,0.9888888888888889,0.0,0.7117959389063397,0.4722222222222222,0.529375836120573,0.5111111111111111,0.0,0.0,0.0,0.0,0.0,0.0,0.0,0.0,0.0,0.0,4,global,0.6
3,3,trees500_depth5_split2_leaf1_featsqrt_cwnone_trmiss60_degmodglobal,64,1.0,0.0,500,5,2,1,sqrt,none,-1,trees500_depth5_split2_leaf1_featsqrt_cwnone_trmiss60_degmodglobal,1,0.33178341599730504,1.0,0.9999999999999999,1.0,0.0,0.7200394356001463,0.5218253968253969,0.5324078077707576,0.5111111111111111,0.0,0.0,0.0,0.0,0.0,0.0,0.0,0.0,0.0,0.0,4,global,0.6
3,3,trees500_depth5_split2_leaf3_featsqrt_cwnone_trmiss60_degmodglobal,64,1.0,0.0,500,5,2,3,sqrt,none,-1,trees500_depth5_split2_leaf3_featsqrt_cwnone_trmiss60_degmodglobal,1,0.37228945994254004,1.0,0.9999999999999999,1.0,0.0,0.7169965021811903,0.5317460317460317,0.5356819296428247,0.5555555555555556,0.0,0.0,0.0,0.0,0.0,0.0,0.0,0.0,0.0,0.0,4,global,0.6
3,3,trees500_depthnone_split2_leaf1_featsqrt_cwnone_trmiss60_degmodglobal,64,1.0,0.0,500,none,2,1,sqrt,none,-1,trees500_depthnone_split2_leaf1_featsqrt_cwnone_trmiss60_degmodglobal,1,0.19661700564088444,1.0,0.9999999999999999,1.0,0.0,0.7264889652158465,0.5436507936507937,0.544905130314235,0.5555555555555556,0.0,0.0,0.0,0.0,0.0,0.0,0.0,0.0,0.0,0.0,4,global,0.6
3,3,trees500_depthnone_split2_leaf3_featsqrt_cwnone_trmiss60_degmodglobal,64,1.0,0.0,500,none,2,3,sqrt,none,-1,trees500_depthnone_split2_leaf3_featsqrt_cwnone_trmiss60_degmodglobal,1,0.27458408542524576,1.0,0.9999999999999999,1.0,0.0,0.7365640263739419,0.503968253968254,0.5253748086255253,0.5555555555555556,0.0,0.0,0.0,0.0,0.0,0.0,0.0,0.0,0.0,0.0,4,global,0.6
3,4,trees200_depth3_split2_leaf1_featsqrt_cwnone_trmiss60_degmodglobal,64,1.0,0.0,200,3,2,1,sqrt,none,-1,trees200_depth3_split2_leaf1_featsqrt_cwnone_trmiss60_degmodglobal,1,0.48540506888656565,0.9965363681345869,0.9970786840659285,0.9666666666666667,0.0,0.7019001962279131,0.498015873015873,0.557132038257191,0.4888888888888889,0.0,0.0,0.0,0.0,0.0,0.0,0.0,0.0,0.0,0.0,4,global,0.6
3,4,trees200_depth3_split2_leaf3_featsqrt_cwnone_trmiss60_degmodglobal,64,1.0,0.0,200,3,2,3,sqrt,none,-1,trees200_depth3_split2_leaf3_featsqrt_cwnone_trmiss60_degmodglobal,1,0.49824186787743263,0.9945571499257794,0.996318028339402,0.9833333333333333,0.0,0.7026295744525576,0.47817460317460314,0.53231357406306,0.4888888888888889,0.0,0.0,0.0,0.0,0.0,0.0,0.0,0.0,0.0,0.0,4,global,0.6
3,4,trees200_depth5_split2_leaf1_featsqrt_cwnone_trmiss60_degmodglobal,64,1.0,0.0,200,5,2,1,sqrt,none,-1,trees200_depth5_split2_leaf1_featsqrt_cwnone_trmiss60_degmodglobal,1,0.35951591395854193,1.0,0.9999999999999998,1.0,0.0,0.7016432496617777,0.5178571428571429,0.574547846820179,0.5555555555555556,0.0,0.0,0.0,0.0,0.0,0.0,0.0,0.0,0.0,0.0,4,global,0.6
3,4,trees200_depth5_split2_leaf3_featsqrt_cwnone_trmiss60_degmodglobal,64,1.0,0.0,200,5,2,3,sqrt,none,-1,trees200_depth5_split2_leaf3_featsqrt_cwnone_trmiss60_degmodglobal,1,0.3879837544474464,0.999752597723899,0.9997783687943261,0.9888888888888889,0.0,0.6979071156909546,0.5396825396825397,0.5628723234034813,0.5555555555555556,0.0,0.0,0.0,0.0,0.0,0.0,0.0,0.0,0.0,0.0,4,global,0.6
3,4,trees200_depthnone_split2_leaf1_featsqrt_cwnone_trmiss60_degmodglobal,64,1.0,0.0,200,none,2,1,sqrt,none,-1,trees200_depthnone_split2_leaf1_featsqrt_cwnone_trmiss60_degmodglobal,1,0.20031020180799877,1.0,1.0,1.0,0.0,0.7298817425606355,0.5505952380952381,0.552448687404115,0.5333333333333333,0.0,0.0,0.0,0.0,0.0,0.0,0.0,0.0,0.0,0.0,4,global,0.6
3,4,trees200_depthnone_split2_leaf3_featsqrt_cwnone_trmiss60_degmodglobal,64,1.0,0.0,200,none,2,3,sqrt,none,-1,trees200_depthnone_split2_leaf3_featsqrt_cwnone_trmiss60_degmodglobal,1,0.2830685471291433,1.0,0.9999999999999999,1.0,0.0,0.7323547662996798,0.49404761904761907,0.5293163970093628,0.4888888888888889,0.0,0.0,0.0,0.0,0.0,0.0,0.0,0.0,0.0,0.0,4,global,0.6
3,4,trees500_depth3_split2_leaf1_featsqrt_cwnone_trmiss60_degmodglobal,64,1.0,0.0,500,3,2,1,sqrt,none,-1,trees500_depth3_split2_leaf1_featsqrt_cwnone_trmiss60_degmodglobal,1,0.4883454347642855,0.9969074715487383,0.9973519780184781,0.9777777777777777,0.0,0.6983843144895713,0.501984126984127,0.5658568498683418,0.4888888888888889,0.0,0.0,0.0,0.0,0.0,0.0,0.0,0.0,0.0,0.0,4,global,0.6
3,4,trees500_depth3_split2_leaf3_featsqrt_cwnone_trmiss60_degmodglobal,64,1.0,0.0,500,3,2,3,sqrt,none,-1,trees500_depth3_split2_leaf3_featsqrt_cwnone_trmiss60_degmodglobal,1,0.5008965878471824,0.9940623453735775,0.9953184883553635,0.9777777777777777,0.0,0.6975561767261479,0.5218253968253969,0.5681220899557297,0.4444444444444444,0.0,0.0,0.0,0.0,0.0,0.0,0.0,0.0,0.0,0.0,4,global,0.6
3,4,trees500_depth5_split2_leaf1_featsqrt_cwnone_trmiss60_degmodglobal,64,1.0,0.0,500,5,2,1,sqrt,none,-1,trees500_depth5_split2_leaf1_featsqrt_cwnone_trmiss60_degmodglobal,1,0.3546046303899661,1.0,0.9999999999999999,0.9944444444444445,0.0,0.7086622972956521,0.5198412698412699,0.5561742707945259,0.5111111111111111,0.0,0.0,0.0,0.0,0.0,0.0,0.0,0.0,0.0,0.0,4,global,0.6
3,4,trees500_depth5_split2_leaf3_featsqrt_cwnone_trmiss60_degmodglobal,64,1.0,0.0,500,5,2,3,sqrt,none,-1,trees500_depth5_split2_leaf3_featsqrt_cwnone_trmiss60_degmodglobal,1,0.3871155083334958,0.999752597723899,0.9997783687943261,0.9944444444444445,0.0,0.7079138452073528,0.5198412698412699,0.5574464428290233,0.4666666666666667,0.0,0.0,0.0,0.0,0.0,0.0,0.0,0.0,0.0,0.0,4,global,0.6
3,4,trees500_depthnone_split2_leaf1_featsqrt_cwnone_trmiss60_degmodglobal,64,1.0,0.0,500,none,2,1,sqrt,none,-1,trees500_depthnone_split2_leaf1_featsqrt_cwnone_trmiss60_degmodglobal,1,0.20372987990209054,1.0,0.9999999999999999,1.0,0.0,0.7432172076018773,0.5248015873015873,0.5464723412089202,0.5555555555555556,0.0,0.0,0.0,0.0,0.0,0.0,0.0,0.0,0.0,0.0,4,global,0.6
3,4,trees500_depthnone_split2_leaf3_featsqrt_cwnone_trmiss60_degmodglobal,64,1.0,0.0,500,none,2,3,sqrt,none,-1,trees500_depthnone_split2_leaf3_featsqrt_cwnone_trmiss60_degmodglobal,1,0.28138241579167217,1.0,0.9999999999999999,1.0,0.0,0.7260440018754339,0.5396825396825398,0.5454266181086483,0.5555555555555556,0.0,0.0,0.0,0.0,0.0,0.0,0.0,0.0,0.0,0.0,4,global,0.6
3,5,trees200_depth3_split2_leaf1_featsqrt_cwnone_trmiss60_degmodglobal,64,1.0,0.0,200,3,2,1,sqrt,none,-1,trees200_depth3_split2_leaf1_featsqrt_cwnone_trmiss60_degmodglobal,1,0.49714986393362687,0.9924542305789212,0.994281433926804,0.9611111111111111,0.0,0.6974209320742626,0.5059523809523809,0.5622229144444149,0.5777777777777777,0.0,0.0,0.0,0.0,0.0,0.0,0.0,0.0,0.0,0.0,4,global,0.6
3,5,trees200_depth3_split2_leaf3_featsqrt_cwnone_trmiss60_degmodglobal,64,1.0,0.0,200,3,2,3,sqrt,none,-1,trees200_depth3_split2_leaf3_featsqrt_cwnone_trmiss60_degmodglobal,1,0.5090857962236016,0.9909698169223157,0.9931137096660455,0.9555555555555556,0.0,0.6919532969685461,0.5337301587301587,0.6215639018898447,0.5111111111111111,0.0,0.0,0.0,0.0,0.0,0.0,0.0,0.0,0.0,0.0,4,global,0.6
3,5,trees200_depth5_split2_leaf1_featsqrt_cwnone_trmiss60_degmodglobal,64,1.0,0.0,200,5,2,1,sqrt,none,-1,trees200_depth5_split2_leaf1_featsqrt_cwnone_trmiss60_degmodglobal,1,0.3651527769384319,0.9977733795150916,0.9982575377550479,0.9888888888888889,0.0,0.6839152897133115,0.5753968253968254,0.6084959639118175,0.5555555555555556,0.0,0.0,0.0,0.0,0.0,0.0,0.0,0.0,0.0,0.0,4,global,0.6
3,5,trees200_depth5_split2_leaf3_featsqrt_cwnone_trmiss60_degmodglobal,64,1.0,0.0,200,5,2,3,sqrt,none,-1,trees200_depth5_split2_leaf3_featsqrt_cwnone_trmiss60_degmodglobal,1,0.40194309682287627,0.9966600692726373,0.9976261649375768,0.9888888888888889,0.0,0.6998275384436875,0.5218253968253967,0.5758974994230461,0.5555555555555556,0.0,0.0,0.0,0.0,0.0,0.0,0.0,0.0,0.0,0.0,4,global,0.6
3,5,trees200_depthnone_split2_leaf1_featsqrt_cwnone_trmiss60_degmodglobal,64,1.0,0.0,200,none,2,1,sqrt,none,-1,trees200_depthnone_split2_leaf1_featsqrt_cwnone_trmiss60_degmodglobal,1,0.210483938046229,1.0,0.9999999999999999,1.0,0.0,0.6884429939484225,0.576388888888889,0.639657598144556,0.6,0.0,0.0,0.0,0.0,0.0,0.0,0.0,0.0,0.0,0.0,4,global,0.6
3,5,trees200_depthnone_split2_leaf3_featsqrt_cwnone_trmiss60_degmodglobal,64,1.0,0.0,200,none,2,3,sqrt,none,-1,trees200_depthnone_split2_leaf3_featsqrt_cwnone_trmiss60_degmodglobal,1,0.2884958854711881,1.0,0.9999999999999999,0.9944444444444445,0.0,0.7011265835236521,0.5555555555555556,0.6436090242382294,0.5555555555555556,0.0,0.0,0.0,0.0,0.0,0.0,0.0,0.0,0.0,0.0,4,global,0.6
3,5,trees500_depth3_split2_leaf1_featsqrt_cwnone_trmiss60_degmodglobal,64,1.0,0.0,500,3,2,1,sqrt,none,-1,trees500_depth3_split2_leaf1_featsqrt_cwnone_trmiss60_degmodglobal,1,0.4966406943237343,0.9948045522018802,0.9958415935606004,0.9611111111111111,0.0,0.6899857585418299,0.5337301587301587,0.6107741103601351,0.5777777777777777,0.0,0.0,0.0,0.0,0.0,0.0,0.0,0.0,0.0,0.0,4,global,0.6
3,5,trees500_depth3_split2_leaf3_featsqrt_cwnone_trmiss60_degmodglobal,64,1.0,0.0,500,3,2,3,sqrt,none,-1,trees500_depth3_split2_leaf3_featsqrt_cwnone_trmiss60_degmodglobal,1,0.5106322887733499,0.9927016328550223,0.99510136392828,0.9666666666666667,0.0,0.6869649628519959,0.5476190476190477,0.60780922613313,0.5333333333333333,0.0,0.0,0.0,0.0,0.0,0.0,0.0,0.0,0.0,0.0,4,global,0.6
3,5,trees500_depth5_split2_leaf1_featsqrt_cwnone_trmiss60_degmodglobal,64,1.0,0.0,500,5,2,1,sqrt,none,-1,trees500_depth5_split2_leaf1_featsqrt_cwnone_trmiss60_degmodglobal,1,0.3623057818235662,0.9995051954477981,0.9995657837603126,0.9944444444444445,0.0,0.6835797979970869,0.5773809523809524,0.6345663067331472,0.5777777777777777,0.0,0.0,0.0,0.0,0.0,0.0,0.0,0.0,0.0,0.0,4,global,0.6
3,5,trees500_depth5_split2_leaf3_featsqrt_cwnone_trmiss60_degmodglobal,64,1.0,0.0,500,5,2,3,sqrt,none,-1,trees500_depth5_split2_leaf3_featsqrt_cwnone_trmiss60_degmodglobal,1,0.39994718937470264,0.9976496783770411,0.9982112596497834,0.9722222222222222,0.0,0.6932363482589619,0.5376984126984127,0.5866583965586651,0.5333333333333333,0.0,0.0,0.0,0.0,0.0,0.0,0.0,0.0,0.0,0.0,4,global,0.6
3,5,trees500_depthnone_split2_leaf1_featsqrt_cwnone_trmiss60_degmodglobal,64,1.0,0.0,500,none,2,1,sqrt,none,-1,trees500_depthnone_split2_leaf1_featsqrt_cwnone_trmiss60_degmodglobal,1,0.20720384138982956,1.0,1.0000000000000002,1.0,0.0,0.7012892306390598,0.5416666666666667,0.5818261137616524,0.5333333333333333,0.0,0.0,0.0,0.0,0.0,0.0,0.0,0.0,0.0,0.0,4,global,0.6
3,5,trees500_depthnone_split2_leaf3_featsqrt_cwnone_trmiss60_degmodglobal,64,1.0,0.0,500,none,2,3,sqrt,none,-1,trees500_depthnone_split2_leaf3_featsqrt_cwnone_trmiss60_degmodglobal,1,0.29054963406662004,1.0,0.9999999999999999,0.9944444444444445,0.0,0.7131923164097552,0.5059523809523809,0.5744594054276537,0.4666666666666667,0.0,0.0,0.0,0.0,0.0,0.0,0.0,0.0,0.0,0.0,4,global,0.6
4,1,trees200_depth3_split2_leaf1_featsqrt_cwnone_trmiss60_degmodglobal,64,1.0,0.0,200,3,2,1,sqrt,none,-1,trees200_depth3_split2_leaf1_featsqrt_cwnone_trmiss60_degmodglobal,1,0.4711908391969111,0.9986377708978328,0.9988088151509794,0.9666666666666667,0.0,0.6905930297162581,0.5158102766798419,0.559350454322662,0.4666666666666667,0.0,0.0,0.0,0.0,0.0,0.0,0.0,0.0,0.0,0.0,4,global,0.6
4,1,trees200_depth3_split2_leaf3_featsqrt_cwnone_trmiss60_degmodglobal,64,1.0,0.0,200,3,2,3,sqrt,none,-1,trees200_depth3_split2_leaf3_featsqrt_cwnone_trmiss60_degmodglobal,1,0.49195993260367016,0.9964086687306501,0.9967977574613764,0.9611111111111111,0.0,0.6893744583581074,0.541501976284585,0.5606105202514177,0.4888888888888889,0.0,0.0,0.0,0.0,0.0,0.0,0.0,0.0,0.0,0.0,4,global,0.6
4,1,trees200_depth5_split2_leaf1_featsqrt_cwnone_trmiss60_degmodglobal,64,1.0,0.0,200,5,2,1,sqrt,none,-1,trees200_depth5_split2_leaf1_featsqrt_cwnone_trmiss60_degmodglobal,1,0.3414443024715912,1.0,1.0,0.9888888888888889,0.0,0.6901897953648347,0.5513833992094862,0.5934968230420395,0.5111111111111111,0.0,0.0,0.0,0.0,0.0,0.0,0.0,0.0,0.0,0.0,4,global,0.6
4,1,trees200_depth5_split2_leaf3_featsqrt_cwnone_trmiss60_degmodglobal,64,1.0,0.0,200,5,2,3,sqrt,none,-1,trees200_depth5_split2_leaf3_featsqrt_cwnone_trmiss60_degmodglobal,1,0.37538114969097297,1.0,1.0,0.9888888888888889,0.0,0.6980513437757193,0.5513833992094861,0.5711781355637797,0.5111111111111111,0.0,0.0,0.0,0.0,0.0,0.0,0.0,0.0,0.0,0.0,4,global,0.6
4,1,trees200_depthnone_split2_leaf1_featsqrt_cwnone_trmiss60_degmodglobal,64,1.0,0.0,200,none,2,1,sqrt,none,-1,trees200_depthnone_split2_leaf1_featsqrt_cwnone_trmiss60_degmodglobal,1,0.20391896897515815,1.0,0.9999999999999999,1.0,0.0,0.7221031697618726,0.4980237154150198,0.54017474526826,0.4444444444444444,0.0,0.0,0.0,0.0,0.0,0.0,0.0,0.0,0.0,0.0,4,global,0.6
4,1,trees200_depthnone_split2_leaf3_featsqrt_cwnone_trmiss60_degmodglobal,64,1.0,0.0,200,none,2,3,sqrt,none,-1,trees200_depthnone_split2_leaf3_featsqrt_cwnone_trmiss60_degmodglobal,1,0.2789342323062709,1.0,1.0,1.0,0.0,0.6862888389242148,0.5928853754940712,0.6048242036337457,0.6,0.0,0.0,0.0,0.0,0.0,0.0,0.0,0.0,0.0,0.0,4,global,0.6
4,1,trees500_depth3_split2_leaf1_featsqrt_cwnone_trmiss60_degmodglobal,64,1.0,0.0,500,3,2,1,sqrt,none,-1,trees500_depth3_split2_leaf1_featsqrt_cwnone_trmiss60_degmodglobal,1,0.47775296017448216,0.998390092879257,0.9985734770633095,0.9777777777777777,0.0,0.6867098755564881,0.5731225296442688,0.5870551249401935,0.4888888888888889,0.0,0.0,0.0,0.0,0.0,0.0,0.0,0.0,0.0,0.0,4,global,0.6
4,1,trees500_depth3_split2_leaf3_featsqrt_cwnone_trmiss60_degmodglobal,64,1.0,0.0,500,3,2,3,sqrt,none,-1,trees500_depth3_split2_leaf3_featsqrt_cwnone_trmiss60_degmodglobal,1,0.49392725359438605,0.9977708978328172,0.9980411562554816,0.9555555555555556,0.0,0.6908878416646482,0.5494071146245059,0.5827978046217813,0.4222222222222222,0.0,0.0,0.0,0.0,0.0,0.0,0.0,0.0,0.0,0.0,4,global,0.6
4,1,trees500_depth5_split2_leaf1_featsqrt_cwnone_trmiss60_degmodglobal,64,1.0,0.0,500,5,2,1,sqrt,none,-1,trees500_depth5_split2_leaf1_featsqrt_cwnone_trmiss60_degmodglobal,1,0.3396534267592549,1.0,1.0,0.9944444444444445,0.0,0.6948531948041029,0.5494071146245059,0.5760429153865662,0.4222222222222222,0.0,0.0,0.0,0.0,0.0,0.0,0.0,0.0,0.0,0.0,4,global,0.6
4,1,trees500_depth5_split2_leaf3_featsqrt_cwnone_trmiss60_degmodglobal,64,1.0,0.0,500,5,2,3,sqrt,none,-1,trees500_depth5_split2_leaf3_featsqrt_cwnone_trmiss60_degmodglobal,1,0.37613241391812313,1.0,1.0,0.9944444444444445,0.0,0.6897235078491145,0.5632411067193677,0.5686597293996003,0.5555555555555556,0.0,0.0,0.0,0.0,0.0,0.0,0.0,0.0,0.0,0.0,4,global,0.6
4,1,trees500_depthnone_split2_leaf1_featsqrt_cwnone_trmiss60_degmodglobal,64,1.0,0.0,500,none,2,1,sqrt,none,-1,trees500_depthnone_split2_leaf1_featsqrt_cwnone_trmiss60_degmodglobal,1,0.2006974547076965,1.0,1.0,1.0,0.0,0.7087721257046371,0.5454545454545455,0.5708898033483557,0.5111111111111111,0.0,0.0,0.0,0.0,0.0,0.0,0.0,0.0,0.0,0.0,4,global,0.6
4,1,trees500_depthnone_split2_leaf3_featsqrt_cwnone_trmiss60_degmodglobal,64,1.0,0.0,500,none,2,3,sqrt,none,-1,trees500_depthnone_split2_leaf3_featsqrt_cwnone_trmiss60_degmodglobal,1,0.27899005959074535,1.0,1.0,1.0,0.0,0.7098369394528579,0.5355731225296443,0.5717850248335743,0.4666666666666667,0.0,0.0,0.0,0.0,0.0,0.0,0.0,0.0,0.0,0.0,4,global,0.6
4,2,trees200_depth3_split2_leaf1_featsqrt_cwnone_trmiss60_degmodglobal,64,1.0,0.0,200,3,2,1,sqrt,none,-1,trees200_depth3_split2_leaf1_featsqrt_cwnone_trmiss60_degmodglobal,1,0.473509203248984,0.9952941176470588,0.996101983029264,0.9611111111111111,0.0,0.6991808013510675,0.5227272727272727,0.5301289436282814,0.5111111111111111,0.0,0.0,0.0,0.0,0.0,0.0,0.0,0.0,0.0,0.0,4,global,0.6
4,2,trees200_depth3_split2_leaf3_featsqrt_cwnone_trmiss60_degmodglobal,64,1.0,0.0,200,3,2,3,sqrt,none,-1,trees200_depth3_split2_leaf3_featsqrt_cwnone_trmiss60_degmodglobal,1,0.48805168548694006,0.9900928792569659,0.9924230592044342,0.9333333333333333,0.0,0.6937173404748567,0.5464426877470355,0.5862043356543875,0.5111111111111111,0.0,0.0,0.0,0.0,0.0,0.0,0.0,0.0,0.0,0.0,4,global,0.6
4,2,trees200_depth5_split2_leaf1_featsqrt_cwnone_trmiss60_degmodglobal,64,1.0,0.0,200,5,2,1,sqrt,none,-1,trees200_depth5_split2_leaf1_featsqrt_cwnone_trmiss60_degmodglobal,1,0.3333239108522318,1.0,1.0,1.0,0.0,0.7161236339689361,0.508893280632411,0.536694208893022,0.5111111111111111,0.0,0.0,0.0,0.0,0.0,0.0,0.0,0.0,0.0,0.0,4,global,0.6
4,2,trees200_depth5_split2_leaf3_featsqrt_cwnone_trmiss60_degmodglobal,64,1.0,0.0,200,5,2,3,sqrt,none,-1,trees200_depth5_split2_leaf3_featsqrt_cwnone_trmiss60_degmodglobal,1,0.3663493595980516,0.9998761609907121,0.9998903508771931,0.9944444444444445,0.0,0.6981309390986641,0.5464426877470355,0.5761253865581516,0.5333333333333333,0.0,0.0,0.0,0.0,0.0,0.0,0.0,0.0,0.0,0.0,4,global,0.6
4,2,trees200_depthnone_split2_leaf1_featsqrt_cwnone_trmiss60_degmodglobal,64,1.0,0.0,200,none,2,1,sqrt,none,-1,trees200_depthnone_split2_leaf1_featsqrt_cwnone_trmiss60_degmodglobal,1,0.1978891454605774,1.0,0.9999999999999999,1.0,0.0,0.7278728177454864,0.541501976284585,0.5863400617191561,0.5111111111111111,0.0,0.0,0.0,0.0,0.0,0.0,0.0,0.0,0.0,0.0,4,global,0.6
4,2,trees200_depthnone_split2_leaf3_featsqrt_cwnone_trmiss60_degmodglobal,64,1.0,0.0,200,none,2,3,sqrt,none,-1,trees200_depthnone_split2_leaf3_featsqrt_cwnone_trmiss60_degmodglobal,1,0.27854425832247,1.0,1.0,1.0,0.0,0.7156189268700999,0.5227272727272726,0.5521212470568198,0.5777777777777777,0.0,0.0,0.0,0.0,0.0,0.0,0.0,0.0,0.0,0.0,4,global,0.6
4,2,trees500_depth3_split2_leaf1_featsqrt_cwnone_trmiss60_degmodglobal,64,1.0,0.0,500,3,2,1,sqrt,none,-1,trees500_depth3_split2_leaf1_featsqrt_cwnone_trmiss60_degmodglobal,1,0.4751578042671833,0.9967801857585139,0.9973802691821734,0.95,0.0,0.6914770978405684,0.5662055335968379,0.594184464044347,0.5333333333333333,0.0,0.0,0.0,0.0,0.0,0.0,0.0,0.0,0.0,0.0,4,global,0.6
4,2,trees500_depth3_split2_leaf3_featsqrt_cwnone_trmiss60_degmodglobal,64,1.0,0.0,500,3,2,3,sqrt,none,-1,trees500_depth3_split2_leaf3_featsqrt_cwnone_trmiss60_degmodglobal,1,0.4858460480971709,0.9939318885448917,0.995352155293914,0.9611111111111111,0.0,0.7046795014474163,0.5128458498023716,0.5289333281958671,0.4888888888888889,0.0,0.0,0.0,0.0,0.0,0.0,0.0,0.0,0.0,0.0,4,global,0.6
4,2,trees500_depth5_split2_leaf1_featsqrt_cwnone_trmiss60_degmodglobal,64,1.0,0.0,500,5,2,1,sqrt,none,-1,trees500_depth5_split2_leaf1_featsqrt_cwnone_trmiss60_degmodglobal,1,0.335099352420988,1.0,1.0,1.0,0.0,0.7201001712856901,0.4990118577075099,0.524941003767886,0.4222222222222222,0.0,0.0,0.0,0.0,0.0,0.0,0.0,0.0,0.0,0.0,4,global,0.6
4,2,trees500_depth5_split2_leaf3_featsqrt_cwnone_trmiss60_degmodglobal,64,1.0,0.0,500,5,2,3,sqrt,none,-1,trees500_depth5_split2_leaf3_featsqrt_cwnone_trmiss60_degmodglobal,1,0.3717434814766891,1.0,1.0,1.0,0.0,0.7138553608863965,0.5029644268774703,0.5244292856341518,0.5333333333333333,0.0,0.0,0.0,0.0,0.0,0.0,0.0,0.0,0.0,0.0,4,global,0.6
4,2,trees500_depthnone_split2_leaf1_featsqrt_cwnone_trmiss60_degmodglobal,64,1.0,0.0,500,none,2,1,sqrt,none,-1,trees500_depthnone_split2_leaf1_featsqrt_cwnone_trmiss60_degmodglobal,1,0.19866114481953936,1.0,1.0,1.0,0.0,0.7333767338845341,0.5177865612648221,0.5409735812040857,0.5333333333333333,0.0,0.0,0.0,0.0,0.0,0.0,0.0,0.0,0.0,0.0,4,global,0.6
4,2,trees500_depthnone_split2_leaf3_featsqrt_cwnone_trmiss60_degmodglobal,64,1.0,0.0,500,none,2,3,sqrt,none,-1,trees500_depthnone_split2_leaf3_featsqrt_cwnone_trmiss60_degmodglobal,1,0.2795528735226231,1.0,1.0,1.0,0.0,0.7254393316714963,0.5049407114624506,0.5307774997025699,0.4888888888888889,0.0,0.0,0.0,0.0,0.0,0.0,0.0,0.0,0.0,0.0,4,global,0.6
4,3,trees200_depth3_split2_leaf1_featsqrt_cwnone_trmiss60_degmodglobal,64,1.0,0.0,200,3,2,1,sqrt,none,-1,trees200_depth3_split2_leaf1_featsqrt_cwnone_trmiss60_degmodglobal,1,0.4832615220078978,0.9954849084611579,0.9960635771073842,0.9611111111111111,0.0,0.6722733845554673,0.6349206349206349,0.6325460083546531,0.5333333333333333,0.0,0.0,0.0,0.0,0.0,0.0,0.0,0.0,0.0,0.0,4,global,0.6
4,3,trees200_depth3_split2_leaf3_featsqrt_cwnone_trmiss60_degmodglobal,64,1.0,0.0,200,3,2,3,sqrt,none,-1,trees200_depth3_split2_leaf3_featsqrt_cwnone_trmiss60_degmodglobal,1,0.49305174550006775,0.9900420583869372,0.9913691810786076,0.9222222222222223,0.0,0.6791308230510253,0.5753968253968254,0.566600816577936,0.5555555555555556,0.0,0.0,0.0,0.0,0.0,0.0,0.0,0.0,0.0,0.0,4,global,0.6
4,3,trees200_depth5_split2_leaf1_featsqrt_cwnone_trmiss60_degmodglobal,64,1.0,0.0,200,5,2,1,sqrt,none,-1,trees200_depth5_split2_leaf1_featsqrt_cwnone_trmiss60_degmodglobal,1,0.34153770844809234,0.9998762988619496,0.9998880179171331,0.9944444444444445,0.0,0.6804462238649523,0.5793650793650793,0.5990737244816641,0.5555555555555556,0.0,0.0,0.0,0.0,0.0,0.0,0.0,0.0,0.0,0.0,4,global,0.6
4,3,trees200_depth5_split2_leaf3_featsqrt_cwnone_trmiss60_degmodglobal,64,1.0,0.0,200,5,2,3,sqrt,none,-1,trees200_depth5_split2_leaf3_featsqrt_cwnone_trmiss60_degmodglobal,1,0.3750764872677467,0.9996907471548738,0.9996651954127055,0.9888888888888889,0.0,0.6806834328873658,0.5833333333333333,0.586380634294689,0.5777777777777777,0.0,0.0,0.0,0.0,0.0,0.0,0.0,0.0,0.0,0.0,4,global,0.6
4,3,trees200_depthnone_split2_leaf1_featsqrt_cwnone_trmiss60_degmodglobal,64,1.0,0.0,200,none,2,1,sqrt,none,-1,trees200_depthnone_split2_leaf1_featsqrt_cwnone_trmiss60_degmodglobal,1,0.20706503504627277,0.9999999999999999,1.0,1.0,0.0,0.6946249967162892,0.5674603174603176,0.5733306463113979,0.5333333333333333,0.0,0.0,0.0,0.0,0.0,0.0,0.0,0.0,0.0,0.0,4,global,0.6
4,3,trees200_depthnone_split2_leaf3_featsqrt_cwnone_trmiss60_degmodglobal,64,1.0,0.0,200,none,2,3,sqrt,none,-1,trees200_depthnone_split2_leaf3_featsqrt_cwnone_trmiss60_degmodglobal,1,0.287770898962661,0.9999381494309747,0.9998880179171331,0.9944444444444445,0.0,0.6760089000056305,0.5912698412698412,0.5978310283012253,0.5333333333333333,0.0,0.0,0.0,0.0,0.0,0.0,0.0,0.0,0.0,0.0,4,global,0.6
4,3,trees500_depth3_split2_leaf1_featsqrt_cwnone_trmiss60_degmodglobal,64,1.0,0.0,500,3,2,1,sqrt,none,-1,trees500_depth3_split2_leaf1_featsqrt_cwnone_trmiss60_degmodglobal,1,0.47969612356040314,0.9960415635823849,0.9966043157137864,0.9555555555555556,0.0,0.6825746982380861,0.5337301587301587,0.5674288427555982,0.4888888888888889,0.0,0.0,0.0,0.0,0.0,0.0,0.0,0.0,0.0,0.0,4,global,0.6
4,3,trees500_depth3_split2_leaf3_featsqrt_cwnone_trmiss60_degmodglobal,64,1.0,0.0,500,3,2,3,sqrt,none,-1,trees500_depth3_split2_leaf3_featsqrt_cwnone_trmiss60_degmodglobal,1,0.49421405002154634,0.9901657595249875,0.9913902045230448,0.9222222222222223,0.0,0.6783453586601613,0.5932539682539681,0.5740588259833674,0.5555555555555556,0.0,0.0,0.0,0.0,0.0,0.0,0.0,0.0,0.0,0.0,4,global,0.6
4,3,trees500_depth5_split2_leaf1_featsqrt_cwnone_trmiss60_degmodglobal,64,1.0,0.0,500,5,2,1,sqrt,none,-1,trees500_depth5_split2_leaf1_featsqrt_cwnone_trmiss60_degmodglobal,1,0.3431177079515365,1.0,0.9999999999999999,0.9944444444444445,0.0,0.6753590807406715,0.6011904761904762,0.5924690922909125,0.5555555555555556,0.0,0.0,0.0,0.0,0.0,0.0,0.0,0.0,0.0,0.0,4,global,0.6
4,3,trees500_depth5_split2_leaf3_featsqrt_cwnone_trmiss60_degmodglobal,64,1.0,0.0,500,5,2,3,sqrt,none,-1,trees500_depth5_split2_leaf3_featsqrt_cwnone_trmiss60_degmodglobal,1,0.37413854903245064,0.9995670460168233,0.9995578070965543,0.9888888888888889,0.0,0.6862962077034521,0.5634920634920635,0.5721256802826628,0.5333333333333333,0.0,0.0,0.0,0.0,0.0,0.0,0.0,0.0,0.0,0.0,4,global,0.6
4,3,trees500_depthnone_split2_leaf1_featsqrt_cwnone_trmiss60_degmodglobal,64,1.0,0.0,500,none,2,1,sqrt,none,-1,trees500_depthnone_split2_leaf1_featsqrt_cwnone_trmiss60_degmodglobal,1,0.20217496255565995,1.0,0.9999999999999999,1.0,0.0,0.6793857885833324,0.5724206349206349,0.5854023531828774,0.5333333333333333,0.0,0.0,0.0,0.0,0.0,0.0,0.0,0.0,0.0,0.0,4,global,0.6
4,3,trees500_depthnone_split2_leaf3_featsqrt_cwnone_trmiss60_degmodglobal,64,1.0,0.0,500,none,2,3,sqrt,none,-1,trees500_depthnone_split2_leaf3_featsqrt_cwnone_trmiss60_degmodglobal,1,0.28793307548392355,1.0,0.9999999999999999,0.9944444444444445,0.0,0.6846014643170959,0.5734126984126985,0.5912158531624491,0.5555555555555556,0.0,0.0,0.0,0.0,0.0,0.0,0.0,0.0,0.0,0.0,4,global,0.6
4,4,trees200_depth3_split2_leaf1_featsqrt_cwnone_trmiss60_degmodglobal,64,1.0,0.0,200,3,2,1,sqrt,none,-1,trees200_depth3_split2_leaf1_featsqrt_cwnone_trmiss60_degmodglobal,1,0.4893101662819454,0.9871969322117763,0.9894466711295667,0.9555555555555556,0.0,0.7279234097602436,0.4543650793650794,0.5313802408297792,0.4,0.0,0.0,0.0,0.0,0.0,0.0,0.0,0.0,0.0,0.0,4,global,0.6
4,4,trees200_depth3_split2_leaf3_featsqrt_cwnone_trmiss60_degmodglobal,64,1.0,0.0,200,3,2,3,sqrt,none,-1,trees200_depth3_split2_leaf3_featsqrt_cwnone_trmiss60_degmodglobal,1,0.5017982851427286,0.98026966848095,0.9854328571981293,0.9388888888888889,0.0,0.7242945744905314,0.4623015873015873,0.56091089516218,0.4,0.0,0.0,0.0,0.0,0.0,0.0,0.0,0.0,0.0,0.0,4,global,0.6
4,4,trees200_depth5_split2_leaf1_featsqrt_cwnone_trmiss60_degmodglobal,64,1.0,0.0,200,5,2,1,sqrt,none,-1,trees200_depth5_split2_leaf1_featsqrt_cwnone_trmiss60_degmodglobal,1,0.35936602617252966,0.9996288965858485,0.9996604542358098,0.9888888888888889,0.0,0.7354657283323781,0.46825396825396826,0.5373584556710197,0.4,0.0,0.0,0.0,0.0,0.0,0.0,0.0,0.0,0.0,0.0,4,global,0.6
4,4,trees200_depth5_split2_leaf3_featsqrt_cwnone_trmiss60_degmodglobal,64,1.0,0.0,200,5,2,3,sqrt,none,-1,trees200_depth5_split2_leaf3_featsqrt_cwnone_trmiss60_degmodglobal,1,0.3857294104939269,0.9975878278080159,0.9978138637290686,0.9777777777777777,0.0,0.7179976978516218,0.48412698412698413,0.5901124972158669,0.4222222222222222,0.0,0.0,0.0,0.0,0.0,0.0,0.0,0.0,0.0,0.0,4,global,0.6
4,4,trees200_depthnone_split2_leaf1_featsqrt_cwnone_trmiss60_degmodglobal,64,1.0,0.0,200,none,2,1,sqrt,none,-1,trees200_depthnone_split2_leaf1_featsqrt_cwnone_trmiss60_degmodglobal,1,0.2037815882296592,1.0,1.0,1.0,0.0,0.7075626849443912,0.5307539682539683,0.5679429664839606,0.4666666666666667,0.0,0.0,0.0,0.0,0.0,0.0,0.0,0.0,0.0,0.0,4,global,0.6
4,4,trees200_depthnone_split2_leaf3_featsqrt_cwnone_trmiss60_degmodglobal,64,1.0,0.0,200,none,2,3,sqrt,none,-1,trees200_depthnone_split2_leaf3_featsqrt_cwnone_trmiss60_degmodglobal,1,0.2893109578967215,0.9999381494309747,0.9998880179171331,0.9944444444444445,0.0,0.7402920167312604,0.4503968253968254,0.5204398369258036,0.37777777777777777,0.0,0.0,0.0,0.0,0.0,0.0,0.0,0.0,0.0,0.0,4,global,0.6
4,4,trees500_depth3_split2_leaf1_featsqrt_cwnone_trmiss60_degmodglobal,64,1.0,0.0,500,3,2,1,sqrt,none,-1,trees500_depth3_split2_leaf1_featsqrt_cwnone_trmiss60_degmodglobal,1,0.4837315610643523,0.9874443344878774,0.9894690397881851,0.9722222222222222,0.0,0.7130730656684744,0.4722222222222222,0.5754970240974605,0.37777777777777777,0.0,0.0,0.0,0.0,0.0,0.0,0.0,0.0,0.0,0.0,4,global,0.6
4,4,trees500_depth3_split2_leaf3_featsqrt_cwnone_trmiss60_degmodglobal,64,1.0,0.0,500,3,2,3,sqrt,none,-1,trees500_depth3_split2_leaf3_featsqrt_cwnone_trmiss60_degmodglobal,1,0.4979268032928594,0.9834858980702621,0.9882426310365368,0.9555555555555556,0.0,0.71442340647763,0.4801587301587302,0.5870510446391153,0.4222222222222222,0.0,0.0,0.0,0.0,0.0,0.0,0.0,0.0,0.0,0.0,4,global,0.6
4,4,trees500_depth5_split2_leaf1_featsqrt_cwnone_trmiss60_degmodglobal,64,1.0,0.0,500,5,2,1,sqrt,none,-1,trees500_depth5_split2_leaf1_featsqrt_cwnone_trmiss60_degmodglobal,1,0.355764362996653,0.9996288965858485,0.9996651954127055,0.9888888888888889,0.0,0.7252010397748235,0.4662698412698413,0.5335647385692329,0.4222222222222222,0.0,0.0,0.0,0.0,0.0,0.0,0.0,0.0,0.0,0.0,4,global,0.6
4,4,trees500_depth5_split2_leaf3_featsqrt_cwnone_trmiss60_degmodglobal,64,1.0,0.0,500,5,2,3,sqrt,none,-1,trees500_depth5_split2_leaf3_featsqrt_cwnone_trmiss60_degmodglobal,1,0.3899122852134419,0.9982681840672935,0.9984321851224645,0.9777777777777777,0.0,0.7240215084841419,0.47817460317460314,0.5666160320824829,0.37777777777777777,0.0,0.0,0.0,0.0,0.0,0.0,0.0,0.0,0.0,0.0,4,global,0.6
4,4,trees500_depthnone_split2_leaf1_featsqrt_cwnone_trmiss60_degmodglobal,64,1.0,0.0,500,none,2,1,sqrt,none,-1,trees500_depthnone_split2_leaf1_featsqrt_cwnone_trmiss60_degmodglobal,1,0.2018663640677583,0.9999999999999999,0.9999999999999999,1.0,0.0,0.7228430055876187,0.4920634920634921,0.5332262007164356,0.4444444444444444,0.0,0.0,0.0,0.0,0.0,0.0,0.0,0.0,0.0,0.0,4,global,0.6
4,4,trees500_depthnone_split2_leaf3_featsqrt_cwnone_trmiss60_degmodglobal,64,1.0,0.0,500,none,2,3,sqrt,none,-1,trees500_depthnone_split2_leaf3_featsqrt_cwnone_trmiss60_degmodglobal,1,0.28846287514882774,0.9998762988619495,0.9998880179171331,0.9944444444444445,0.0,0.7167153706049357,0.501984126984127,0.5390323202949286,0.4444444444444444,0.0,0.0,0.0,0.0,0.0,0.0,0.0,0.0,0.0,0.0,4,global,0.6
4,5,trees200_depth3_split2_leaf1_featsqrt_cwnone_trmiss60_degmodglobal,64,1.0,0.0,200,3,2,1,sqrt,none,-1,trees200_depth3_split2_leaf1_featsqrt_cwnone_trmiss60_degmodglobal,1,0.4856864235404663,0.9951756556160316,0.9958140015838216,0.9666666666666667,0.0,0.6791167006160626,0.5873015873015873,0.6816927548444801,0.5111111111111111,0.0,0.0,0.0,0.0,0.0,0.0,0.0,0.0,0.0,0.0,4,global,0.6
4,5,trees200_depth3_split2_leaf3_featsqrt_cwnone_trmiss60_degmodglobal,64,1.0,0.0,200,3,2,3,sqrt,none,-1,trees200_depth3_split2_leaf3_featsqrt_cwnone_trmiss60_degmodglobal,1,0.4962811921297613,0.9966600692726373,0.9971171317437254,0.9666666666666667,0.0,0.6864963552692088,0.5396825396825398,0.6247753591914442,0.4888888888888889,0.0,0.0,0.0,0.0,0.0,0.0,0.0,0.0,0.0,0.0,4,global,0.6
4,5,trees200_depth5_split2_leaf1_featsqrt_cwnone_trmiss60_degmodglobal,64,1.0,0.0,200,5,2,1,sqrt,none,-1,trees200_depth5_split2_leaf1_featsqrt_cwnone_trmiss60_degmodglobal,1,0.350449792427184,1.0,0.9999999999999999,1.0,0.0,0.6934997940611662,0.5496031746031746,0.5649175184357416,0.6,0.0,0.0,0.0,0.0,0.0,0.0,0.0,0.0,0.0,0.0,4,global,0.6
4,5,trees200_depth5_split2_leaf3_featsqrt_cwnone_trmiss60_degmodglobal,64,1.0,0.0,200,5,2,3,sqrt,none,-1,trees200_depth5_split2_leaf3_featsqrt_cwnone_trmiss60_degmodglobal,1,0.3841532912376131,1.0,0.9999999999999999,1.0,0.0,0.6771085359752985,0.6130952380952381,0.638429418667847,0.5555555555555556,0.0,0.0,0.0,0.0,0.0,0.0,0.0,0.0,0.0,0.0,4,global,0.6
4,5,trees200_depthnone_split2_leaf1_featsqrt_cwnone_trmiss60_degmodglobal,64,1.0,0.0,200,none,2,1,sqrt,none,-1,trees200_depthnone_split2_leaf1_featsqrt_cwnone_trmiss60_degmodglobal,1,0.20615715380921615,1.0,1.0,1.0,0.0,0.7298557416696576,0.507936507936508,0.5474019566436259,0.4666666666666667,0.0,0.0,0.0,0.0,0.0,0.0,0.0,0.0,0.0,0.0,4,global,0.6
4,5,trees200_depthnone_split2_leaf3_featsqrt_cwnone_trmiss60_degmodglobal,64,1.0,0.0,200,none,2,3,sqrt,none,-1,trees200_depthnone_split2_leaf3_featsqrt_cwnone_trmiss60_degmodglobal,1,0.2887583215694388,1.0,0.9999999999999999,1.0,0.0,0.6926015697106036,0.5535714285714286,0.6232792053403327,0.5555555555555556,0.0,0.0,0.0,0.0,0.0,0.0,0.0,0.0,0.0,0.0,4,global,0.6
4,5,trees500_depth3_split2_leaf1_featsqrt_cwnone_trmiss60_degmodglobal,64,1.0,0.0,500,3,2,1,sqrt,none,-1,trees500_depth3_split2_leaf1_featsqrt_cwnone_trmiss60_degmodglobal,1,0.48861705721449544,0.9976496783770411,0.9978670171448178,0.9722222222222222,0.0,0.6879317582925053,0.5317460317460317,0.6041970826822177,0.6,0.0,0.0,0.0,0.0,0.0,0.0,0.0,0.0,0.0,0.0,4,global,0.6
4,5,trees500_depth3_split2_leaf3_featsqrt_cwnone_trmiss60_degmodglobal,64,1.0,0.0,500,3,2,3,sqrt,none,-1,trees500_depth3_split2_leaf3_featsqrt_cwnone_trmiss60_degmodglobal,1,0.49885874849369555,0.9949282533399306,0.9956754779793552,0.9611111111111111,0.0,0.6857480379901155,0.5257936507936507,0.6231532190434188,0.5555555555555556,0.0,0.0,0.0,0.0,0.0,0.0,0.0,0.0,0.0,0.0,4,global,0.6
4,5,trees500_depth5_split2_leaf1_featsqrt_cwnone_trmiss60_degmodglobal,64,1.0,0.0,500,5,2,1,sqrt,none,-1,trees500_depth5_split2_leaf1_featsqrt_cwnone_trmiss60_degmodglobal,1,0.35289466084707677,1.0,0.9999999999999999,1.0,0.0,0.6946067670672541,0.5515873015873016,0.5994948158424734,0.5333333333333333,0.0,0.0,0.0,0.0,0.0,0.0,0.0,0.0,0.0,0.0,4,global,0.6
4,5,trees500_depth5_split2_leaf3_featsqrt_cwnone_trmiss60_degmodglobal,64,1.0,0.0,500,5,2,3,sqrt,none,-1,trees500_depth5_split2_leaf3_featsqrt_cwnone_trmiss60_degmodglobal,1,0.3867103074094135,1.0,0.9999999999999999,1.0,0.0,0.6893236993731623,0.5753968253968255,0.6447416845231155,0.5777777777777777,0.0,0.0,0.0,0.0,0.0,0.0,0.0,0.0,0.0,0.0,4,global,0.6
4,5,trees500_depthnone_split2_leaf1_featsqrt_cwnone_trmiss60_degmodglobal,64,1.0,0.0,500,none,2,1,sqrt,none,-1,trees500_depthnone_split2_leaf1_featsqrt_cwnone_trmiss60_degmodglobal,1,0.2026117912506656,1.0,1.0,1.0,0.0,0.7019117264153032,0.5386904761904763,0.5887857423554195,0.5333333333333333,0.0,0.0,0.0,0.0,0.0,0.0,0.0,0.0,0.0,0.0,4,global,0.6
4,5,trees500_depthnone_split2_leaf3_featsqrt_cwnone_trmiss60_degmodglobal,64,1.0,0.0,500,none,2,3,sqrt,none,-1,trees500_depthnone_split2_leaf3_featsqrt_cwnone_trmiss60_degmodglobal,1,0.28593265720306105,1.0,0.9999999999999999,1.0,0.0,0.6916939790781995,0.5674603174603174,0.6243803749978288,0.5333333333333333,0.0,0.0,0.0,0.0,0.0,0.0,0.0,0.0,0.0,0.0,4,global,0.6
5,1,trees200_depth3_split2_leaf1_featsqrt_cwnone_trmiss60_degmodglobal,64,1.0,0.0,200,3,2,1,sqrt,none,-1,trees200_depth3_split2_leaf1_featsqrt_cwnone_trmiss60_degmodglobal,1,0.497550351687097,0.997897080653142,0.9982826069214826,0.9777777777777777,0.0,0.6582021915170766,0.7114624505928854,0.7411643131378212,0.6444444444444445,0.0,0.0,0.0,0.0,0.0,0.0,0.0,0.0,0.0,0.0,4,global,0.6
5,1,trees200_depth3_split2_leaf3_featsqrt_cwnone_trmiss60_degmodglobal,64,1.0,0.0,200,3,2,3,sqrt,none,-1,trees200_depth3_split2_leaf3_featsqrt_cwnone_trmiss60_degmodglobal,1,0.5067418719066061,0.9927634834240474,0.9943828961573288,0.9666666666666667,0.0,0.6624555461543943,0.6897233201581028,0.7135930071609696,0.6444444444444445,0.0,0.0,0.0,0.0,0.0,0.0,0.0,0.0,0.0,0.0,4,global,0.6
5,1,trees200_depth5_split2_leaf1_featsqrt_cwnone_trmiss60_degmodglobal,64,1.0,0.0,200,5,2,1,sqrt,none,-1,trees200_depth5_split2_leaf1_featsqrt_cwnone_trmiss60_degmodglobal,1,0.3552042154647232,1.0,0.9999999999999999,0.9944444444444445,0.0,0.6367519578767413,0.7312252964426877,0.7801615577185643,0.6444444444444445,0.0,0.0,0.0,0.0,0.0,0.0,0.0,0.0,0.0,0.0,4,global,0.6
5,1,trees200_depth5_split2_leaf3_featsqrt_cwnone_trmiss60_degmodglobal,64,1.0,0.0,200,5,2,3,sqrt,none,-1,trees200_depth5_split2_leaf3_featsqrt_cwnone_trmiss60_degmodglobal,1,0.3934302647955565,0.9988248391885205,0.9989199419290604,0.9833333333333333,0.0,0.6411986246966472,0.7292490118577076,0.741152775422327,0.6222222222222222,0.0,0.0,0.0,0.0,0.0,0.0,0.0,0.0,0.0,0.0,4,global,0.6
5,1,trees200_depthnone_split2_leaf1_featsqrt_cwnone_trmiss60_degmodglobal,64,1.0,0.0,200,none,2,1,sqrt,none,-1,trees200_depthnone_split2_leaf1_featsqrt_cwnone_trmiss60_degmodglobal,1,0.20510010248427257,1.0,0.9999999999999999,1.0,0.0,0.6320079608898229,0.7223320158102767,0.7696420449585626,0.6,0.0,0.0,0.0,0.0,0.0,0.0,0.0,0.0,0.0,0.0,4,global,0.6
5,1,trees200_depthnone_split2_leaf3_featsqrt_cwnone_trmiss60_degmodglobal,64,1.0,0.0,200,none,2,3,sqrt,none,-1,trees200_depthnone_split2_leaf3_featsqrt_cwnone_trmiss60_degmodglobal,1,0.287095167143454,0.9998144482929242,0.9997783687943261,0.9944444444444445,0.0,0.6285391116377597,0.7391304347826086,0.7627260468653569,0.6444444444444445,0.0,0.0,0.0,0.0,0.0,0.0,0.0,0.0,0.0,0.0,4,global,0.6
5,1,trees500_depth3_split2_leaf1_featsqrt_cwnone_trmiss60_degmodglobal,64,1.0,0.0,500,3,2,1,sqrt,none,-1,trees500_depth3_split2_leaf1_featsqrt_cwnone_trmiss60_degmodglobal,1,0.49226195611637313,0.998948540326571,0.9989874787245476,0.9777777777777777,0.0,0.6559443538854279,0.7114624505928854,0.7514046609182148,0.6888888888888889,0.0,0.0,0.0,0.0,0.0,0.0,0.0,0.0,0.0,0.0,4,global,0.6
5,1,trees500_depth3_split2_leaf3_featsqrt_cwnone_trmiss60_degmodglobal,64,1.0,0.0,500,3,2,3,sqrt,none,-1,trees500_depth3_split2_leaf3_featsqrt_cwnone_trmiss60_degmodglobal,1,0.5098608428691794,0.9973404255319148,0.9975165858148602,0.9833333333333333,0.0,0.6536324306005565,0.7351778656126482,0.7413420403759268,0.6666666666666666,0.0,0.0,0.0,0.0,0.0,0.0,0.0,0.0,0.0,0.0,4,global,0.6
5,1,trees500_depth5_split2_leaf1_featsqrt_cwnone_trmiss60_degmodglobal,64,1.0,0.0,500,5,2,1,sqrt,none,-1,trees500_depth5_split2_leaf1_featsqrt_cwnone_trmiss60_degmodglobal,1,0.35814335801150327,1.0,0.9999999999999999,0.9888888888888889,0.0,0.6417575945171266,0.7292490118577075,0.7357561313995167,0.6444444444444445,0.0,0.0,0.0,0.0,0.0,0.0,0.0,0.0,0.0,0.0,4,global,0.6
5,1,trees500_depth5_split2_leaf3_featsqrt_cwnone_trmiss60_degmodglobal,64,1.0,0.0,500,5,2,3,sqrt,none,-1,trees500_depth5_split2_leaf3_featsqrt_cwnone_trmiss60_degmodglobal,1,0.3955728714563995,0.9996907471548738,0.9996651954127055,0.9888888888888889,0.0,0.6379045631139345,0.7292490118577075,0.7455072954123285,0.7111111111111111,0.0,0.0,0.0,0.0,0.0,0.0,0.0,0.0,0.0,0.0,4,global,0.6
5,1,trees500_depthnone_split2_leaf1_featsqrt_cwnone_trmiss60_degmodglobal,64,1.0,0.0,500,none,2,1,sqrt,none,-1,trees500_depthnone_split2_leaf1_featsqrt_cwnone_trmiss60_degmodglobal,1,0.2063227647762745,1.0,0.9999999999999999,1.0,0.0,0.635463804155029,0.7045454545454545,0.761606681719547,0.6,0.0,0.0,0.0,0.0,0.0,0.0,0.0,0.0,0.0,0.0,4,global,0.6
5,1,trees500_depthnone_split2_leaf3_featsqrt_cwnone_trmiss60_degmodglobal,64,1.0,0.0,500,none,2,3,sqrt,none,-1,trees500_depthnone_split2_leaf3_featsqrt_cwnone_trmiss60_degmodglobal,1,0.28797390818974644,0.9999381494309747,0.9998880179171331,0.9944444444444445,0.0,0.6351415587782653,0.7272727272727273,0.7516453834647083,0.6444444444444445,0.0,0.0,0.0,0.0,0.0,0.0,0.0,0.0,0.0,0.0,4,global,0.6
5,2,trees200_depth3_split2_leaf1_featsqrt_cwnone_trmiss60_degmodglobal,64,1.0,0.0,200,3,2,1,sqrt,none,-1,trees200_depth3_split2_leaf1_featsqrt_cwnone_trmiss60_degmodglobal,1,0.48830706929381107,0.9977733795150916,0.9980761556411841,0.9666666666666667,0.0,0.6604282412258528,0.6739130434782609,0.69568728181073,0.6888888888888889,0.0,0.0,0.0,0.0,0.0,0.0,0.0,0.0,0.0,0.0,4,global,0.6
5,2,trees200_depth3_split2_leaf3_featsqrt_cwnone_trmiss60_degmodglobal,64,1.0,0.0,200,3,2,3,sqrt,none,-1,trees200_depth3_split2_leaf3_featsqrt_cwnone_trmiss60_degmodglobal,1,0.5006651587221767,0.9965363681345869,0.9969714304974717,0.9666666666666667,0.0,0.6639372897463535,0.650197628458498,0.6775817862042668,0.6222222222222222,0.0,0.0,0.0,0.0,0.0,0.0,0.0,0.0,0.0,0.0,4,global,0.6
5,2,trees200_depth5_split2_leaf1_featsqrt_cwnone_trmiss60_degmodglobal,64,1.0,0.0,200,5,2,1,sqrt,none,-1,trees200_depth5_split2_leaf1_featsqrt_cwnone_trmiss60_degmodglobal,1,0.35285296494763024,1.0,0.9999999999999999,0.9888888888888889,0.0,0.6443425138285107,0.6936758893280632,0.7056975398546621,0.6444444444444445,0.0,0.0,0.0,0.0,0.0,0.0,0.0,0.0,0.0,0.0,4,global,0.6
5,2,trees200_depth5_split2_leaf3_featsqrt_cwnone_trmiss60_degmodglobal,64,1.0,0.0,200,5,2,3,sqrt,none,-1,trees200_depth5_split2_leaf3_featsqrt_cwnone_trmiss60_degmodglobal,1,0.3862010342330417,0.9990103908955963,0.9991270910645459,0.9833333333333333,0.0,0.6425492418174366,0.6956521739130435,0.7059259507282092,0.6666666666666666,0.0,0.0,0.0,0.0,0.0,0.0,0.0,0.0,0.0,0.0,4,global,0.6
5,2,trees200_depthnone_split2_leaf1_featsqrt_cwnone_trmiss60_degmodglobal,64,1.0,0.0,200,none,2,1,sqrt,none,-1,trees200_depthnone_split2_leaf1_featsqrt_cwnone_trmiss60_degmodglobal,1,0.20679319329829252,1.0,0.9999999999999999,1.0,0.0,0.6624588678937051,0.6185770750988142,0.641224138203816,0.5333333333333333,0.0,0.0,0.0,0.0,0.0,0.0,0.0,0.0,0.0,0.0,4,global,0.6
5,2,trees200_depthnone_split2_leaf3_featsqrt_cwnone_trmiss60_degmodglobal,64,1.0,0.0,200,none,2,3,sqrt,none,-1,trees200_depthnone_split2_leaf3_featsqrt_cwnone_trmiss60_degmodglobal,1,0.2879520237533469,1.0,0.9999999999999999,1.0,0.0,0.6367626815233175,0.6758893280632412,0.7509420471610827,0.5555555555555556,0.0,0.0,0.0,0.0,0.0,0.0,0.0,0.0,0.0,0.0,4,global,0.6
5,2,trees500_depth3_split2_leaf1_featsqrt_cwnone_trmiss60_degmodglobal,64,1.0,0.0,500,3,2,1,sqrt,none,-1,trees500_depth3_split2_leaf1_featsqrt_cwnone_trmiss60_degmodglobal,1,0.4877008831853732,0.997897080653142,0.9981449250671931,0.9666666666666667,0.0,0.6585568767216265,0.6857707509881423,0.6906971214459383,0.6888888888888889,0.0,0.0,0.0,0.0,0.0,0.0,0.0,0.0,0.0,0.0,4,global,0.6
5,2,trees500_depth3_split2_leaf3_featsqrt_cwnone_trmiss60_degmodglobal,64,1.0,0.0,500,3,2,3,sqrt,none,-1,trees500_depth3_split2_leaf3_featsqrt_cwnone_trmiss60_degmodglobal,1,0.502522950253637,0.9941860465116279,0.9952498216687768,0.9666666666666667,0.0,0.6559414613996158,0.7075098814229248,0.7644853410831808,0.6666666666666666,0.0,0.0,0.0,0.0,0.0,0.0,0.0,0.0,0.0,0.0,4,global,0.6
5,2,trees500_depth5_split2_leaf1_featsqrt_cwnone_trmiss60_degmodglobal,64,1.0,0.0,500,5,2,1,sqrt,none,-1,trees500_depth5_split2_leaf1_featsqrt_cwnone_trmiss60_degmodglobal,1,0.3494116250513265,0.9998762988619495,0.9998880179171331,0.9888888888888889,0.0,0.653349858133922,0.658102766798419,0.664780435306834,0.6444444444444445,0.0,0.0,0.0,0.0,0.0,0.0,0.0,0.0,0.0,0.0,4,global,0.6
5,2,trees500_depth5_split2_leaf3_featsqrt_cwnone_trmiss60_degmodglobal,64,1.0,0.0,500,5,2,3,sqrt,none,-1,trees500_depth5_split2_leaf3_featsqrt_cwnone_trmiss60_degmodglobal,1,0.3855879758616967,0.999505195447798,0.9995544046285927,0.9833333333333333,0.0,0.645554514290994,0.6877470355731226,0.707776977481678,0.6222222222222222,0.0,0.0,0.0,0.0,0.0,0.0,0.0,0.0,0.0,0.0,4,global,0.6
5,2,trees500_depthnone_split2_leaf1_featsqrt_cwnone_trmiss60_degmodglobal,64,1.0,0.0,500,none,2,1,sqrt,none,-1,trees500_depthnone_split2_leaf1_featsqrt_cwnone_trmiss60_degmodglobal,1,0.20771528735449196,1.0,0.9999999999999999,1.0,0.0,0.6367070452699185,0.6887351778656127,0.7090029678613199,0.6,0.0,0.0,0.0,0.0,0.0,0.0,0.0,0.0,0.0,0.0,4,global,0.6
5,2,trees500_depthnone_split2_leaf3_featsqrt_cwnone_trmiss60_degmodglobal,64,1.0,0.0,500,none,2,3,sqrt,none,-1,trees500_depthnone_split2_leaf3_featsqrt_cwnone_trmiss60_degmodglobal,1,0.2898364209251363,1.0,0.9999999999999999,1.0,0.0,0.6365909637585576,0.6857707509881423,0.7006686741505203,0.6444444444444445,0.0,0.0,0.0,0.0,0.0,0.0,0.0,0.0,0.0,0.0,4,global,0.6
5,3,trees200_depth3_split2_leaf1_featsqrt_cwnone_trmiss60_degmodglobal,64,1.0,0.0,200,3,2,1,sqrt,none,-1,trees200_depth3_split2_leaf1_featsqrt_cwnone_trmiss60_degmodglobal,1,0.4810275287847441,0.9929490351311232,0.9939960614432323,0.9666666666666667,0.0,0.6794169274444831,0.5652173913043478,0.6445598422359445,0.5777777777777777,0.0,0.0,0.0,0.0,0.0,0.0,0.0,0.0,0.0,0.0,4,global,0.6
5,3,trees200_depth3_split2_leaf3_featsqrt_cwnone_trmiss60_degmodglobal,64,1.0,0.0,200,3,2,3,sqrt,none,-1,trees200_depth3_split2_leaf3_featsqrt_cwnone_trmiss60_degmodglobal,1,0.49586600483784765,0.991340920336467,0.9928178183689966,0.9611111111111111,0.0,0.6775095120478587,0.5889328063241106,0.6552012356259226,0.5555555555555556,0.0,0.0,0.0,0.0,0.0,0.0,0.0,0.0,0.0,0.0,4,global,0.6
5,3,trees200_depth5_split2_leaf1_featsqrt_cwnone_trmiss60_degmodglobal,64,1.0,0.0,200,5,2,1,sqrt,none,-1,trees200_depth5_split2_leaf1_featsqrt_cwnone_trmiss60_degmodglobal,1,0.34903402205120426,0.9993814943097477,0.9994526103786919,0.9888888888888889,0.0,0.6740439983158895,0.5790513833992095,0.6629166830952443,0.4666666666666667,0.0,0.0,0.0,0.0,0.0,0.0,0.0,0.0,0.0,0.0,4,global,0.6
5,3,trees200_depth5_split2_leaf3_featsqrt_cwnone_trmiss60_degmodglobal,64,1.0,0.0,200,5,2,3,sqrt,none,-1,trees200_depth5_split2_leaf3_featsqrt_cwnone_trmiss60_degmodglobal,1,0.3823233829480962,0.9967219198416626,0.9972817426445885,0.9777777777777777,0.0,0.6748811833573513,0.5968379446640316,0.6645851850720792,0.5777777777777777,0.0,0.0,0.0,0.0,0.0,0.0,0.0,0.0,0.0,0.0,4,global,0.6
5,3,trees200_depthnone_split2_leaf1_featsqrt_cwnone_trmiss60_degmodglobal,64,1.0,0.0,200,none,2,1,sqrt,none,-1,trees200_depthnone_split2_leaf1_featsqrt_cwnone_trmiss60_degmodglobal,1,0.203352771330361,1.0,0.9999999999999999,1.0,0.0,0.6591777975335885,0.6353754940711462,0.6822435134951472,0.5555555555555556,0.0,0.0,0.0,0.0,0.0,0.0,0.0,0.0,0.0,0.0,4,global,0.6
5,3,trees200_depthnone_split2_leaf3_featsqrt_cwnone_trmiss60_degmodglobal,64,1.0,0.0,200,none,2,3,sqrt,none,-1,trees200_depthnone_split2_leaf3_featsqrt_cwnone_trmiss60_degmodglobal,1,0.2881526425869393,0.9996907471548738,0.999670980478175,0.9888888888888889,0.0,0.6729375926322485,0.6343873517786561,0.6785082753279654,0.6222222222222222,0.0,0.0,0.0,0.0,0.0,0.0,0.0,0.0,0.0,0.0,4,global,0.6
5,3,trees500_depth3_split2_leaf1_featsqrt_cwnone_trmiss60_degmodglobal,64,1.0,0.0,500,3,2,1,sqrt,none,-1,trees500_depth3_split2_leaf1_featsqrt_cwnone_trmiss60_degmodglobal,1,0.4792080403418538,0.9943097476496784,0.9946715095150344,0.9666666666666667,0.0,0.6749462556419679,0.5889328063241106,0.6916950440070142,0.5555555555555556,0.0,0.0,0.0,0.0,0.0,0.0,0.0,0.0,0.0,0.0,4,global,0.6
5,3,trees500_depth3_split2_leaf3_featsqrt_cwnone_trmiss60_degmodglobal,64,1.0,0.0,500,3,2,3,sqrt,none,-1,trees500_depth3_split2_leaf3_featsqrt_cwnone_trmiss60_degmodglobal,1,0.4980990532341683,0.9910935180603662,0.9916894591903112,0.9666666666666667,0.0,0.6857624093185934,0.5395256916996047,0.6325803044391631,0.5111111111111111,0.0,0.0,0.0,0.0,0.0,0.0,0.0,0.0,0.0,0.0,4,global,0.6
5,3,trees500_depth5_split2_leaf1_featsqrt_cwnone_trmiss60_degmodglobal,64,1.0,0.0,500,5,2,1,sqrt,none,-1,trees500_depth5_split2_leaf1_featsqrt_cwnone_trmiss60_degmodglobal,1,0.3456682970350529,0.999752597723899,0.9997783687943261,0.9944444444444445,0.0,0.683932127829594,0.5612648221343873,0.6288136762561315,0.5111111111111111,0.0,0.0,0.0,0.0,0.0,0.0,0.0,0.0,0.0,0.0,4,global,0.6
5,3,trees500_depth5_split2_leaf3_featsqrt_cwnone_trmiss60_degmodglobal,64,1.0,0.0,500,5,2,3,sqrt,none,-1,trees500_depth5_split2_leaf3_featsqrt_cwnone_trmiss60_degmodglobal,1,0.3776246894265662,0.9983918852053439,0.9984109159375858,0.9833333333333333,0.0,0.6662884501261825,0.616600790513834,0.6801961387063254,0.6,0.0,0.0,0.0,0.0,0.0,0.0,0.0,0.0,0.0,0.0,4,global,0.6
5,3,trees500_depthnone_split2_leaf1_featsqrt_cwnone_trmiss60_degmodglobal,64,1.0,0.0,500,none,2,1,sqrt,none,-1,trees500_depthnone_split2_leaf1_featsqrt_cwnone_trmiss60_degmodglobal,1,0.20340204981453228,1.0,0.9999999999999998,1.0,0.0,0.6611031127943524,0.6442687747035574,0.6678023174354385,0.5777777777777777,0.0,0.0,0.0,0.0,0.0,0.0,0.0,0.0,0.0,0.0,4,global,0.6
5,3,trees500_depthnone_split2_leaf3_featsqrt_cwnone_trmiss60_degmodglobal,64,1.0,0.0,500,none,2,3,sqrt,none,-1,trees500_depthnone_split2_leaf3_featsqrt_cwnone_trmiss60_degmodglobal,1,0.2844528211397446,0.9996907471548738,0.9996709804781749,0.9888888888888889,0.0,0.6635239803130141,0.6403162055335968,0.6771419633863265,0.6,0.0,0.0,0.0,0.0,0.0,0.0,0.0,0.0,0.0,0.0,4,global,0.6
5,4,trees200_depth3_split2_leaf1_featsqrt_cwnone_trmiss60_degmodglobal,64,1.0,0.0,200,3,2,1,sqrt,none,-1,trees200_depth3_split2_leaf1_featsqrt_cwnone_trmiss60_degmodglobal,1,0.47584474147688144,0.9961685823754789,0.9967139255748034,0.9555555555555556,0.0,0.7266346471040213,0.4166666666666667,0.49907809453737284,0.4222222222222222,0.0,0.0,0.0,0.0,0.0,0.0,0.0,0.0,0.0,0.0,4,global,0.6
5,4,trees200_depth3_split2_leaf3_featsqrt_cwnone_trmiss60_degmodglobal,64,1.0,0.0,200,3,2,3,sqrt,none,-1,trees200_depth3_split2_leaf3_featsqrt_cwnone_trmiss60_degmodglobal,1,0.48566037053618505,0.9950562353231986,0.9956739516712698,0.9555555555555556,0.0,0.7265517467780166,0.4444444444444445,0.5182676619579599,0.4666666666666667,0.0,0.0,0.0,0.0,0.0,0.0,0.0,0.0,0.0,0.0,4,global,0.6
5,4,trees200_depth5_split2_leaf1_featsqrt_cwnone_trmiss60_degmodglobal,64,1.0,0.0,200,5,2,1,sqrt,none,-1,trees200_depth5_split2_leaf1_featsqrt_cwnone_trmiss60_degmodglobal,1,0.34087291268339015,1.0,1.0,1.0,0.0,0.7461110712029003,0.4623015873015873,0.5191802585527983,0.4666666666666667,0.0,0.0,0.0,0.0,0.0,0.0,0.0,0.0,0.0,0.0,4,global,0.6
5,4,trees200_depth5_split2_leaf3_featsqrt_cwnone_trmiss60_degmodglobal,64,1.0,0.0,200,5,2,3,sqrt,none,-1,trees200_depth5_split2_leaf3_featsqrt_cwnone_trmiss60_degmodglobal,1,0.3758994277118453,0.9995056235323199,0.9995565901784724,0.9944444444444445,0.0,0.7594433838174597,0.42261904761904767,0.48900820865927974,0.4444444444444444,0.0,0.0,0.0,0.0,0.0,0.0,0.0,0.0,0.0,0.0,4,global,0.6
5,4,trees200_depthnone_split2_leaf1_featsqrt_cwnone_trmiss60_degmodglobal,64,1.0,0.0,200,none,2,1,sqrt,none,-1,trees200_depthnone_split2_leaf1_featsqrt_cwnone_trmiss60_degmodglobal,1,0.19646140714956206,1.0,0.9999999999999999,1.0,0.0,0.786664740562117,0.4176587301587302,0.4792897287962935,0.4888888888888889,0.0,0.0,0.0,0.0,0.0,0.0,0.0,0.0,0.0,0.0,4,global,0.6
5,4,trees200_depthnone_split2_leaf3_featsqrt_cwnone_trmiss60_degmodglobal,64,1.0,0.0,200,none,2,3,sqrt,none,-1,trees200_depthnone_split2_leaf3_featsqrt_cwnone_trmiss60_degmodglobal,1,0.2748336724273963,1.0,1.0,1.0,0.0,0.769484129797241,0.43253968253968256,0.4759368242809168,0.4222222222222222,0.0,0.0,0.0,0.0,0.0,0.0,0.0,0.0,0.0,0.0,4,global,0.6
5,4,trees500_depth3_split2_leaf1_featsqrt_cwnone_trmiss60_degmodglobal,64,1.0,0.0,500,3,2,1,sqrt,none,-1,trees500_depth3_split2_leaf1_featsqrt_cwnone_trmiss60_degmodglobal,1,0.47331637310013314,0.9946854529724386,0.9954403361438022,0.95,0.0,0.728688560789499,0.4444444444444444,0.5090449608105142,0.4888888888888889,0.0,0.0,0.0,0.0,0.0,0.0,0.0,0.0,0.0,0.0,4,global,0.6
5,4,trees500_depth3_split2_leaf3_featsqrt_cwnone_trmiss60_degmodglobal,64,1.0,0.0,500,3,2,3,sqrt,none,-1,trees500_depth3_split2_leaf3_featsqrt_cwnone_trmiss60_degmodglobal,1,0.4866364445770698,0.992831541218638,0.9937234970122808,0.9444444444444444,0.0,0.729819041606439,0.4087301587301587,0.4884126182797781,0.4222222222222222,0.0,0.0,0.0,0.0,0.0,0.0,0.0,0.0,0.0,0.0,4,global,0.6
5,4,trees500_depth5_split2_leaf1_featsqrt_cwnone_trmiss60_degmodglobal,64,1.0,0.0,500,5,2,1,sqrt,none,-1,trees500_depth5_split2_leaf1_featsqrt_cwnone_trmiss60_degmodglobal,1,0.3365296539801764,1.0,1.0,0.9944444444444445,0.0,0.7527877990609707,0.4186507936507937,0.4942321901801839,0.4444444444444444,0.0,0.0,0.0,0.0,0.0,0.0,0.0,0.0,0.0,0.0,4,global,0.6
5,4,trees500_depth5_split2_leaf3_featsqrt_cwnone_trmiss60_degmodglobal,64,1.0,0.0,500,5,2,3,sqrt,none,-1,trees500_depth5_split2_leaf3_featsqrt_cwnone_trmiss60_degmodglobal,1,0.37262713332659086,1.0,1.0,0.9944444444444445,0.0,0.7477095372279472,0.4325396825396826,0.5019625516355588,0.4444444444444444,0.0,0.0,0.0,0.0,0.0,0.0,0.0,0.0,0.0,0.0,4,global,0.6
5,4,trees500_depthnone_split2_leaf1_featsqrt_cwnone_trmiss60_degmodglobal,64,1.0,0.0,500,none,2,1,sqrt,none,-1,trees500_depthnone_split2_leaf1_featsqrt_cwnone_trmiss60_degmodglobal,1,0.19588938287285038,1.0,0.9999999999999999,1.0,0.0,0.7764983763600826,0.44642857142857145,0.49343847803014207,0.4888888888888889,0.0,0.0,0.0,0.0,0.0,0.0,0.0,0.0,0.0,0.0,4,global,0.6
5,4,trees500_depthnone_split2_leaf3_featsqrt_cwnone_trmiss60_degmodglobal,64,1.0,0.0,500,none,2,3,sqrt,none,-1,trees500_depthnone_split2_leaf3_featsqrt_cwnone_trmiss60_degmodglobal,1,0.2767257153878154,1.0,1.0,1.0,0.0,0.7549571305089783,0.4503968253968254,0.5143742503733854,0.4666666666666667,0.0,0.0,0.0,0.0,0.0,0.0,0.0,0.0,0.0,0.0,4,global,0.6
5,5,trees200_depth3_split2_leaf1_featsqrt_cwnone_trmiss60_degmodglobal,64,1.0,0.0,200,3,2,1,sqrt,none,-1,trees200_depth3_split2_leaf1_featsqrt_cwnone_trmiss60_degmodglobal,1,0.4712147575460897,0.9982696823631195,0.998486327677401,0.9777777777777777,0.0,0.7211734608584057,0.38095238095238093,0.46958086149438266,0.37777777777777777,0.0,0.0,0.0,0.0,0.0,0.0,0.0,0.0,0.0,0.0,4,global,0.6
5,5,trees200_depth3_split2_leaf3_featsqrt_cwnone_trmiss60_degmodglobal,64,1.0,0.0,200,3,2,3,sqrt,none,-1,trees200_depth3_split2_leaf3_featsqrt_cwnone_trmiss60_degmodglobal,1,0.4861762512216577,0.992707947101718,0.9937142051707153,0.9555555555555556,0.0,0.7264180568252119,0.4027777777777778,0.4858255618244494,0.4444444444444444,0.0,0.0,0.0,0.0,0.0,0.0,0.0,0.0,0.0,0.0,4,global,0.6
5,5,trees200_depth5_split2_leaf1_featsqrt_cwnone_trmiss60_degmodglobal,64,1.0,0.0,200,5,2,1,sqrt,none,-1,trees200_depth5_split2_leaf1_featsqrt_cwnone_trmiss60_degmodglobal,1,0.3306556692012574,1.0,1.0,0.9944444444444445,0.0,0.7732849245095915,0.3690476190476191,0.4775990594165041,0.4222222222222222,0.0,0.0,0.0,0.0,0.0,0.0,0.0,0.0,0.0,0.0,4,global,0.6
5,5,trees200_depth5_split2_leaf3_featsqrt_cwnone_trmiss60_degmodglobal,64,1.0,0.0,200,5,2,3,sqrt,none,-1,trees200_depth5_split2_leaf3_featsqrt_cwnone_trmiss60_degmodglobal,1,0.36310384820983,0.99987640588308,0.9998856097002974,0.9944444444444445,0.0,0.7647080976444423,0.3531746031746032,0.4672418906654505,0.37777777777777777,0.0,0.0,0.0,0.0,0.0,0.0,0.0,0.0,0.0,0.0,4,global,0.6
5,5,trees200_depthnone_split2_leaf1_featsqrt_cwnone_trmiss60_degmodglobal,64,1.0,0.0,200,none,2,1,sqrt,none,-1,trees200_depthnone_split2_leaf1_featsqrt_cwnone_trmiss60_degmodglobal,1,0.19424014663117425,1.0,0.9999999999999999,1.0,0.0,0.8121521321089317,0.318452380952381,0.4297181911399811,0.37777777777777777,0.0,0.0,0.0,0.0,0.0,0.0,0.0,0.0,0.0,0.0,4,global,0.6
5,5,trees200_depthnone_split2_leaf3_featsqrt_cwnone_trmiss60_degmodglobal,64,1.0,0.0,200,none,2,3,sqrt,none,-1,trees200_depthnone_split2_leaf3_featsqrt_cwnone_trmiss60_degmodglobal,1,0.2695625700262499,1.0,1.0,1.0,0.0,0.7858083244112918,0.37103174603174605,0.4714002599732764,0.4222222222222222,0.0,0.0,0.0,0.0,0.0,0.0,0.0,0.0,0.0,0.0,4,global,0.6
5,5,trees500_depth3_split2_leaf1_featsqrt_cwnone_trmiss60_degmodglobal,64,1.0,0.0,500,3,2,1,sqrt,none,-1,trees500_depth3_split2_leaf1_featsqrt_cwnone_trmiss60_degmodglobal,1,0.46998973889439116,0.9990112470646397,0.9991195413295619,0.9833333333333333,0.0,0.7301641971036904,0.375,0.4720615554423726,0.4222222222222222,0.0,0.0,0.0,0.0,0.0,0.0,0.0,0.0,0.0,0.0,4,global,0.6
5,5,trees500_depth3_split2_leaf3_featsqrt_cwnone_trmiss60_degmodglobal,64,1.0,0.0,500,3,2,3,sqrt,none,-1,trees500_depth3_split2_leaf3_featsqrt_cwnone_trmiss60_degmodglobal,1,0.48418902542311354,0.9974045235446792,0.9977521865043087,0.9777777777777777,0.0,0.725967487406667,0.39285714285714285,0.47727639135653177,0.4,0.0,0.0,0.0,0.0,0.0,0.0,0.0,0.0,0.0,0.0,4,global,0.6
5,5,trees500_depth5_split2_leaf1_featsqrt_cwnone_trmiss60_degmodglobal,64,1.0,0.0,500,5,2,1,sqrt,none,-1,trees500_depth5_split2_leaf1_featsqrt_cwnone_trmiss60_degmodglobal,1,0.33302197642419795,1.0,1.0,0.9944444444444445,0.0,0.7535037466595317,0.37896825396825395,0.47159249952424026,0.4222222222222222,0.0,0.0,0.0,0.0,0.0,0.0,0.0,0.0,0.0,0.0,4,global,0.6
5,5,trees500_depth5_split2_leaf3_featsqrt_cwnone_trmiss60_degmodglobal,64,1.0,0.0,500,5,2,3,sqrt,none,-1,trees500_depth5_split2_leaf3_featsqrt_cwnone_trmiss60_degmodglobal,1,0.36293968163161033,0.99987640588308,0.9998856097002974,0.9944444444444445,0.0,0.7605732868515815,0.3551587301587302,0.4550872591318162,0.35555555555555557,0.0,0.0,0.0,0.0,0.0,0.0,0.0,0.0,0.0,0.0,4,global,0.6
5,5,trees500_depthnone_split2_leaf1_featsqrt_cwnone_trmiss60_degmodglobal,64,1.0,0.0,500,none,2,1,sqrt,none,-1,trees500_depthnone_split2_leaf1_featsqrt_cwnone_trmiss60_degmodglobal,1,0.19510668357419775,1.0,0.9999999999999998,1.0,0.0,0.7773906010132778,0.39682539682539686,0.4964184787413833,0.37777777777777777,0.0,0.0,0.0,0.0,0.0,0.0,0.0,0.0,0.0,0.0,4,global,0.6
5,5,trees500_depthnone_split2_leaf3_featsqrt_cwnone_trmiss60_degmodglobal,64,1.0,0.0,500,none,2,3,sqrt,none,-1,trees500_depthnone_split2_leaf3_featsqrt_cwnone_trmiss60_degmodglobal,1,0.2727209254778069,1.0,1.0,1.0,0.0,0.7750665146429329,0.375,0.4662142074830292,0.4,0.0,0.0,0.0,0.0,0.0,0.0,0.0,0.0,0.0,0.0,4,global,0.6
