{"_timestamp":1.772497847559797e+09,"_wandb":{"runtime":0},"_runtime":0.0395115,"_step":53,"avg_inner_best_models/train_loss_mean":0.42909129957358044,"avg_inner_best_models/val_loss_mean":0.6347350180149078}