{"avg_inner_best_models/val_auc_mean":0.5301724137931034,"_timestamp":1.7728177786565802e+09,"_step":71,"avg_inner_best_models/train_loss_mean":0.4432270402709643,"_runtime":0.059125139,"_wandb":{"runtime":0},"avg_inner_best_models/val_loss_mean":0.7004146774609884}