{"_step":41,"avg_inner_best_models/train_loss_mean":0.4473625024159749,"avg_inner_best_models/val_loss_mean":0.6070153713226318,"avg_inner_best_models/val_auc_mean":0.7436974789915967,"_timestamp":1.7728018136870728e+09,"_wandb":{"runtime":0},"_runtime":0.0665247}