{"avg_inner_best_models/train_loss_mean":0.46132899075746536,"_wandb":{"runtime":0},"_runtime":0.036804545,"avg_inner_best_models/val_loss_mean":0.6457241773605347,"_timestamp":1.7725233626005862e+09,"_step":39}