{"_wandb":{"runtime":0},"_runtime":0.035682355,"_step":42,"avg_inner_best_models/train_loss_mean":0.37889793515205383,"avg_inner_best_models/val_loss_mean":0.5773428678512573,"_timestamp":1.7725048845761416e+09}