{"avg_inner_best_models/train_loss_mean":0.30987455199162167,"avg_inner_best_models/val_loss_mean":0.6300150553385416,"_timestamp":1.77250389025243e+09,"_step":33,"_wandb":{"runtime":0},"_runtime":0.035955973}