{"avg_inner_best_models/train_loss_mean":0.24954290191332498,"avg_inner_best_models/val_loss_mean":0.593355139096578,"_wandb":{"runtime":0},"_runtime":0.038342167,"_timestamp":1.772504547520124e+09,"_step":49}