{"_runtime":0.036280315,"_step":29,"avg_inner_best_models/train_loss_mean":0.5209779441356659,"avg_inner_best_models/val_loss_mean":0.6833085417747498,"avg_inner_best_models/val_auc_mean":0.6281512605042017,"_timestamp":1.7728045667173193e+09,"_wandb":{"runtime":0}}