outer_test_LOGLOSS_mean,outer_test_LOGLOSS_std,outer_test_AUC_mean,outer_test_AUC_std,outer_test_AUCPR_mean,outer_test_AUCPR_std,outer_test_ACC_mean,outer_test_ACC_std,outer_test_SEN_mean,outer_test_SEN_std,outer_test_SP_mean,outer_test_SP_std,outer_test_MCC_mean,outer_test_MCC_std
0.6567141610984089,0.02206283581169185,0.6359621441169061,0.08355037036274407,0.741595465523658,0.05302980798381363,0.6425647451963241,0.0578002509260111,0.7878359788359789,0.1110244261785476,0.3927936507936508,0.1763111337153763,0.19805391621673502,0.1451020278924839
