outer_test_LOGLOSS_mean,outer_test_LOGLOSS_std,outer_test_AUC_mean,outer_test_AUC_std,outer_test_AUCPR_mean,outer_test_AUCPR_std,outer_test_ACC_mean,outer_test_ACC_std,outer_test_SEN_mean,outer_test_SEN_std,outer_test_SP_mean,outer_test_SP_std,outer_test_MCC_mean,outer_test_MCC_std
0.6811241284773153,0.011237541293976614,0.6004504913076342,0.06230721061854244,0.728171559876679,0.040316559721708146,0.5504448621553885,0.07446283082675734,0.5641587301587302,0.1704997366108874,0.5276984126984127,0.18121446946882588,0.08997011142106158,0.12340192318952949
