{"_runtime":0.036750527,"avg_inner_best_models/val_loss_mean":0.6297192871570587,"avg_inner_best_models/val_auc_mean":0.7728194726166329,"_timestamp":1.7727681328762825e+09,"_step":42,"avg_inner_best_models/train_loss_mean":0.5072644452253977,"_wandb":{"runtime":0}}