{"avg_inner_best_models/train_loss_mean":0.4628647416830063,"avg_inner_best_models/val_loss_mean":0.6336098909378052,"_runtime":0.051837593,"_wandb":{"runtime":0},"_timestamp":1.7725148889061985e+09,"_step":44}