{"_step":35,"_runtime":0.052080586,"_wandb":{"runtime":0},"avg_inner_best_models/train_loss_mean":0.38839661826690036,"avg_inner_best_models/val_loss_mean":0.5987684528032938,"_timestamp":1.772498703627833e+09}