{"_runtime":0.052975177,"avg_inner_best_models/train_loss_mean":0.3042881985505422,"avg_inner_best_models/val_loss_mean":0.5754303634166718,"_timestamp":1.7725291690392492e+09,"_step":51,"_wandb":{"runtime":0}}