{"_wandb":{"runtime":0},"_runtime":0.056317179,"_step":80,"avg_inner_best_models/train_loss_mean":0.4195740570624669,"avg_inner_best_models/val_loss_mean":0.620906392733256,"_timestamp":1.7725639446870675e+09}