{"_step":80,"avg_inner_best_models/train_loss_mean":0.39617563784122467,"avg_inner_best_models/val_loss_mean":0.5989139676094055,"avg_inner_best_models/val_auc_mean":0.8038793103448276,"_timestamp":1.772777278021851e+09,"_runtime":0.06093887,"_wandb":{"runtime":0}}