{"_runtime":0.062794566,"_timestamp":1.7725725746847742e+09,"_step":68,"avg_inner_best_models/train_loss_mean":0.5436827292044958,"avg_inner_best_models/val_loss_mean":0.660790741443634,"_wandb":{"runtime":0}}