{"_wandb":{"runtime":0},"_runtime":0.053491853,"avg_inner_best_models/train_loss_mean":0.2747545788685481,"avg_inner_best_models/val_loss_mean":0.6103053689002991,"_timestamp":1.772530413466594e+09,"_step":40}