{"_runtime":0.0587064,"avg_inner_best_models/val_loss_mean":0.6409430503845215,"avg_inner_best_models/val_auc_mean":0.7121848739495799,"_timestamp":1.7728210983174226e+09,"_step":37,"avg_inner_best_models/train_loss_mean":0.5018697182337443,"_wandb":{"runtime":0}}