outer_test_LOGLOSS_mean,outer_test_LOGLOSS_std,outer_test_AUC_mean,outer_test_AUC_std,outer_test_AUCPR_mean,outer_test_AUCPR_std,outer_test_ACC_mean,outer_test_ACC_std,outer_test_SEN_mean,outer_test_SEN_std,outer_test_SP_mean,outer_test_SP_std,outer_test_MCC_mean,outer_test_MCC_std
0.6928739361082811,0.00805403035803698,0.5241868228772991,0.0654663951358233,0.6613260182298462,0.03348206144610429,0.5221386800334168,0.05200270302861968,0.5354179894179893,0.11739434899716791,0.4944761904761905,0.18849648736349284,0.03319281739232486,0.1314136849199322
