{"_wandb":{"runtime":0},"_runtime":0.053633237,"_timestamp":1.7727607294908798e+09,"_step":33,"avg_inner_best_models/train_loss_mean":0.47728409121433896,"avg_inner_best_models/val_loss_mean":0.6801075140635172,"avg_inner_best_models/val_auc_mean":0.6869747899159664}