{"_timestamp":1.7728023641209764e+09,"_wandb":{"runtime":0},"_runtime":0.055778183,"_step":70,"avg_inner_best_models/train_loss_mean":0.37048134952783585,"avg_inner_best_models/val_loss_mean":0.6265956362088522,"avg_inner_best_models/val_auc_mean":0.7241379310344827}