outer_test_LOGLOSS_mean,outer_test_LOGLOSS_std,outer_test_AUC_mean,outer_test_AUC_std,outer_test_AUCPR_mean,outer_test_AUCPR_std,outer_test_ACC_mean,outer_test_ACC_std,outer_test_SEN_mean,outer_test_SEN_std,outer_test_SP_mean,outer_test_SP_std,outer_test_MCC_mean,outer_test_MCC_std
0.6866225971480218,0.011490272856012198,0.5578163265306123,0.105354269126718,0.6992360897000361,0.056989259998254355,0.5733187134502924,0.08917428159992219,0.6387037037037037,0.1428970392979465,0.4632857142857143,0.13205087651831643,0.10297137925273127,0.15924323010291466
