{"_step":36,"_wandb":{"runtime":0},"_runtime":0.037714548,"avg_inner_best_models/train_loss_mean":0.5487774511178335,"avg_inner_best_models/val_loss_mean":0.6602552235126495,"avg_inner_best_models/val_auc_mean":0.6288032454361054,"_timestamp":1.7727904855682163e+09}