{"avg_inner_best_models/val_loss_mean":0.7052612006664276,"_wandb":{"runtime":0},"_runtime":0.034795843,"_timestamp":1.7725071444788961e+09,"_step":21,"avg_inner_best_models/train_loss_mean":0.5958805978298187}