{"avg_inner_best_models/train_loss_mean":0.5198672662178675,"avg_inner_best_models/val_loss_mean":0.6211779415607452,"avg_inner_best_models/val_auc_mean":0.6995798319327731,"_timestamp":1.7727676877975018e+09,"_wandb":{"runtime":0},"_runtime":0.051771652,"_step":34}