{"avg_inner_best_models/train_loss_mean":0.5220009634892145,"avg_inner_best_models/val_loss_mean":0.6564251482486725,"_timestamp":1.7725463122694738e+09,"_step":29,"_wandb":{"runtime":0},"_runtime":0.03909778}