outer_test_LOGLOSS_mean,outer_test_LOGLOSS_std,outer_test_AUC_mean,outer_test_AUC_std,outer_test_AUCPR_mean,outer_test_AUCPR_std,outer_test_ACC_mean,outer_test_ACC_std,outer_test_SEN_mean,outer_test_SEN_std,outer_test_SP_mean,outer_test_SP_std,outer_test_MCC_mean,outer_test_MCC_std
0.6719871305292385,0.023376837704065383,0.5878682917611489,0.0770177722300735,0.7184094341302404,0.05736093677373383,0.5891875522138681,0.060317551455533684,0.6826931216931217,0.105589679653731,0.4243809523809524,0.08673343895935018,0.11314324059961943,0.10816141585684262
