outer_test_LOGLOSS_mean,outer_test_LOGLOSS_std,outer_test_AUC_mean,outer_test_AUC_std,outer_test_AUCPR_mean,outer_test_AUCPR_std,outer_test_ACC_mean,outer_test_ACC_std,outer_test_SEN_mean,outer_test_SEN_std,outer_test_SP_mean,outer_test_SP_std,outer_test_MCC_mean,outer_test_MCC_std
0.6697414521420203,0.023831631050125413,0.5942848954396572,0.08248930901889116,0.7209797123329348,0.059755683297314045,0.596342940685046,0.07104589910546072,0.6990211640211639,0.1251071537174478,0.4180634920634921,0.10345328213479155,0.12600687842243755,0.12608034529904813
