{"_timestamp":1.7728270924688303e+09,"_wandb":{"runtime":0},"_runtime":0.051933138,"_step":37,"avg_inner_best_models/train_loss_mean":0.534790520866712,"avg_inner_best_models/val_loss_mean":0.6482371091842651,"avg_inner_best_models/val_auc_mean":0.73109243697479}