outer_test_LOGLOSS_mean,outer_test_LOGLOSS_std,outer_test_AUC_mean,outer_test_AUC_std,outer_test_AUCPR_mean,outer_test_AUCPR_std,outer_test_ACC_mean,outer_test_ACC_std,outer_test_SEN_mean,outer_test_SEN_std,outer_test_SP_mean,outer_test_SP_std,outer_test_MCC_mean,outer_test_MCC_std
0.6803657644177922,0.018621801629669338,0.5696392038296799,0.08498871030936933,0.7022831210926757,0.07069567702233157,0.5591959064327485,0.07143584094679137,0.6072962962962962,0.18905028713148536,0.47514285714285714,0.19270635930941993,0.09001884140211078,0.11035269529987066
