{"avg_inner_best_models/val_auc_mean":0.8151260504201681,"_timestamp":1.772818048779923e+09,"_runtime":0.067996244,"_wandb":{"runtime":0},"_step":80,"avg_inner_best_models/train_loss_mean":0.46230490257342655,"avg_inner_best_models/val_loss_mean":0.5979821681976318}