{"_timestamp":1.772519292402967e+09,"_step":48,"avg_inner_best_models/train_loss_mean":0.5256291379531225,"_wandb":{"runtime":0},"_runtime":0.037747932,"avg_inner_best_models/val_loss_mean":0.6640133857727051}