{"_step":38,"_wandb":{"runtime":0},"_runtime":0.035219565,"avg_inner_best_models/train_loss_mean":0.47587932149569195,"avg_inner_best_models/val_loss_mean":0.6463621556758881,"_timestamp":1.7725283496502469e+09}