{"avg_inner_best_models/val_auc_mean":0.6831896551724138,"_timestamp":1.7727580589076538e+09,"_wandb":{"runtime":0},"_runtime":0.060522636,"_step":29,"avg_inner_best_models/train_loss_mean":0.566332682967186,"avg_inner_best_models/val_loss_mean":0.6639755765597025}