{"_timestamp":1.7725054940860722e+09,"_step":22,"_wandb":{"runtime":0},"_runtime":0.057076521,"avg_inner_best_models/train_loss_mean":0.45744969695806503,"avg_inner_best_models/val_loss_mean":0.6604424516359965}