{"_timestamp":1.772778076032224e+09,"_wandb":{"runtime":0},"_runtime":0.051484802,"_step":47,"avg_inner_best_models/train_loss_mean":0.4604998230934143,"avg_inner_best_models/val_loss_mean":0.6278426647186279,"avg_inner_best_models/val_auc_mean":0.7163865546218487}