{"avg_inner_best_models/train_loss_mean":0.5882849792639414,"avg_inner_best_models/val_loss_mean":0.7456453740596771,"avg_inner_best_models/val_auc_mean":0.7331932773109244,"_wandb":{"runtime":0},"_runtime":0.054882043,"_timestamp":1.7727528743124719e+09,"_step":80}