{"_runtime":0.036560147,"_step":34,"avg_inner_best_models/train_loss_mean":0.48548054198424023,"avg_inner_best_models/val_loss_mean":0.6745605071385702,"avg_inner_best_models/val_auc_mean":0.6092436974789917,"_timestamp":1.7728200452460635e+09,"_wandb":{"runtime":0}}