{"avg_inner_best_models/val_loss_mean":0.6657881538073221,"avg_inner_best_models/val_auc_mean":0.6508620689655172,"_timestamp":1.7727829808956628e+09,"_wandb":{"runtime":0},"_runtime":0.050527465,"_step":41,"avg_inner_best_models/train_loss_mean":0.5019537682334582}