outer_test_LOGLOSS_mean,outer_test_LOGLOSS_std,outer_test_AUC_mean,outer_test_AUC_std,outer_test_AUCPR_mean,outer_test_AUCPR_std,outer_test_ACC_mean,outer_test_ACC_std,outer_test_SEN_mean,outer_test_SEN_std,outer_test_SP_mean,outer_test_SP_std,outer_test_MCC_mean,outer_test_MCC_std
0.6632934719670263,0.009539976168468507,0.5686167800453514,0.04213829275373695,0.7092360640115852,0.039927454283964776,0.5955513784461153,0.04069668250866724,0.7709523809523808,0.07183438512557455,0.29095238095238096,0.03004154342016667,0.07269819359294728,0.0762342161087784
