outer_test_LOGLOSS_mean,outer_test_LOGLOSS_std,outer_test_AUC_mean,outer_test_AUC_std,outer_test_AUCPR_mean,outer_test_AUCPR_std,outer_test_ACC_mean,outer_test_ACC_std,outer_test_SEN_mean,outer_test_SEN_std,outer_test_SP_mean,outer_test_SP_std,outer_test_MCC_mean,outer_test_MCC_std
0.6874120553082596,0.01833987673453763,0.5747746913580247,0.12786637131389053,0.7012868894600689,0.10183287778024751,0.5410463659147869,0.09183473164151697,0.5120529100529101,0.17864037319832685,0.5912063492063492,0.20659689471959702,0.10526971128077331,0.17950000190986218
