{"avg_inner_best_models/train_loss_mean":0.37902384003003436,"avg_inner_best_models/val_loss_mean":0.6290200054645538,"_wandb":{"runtime":0},"_runtime":0.055277513,"avg_inner_best_models/val_auc_mean":0.6810344827586207,"_timestamp":1.7727838640316918e+09,"_step":68}