{"_timestamp":1.772774273871974e+09,"_step":42,"avg_inner_best_models/train_loss_mean":0.4749577194452286,"avg_inner_best_models/val_loss_mean":0.6504749655723572,"_wandb":{"runtime":0},"_runtime":0.05630481,"avg_inner_best_models/val_auc_mean":0.7142857142857142}