{"_timestamp":1.7727781700305486e+09,"_step":29,"_wandb":{"runtime":0},"_runtime":0.03506542,"avg_inner_best_models/train_loss_mean":0.5464608470598856,"avg_inner_best_models/val_loss_mean":0.6876436173915863,"avg_inner_best_models/val_auc_mean":0.581896551724138}