{"avg_inner_best_models/val_loss_mean":0.6429510712623596,"_timestamp":1.7725143348108995e+09,"_runtime":0.037716465,"_wandb":{"runtime":0},"_step":24,"avg_inner_best_models/train_loss_mean":0.3438243468602498}