outer_test_LOGLOSS_mean,outer_test_LOGLOSS_std,outer_test_AUC_mean,outer_test_AUC_std,outer_test_AUCPR_mean,outer_test_AUCPR_std,outer_test_ACC_mean,outer_test_ACC_std,outer_test_SEN_mean,outer_test_SEN_std,outer_test_SP_mean,outer_test_SP_std,outer_test_MCC_mean,outer_test_MCC_std
0.6739216074870046,0.018656362750655506,0.5825537288989671,0.07622007924543833,0.7224572509347765,0.04628177301421168,0.5867627401837928,0.06914937062544825,0.6658571428571429,0.19064129571529648,0.4494920634920635,0.2543752777341266,0.12243554057165182,0.15173724239650177
