outer_test_LOGLOSS_mean,outer_test_LOGLOSS_std,outer_test_AUC_mean,outer_test_AUC_std,outer_test_AUCPR_mean,outer_test_AUCPR_std,outer_test_ACC_mean,outer_test_ACC_std,outer_test_SEN_mean,outer_test_SEN_std,outer_test_SP_mean,outer_test_SP_std,outer_test_MCC_mean,outer_test_MCC_std
0.6700837817968811,0.017865282730316956,0.5800978206097255,0.07756875641622384,0.7200970058314426,0.053894049621103834,0.6022514619883041,0.07881161735577409,0.718925925925926,0.11359888757668153,0.40012698412698416,0.1467123326975072,0.1289733256059157,0.17120608268287352
