{"avg_inner_best_models/val_loss_mean":0.665579080581665,"avg_inner_best_models/val_auc_mean":0.6449579831932772,"_timestamp":1.7727804887462275e+09,"_step":28,"_wandb":{"runtime":0},"_runtime":0.056146978,"avg_inner_best_models/train_loss_mean":0.4852769672870636}