{"_runtime":0.052448827,"_step":49,"avg_inner_best_models/train_loss_mean":0.4604516178369522,"avg_inner_best_models/val_loss_mean":0.6048464377721151,"_timestamp":1.7724988850865188e+09,"_wandb":{"runtime":0}}