{"_step":26,"avg_inner_best_models/train_loss_mean":0.5408148368199667,"_runtime":0.03456002,"_wandb":{"runtime":0},"avg_inner_best_models/val_loss_mean":0.6478031078974406,"_timestamp":1.7725375819521976e+09}