{"_timestamp":1.7725422699987924e+09,"_step":30,"_runtime":0.038401611,"_wandb":{"runtime":0},"avg_inner_best_models/train_loss_mean":0.5772584279378256,"avg_inner_best_models/val_loss_mean":0.6744183301925659}