{"avg_inner_best_models/val_loss_mean":0.6539108554522196,"avg_inner_best_models/val_auc_mean":0.7584033613445378,"_timestamp":1.7728037363646977e+09,"_step":52,"_wandb":{"runtime":0},"_runtime":0.045215633,"avg_inner_best_models/train_loss_mean":0.47443370272715885}