{"_timestamp":1.7724961451124547e+09,"_wandb":{"runtime":0},"_runtime":0.036564966,"_step":32,"avg_inner_best_models/train_loss_mean":0.35726108650366467,"avg_inner_best_models/val_loss_mean":0.6035707195599874}