{"avg_inner_best_models/val_loss_mean":0.6838107407093048,"_wandb":{"runtime":0},"_runtime":0.038078136,"avg_inner_best_models/val_auc_mean":0.5963488843813388,"_timestamp":1.7728159737762542e+09,"_step":49,"avg_inner_best_models/train_loss_mean":0.591383308172226}