outer_test_LOGLOSS_mean,outer_test_LOGLOSS_std,outer_test_AUC_mean,outer_test_AUC_std,outer_test_AUCPR_mean,outer_test_AUCPR_std,outer_test_ACC_mean,outer_test_ACC_std,outer_test_SEN_mean,outer_test_SEN_std,outer_test_SP_mean,outer_test_SP_std,outer_test_MCC_mean,outer_test_MCC_std
0.6765617718121899,0.018959623889164844,0.5655231796422273,0.0812282285472327,0.7021462886300912,0.06707313966518452,0.5644527986633252,0.05920543282958878,0.6548253968253969,0.11370317782579334,0.40946031746031747,0.12330203865574224,0.06568123537050816,0.11038475585662202
