{"_wandb":{"runtime":0},"_runtime":0.036385779,"avg_inner_best_models/train_loss_mean":0.446250947813193,"avg_inner_best_models/val_loss_mean":0.6479794581731161,"_timestamp":1.77251261739916e+09,"_step":36}