{"avg_inner_best_models/val_loss_mean":0.6679513454437256,"avg_inner_best_models/val_auc_mean":0.6228448275862069,"_wandb":{"runtime":0},"_runtime":0.054520675,"_timestamp":1.772821000408197e+09,"_step":32,"avg_inner_best_models/train_loss_mean":0.5417926808198293}