{"_wandb":{"runtime":0},"_runtime":0.060752959,"avg_inner_best_models/train_loss_mean":0.45992204050223034,"avg_inner_best_models/val_loss_mean":0.6569956739743551,"avg_inner_best_models/val_auc_mean":0.5798319327731092,"_timestamp":1.7728315382520218e+09,"_step":53}