{"avg_inner_best_models/val_auc_mean":0.6596638655462185,"_runtime":0.058428544,"_wandb":{"runtime":0},"_timestamp":1.7727557747834752e+09,"_step":51,"avg_inner_best_models/train_loss_mean":0.49428653717041016,"avg_inner_best_models/val_loss_mean":0.6639949083328247}