{"avg_inner_best_models/val_loss_mean":0.6501300632953644,"_timestamp":1.7725347531964812e+09,"_runtime":0.036863568,"_wandb":{"runtime":0},"_step":36,"avg_inner_best_models/train_loss_mean":0.4957888275384903}