outer_test_LOGLOSS_mean,outer_test_LOGLOSS_std,outer_test_AUC_mean,outer_test_AUC_std,outer_test_AUCPR_mean,outer_test_AUCPR_std,outer_test_ACC_mean,outer_test_ACC_std,outer_test_SEN_mean,outer_test_SEN_std,outer_test_SP_mean,outer_test_SP_std,outer_test_MCC_mean,outer_test_MCC_std
0.6825640727696236,0.013830984883609496,0.6116371882086169,0.03811785888359316,0.7373012305622857,0.03302235338661712,0.5571992481203007,0.06629597856723467,0.5229470899470899,0.17562151433744927,0.61715873015873,0.15408678289247205,0.1427801374014714,0.07834648251943224
