outer_test_LOGLOSS_mean,outer_test_LOGLOSS_std,outer_test_AUC_mean,outer_test_AUC_std,outer_test_AUCPR_mean,outer_test_AUCPR_std,outer_test_ACC_mean,outer_test_ACC_std,outer_test_SEN_mean,outer_test_SEN_std,outer_test_SP_mean,outer_test_SP_std,outer_test_MCC_mean,outer_test_MCC_std
0.6800467672054327,0.009206762418585762,0.6040587049634668,0.06984550681096703,0.7420955994187769,0.04997360687734818,0.5899624060150376,0.06156553716477867,0.6722486772486771,0.1407414507741314,0.4505079365079365,0.13054939203272467,0.1273562060173386,0.0955776400301955
