outer_test_LOGLOSS_mean,outer_test_LOGLOSS_std,outer_test_AUC_mean,outer_test_AUC_std,outer_test_AUCPR_mean,outer_test_AUCPR_std,outer_test_ACC_mean,outer_test_ACC_std,outer_test_SEN_mean,outer_test_SEN_std,outer_test_SP_mean,outer_test_SP_std,outer_test_MCC_mean,outer_test_MCC_std
0.6721299525222254,0.02383260134875442,0.5797996976568405,0.06564316372676106,0.7249454037945627,0.042583076208500936,0.5867752715121137,0.06298109032676284,0.7025238095238096,0.11161568269826587,0.3857777777777778,0.10530306590104785,0.0934821473029358,0.11834975010405209
