{"_timestamp":1.7725585917701876e+09,"_wandb":{"runtime":0},"_runtime":0.059422444,"_step":59,"avg_inner_best_models/train_loss_mean":0.5070224061608315,"avg_inner_best_models/val_loss_mean":0.6625799854596456}