{"_runtime":0.055356945,"avg_inner_best_models/train_loss_mean":0.5512453118960062,"avg_inner_best_models/val_loss_mean":0.6552675167719523,"avg_inner_best_models/val_auc_mean":0.6977687626774848,"_timestamp":1.77283278401393e+09,"_step":54,"_wandb":{"runtime":0}}