{"_timestamp":1.7725657797226737e+09,"_step":68,"_wandb":{"runtime":0},"_runtime":0.053380169,"avg_inner_best_models/train_loss_mean":0.511001298824946,"avg_inner_best_models/val_loss_mean":0.6735877394676208}