outer_test_LOGLOSS_mean,outer_test_LOGLOSS_std,outer_test_AUC_mean,outer_test_AUC_std,outer_test_AUCPR_mean,outer_test_AUCPR_std,outer_test_ACC_mean,outer_test_ACC_std,outer_test_SEN_mean,outer_test_SEN_std,outer_test_SP_mean,outer_test_SP_std,outer_test_MCC_mean,outer_test_MCC_std
0.6726447106662807,0.03063004324269769,0.5856746031746032,0.09867378658976216,0.718078452909672,0.08174932419444815,0.5958646616541354,0.07699600096953393,0.7038095238095238,0.1981445807493167,0.40714285714285714,0.18143732012402203,0.12972618653294465,0.12450964016471873
