{"_runtime":0.059529981,"_step":80,"avg_inner_best_models/train_loss_mean":0.41753210375706357,"avg_inner_best_models/val_loss_mean":0.6327442725499471,"avg_inner_best_models/val_auc_mean":0.7058823529411765,"_timestamp":1.7727616905289757e+09,"_wandb":{"runtime":0}}