outer_test_LOGLOSS_mean,outer_test_LOGLOSS_std,outer_test_AUC_mean,outer_test_AUC_std,outer_test_AUCPR_mean,outer_test_AUCPR_std,outer_test_ACC_mean,outer_test_ACC_std,outer_test_SEN_mean,outer_test_SEN_std,outer_test_SP_mean,outer_test_SP_std,outer_test_MCC_mean,outer_test_MCC_std
0.6779153044746438,0.008069236779123244,0.5935402494331066,0.06860631791331025,0.71652649887951,0.039627490643213685,0.58906223893066,0.045701851585370185,0.6593492063492064,0.09593486771883676,0.46958730158730155,0.18290608753803672,0.12189739974157436,0.13326537751365897
