{"avg_inner_best_models/val_loss_mean":0.6992013851801554,"_wandb":{"runtime":0},"_runtime":0.05095208,"_timestamp":1.7725002126685035e+09,"_step":34,"avg_inner_best_models/train_loss_mean":0.28657767176628113}