{"_runtime":0.050810109,"_step":30,"avg_inner_best_models/train_loss_mean":0.5475044498840967,"avg_inner_best_models/val_loss_mean":0.6607412298520406,"_timestamp":1.7725407434580371e+09,"_wandb":{"runtime":0}}