outer_test_LOGLOSS_mean,outer_test_LOGLOSS_std,outer_test_AUC_mean,outer_test_AUC_std,outer_test_AUCPR_mean,outer_test_AUCPR_std,outer_test_ACC_mean,outer_test_ACC_std,outer_test_SEN_mean,outer_test_SEN_std,outer_test_SP_mean,outer_test_SP_std,outer_test_MCC_mean,outer_test_MCC_std
0.6841642657154415,0.013345885099506622,0.56868927941547,0.04868882606754568,0.6828837246094596,0.0328083900813044,0.5530576441102757,0.060279657751451984,0.6028624338624339,0.191476787030561,0.47219047619047616,0.20925622094613314,0.08175207834108136,0.09793542370208307
