{"avg_inner_best_models/val_loss_mean":0.614025354385376,"_timestamp":1.772515591638759e+09,"_wandb":{"runtime":0},"_runtime":0.052726925,"_step":54,"avg_inner_best_models/train_loss_mean":0.40927619238694507}