{"_timestamp":1.7725484076018374e+09,"_wandb":{"runtime":0},"_runtime":0.06784421,"_step":80,"avg_inner_best_models/train_loss_mean":0.42222071439027786,"avg_inner_best_models/val_loss_mean":0.6147282520929972}