{"avg_inner_best_models/train_loss_mean":0.49452947080135345,"_runtime":0.052616908,"_wandb":{"runtime":0},"avg_inner_best_models/val_loss_mean":0.6612904965877533,"_timestamp":1.7725302275181596e+09,"_step":31}