{"avg_inner_best_models/train_loss_mean":0.9082077244917551,"avg_inner_best_models/val_loss_mean":0.6590074002742767,"_wandb":{"runtime":0},"_runtime":0.057379312,"avg_inner_best_models/val_auc_mean":0.7737068965517241,"_timestamp":1.7728610754202754e+09,"_step":80}