outer_test_LOGLOSS_mean,outer_test_LOGLOSS_std,outer_test_AUC_mean,outer_test_AUC_std,outer_test_AUCPR_mean,outer_test_AUCPR_std,outer_test_ACC_mean,outer_test_ACC_std,outer_test_SEN_mean,outer_test_SEN_std,outer_test_SP_mean,outer_test_SP_std,outer_test_MCC_mean,outer_test_MCC_std
0.6765829510711407,0.027866341408907137,0.5512152935248172,0.10693552469330246,0.6925740423799647,0.08392198176026845,0.5637406015037594,0.08784856845895869,0.6888783068783069,0.18546940016537838,0.3432222222222222,0.10795305920574151,0.054433824165323455,0.1376446406579186
