{"avg_inner_best_models/val_auc_mean":0.6743697478991597,"_timestamp":1.7727918970621705e+09,"_step":40,"avg_inner_best_models/train_loss_mean":0.5500705738862356,"_wandb":{"runtime":0},"_runtime":0.076648018,"avg_inner_best_models/val_loss_mean":0.6400729119777679}