{"avg_inner_best_models/val_auc_mean":0.7262931034482758,"_timestamp":1.772763715543398e+09,"_wandb":{"runtime":0},"_runtime":0.079157429,"_step":45,"avg_inner_best_models/train_loss_mean":0.4668949594100316,"avg_inner_best_models/val_loss_mean":0.6191723744074503}