outer_test_LOGLOSS_mean,outer_test_LOGLOSS_std,outer_test_AUC_mean,outer_test_AUC_std,outer_test_AUCPR_mean,outer_test_AUCPR_std,outer_test_ACC_mean,outer_test_ACC_std,outer_test_SEN_mean,outer_test_SEN_std,outer_test_SP_mean,outer_test_SP_std,outer_test_MCC_mean,outer_test_MCC_std
0.6787498116781336,0.007130097407348234,0.5529667422524565,0.057576400311230416,0.7012981345200079,0.04770583921651509,0.5766207184628236,0.037826795813208906,0.7059100529100529,0.07550854543618465,0.3539206349206349,0.15175800896840394,0.05775027130299563,0.10974278490930707
