{"_wandb":{"runtime":0},"_runtime":0.058561962,"avg_inner_best_models/train_loss_mean":0.3913938949505488,"avg_inner_best_models/val_loss_mean":0.5835227767626444,"_timestamp":1.7725036400946803e+09,"_step":36}