{"_runtime":0.065011667,"avg_inner_best_models/val_auc_mean":0.7068965517241379,"_timestamp":1.7728134255112383e+09,"_step":50,"avg_inner_best_models/train_loss_mean":0.4899137541651726,"avg_inner_best_models/val_loss_mean":0.6231901049613953,"_wandb":{"runtime":0}}