{"_timestamp":1.7727708699152498e+09,"_step":23,"_wandb":{"runtime":0},"_runtime":0.036641721,"avg_inner_best_models/train_loss_mean":0.5391806264718373,"avg_inner_best_models/val_loss_mean":0.684376060962677,"avg_inner_best_models/val_auc_mean":0.552267458707621}