{"_timestamp":1.7727955431880763e+09,"_step":38,"avg_inner_best_models/train_loss_mean":0.5126598378022512,"_wandb":{"runtime":0},"_runtime":0.053093862,"avg_inner_best_models/val_loss_mean":0.6819979747136434,"avg_inner_best_models/val_auc_mean":0.5905172413793103}