outer_fold,split,patient,eval_missing_location,eval_missing_prop,inner_model_1_logit,inner_model_1_pred_label,inner_model_2_logit,inner_model_2_pred_label,inner_model_3_logit,inner_model_3_pred_label,inner_model_4_logit,inner_model_4_pred_label,inner_model_5_logit,inner_model_5_pred_label,seed,missing_location,train_missing_prop
1,train_outer,14169967,,,,,,,,,,,,,55602,radio,0.8
1,train_outer,16000430,,,,,,,,,,,,,55602,radio,0.8
1,train_outer,374909,,,,,,,,,,,,,55602,radio,0.8
1,train_outer,13256558,,,,,,,,,,,,,55602,radio,0.8
1,train_outer,15563805,,,,,,,,,,,,,55602,radio,0.8
1,train_outer,18900473,,,,,,,,,,,,,55602,radio,0.8
1,train_outer,16471324,,,,,,,,,,,,,55602,radio,0.8
1,train_outer,20363213,,,,,,,,,,,,,55602,radio,0.8
1,train_outer,20416158,,,,,,,,,,,,,55602,radio,0.8
1,train_outer,20411050,,,,,,,,,,,,,55602,radio,0.8
1,train_outer,10584350,,,,,,,,,,,,,55602,radio,0.8
1,train_outer,10651619,,,,,,,,,,,,,55602,radio,0.8
1,train_outer,20159853,,,,,,,,,,,,,55602,radio,0.8
1,train_outer,11818229,,,,,,,,,,,,,55602,radio,0.8
1,train_outer,17261908,,,,,,,,,,,,,55602,radio,0.8
1,train_outer,10012210,,,,,,,,,,,,,55602,radio,0.8
1,train_outer,192787,,,,,,,,,,,,,55602,radio,0.8
1,train_outer,20360194,,,,,,,,,,,,,55602,radio,0.8
1,train_outer,20677961,,,,,,,,,,,,,55602,radio,0.8
1,train_outer,14653930,,,,,,,,,,,,,55602,radio,0.8
1,train_outer,12419489,,,,,,,,,,,,,55602,radio,0.8
1,train_outer,11972396,,,,,,,,,,,,,55602,radio,0.8
1,train_outer,11932685,,,,,,,,,,,,,55602,radio,0.8
1,train_outer,586698,,,,,,,,,,,,,55602,radio,0.8
1,train_outer,16808905,,,,,,,,,,,,,55602,radio,0.8
1,train_outer,20810268,,,,,,,,,,,,,55602,radio,0.8
1,train_outer,310824,,,,,,,,,,,,,55602,radio,0.8
1,train_outer,15263444,,,,,,,,,,,,,55602,radio,0.8
1,train_outer,17280160,,,,,,,,,,,,,55602,radio,0.8
1,train_outer,14279650,,,,,,,,,,,,,55602,radio,0.8
1,train_outer,20598191,,,,,,,,,,,,,55602,radio,0.8
1,train_outer,10148300,,,,,,,,,,,,,55602,radio,0.8
1,train_outer,16784223,,,,,,,,,,,,,55602,radio,0.8
1,train_outer,15876887,,,,,,,,,,,,,55602,radio,0.8
1,train_outer,21200783,,,,,,,,,,,,,55602,radio,0.8
1,train_outer,13161584,,,,,,,,,,,,,55602,radio,0.8
1,train_outer,13787273,,,,,,,,,,,,,55602,radio,0.8
1,train_outer,10262640,,,,,,,,,,,,,55602,radio,0.8
1,train_outer,11822030,,,,,,,,,,,,,55602,radio,0.8
1,train_outer,12527217,,,,,,,,,,,,,55602,radio,0.8
1,train_outer,12540915,,,,,,,,,,,,,55602,radio,0.8
1,train_outer,12818978,,,,,,,,,,,,,55602,radio,0.8
1,train_outer,12834264,,,,,,,,,,,,,55602,radio,0.8
1,train_outer,13643696,,,,,,,,,,,,,55602,radio,0.8
1,train_outer,14246141,,,,,,,,,,,,,55602,radio,0.8
1,train_outer,14826120,,,,,,,,,,,,,55602,radio,0.8
1,train_outer,14947437,,,,,,,,,,,,,55602,radio,0.8
1,train_outer,15398979,,,,,,,,,,,,,55602,radio,0.8
1,train_outer,15907405,,,,,,,,,,,,,55602,radio,0.8
1,train_outer,16186433,,,,,,,,,,,,,55602,radio,0.8
1,train_outer,16220376,,,,,,,,,,,,,55602,radio,0.8
1,train_outer,16470184,,,,,,,,,,,,,55602,radio,0.8
1,train_outer,17290521,,,,,,,,,,,,,55602,radio,0.8
1,train_outer,17626540,,,,,,,,,,,,,55602,radio,0.8
1,train_outer,17815997,,,,,,,,,,,,,55602,radio,0.8
1,train_outer,17923173,,,,,,,,,,,,,55602,radio,0.8
1,train_outer,18242610,,,,,,,,,,,,,55602,radio,0.8
1,train_outer,18711589,,,,,,,,,,,,,55602,radio,0.8
1,train_outer,18982916,,,,,,,,,,,,,55602,radio,0.8
1,train_outer,19052019,,,,,,,,,,,,,55602,radio,0.8
1,train_outer,19316184,,,,,,,,,,,,,55602,radio,0.8
1,train_outer,11721931,,,,,,,,,,,,,55602,radio,0.8
1,train_outer,11834621,,,,,,,,,,,,,55602,radio,0.8
1,train_outer,11963103,,,,,,,,,,,,,55602,radio,0.8
1,train_outer,14375972,,,,,,,,,,,,,55602,radio,0.8
1,train_outer,15001347,,,,,,,,,,,,,55602,radio,0.8
1,train_outer,15162605,,,,,,,,,,,,,55602,radio,0.8
1,train_outer,15366427,,,,,,,,,,,,,55602,radio,0.8
1,train_outer,15423946,,,,,,,,,,,,,55602,radio,0.8
1,train_outer,15697092,,,,,,,,,,,,,55602,radio,0.8
1,train_outer,17370457,,,,,,,,,,,,,55602,radio,0.8
1,train_outer,18622263,,,,,,,,,,,,,55602,radio,0.8
1,train_outer,15141193,,,,,,,,,,,,,55602,radio,0.8
1,train_outer,412386,,,,,,,,,,,,,55602,radio,0.8
1,train_outer,577697,,,,,,,,,,,,,55602,radio,0.8
1,train_outer,10013509,,,,,,,,,,,,,55602,radio,0.8
1,train_outer,10044748,,,,,,,,,,,,,55602,radio,0.8
1,train_outer,10603027,,,,,,,,,,,,,55602,radio,0.8
1,train_outer,11622567,,,,,,,,,,,,,55602,radio,0.8
1,train_outer,11653088,,,,,,,,,,,,,55602,radio,0.8
1,train_outer,11800552,,,,,,,,,,,,,55602,radio,0.8
1,train_outer,11821945,,,,,,,,,,,,,55602,radio,0.8
1,train_outer,12069946,,,,,,,,,,,,,55602,radio,0.8
1,train_outer,12148955,,,,,,,,,,,,,55602,radio,0.8
1,train_outer,12386307,,,,,,,,,,,,,55602,radio,0.8
1,train_outer,12492026,,,,,,,,,,,,,55602,radio,0.8
1,train_outer,13691299,,,,,,,,,,,,,55602,radio,0.8
1,train_outer,13793534,,,,,,,,,,,,,55602,radio,0.8
1,train_outer,14035251,,,,,,,,,,,,,55602,radio,0.8
1,train_outer,14125716,,,,,,,,,,,,,55602,radio,0.8
1,train_outer,14524333,,,,,,,,,,,,,55602,radio,0.8
1,train_outer,14741794,,,,,,,,,,,,,55602,radio,0.8
1,train_outer,15031324,,,,,,,,,,,,,55602,radio,0.8
1,train_outer,15088329,,,,,,,,,,,,,55602,radio,0.8
1,train_outer,15221964,,,,,,,,,,,,,55602,radio,0.8
1,train_outer,15253580,,,,,,,,,,,,,55602,radio,0.8
1,train_outer,15256029,,,,,,,,,,,,,55602,radio,0.8
1,train_outer,15293082,,,,,,,,,,,,,55602,radio,0.8
1,train_outer,15388458,,,,,,,,,,,,,55602,radio,0.8
1,train_outer,16010363,,,,,,,,,,,,,55602,radio,0.8
1,train_outer,16170980,,,,,,,,,,,,,55602,radio,0.8
1,train_outer,16915450,,,,,,,,,,,,,55602,radio,0.8
1,train_outer,17194838,,,,,,,,,,,,,55602,radio,0.8
1,train_outer,17843402,,,,,,,,,,,,,55602,radio,0.8
1,train_outer,17861159,,,,,,,,,,,,,55602,radio,0.8
1,train_outer,17959052,,,,,,,,,,,,,55602,radio,0.8
1,train_outer,18653723,,,,,,,,,,,,,55602,radio,0.8
1,train_outer,18661809,,,,,,,,,,,,,55602,radio,0.8
1,train_outer,18664964,,,,,,,,,,,,,55602,radio,0.8
1,train_outer,18793699,,,,,,,,,,,,,55602,radio,0.8
1,train_outer,18799499,,,,,,,,,,,,,55602,radio,0.8
1,train_outer,18809106,,,,,,,,,,,,,55602,radio,0.8
1,train_outer,18818037,,,,,,,,,,,,,55602,radio,0.8
1,train_outer,18880707,,,,,,,,,,,,,55602,radio,0.8
1,train_outer,18895067,,,,,,,,,,,,,55602,radio,0.8
1,train_outer,19309727,,,,,,,,,,,,,55602,radio,0.8
1,train_outer,11180416,,,,,,,,,,,,,55602,radio,0.8
1,train_outer,11385096,,,,,,,,,,,,,55602,radio,0.8
1,train_outer,11401016,,,,,,,,,,,,,55602,radio,0.8
1,train_outer,11489340,,,,,,,,,,,,,55602,radio,0.8
1,train_outer,11594412,,,,,,,,,,,,,55602,radio,0.8
1,train_outer,11717194,,,,,,,,,,,,,55602,radio,0.8
1,train_outer,11794273,,,,,,,,,,,,,55602,radio,0.8
1,train_outer,11814382,,,,,,,,,,,,,55602,radio,0.8
1,train_outer,11824012,,,,,,,,,,,,,55602,radio,0.8
1,train_outer,11906931,,,,,,,,,,,,,55602,radio,0.8
1,train_outer,12041667,,,,,,,,,,,,,55602,radio,0.8
1,train_outer,13985997,,,,,,,,,,,,,55602,radio,0.8
1,train_outer,14040222,,,,,,,,,,,,,55602,radio,0.8
1,train_outer,14341918,,,,,,,,,,,,,55602,radio,0.8
1,train_outer,15299004,,,,,,,,,,,,,55602,radio,0.8
1,train_outer,16671380,,,,,,,,,,,,,55602,radio,0.8
1,train_outer,17137601,,,,,,,,,,,,,55602,radio,0.8
1,train_outer,18199507,,,,,,,,,,,,,55602,radio,0.8
1,train_outer,18543332,,,,,,,,,,,,,55602,radio,0.8
1,train_outer,12093400,,,,,,,,,,,,,55602,radio,0.8
1,train_outer,13908208,,,,,,,,,,,,,55602,radio,0.8
1,train_outer,14210746,,,,,,,,,,,,,55602,radio,0.8
1,train_outer,14988315,,,,,,,,,,,,,55602,radio,0.8
1,train_outer,15127997,,,,,,,,,,,,,55602,radio,0.8
1,train_outer,18562866,,,,,,,,,,,,,55602,radio,0.8
1,train_outer,11608198,,,,,,,,,,,,,55602,radio,0.8
1,train_outer,11630247,,,,,,,,,,,,,55602,radio,0.8
1,train_outer,12082209,,,,,,,,,,,,,55602,radio,0.8
1,train_outer,12436441,,,,,,,,,,,,,55602,radio,0.8
1,train_outer,22582,,,,,,,,,,,,,55602,radio,0.8
1,train_outer,15539004,,,,,,,,,,,,,55602,radio,0.8
1,train_outer,246847,,,,,,,,,,,,,55602,radio,0.8
1,train_outer,11465065,,,,,,,,,,,,,55602,radio,0.8
1,train_outer,11717014,,,,,,,,,,,,,55602,radio,0.8
1,train_outer,12169842,,,,,,,,,,,,,55602,radio,0.8
1,train_outer,12235737,,,,,,,,,,,,,55602,radio,0.8
1,train_outer,12587577,,,,,,,,,,,,,55602,radio,0.8
1,train_outer,13092509,,,,,,,,,,,,,55602,radio,0.8
1,train_outer,13182560,,,,,,,,,,,,,55602,radio,0.8
1,train_outer,13286264,,,,,,,,,,,,,55602,radio,0.8
1,train_outer,14181060,,,,,,,,,,,,,55602,radio,0.8
1,train_outer,14599508,,,,,,,,,,,,,55602,radio,0.8
1,train_outer,14888869,,,,,,,,,,,,,55602,radio,0.8
1,train_outer,15034276,,,,,,,,,,,,,55602,radio,0.8
1,train_outer,15905520,,,,,,,,,,,,,55602,radio,0.8
1,train_outer,16340744,,,,,,,,,,,,,55602,radio,0.8
1,train_outer,16628950,,,,,,,,,,,,,55602,radio,0.8
1,train_outer,16722519,,,,,,,,,,,,,55602,radio,0.8
1,train_outer,17083115,,,,,,,,,,,,,55602,radio,0.8
1,train_outer,17103105,,,,,,,,,,,,,55602,radio,0.8
1,train_outer,17299110,,,,,,,,,,,,,55602,radio,0.8
1,train_outer,18612626,,,,,,,,,,,,,55602,radio,0.8
1,train_outer,18728195,,,,,,,,,,,,,55602,radio,0.8
1,train_outer,18781715,,,,,,,,,,,,,55602,radio,0.8
1,train_outer,18864853,,,,,,,,,,,,,55602,radio,0.8
1,train_outer,18901461,,,,,,,,,,,,,55602,radio,0.8
1,train_outer,10168570,,,,,,,,,,,,,55602,radio,0.8
1,train_outer,79508,,,,,,,,,,,,,55602,radio,0.8
1,train_outer,290115,,,,,,,,,,,,,55602,radio,0.8
1,train_outer,10475956,,,,,,,,,,,,,55602,radio,0.8
1,train_outer,10603871,,,,,,,,,,,,,55602,radio,0.8
1,train_outer,11761851,,,,,,,,,,,,,55602,radio,0.8
1,train_outer,11805660,,,,,,,,,,,,,55602,radio,0.8
1,train_outer,11837091,,,,,,,,,,,,,55602,radio,0.8
1,train_outer,11857407,,,,,,,,,,,,,55602,radio,0.8
1,train_outer,12098139,,,,,,,,,,,,,55602,radio,0.8
1,train_outer,12110141,,,,,,,,,,,,,55602,radio,0.8
1,train_outer,12963363,,,,,,,,,,,,,55602,radio,0.8
1,train_outer,13041746,,,,,,,,,,,,,55602,radio,0.8
1,train_outer,13238594,,,,,,,,,,,,,55602,radio,0.8
1,train_outer,13446892,,,,,,,,,,,,,55602,radio,0.8
1,train_outer,13474070,,,,,,,,,,,,,55602,radio,0.8
1,train_outer,13770286,,,,,,,,,,,,,55602,radio,0.8
1,train_outer,13885532,,,,,,,,,,,,,55602,radio,0.8
1,train_outer,13925217,,,,,,,,,,,,,55602,radio,0.8
1,train_outer,14261879,,,,,,,,,,,,,55602,radio,0.8
1,train_outer,14353000,,,,,,,,,,,,,55602,radio,0.8
1,train_outer,14450517,,,,,,,,,,,,,55602,radio,0.8
1,train_outer,14869784,,,,,,,,,,,,,55602,radio,0.8
1,train_outer,14976505,,,,,,,,,,,,,55602,radio,0.8
1,train_outer,15004749,,,,,,,,,,,,,55602,radio,0.8
1,train_outer,15058011,,,,,,,,,,,,,55602,radio,0.8
1,train_outer,15191395,,,,,,,,,,,,,55602,radio,0.8
1,train_outer,15238591,,,,,,,,,,,,,55602,radio,0.8
1,train_outer,15434959,,,,,,,,,,,,,55602,radio,0.8
1,train_outer,15593227,,,,,,,,,,,,,55602,radio,0.8
1,train_outer,15646198,,,,,,,,,,,,,55602,radio,0.8
1,train_outer,16227637,,,,,,,,,,,,,55602,radio,0.8
1,train_outer,16302547,,,,,,,,,,,,,55602,radio,0.8
1,train_outer,16569846,,,,,,,,,,,,,55602,radio,0.8
1,train_outer,16815727,,,,,,,,,,,,,55602,radio,0.8
1,train_outer,16884084,,,,,,,,,,,,,55602,radio,0.8
1,train_outer,17095334,,,,,,,,,,,,,55602,radio,0.8
1,train_outer,17097216,,,,,,,,,,,,,55602,radio,0.8
1,train_outer,17621600,,,,,,,,,,,,,55602,radio,0.8
1,train_outer,17648478,,,,,,,,,,,,,55602,radio,0.8
1,train_outer,17782775,,,,,,,,,,,,,55602,radio,0.8
1,train_outer,17921940,,,,,,,,,,,,,55602,radio,0.8
1,train_outer,18592113,,,,,,,,,,,,,55602,radio,0.8
1,train_outer,19176559,,,,,,,,,,,,,55602,radio,0.8
1,train_outer,19477357,,,,,,,,,,,,,55602,radio,0.8
1,train_outer,19704765,,,,,,,,,,,,,55602,radio,0.8
1,train_outer,19797325,,,,,,,,,,,,,55602,radio,0.8
1,train_outer,20037187,,,,,,,,,,,,,55602,radio,0.8
1,train_outer,20047967,,,,,,,,,,,,,55602,radio,0.8
1,train_outer,20110902,,,,,,,,,,,,,55602,radio,0.8
1,train_outer,20126228,,,,,,,,,,,,,55602,radio,0.8
1,train_outer,20185477,,,,,,,,,,,,,55602,radio,0.8
1,train_outer,20494005,,,,,,,,,,,,,55602,radio,0.8
1,test_outer,14748740,,,,,,,,,,,,,55602,radio,0.8
1,test_outer,20710769,,,,,,,,,,,,,55602,radio,0.8
1,test_outer,16830390,,,,,,,,,,,,,55602,radio,0.8
1,test_outer,16398336,,,,,,,,,,,,,55602,radio,0.8
1,test_outer,10680627,,,,,,,,,,,,,55602,radio,0.8
1,test_outer,10548249,,,,,,,,,,,,,55602,radio,0.8
1,test_outer,21068674,,,,,,,,,,,,,55602,radio,0.8
1,test_outer,21078397,,,,,,,,,,,,,55602,radio,0.8
1,test_outer,18241909,,,,,,,,,,,,,55602,radio,0.8
1,test_outer,12224103,,,,,,,,,,,,,55602,radio,0.8
1,test_outer,15329974,,,,,,,,,,,,,55602,radio,0.8
1,test_outer,15970864,,,,,,,,,,,,,55602,radio,0.8
1,test_outer,18486672,,,,,,,,,,,,,55602,radio,0.8
1,test_outer,19032437,,,,,,,,,,,,,55602,radio,0.8
1,test_outer,10905401,,,,,,,,,,,,,55602,radio,0.8
1,test_outer,12379146,,,,,,,,,,,,,55602,radio,0.8
1,test_outer,12614791,,,,,,,,,,,,,55602,radio,0.8
1,test_outer,15955689,,,,,,,,,,,,,55602,radio,0.8
1,test_outer,10095373,,,,,,,,,,,,,55602,radio,0.8
1,test_outer,10848834,,,,,,,,,,,,,55602,radio,0.8
1,test_outer,11411793,,,,,,,,,,,,,55602,radio,0.8
1,test_outer,12583361,,,,,,,,,,,,,55602,radio,0.8
1,test_outer,13282934,,,,,,,,,,,,,55602,radio,0.8
1,test_outer,13848180,,,,,,,,,,,,,55602,radio,0.8
1,test_outer,14785724,,,,,,,,,,,,,55602,radio,0.8
1,test_outer,16999701,,,,,,,,,,,,,55602,radio,0.8
1,test_outer,18808752,,,,,,,,,,,,,55602,radio,0.8
1,test_outer,19171757,,,,,,,,,,,,,55602,radio,0.8
1,test_outer,11681499,,,,,,,,,,,,,55602,radio,0.8
1,test_outer,12636815,,,,,,,,,,,,,55602,radio,0.8
1,test_outer,14732179,,,,,,,,,,,,,55602,radio,0.8
1,test_outer,16261957,,,,,,,,,,,,,55602,radio,0.8
1,test_outer,535583,,,,,,,,,,,,,55602,radio,0.8
1,test_outer,12501269,,,,,,,,,,,,,55602,radio,0.8
1,test_outer,17823068,,,,,,,,,,,,,55602,radio,0.8
1,test_outer,10899706,,,,,,,,,,,,,55602,radio,0.8
1,test_outer,11769891,,,,,,,,,,,,,55602,radio,0.8
1,test_outer,12482927,,,,,,,,,,,,,55602,radio,0.8
1,test_outer,13872185,,,,,,,,,,,,,55602,radio,0.8
1,test_outer,14221623,,,,,,,,,,,,,55602,radio,0.8
1,test_outer,14425577,,,,,,,,,,,,,55602,radio,0.8
1,test_outer,17215866,,,,,,,,,,,,,55602,radio,0.8
1,test_outer,17932422,,,,,,,,,,,,,55602,radio,0.8
1,test_outer,18819128,,,,,,,,,,,,,55602,radio,0.8
1,test_outer,20060,,,,,,,,,,,,,55602,radio,0.8
1,test_outer,10318835,,,,,,,,,,,,,55602,radio,0.8
1,test_outer,10749133,,,,,,,,,,,,,55602,radio,0.8
1,test_outer,11322813,,,,,,,,,,,,,55602,radio,0.8
1,test_outer,11860755,,,,,,,,,,,,,55602,radio,0.8
1,test_outer,12230847,,,,,,,,,,,,,55602,radio,0.8
1,test_outer,12753678,,,,,,,,,,,,,55602,radio,0.8
1,test_outer,14850910,,,,,,,,,,,,,55602,radio,0.8
1,test_outer,16577332,,,,,,,,,,,,,55602,radio,0.8
1,test_outer,17958182,,,,,,,,,,,,,55602,radio,0.8
1,test_outer,19754814,,,,,,,,,,,,,55602,radio,0.8
1,test_outer,20004272,,,,,,,,,,,,,55602,radio,0.8
1,test_outer,20094842,,,,,,,,,,,,,55602,radio,0.8
1,test_outer_eval,20060,radio,0.0,-0.08250149339437485,0.0,-0.09423267841339111,0.0,-0.035455092787742615,0.0,-0.004343785345554352,0.0,-0.5347576141357422,0.0,55602,radio,0.8
1,test_outer_eval,535583,radio,0.0,-0.04549999162554741,0.0,-0.8528628945350647,0.0,-0.4275425672531128,0.0,-0.06549569219350815,0.0,-0.20798635482788086,0.0,55602,radio,0.8
1,test_outer_eval,10095373,radio,0.0,-0.05749227851629257,0.0,0.568275511264801,1.0,-0.013829901814460754,0.0,-0.11633771657943726,0.0,0.24618488550186157,1.0,55602,radio,0.8
1,test_outer_eval,10318835,radio,0.0,0.07456278800964355,1.0,-0.29541927576065063,0.0,-0.17616841197013855,0.0,0.07394598424434662,1.0,-0.2121390551328659,0.0,55602,radio,0.8
1,test_outer_eval,10548249,radio,0.0,0.4664534330368042,1.0,0.14702050387859344,1.0,-0.14208278059959412,0.0,-0.4136658310890198,0.0,-0.3865690529346466,0.0,55602,radio,0.8
1,test_outer_eval,10680627,radio,0.0,0.9005550146102905,1.0,0.688870906829834,1.0,-0.06267891079187393,0.0,-1.2888975143432617,0.0,-5.596420764923096,0.0,55602,radio,0.8
1,test_outer_eval,10749133,radio,0.0,-0.12164060771465302,0.0,-0.26470375061035156,0.0,-0.26517289876937866,0.0,-0.08482492715120316,0.0,-0.4316202700138092,0.0,55602,radio,0.8
1,test_outer_eval,10848834,radio,0.0,-0.1631038933992386,0.0,0.11173616349697113,1.0,0.1676979660987854,1.0,0.05714735388755798,1.0,0.05178375542163849,1.0,55602,radio,0.8
1,test_outer_eval,10899706,radio,0.0,0.49346405267715454,1.0,0.4238966405391693,1.0,0.26285791397094727,1.0,-0.0601109154522419,0.0,0.5304684638977051,1.0,55602,radio,0.8
1,test_outer_eval,10905401,radio,0.0,-0.17891091108322144,0.0,-0.14400194585323334,0.0,0.01636630855500698,1.0,-0.14337480068206787,0.0,0.09920831024646759,1.0,55602,radio,0.8
1,test_outer_eval,11322813,radio,0.0,0.1310618370771408,1.0,0.22126543521881104,1.0,-0.1269800364971161,0.0,0.006297271698713303,1.0,-0.347543865442276,0.0,55602,radio,0.8
1,test_outer_eval,11411793,radio,0.0,0.09144663065671921,1.0,-0.19647662341594696,0.0,0.02394593507051468,1.0,-0.09004731476306915,0.0,-0.22314861416816711,0.0,55602,radio,0.8
1,test_outer_eval,11681499,radio,0.0,0.1479363888502121,1.0,0.212373286485672,1.0,0.07217340171337128,1.0,-0.019136779010295868,0.0,0.2274118810892105,1.0,55602,radio,0.8
1,test_outer_eval,11769891,radio,0.0,0.12245742976665497,1.0,-0.19557379186153412,0.0,0.09733225405216217,1.0,-0.18290111422538757,0.0,-0.25543296337127686,0.0,55602,radio,0.8
1,test_outer_eval,11860755,radio,0.0,-0.1241457387804985,0.0,-0.2771628499031067,0.0,-0.2514807879924774,0.0,0.08886252343654633,1.0,-0.501261293888092,0.0,55602,radio,0.8
1,test_outer_eval,12224103,radio,0.0,0.21205461025238037,1.0,0.21310128271579742,1.0,-0.020579814910888672,0.0,-0.040395140647888184,0.0,0.7267405390739441,1.0,55602,radio,0.8
1,test_outer_eval,12230847,radio,0.0,0.007160264998674393,1.0,-0.41979312896728516,0.0,-0.30520394444465637,0.0,-0.11915156245231628,0.0,-0.1103997603058815,0.0,55602,radio,0.8
1,test_outer_eval,12379146,radio,0.0,0.22420468926429749,1.0,0.32866719365119934,1.0,0.11437489837408066,1.0,-0.009723823517560959,0.0,0.1836671680212021,1.0,55602,radio,0.8
1,test_outer_eval,12482927,radio,0.0,-0.03857870399951935,0.0,1.126457929611206,1.0,0.17836616933345795,1.0,-0.32725653052330017,0.0,0.1832388937473297,1.0,55602,radio,0.8
1,test_outer_eval,12501269,radio,0.0,-0.04580174759030342,0.0,0.016970861703157425,1.0,-0.018833845853805542,0.0,-0.06022028997540474,0.0,-0.307326078414917,0.0,55602,radio,0.8
1,test_outer_eval,12583361,radio,0.0,-0.04019869118928909,0.0,-0.25298619270324707,0.0,-0.05241699144244194,0.0,-0.09597061574459076,0.0,-0.18043696880340576,0.0,55602,radio,0.8
1,test_outer_eval,12614791,radio,0.0,0.08430291712284088,1.0,0.09706704318523407,1.0,0.14114831387996674,1.0,-0.12299351394176483,0.0,-0.33842235803604126,0.0,55602,radio,0.8
1,test_outer_eval,12636815,radio,0.0,0.09345021098852158,1.0,-0.045191287994384766,0.0,-0.16126567125320435,0.0,0.020563974976539612,1.0,-0.05820532888174057,0.0,55602,radio,0.8
1,test_outer_eval,12753678,radio,0.0,-0.11261448264122009,0.0,-0.46240317821502686,0.0,-0.23893728852272034,0.0,0.0613618865609169,1.0,-0.1536431759595871,0.0,55602,radio,0.8
1,test_outer_eval,13282934,radio,0.0,0.40465837717056274,1.0,-0.08434490114450455,0.0,-0.10094290971755981,0.0,-0.3070545792579651,0.0,-0.1744849532842636,0.0,55602,radio,0.8
1,test_outer_eval,13848180,radio,0.0,-0.06903469562530518,0.0,0.10108118504285812,1.0,-0.13020452857017517,0.0,-0.003448501229286194,0.0,-0.8009490370750427,0.0,55602,radio,0.8
1,test_outer_eval,13872185,radio,0.0,0.26075276732444763,1.0,0.31582388281822205,1.0,-0.013410788029432297,0.0,-0.007008016109466553,0.0,0.43772879242897034,1.0,55602,radio,0.8
1,test_outer_eval,14221623,radio,0.0,-0.07079266011714935,0.0,-0.11687475442886353,0.0,-0.09656493365764618,0.0,-0.024434536695480347,0.0,-0.44420456886291504,0.0,55602,radio,0.8
1,test_outer_eval,14425577,radio,0.0,0.19671237468719482,1.0,0.4357331395149231,1.0,0.1862279325723648,1.0,-0.09300427883863449,0.0,-0.030601248145103455,0.0,55602,radio,0.8
1,test_outer_eval,14732179,radio,0.0,-0.08300477266311646,0.0,0.1872709095478058,1.0,0.2890207767486572,1.0,-0.21291568875312805,0.0,-0.207907572388649,0.0,55602,radio,0.8
1,test_outer_eval,14748740,radio,0.0,0.11513964086771011,1.0,0.34308332204818726,1.0,0.12385791540145874,1.0,-0.007665261626243591,0.0,0.029789304360747337,1.0,55602,radio,0.8
1,test_outer_eval,14785724,radio,0.0,0.09992353618144989,1.0,-0.028214789927005768,0.0,0.2722458839416504,1.0,0.06003998965024948,1.0,-0.0738484263420105,0.0,55602,radio,0.8
1,test_outer_eval,14850910,radio,0.0,-0.20903736352920532,0.0,0.0931999534368515,1.0,-0.10926175117492676,0.0,-0.23724257946014404,0.0,-0.5016920566558838,0.0,55602,radio,0.8
1,test_outer_eval,15329974,radio,0.0,-0.1385902762413025,0.0,-0.06593120098114014,0.0,0.1860034167766571,1.0,-0.1372886598110199,0.0,0.1384091079235077,1.0,55602,radio,0.8
1,test_outer_eval,15955689,radio,0.0,0.4395557940006256,1.0,0.4130316376686096,1.0,-0.012259706854820251,0.0,-0.07418767362833023,0.0,0.27671974897384644,1.0,55602,radio,0.8
1,test_outer_eval,15970864,radio,0.0,-0.4508802592754364,0.0,-0.7525843977928162,0.0,-0.3412131667137146,0.0,0.07464517652988434,1.0,-0.37838664650917053,0.0,55602,radio,0.8
1,test_outer_eval,16261957,radio,0.0,0.7040127515792847,1.0,0.4909696578979492,1.0,0.28535059094429016,1.0,-0.06893729418516159,0.0,0.9152854681015015,1.0,55602,radio,0.8
1,test_outer_eval,16398336,radio,0.0,0.23652437329292297,1.0,-0.08043576776981354,0.0,0.05637264996767044,1.0,-0.06517232954502106,0.0,-0.044595226645469666,0.0,55602,radio,0.8
1,test_outer_eval,16577332,radio,0.0,-0.034069351851940155,0.0,-0.24669235944747925,0.0,-0.14652462303638458,0.0,0.025391582399606705,1.0,-0.1876349151134491,0.0,55602,radio,0.8
1,test_outer_eval,16830390,radio,0.0,0.33490118384361267,1.0,-0.13644428551197052,0.0,-0.444713294506073,0.0,-0.24952004849910736,0.0,-0.7695283889770508,0.0,55602,radio,0.8
1,test_outer_eval,16999701,radio,0.0,-0.18312084674835205,0.0,-0.27250611782073975,0.0,-0.26183703541755676,0.0,-0.09102044999599457,0.0,0.20472083985805511,1.0,55602,radio,0.8
1,test_outer_eval,17215866,radio,0.0,-0.014681041240692139,0.0,0.08692940324544907,1.0,-0.25662538409233093,0.0,-0.19697026908397675,0.0,0.1591661274433136,1.0,55602,radio,0.8
1,test_outer_eval,17823068,radio,0.0,-0.2180001437664032,0.0,0.31039735674858093,1.0,-0.09899088740348816,0.0,-0.04902784153819084,0.0,-0.032695844769477844,0.0,55602,radio,0.8
1,test_outer_eval,17932422,radio,0.0,-0.11403912305831909,0.0,-0.4313606917858124,0.0,-0.5254602432250977,0.0,-0.03548949211835861,0.0,-0.4770246744155884,0.0,55602,radio,0.8
1,test_outer_eval,17958182,radio,0.0,-0.08192183077335358,0.0,0.21404007077217102,1.0,-0.008668568916618824,0.0,-0.1292104572057724,0.0,-0.14052367210388184,0.0,55602,radio,0.8
1,test_outer_eval,18241909,radio,0.0,0.017166588455438614,1.0,0.05141760781407356,1.0,-0.5321412086486816,0.0,-0.1571895033121109,0.0,0.2128661572933197,1.0,55602,radio,0.8
1,test_outer_eval,18486672,radio,0.0,-0.1713058054447174,0.0,-0.091328926384449,0.0,-0.4329855144023895,0.0,-0.09540410339832306,0.0,-0.2900029718875885,0.0,55602,radio,0.8
1,test_outer_eval,18808752,radio,0.0,-0.09258703887462616,0.0,0.007135376334190369,1.0,-0.03248002752661705,0.0,-0.1938117891550064,0.0,-0.32874831557273865,0.0,55602,radio,0.8
1,test_outer_eval,18819128,radio,0.0,0.18929848074913025,1.0,0.4288215637207031,1.0,0.08460365235805511,1.0,-0.10176129639148712,0.0,0.11019329726696014,1.0,55602,radio,0.8
1,test_outer_eval,19032437,radio,0.0,0.10396233946084976,1.0,0.08496642857789993,1.0,-0.18243879079818726,0.0,-0.2040950357913971,0.0,-0.8458794355392456,0.0,55602,radio,0.8
1,test_outer_eval,19171757,radio,0.0,0.14403033256530762,1.0,0.2513752579689026,1.0,0.0596190020442009,1.0,0.018356796354055405,1.0,0.10201361775398254,1.0,55602,radio,0.8
1,test_outer_eval,19754814,radio,0.0,0.17377455532550812,1.0,0.1838901787996292,1.0,-0.06287627667188644,0.0,-0.24830511212348938,0.0,-0.17423482239246368,0.0,55602,radio,0.8
1,test_outer_eval,20004272,radio,0.0,0.09893015772104263,1.0,-0.22679345309734344,0.0,-0.2332266867160797,0.0,-0.1292870044708252,0.0,-0.15691202878952026,0.0,55602,radio,0.8
1,test_outer_eval,20094842,radio,0.0,0.07508054375648499,1.0,-0.32460349798202515,0.0,-0.3065735399723053,0.0,-0.12452183663845062,0.0,-0.017145618796348572,0.0,55602,radio,0.8
1,test_outer_eval,20710769,radio,0.0,0.8768649697303772,1.0,0.38976699113845825,1.0,-0.297148197889328,0.0,-1.4105056524276733,0.0,-5.42847204208374,0.0,55602,radio,0.8
1,test_outer_eval,21068674,radio,0.0,0.08766967803239822,1.0,-0.29177752137184143,0.0,-0.1600814014673233,0.0,-0.0030164793133735657,0.0,-0.6042119264602661,0.0,55602,radio,0.8
1,test_outer_eval,21078397,radio,0.0,0.13271594047546387,1.0,0.5021020174026489,1.0,0.04934905469417572,1.0,-0.07486242055892944,0.0,0.06420288234949112,1.0,55602,radio,0.8
2,train_outer,16000430,,,,,,,,,,,,,55602,radio,0.8
2,train_outer,374909,,,,,,,,,,,,,55602,radio,0.8
2,train_outer,13256558,,,,,,,,,,,,,55602,radio,0.8
2,train_outer,15563805,,,,,,,,,,,,,55602,radio,0.8
2,train_outer,18900473,,,,,,,,,,,,,55602,radio,0.8
2,train_outer,20363213,,,,,,,,,,,,,55602,radio,0.8
2,train_outer,20416158,,,,,,,,,,,,,55602,radio,0.8
2,train_outer,10584350,,,,,,,,,,,,,55602,radio,0.8
2,train_outer,10651619,,,,,,,,,,,,,55602,radio,0.8
2,train_outer,14748740,,,,,,,,,,,,,55602,radio,0.8
2,train_outer,20159853,,,,,,,,,,,,,55602,radio,0.8
2,train_outer,17261908,,,,,,,,,,,,,55602,radio,0.8
2,train_outer,10012210,,,,,,,,,,,,,55602,radio,0.8
2,train_outer,192787,,,,,,,,,,,,,55602,radio,0.8
2,train_outer,20360194,,,,,,,,,,,,,55602,radio,0.8
2,train_outer,20677961,,,,,,,,,,,,,55602,radio,0.8
2,train_outer,20710769,,,,,,,,,,,,,55602,radio,0.8
2,train_outer,11972396,,,,,,,,,,,,,55602,radio,0.8
2,train_outer,11932685,,,,,,,,,,,,,55602,radio,0.8
2,train_outer,16830390,,,,,,,,,,,,,55602,radio,0.8
2,train_outer,16398336,,,,,,,,,,,,,55602,radio,0.8
2,train_outer,20810268,,,,,,,,,,,,,55602,radio,0.8
2,train_outer,10680627,,,,,,,,,,,,,55602,radio,0.8
2,train_outer,310824,,,,,,,,,,,,,55602,radio,0.8
2,train_outer,15263444,,,,,,,,,,,,,55602,radio,0.8
2,train_outer,17280160,,,,,,,,,,,,,55602,radio,0.8
2,train_outer,10548249,,,,,,,,,,,,,55602,radio,0.8
2,train_outer,14279650,,,,,,,,,,,,,55602,radio,0.8
2,train_outer,21068674,,,,,,,,,,,,,55602,radio,0.8
2,train_outer,20598191,,,,,,,,,,,,,55602,radio,0.8
2,train_outer,21078397,,,,,,,,,,,,,55602,radio,0.8
2,train_outer,18241909,,,,,,,,,,,,,55602,radio,0.8
2,train_outer,16784223,,,,,,,,,,,,,55602,radio,0.8
2,train_outer,15876887,,,,,,,,,,,,,55602,radio,0.8
2,train_outer,21200783,,,,,,,,,,,,,55602,radio,0.8
2,train_outer,13161584,,,,,,,,,,,,,55602,radio,0.8
2,train_outer,13787273,,,,,,,,,,,,,55602,radio,0.8
2,train_outer,11822030,,,,,,,,,,,,,55602,radio,0.8
2,train_outer,12224103,,,,,,,,,,,,,55602,radio,0.8
2,train_outer,12527217,,,,,,,,,,,,,55602,radio,0.8
2,train_outer,12818978,,,,,,,,,,,,,55602,radio,0.8
2,train_outer,13643696,,,,,,,,,,,,,55602,radio,0.8
2,train_outer,14246141,,,,,,,,,,,,,55602,radio,0.8
2,train_outer,14826120,,,,,,,,,,,,,55602,radio,0.8
2,train_outer,15329974,,,,,,,,,,,,,55602,radio,0.8
2,train_outer,15398979,,,,,,,,,,,,,55602,radio,0.8
2,train_outer,15907405,,,,,,,,,,,,,55602,radio,0.8
2,train_outer,15970864,,,,,,,,,,,,,55602,radio,0.8
2,train_outer,16186433,,,,,,,,,,,,,55602,radio,0.8
2,train_outer,16220376,,,,,,,,,,,,,55602,radio,0.8
2,train_outer,16470184,,,,,,,,,,,,,55602,radio,0.8
2,train_outer,17290521,,,,,,,,,,,,,55602,radio,0.8
2,train_outer,17626540,,,,,,,,,,,,,55602,radio,0.8
2,train_outer,17923173,,,,,,,,,,,,,55602,radio,0.8
2,train_outer,18242610,,,,,,,,,,,,,55602,radio,0.8
2,train_outer,18486672,,,,,,,,,,,,,55602,radio,0.8
2,train_outer,18711589,,,,,,,,,,,,,55602,radio,0.8
2,train_outer,19032437,,,,,,,,,,,,,55602,radio,0.8
2,train_outer,19052019,,,,,,,,,,,,,55602,radio,0.8
2,train_outer,19316184,,,,,,,,,,,,,55602,radio,0.8
2,train_outer,10905401,,,,,,,,,,,,,55602,radio,0.8
2,train_outer,11721931,,,,,,,,,,,,,55602,radio,0.8
2,train_outer,11963103,,,,,,,,,,,,,55602,radio,0.8
2,train_outer,12379146,,,,,,,,,,,,,55602,radio,0.8
2,train_outer,12614791,,,,,,,,,,,,,55602,radio,0.8
2,train_outer,15001347,,,,,,,,,,,,,55602,radio,0.8
2,train_outer,15366427,,,,,,,,,,,,,55602,radio,0.8
2,train_outer,15423946,,,,,,,,,,,,,55602,radio,0.8
2,train_outer,15697092,,,,,,,,,,,,,55602,radio,0.8
2,train_outer,15955689,,,,,,,,,,,,,55602,radio,0.8
2,train_outer,17370457,,,,,,,,,,,,,55602,radio,0.8
2,train_outer,412386,,,,,,,,,,,,,55602,radio,0.8
2,train_outer,577697,,,,,,,,,,,,,55602,radio,0.8
2,train_outer,10013509,,,,,,,,,,,,,55602,radio,0.8
2,train_outer,10044748,,,,,,,,,,,,,55602,radio,0.8
2,train_outer,10095373,,,,,,,,,,,,,55602,radio,0.8
2,train_outer,10848834,,,,,,,,,,,,,55602,radio,0.8
2,train_outer,11411793,,,,,,,,,,,,,55602,radio,0.8
2,train_outer,11622567,,,,,,,,,,,,,55602,radio,0.8
2,train_outer,11653088,,,,,,,,,,,,,55602,radio,0.8
2,train_outer,11800552,,,,,,,,,,,,,55602,radio,0.8
2,train_outer,11821945,,,,,,,,,,,,,55602,radio,0.8
2,train_outer,12069946,,,,,,,,,,,,,55602,radio,0.8
2,train_outer,12148955,,,,,,,,,,,,,55602,radio,0.8
2,train_outer,12386307,,,,,,,,,,,,,55602,radio,0.8
2,train_outer,12583361,,,,,,,,,,,,,55602,radio,0.8
2,train_outer,13282934,,,,,,,,,,,,,55602,radio,0.8
2,train_outer,13691299,,,,,,,,,,,,,55602,radio,0.8
2,train_outer,13793534,,,,,,,,,,,,,55602,radio,0.8
2,train_outer,13848180,,,,,,,,,,,,,55602,radio,0.8
2,train_outer,14035251,,,,,,,,,,,,,55602,radio,0.8
2,train_outer,14125716,,,,,,,,,,,,,55602,radio,0.8
2,train_outer,14524333,,,,,,,,,,,,,55602,radio,0.8
2,train_outer,14785724,,,,,,,,,,,,,55602,radio,0.8
2,train_outer,15031324,,,,,,,,,,,,,55602,radio,0.8
2,train_outer,15088329,,,,,,,,,,,,,55602,radio,0.8
2,train_outer,15253580,,,,,,,,,,,,,55602,radio,0.8
2,train_outer,15256029,,,,,,,,,,,,,55602,radio,0.8
2,train_outer,15293082,,,,,,,,,,,,,55602,radio,0.8
2,train_outer,15388458,,,,,,,,,,,,,55602,radio,0.8
2,train_outer,16170980,,,,,,,,,,,,,55602,radio,0.8
2,train_outer,16915450,,,,,,,,,,,,,55602,radio,0.8
2,train_outer,16999701,,,,,,,,,,,,,55602,radio,0.8
2,train_outer,17194838,,,,,,,,,,,,,55602,radio,0.8
2,train_outer,17843402,,,,,,,,,,,,,55602,radio,0.8
2,train_outer,17959052,,,,,,,,,,,,,55602,radio,0.8
2,train_outer,18653723,,,,,,,,,,,,,55602,radio,0.8
2,train_outer,18664964,,,,,,,,,,,,,55602,radio,0.8
2,train_outer,18793699,,,,,,,,,,,,,55602,radio,0.8
2,train_outer,18799499,,,,,,,,,,,,,55602,radio,0.8
2,train_outer,18808752,,,,,,,,,,,,,55602,radio,0.8
2,train_outer,18809106,,,,,,,,,,,,,55602,radio,0.8
2,train_outer,18895067,,,,,,,,,,,,,55602,radio,0.8
2,train_outer,19171757,,,,,,,,,,,,,55602,radio,0.8
2,train_outer,19309727,,,,,,,,,,,,,55602,radio,0.8
2,train_outer,11385096,,,,,,,,,,,,,55602,radio,0.8
2,train_outer,11401016,,,,,,,,,,,,,55602,radio,0.8
2,train_outer,11489340,,,,,,,,,,,,,55602,radio,0.8
2,train_outer,11594412,,,,,,,,,,,,,55602,radio,0.8
2,train_outer,11681499,,,,,,,,,,,,,55602,radio,0.8
2,train_outer,11717194,,,,,,,,,,,,,55602,radio,0.8
2,train_outer,11824012,,,,,,,,,,,,,55602,radio,0.8
2,train_outer,11906931,,,,,,,,,,,,,55602,radio,0.8
2,train_outer,12636815,,,,,,,,,,,,,55602,radio,0.8
2,train_outer,13985997,,,,,,,,,,,,,55602,radio,0.8
2,train_outer,14341918,,,,,,,,,,,,,55602,radio,0.8
2,train_outer,14732179,,,,,,,,,,,,,55602,radio,0.8
2,train_outer,15299004,,,,,,,,,,,,,55602,radio,0.8
2,train_outer,16671380,,,,,,,,,,,,,55602,radio,0.8
2,train_outer,17137601,,,,,,,,,,,,,55602,radio,0.8
2,train_outer,18199507,,,,,,,,,,,,,55602,radio,0.8
2,train_outer,18543332,,,,,,,,,,,,,55602,radio,0.8
2,train_outer,12093400,,,,,,,,,,,,,55602,radio,0.8
2,train_outer,13908208,,,,,,,,,,,,,55602,radio,0.8
2,train_outer,14210746,,,,,,,,,,,,,55602,radio,0.8
2,train_outer,14988315,,,,,,,,,,,,,55602,radio,0.8
2,train_outer,16261957,,,,,,,,,,,,,55602,radio,0.8
2,train_outer,18562866,,,,,,,,,,,,,55602,radio,0.8
2,train_outer,535583,,,,,,,,,,,,,55602,radio,0.8
2,train_outer,11608198,,,,,,,,,,,,,55602,radio,0.8
2,train_outer,12436441,,,,,,,,,,,,,55602,radio,0.8
2,train_outer,12501269,,,,,,,,,,,,,55602,radio,0.8
2,train_outer,22582,,,,,,,,,,,,,55602,radio,0.8
2,train_outer,15539004,,,,,,,,,,,,,55602,radio,0.8
2,train_outer,17823068,,,,,,,,,,,,,55602,radio,0.8
2,train_outer,246847,,,,,,,,,,,,,55602,radio,0.8
2,train_outer,10899706,,,,,,,,,,,,,55602,radio,0.8
2,train_outer,11465065,,,,,,,,,,,,,55602,radio,0.8
2,train_outer,11717014,,,,,,,,,,,,,55602,radio,0.8
2,train_outer,11769891,,,,,,,,,,,,,55602,radio,0.8
2,train_outer,12169842,,,,,,,,,,,,,55602,radio,0.8
2,train_outer,12482927,,,,,,,,,,,,,55602,radio,0.8
2,train_outer,12587577,,,,,,,,,,,,,55602,radio,0.8
2,train_outer,13286264,,,,,,,,,,,,,55602,radio,0.8
2,train_outer,13872185,,,,,,,,,,,,,55602,radio,0.8
2,train_outer,14221623,,,,,,,,,,,,,55602,radio,0.8
2,train_outer,14425577,,,,,,,,,,,,,55602,radio,0.8
2,train_outer,14599508,,,,,,,,,,,,,55602,radio,0.8
2,train_outer,14888869,,,,,,,,,,,,,55602,radio,0.8
2,train_outer,15034276,,,,,,,,,,,,,55602,radio,0.8
2,train_outer,15905520,,,,,,,,,,,,,55602,radio,0.8
2,train_outer,16628950,,,,,,,,,,,,,55602,radio,0.8
2,train_outer,16722519,,,,,,,,,,,,,55602,radio,0.8
2,train_outer,17083115,,,,,,,,,,,,,55602,radio,0.8
2,train_outer,17103105,,,,,,,,,,,,,55602,radio,0.8
2,train_outer,17215866,,,,,,,,,,,,,55602,radio,0.8
2,train_outer,17299110,,,,,,,,,,,,,55602,radio,0.8
2,train_outer,17932422,,,,,,,,,,,,,55602,radio,0.8
2,train_outer,18612626,,,,,,,,,,,,,55602,radio,0.8
2,train_outer,18728195,,,,,,,,,,,,,55602,radio,0.8
2,train_outer,18819128,,,,,,,,,,,,,55602,radio,0.8
2,train_outer,18864853,,,,,,,,,,,,,55602,radio,0.8
2,train_outer,18901461,,,,,,,,,,,,,55602,radio,0.8
2,train_outer,10168570,,,,,,,,,,,,,55602,radio,0.8
2,train_outer,20060,,,,,,,,,,,,,55602,radio,0.8
2,train_outer,290115,,,,,,,,,,,,,55602,radio,0.8
2,train_outer,10318835,,,,,,,,,,,,,55602,radio,0.8
2,train_outer,10475956,,,,,,,,,,,,,55602,radio,0.8
2,train_outer,10603871,,,,,,,,,,,,,55602,radio,0.8
2,train_outer,10749133,,,,,,,,,,,,,55602,radio,0.8
2,train_outer,11322813,,,,,,,,,,,,,55602,radio,0.8
2,train_outer,11805660,,,,,,,,,,,,,55602,radio,0.8
2,train_outer,11837091,,,,,,,,,,,,,55602,radio,0.8
2,train_outer,11860755,,,,,,,,,,,,,55602,radio,0.8
2,train_outer,12098139,,,,,,,,,,,,,55602,radio,0.8
2,train_outer,12110141,,,,,,,,,,,,,55602,radio,0.8
2,train_outer,12230847,,,,,,,,,,,,,55602,radio,0.8
2,train_outer,12753678,,,,,,,,,,,,,55602,radio,0.8
2,train_outer,13238594,,,,,,,,,,,,,55602,radio,0.8
2,train_outer,13446892,,,,,,,,,,,,,55602,radio,0.8
2,train_outer,13474070,,,,,,,,,,,,,55602,radio,0.8
2,train_outer,13770286,,,,,,,,,,,,,55602,radio,0.8
2,train_outer,13885532,,,,,,,,,,,,,55602,radio,0.8
2,train_outer,13925217,,,,,,,,,,,,,55602,radio,0.8
2,train_outer,14261879,,,,,,,,,,,,,55602,radio,0.8
2,train_outer,14353000,,,,,,,,,,,,,55602,radio,0.8
2,train_outer,14450517,,,,,,,,,,,,,55602,radio,0.8
2,train_outer,14850910,,,,,,,,,,,,,55602,radio,0.8
2,train_outer,15004749,,,,,,,,,,,,,55602,radio,0.8
2,train_outer,15238591,,,,,,,,,,,,,55602,radio,0.8
2,train_outer,15646198,,,,,,,,,,,,,55602,radio,0.8
2,train_outer,16227637,,,,,,,,,,,,,55602,radio,0.8
2,train_outer,16302547,,,,,,,,,,,,,55602,radio,0.8
2,train_outer,16569846,,,,,,,,,,,,,55602,radio,0.8
2,train_outer,16577332,,,,,,,,,,,,,55602,radio,0.8
2,train_outer,16815727,,,,,,,,,,,,,55602,radio,0.8
2,train_outer,17095334,,,,,,,,,,,,,55602,radio,0.8
2,train_outer,17621600,,,,,,,,,,,,,55602,radio,0.8
2,train_outer,17648478,,,,,,,,,,,,,55602,radio,0.8
2,train_outer,17782775,,,,,,,,,,,,,55602,radio,0.8
2,train_outer,17921940,,,,,,,,,,,,,55602,radio,0.8
2,train_outer,17958182,,,,,,,,,,,,,55602,radio,0.8
2,train_outer,18592113,,,,,,,,,,,,,55602,radio,0.8
2,train_outer,19176559,,,,,,,,,,,,,55602,radio,0.8
2,train_outer,19477357,,,,,,,,,,,,,55602,radio,0.8
2,train_outer,19704765,,,,,,,,,,,,,55602,radio,0.8
2,train_outer,19754814,,,,,,,,,,,,,55602,radio,0.8
2,train_outer,20004272,,,,,,,,,,,,,55602,radio,0.8
2,train_outer,20037187,,,,,,,,,,,,,55602,radio,0.8
2,train_outer,20047967,,,,,,,,,,,,,55602,radio,0.8
2,train_outer,20094842,,,,,,,,,,,,,55602,radio,0.8
2,train_outer,20110902,,,,,,,,,,,,,55602,radio,0.8
2,train_outer,20126228,,,,,,,,,,,,,55602,radio,0.8
2,train_outer,20185477,,,,,,,,,,,,,55602,radio,0.8
2,train_outer,20494005,,,,,,,,,,,,,55602,radio,0.8
2,test_outer,14169967,,,,,,,,,,,,,55602,radio,0.8
2,test_outer,16471324,,,,,,,,,,,,,55602,radio,0.8
2,test_outer,20411050,,,,,,,,,,,,,55602,radio,0.8
2,test_outer,11818229,,,,,,,,,,,,,55602,radio,0.8
2,test_outer,14653930,,,,,,,,,,,,,55602,radio,0.8
2,test_outer,12419489,,,,,,,,,,,,,55602,radio,0.8
2,test_outer,586698,,,,,,,,,,,,,55602,radio,0.8
2,test_outer,16808905,,,,,,,,,,,,,55602,radio,0.8
2,test_outer,10148300,,,,,,,,,,,,,55602,radio,0.8
2,test_outer,10262640,,,,,,,,,,,,,55602,radio,0.8
2,test_outer,12540915,,,,,,,,,,,,,55602,radio,0.8
2,test_outer,12834264,,,,,,,,,,,,,55602,radio,0.8
2,test_outer,14947437,,,,,,,,,,,,,55602,radio,0.8
2,test_outer,17815997,,,,,,,,,,,,,55602,radio,0.8
2,test_outer,18982916,,,,,,,,,,,,,55602,radio,0.8
2,test_outer,11834621,,,,,,,,,,,,,55602,radio,0.8
2,test_outer,14375972,,,,,,,,,,,,,55602,radio,0.8
2,test_outer,15162605,,,,,,,,,,,,,55602,radio,0.8
2,test_outer,18622263,,,,,,,,,,,,,55602,radio,0.8
2,test_outer,15141193,,,,,,,,,,,,,55602,radio,0.8
2,test_outer,10603027,,,,,,,,,,,,,55602,radio,0.8
2,test_outer,12492026,,,,,,,,,,,,,55602,radio,0.8
2,test_outer,14741794,,,,,,,,,,,,,55602,radio,0.8
2,test_outer,15221964,,,,,,,,,,,,,55602,radio,0.8
2,test_outer,16010363,,,,,,,,,,,,,55602,radio,0.8
2,test_outer,17861159,,,,,,,,,,,,,55602,radio,0.8
2,test_outer,18661809,,,,,,,,,,,,,55602,radio,0.8
2,test_outer,18818037,,,,,,,,,,,,,55602,radio,0.8
2,test_outer,18880707,,,,,,,,,,,,,55602,radio,0.8
2,test_outer,11180416,,,,,,,,,,,,,55602,radio,0.8
2,test_outer,11794273,,,,,,,,,,,,,55602,radio,0.8
2,test_outer,11814382,,,,,,,,,,,,,55602,radio,0.8
2,test_outer,12041667,,,,,,,,,,,,,55602,radio,0.8
2,test_outer,14040222,,,,,,,,,,,,,55602,radio,0.8
2,test_outer,15127997,,,,,,,,,,,,,55602,radio,0.8
2,test_outer,11630247,,,,,,,,,,,,,55602,radio,0.8
2,test_outer,12082209,,,,,,,,,,,,,55602,radio,0.8
2,test_outer,12235737,,,,,,,,,,,,,55602,radio,0.8
2,test_outer,13092509,,,,,,,,,,,,,55602,radio,0.8
2,test_outer,13182560,,,,,,,,,,,,,55602,radio,0.8
2,test_outer,14181060,,,,,,,,,,,,,55602,radio,0.8
2,test_outer,16340744,,,,,,,,,,,,,55602,radio,0.8
2,test_outer,18781715,,,,,,,,,,,,,55602,radio,0.8
2,test_outer,79508,,,,,,,,,,,,,55602,radio,0.8
2,test_outer,11761851,,,,,,,,,,,,,55602,radio,0.8
2,test_outer,11857407,,,,,,,,,,,,,55602,radio,0.8
2,test_outer,12963363,,,,,,,,,,,,,55602,radio,0.8
2,test_outer,13041746,,,,,,,,,,,,,55602,radio,0.8
2,test_outer,14869784,,,,,,,,,,,,,55602,radio,0.8
2,test_outer,14976505,,,,,,,,,,,,,55602,radio,0.8
2,test_outer,15058011,,,,,,,,,,,,,55602,radio,0.8
2,test_outer,15191395,,,,,,,,,,,,,55602,radio,0.8
2,test_outer,15434959,,,,,,,,,,,,,55602,radio,0.8
2,test_outer,15593227,,,,,,,,,,,,,55602,radio,0.8
2,test_outer,16884084,,,,,,,,,,,,,55602,radio,0.8
2,test_outer,17097216,,,,,,,,,,,,,55602,radio,0.8
2,test_outer,19797325,,,,,,,,,,,,,55602,radio,0.8
2,test_outer_eval,79508,radio,0.0,-0.31288304924964905,0.0,-2.1904149055480957,0.0,-1.1099365949630737,0.0,-2.9584097862243652,0.0,-0.358382910490036,0.0,55602,radio,0.8
2,test_outer_eval,586698,radio,0.0,-0.06115199625492096,0.0,-0.23176388442516327,0.0,-0.12382181733846664,0.0,-0.14230680465698242,0.0,-0.3659069836139679,0.0,55602,radio,0.8
2,test_outer_eval,10148300,radio,0.0,-0.13267385959625244,0.0,0.003204427659511566,1.0,-0.19329452514648438,0.0,0.18913404643535614,1.0,0.1499784141778946,1.0,55602,radio,0.8
2,test_outer_eval,10262640,radio,0.0,0.07185868918895721,1.0,0.10480494797229767,1.0,0.7778748273849487,1.0,-0.20365983247756958,0.0,0.3007662892341614,1.0,55602,radio,0.8
2,test_outer_eval,10603027,radio,0.0,-0.32017308473587036,0.0,0.05009087920188904,1.0,0.08597154915332794,1.0,-0.1850740909576416,0.0,0.26836639642715454,1.0,55602,radio,0.8
2,test_outer_eval,11180416,radio,0.0,-0.2658795714378357,0.0,-1.0513397455215454,0.0,-0.6987680792808533,0.0,-1.5500953197479248,0.0,-1.1749283075332642,0.0,55602,radio,0.8
2,test_outer_eval,11630247,radio,0.0,0.19119305908679962,1.0,0.6052541136741638,1.0,1.1372958421707153,1.0,0.29349052906036377,1.0,0.5140325427055359,1.0,55602,radio,0.8
2,test_outer_eval,11761851,radio,0.0,-0.21499229967594147,0.0,0.35160207748413086,1.0,-0.10749392956495285,0.0,0.193686842918396,1.0,0.04128168523311615,1.0,55602,radio,0.8
2,test_outer_eval,11794273,radio,0.0,0.12927761673927307,1.0,0.19868901371955872,1.0,0.5042533874511719,1.0,-0.18508215248584747,0.0,0.4289698004722595,1.0,55602,radio,0.8
2,test_outer_eval,11814382,radio,0.0,-0.1801006942987442,0.0,0.24567896127700806,1.0,0.32082781195640564,1.0,-0.18973508477210999,0.0,0.2564820349216461,1.0,55602,radio,0.8
2,test_outer_eval,11818229,radio,0.0,0.16021780669689178,1.0,0.10378055274486542,1.0,0.24739938974380493,1.0,0.11736982315778732,1.0,-0.12843242287635803,0.0,55602,radio,0.8
2,test_outer_eval,11834621,radio,0.0,-0.07651478052139282,0.0,0.47343289852142334,1.0,-0.06936764717102051,0.0,-0.13742314279079437,0.0,0.5585418343544006,1.0,55602,radio,0.8
2,test_outer_eval,11857407,radio,0.0,-0.09175410866737366,0.0,-0.14381590485572815,0.0,0.03261447325348854,1.0,-0.12406447529792786,0.0,0.3394361734390259,1.0,55602,radio,0.8
2,test_outer_eval,12041667,radio,0.0,0.28629299998283386,1.0,0.4756227135658264,1.0,0.3731072247028351,1.0,0.023148898035287857,1.0,0.6632900238037109,1.0,55602,radio,0.8
2,test_outer_eval,12082209,radio,0.0,0.29848164319992065,1.0,0.18366436660289764,1.0,1.3642864227294922,1.0,-0.2605600357055664,0.0,0.42605990171432495,1.0,55602,radio,0.8
2,test_outer_eval,12235737,radio,0.0,-0.21347132325172424,0.0,0.17542552947998047,1.0,0.08704690635204315,1.0,-0.14144466817378998,0.0,0.09573101997375488,1.0,55602,radio,0.8
2,test_outer_eval,12419489,radio,0.0,-0.2533908188343048,0.0,-0.5491226315498352,0.0,-0.5459673404693604,0.0,-0.11093612015247345,0.0,-0.7071980834007263,0.0,55602,radio,0.8
2,test_outer_eval,12492026,radio,0.0,-0.09206879138946533,0.0,0.06890194863080978,1.0,0.14220313727855682,1.0,-0.1945999264717102,0.0,0.3513721823692322,1.0,55602,radio,0.8
2,test_outer_eval,12540915,radio,0.0,-0.27007654309272766,0.0,-0.7798091173171997,0.0,-0.5946783423423767,0.0,-0.6540069580078125,0.0,-0.6402689814567566,0.0,55602,radio,0.8
2,test_outer_eval,12834264,radio,0.0,-0.09497109055519104,0.0,-0.44572713971138,0.0,-0.313016802072525,0.0,-0.7789011597633362,0.0,-0.3134152293205261,0.0,55602,radio,0.8
2,test_outer_eval,12963363,radio,0.0,-0.24779850244522095,0.0,0.013435140252113342,1.0,0.1028163731098175,1.0,-0.8330816030502319,0.0,-0.08721466362476349,0.0,55602,radio,0.8
2,test_outer_eval,13041746,radio,0.0,-0.22478701174259186,0.0,0.4378781318664551,1.0,0.24618001282215118,1.0,-0.396231472492218,0.0,-0.502609133720398,0.0,55602,radio,0.8
2,test_outer_eval,13092509,radio,0.0,0.39097344875335693,1.0,-0.2500893473625183,0.0,0.8126009702682495,1.0,-0.034429293125867844,0.0,-0.2125946581363678,0.0,55602,radio,0.8
2,test_outer_eval,13182560,radio,0.0,-0.3094136118888855,0.0,-0.3462388217449188,0.0,-0.44165974855422974,0.0,-0.3886575996875763,0.0,-0.21034175157546997,0.0,55602,radio,0.8
2,test_outer_eval,14040222,radio,0.0,-0.03700176253914833,0.0,-0.7624995112419128,0.0,-0.05162445455789566,0.0,-0.18136127293109894,0.0,0.24730777740478516,1.0,55602,radio,0.8
2,test_outer_eval,14169967,radio,0.0,-0.1280013471841812,0.0,0.10697154700756073,1.0,0.313003808259964,1.0,-1.1892280578613281,0.0,-1.0581954717636108,0.0,55602,radio,0.8
2,test_outer_eval,14181060,radio,0.0,-0.15042459964752197,0.0,-0.12039896100759506,0.0,-0.33067426085472107,0.0,-0.4468052089214325,0.0,-0.09445250034332275,0.0,55602,radio,0.8
2,test_outer_eval,14375972,radio,0.0,0.01736854389309883,1.0,-0.06181740015745163,0.0,-0.04006032645702362,0.0,0.07054992020130157,1.0,0.2000596523284912,1.0,55602,radio,0.8
2,test_outer_eval,14653930,radio,0.0,0.2021491527557373,1.0,-0.13037154078483582,0.0,-0.040389373898506165,0.0,-1.3800008296966553,0.0,-0.5172680616378784,0.0,55602,radio,0.8
2,test_outer_eval,14741794,radio,0.0,-0.49194979667663574,0.0,0.10468700528144836,1.0,0.037190474569797516,1.0,-0.0916290134191513,0.0,0.36105161905288696,1.0,55602,radio,0.8
2,test_outer_eval,14869784,radio,0.0,-0.04890887439250946,0.0,0.3250246047973633,1.0,0.7192455530166626,1.0,-1.3789732456207275,0.0,0.19177041947841644,1.0,55602,radio,0.8
2,test_outer_eval,14947437,radio,0.0,0.0609407015144825,1.0,-0.10015334188938141,0.0,0.20498794317245483,1.0,-0.005540762096643448,0.0,0.5200145244598389,1.0,55602,radio,0.8
2,test_outer_eval,14976505,radio,0.0,-0.341988205909729,0.0,-0.38700300455093384,0.0,-0.04585284739732742,0.0,-0.30343329906463623,0.0,-0.04990695044398308,0.0,55602,radio,0.8
2,test_outer_eval,15058011,radio,0.0,-0.18743157386779785,0.0,-0.07832175493240356,0.0,-0.35442501306533813,0.0,-0.08377233147621155,0.0,-0.1041155606508255,0.0,55602,radio,0.8
2,test_outer_eval,15127997,radio,0.0,-0.4247037172317505,0.0,-0.2351241260766983,0.0,-0.18286213278770447,0.0,-0.20406374335289001,0.0,0.36182236671447754,1.0,55602,radio,0.8
2,test_outer_eval,15141193,radio,0.0,-0.3797956109046936,0.0,-0.9425308704376221,0.0,-0.5563706755638123,0.0,-0.9796172380447388,0.0,-0.34364593029022217,0.0,55602,radio,0.8
2,test_outer_eval,15162605,radio,0.0,0.18545383214950562,1.0,0.18558718264102936,1.0,-0.03656810522079468,0.0,0.08303172886371613,1.0,0.4165675938129425,1.0,55602,radio,0.8
2,test_outer_eval,15191395,radio,0.0,-0.07043004781007767,0.0,-0.15390294790267944,0.0,0.4367527365684509,1.0,-0.2889404296875,0.0,-0.35790330171585083,0.0,55602,radio,0.8
2,test_outer_eval,15221964,radio,0.0,-0.3892700672149658,0.0,0.14641433954238892,1.0,0.4736213684082031,1.0,-2.5173470973968506,0.0,-0.3599960505962372,0.0,55602,radio,0.8
2,test_outer_eval,15434959,radio,0.0,-0.16744138300418854,0.0,0.1626412570476532,1.0,-0.054269205778837204,0.0,-0.3166445195674896,0.0,-0.04793386161327362,0.0,55602,radio,0.8
2,test_outer_eval,15593227,radio,0.0,0.31126800179481506,1.0,0.24412783980369568,1.0,0.3137742578983307,1.0,0.5180453658103943,1.0,0.28728562593460083,1.0,55602,radio,0.8
2,test_outer_eval,16010363,radio,0.0,0.28235504031181335,1.0,0.5003799796104431,1.0,1.039091944694519,1.0,0.0039046257734298706,1.0,0.4907307028770447,1.0,55602,radio,0.8
2,test_outer_eval,16340744,radio,0.0,-0.23753222823143005,0.0,-0.27112534642219543,0.0,-0.3644718527793884,0.0,-1.0016449689865112,0.0,-0.4050218462944031,0.0,55602,radio,0.8
2,test_outer_eval,16471324,radio,0.0,-0.4077805280685425,0.0,-0.010133858770132065,0.0,0.32154107093811035,1.0,-0.6728956699371338,0.0,-0.21460002660751343,0.0,55602,radio,0.8
2,test_outer_eval,16808905,radio,0.0,-0.20426981151103973,0.0,-0.38758227229118347,0.0,0.025593526661396027,1.0,-0.3662775754928589,0.0,-0.8335205912590027,0.0,55602,radio,0.8
2,test_outer_eval,16884084,radio,0.0,0.19980081915855408,1.0,0.1919051706790924,1.0,0.1163545772433281,1.0,0.11141170561313629,1.0,-0.08007088303565979,0.0,55602,radio,0.8
2,test_outer_eval,17097216,radio,0.0,0.20236358046531677,1.0,0.2088809311389923,1.0,0.15189297497272491,1.0,0.4092651605606079,1.0,0.34650251269340515,1.0,55602,radio,0.8
2,test_outer_eval,17815997,radio,0.0,-0.2778380513191223,0.0,-0.35844841599464417,0.0,-0.17404666543006897,0.0,-0.22318311035633087,0.0,-0.22227506339550018,0.0,55602,radio,0.8
2,test_outer_eval,17861159,radio,0.0,-0.07794587314128876,0.0,-0.2669495940208435,0.0,0.42788490653038025,1.0,-2.6155362129211426,0.0,-0.8133920431137085,0.0,55602,radio,0.8
2,test_outer_eval,18622263,radio,0.0,-0.13612189888954163,0.0,0.24082151055335999,1.0,0.584244430065155,1.0,-0.15078222751617432,0.0,0.7251458168029785,1.0,55602,radio,0.8
2,test_outer_eval,18661809,radio,0.0,0.057114921510219574,1.0,0.17817680537700653,1.0,-0.27421653270721436,0.0,-0.1317647099494934,0.0,0.5873833894729614,1.0,55602,radio,0.8
2,test_outer_eval,18781715,radio,0.0,-0.11592215299606323,0.0,0.5751031637191772,1.0,0.20877966284751892,1.0,-0.12435917556285858,0.0,0.5855491161346436,1.0,55602,radio,0.8
2,test_outer_eval,18818037,radio,0.0,-0.14363516867160797,0.0,0.03597375005483627,1.0,0.31370991468429565,1.0,-0.40753480792045593,0.0,-0.16425228118896484,0.0,55602,radio,0.8
2,test_outer_eval,18880707,radio,0.0,-0.006510548293590546,0.0,0.18929533660411835,1.0,0.5334588885307312,1.0,-0.03894587978720665,0.0,0.46343982219696045,1.0,55602,radio,0.8
2,test_outer_eval,18982916,radio,0.0,-0.23016029596328735,0.0,-0.41058769822120667,0.0,-0.05755477398633957,0.0,-0.8466302156448364,0.0,-0.25356900691986084,0.0,55602,radio,0.8
2,test_outer_eval,19797325,radio,0.0,-0.04044583439826965,0.0,-0.016533896327018738,0.0,-0.013860821723937988,0.0,-0.12786847352981567,0.0,0.1943221241235733,1.0,55602,radio,0.8
2,test_outer_eval,20411050,radio,0.0,0.13100354373455048,1.0,0.1488586813211441,1.0,0.25131717324256897,1.0,-0.0071404799818992615,0.0,-0.1457224041223526,0.0,55602,radio,0.8
3,train_outer,14169967,,,,,,,,,,,,,55602,radio,0.8
3,train_outer,374909,,,,,,,,,,,,,55602,radio,0.8
3,train_outer,13256558,,,,,,,,,,,,,55602,radio,0.8
3,train_outer,15563805,,,,,,,,,,,,,55602,radio,0.8
3,train_outer,18900473,,,,,,,,,,,,,55602,radio,0.8
3,train_outer,16471324,,,,,,,,,,,,,55602,radio,0.8
3,train_outer,20363213,,,,,,,,,,,,,55602,radio,0.8
3,train_outer,20416158,,,,,,,,,,,,,55602,radio,0.8
3,train_outer,20411050,,,,,,,,,,,,,55602,radio,0.8
3,train_outer,10584350,,,,,,,,,,,,,55602,radio,0.8
3,train_outer,10651619,,,,,,,,,,,,,55602,radio,0.8
3,train_outer,14748740,,,,,,,,,,,,,55602,radio,0.8
3,train_outer,11818229,,,,,,,,,,,,,55602,radio,0.8
3,train_outer,17261908,,,,,,,,,,,,,55602,radio,0.8
3,train_outer,10012210,,,,,,,,,,,,,55602,radio,0.8
3,train_outer,192787,,,,,,,,,,,,,55602,radio,0.8
3,train_outer,20360194,,,,,,,,,,,,,55602,radio,0.8
3,train_outer,20677961,,,,,,,,,,,,,55602,radio,0.8
3,train_outer,14653930,,,,,,,,,,,,,55602,radio,0.8
3,train_outer,20710769,,,,,,,,,,,,,55602,radio,0.8
3,train_outer,12419489,,,,,,,,,,,,,55602,radio,0.8
3,train_outer,11972396,,,,,,,,,,,,,55602,radio,0.8
3,train_outer,586698,,,,,,,,,,,,,55602,radio,0.8
3,train_outer,16830390,,,,,,,,,,,,,55602,radio,0.8
3,train_outer,16808905,,,,,,,,,,,,,55602,radio,0.8
3,train_outer,16398336,,,,,,,,,,,,,55602,radio,0.8
3,train_outer,20810268,,,,,,,,,,,,,55602,radio,0.8
3,train_outer,10680627,,,,,,,,,,,,,55602,radio,0.8
3,train_outer,15263444,,,,,,,,,,,,,55602,radio,0.8
3,train_outer,17280160,,,,,,,,,,,,,55602,radio,0.8
3,train_outer,10548249,,,,,,,,,,,,,55602,radio,0.8
3,train_outer,14279650,,,,,,,,,,,,,55602,radio,0.8
3,train_outer,21068674,,,,,,,,,,,,,55602,radio,0.8
3,train_outer,21078397,,,,,,,,,,,,,55602,radio,0.8
3,train_outer,10148300,,,,,,,,,,,,,55602,radio,0.8
3,train_outer,18241909,,,,,,,,,,,,,55602,radio,0.8
3,train_outer,15876887,,,,,,,,,,,,,55602,radio,0.8
3,train_outer,21200783,,,,,,,,,,,,,55602,radio,0.8
3,train_outer,10262640,,,,,,,,,,,,,55602,radio,0.8
3,train_outer,11822030,,,,,,,,,,,,,55602,radio,0.8
3,train_outer,12224103,,,,,,,,,,,,,55602,radio,0.8
3,train_outer,12527217,,,,,,,,,,,,,55602,radio,0.8
3,train_outer,12540915,,,,,,,,,,,,,55602,radio,0.8
3,train_outer,12834264,,,,,,,,,,,,,55602,radio,0.8
3,train_outer,13643696,,,,,,,,,,,,,55602,radio,0.8
3,train_outer,14246141,,,,,,,,,,,,,55602,radio,0.8
3,train_outer,14826120,,,,,,,,,,,,,55602,radio,0.8
3,train_outer,14947437,,,,,,,,,,,,,55602,radio,0.8
3,train_outer,15329974,,,,,,,,,,,,,55602,radio,0.8
3,train_outer,15970864,,,,,,,,,,,,,55602,radio,0.8
3,train_outer,16220376,,,,,,,,,,,,,55602,radio,0.8
3,train_outer,16470184,,,,,,,,,,,,,55602,radio,0.8
3,train_outer,17290521,,,,,,,,,,,,,55602,radio,0.8
3,train_outer,17626540,,,,,,,,,,,,,55602,radio,0.8
3,train_outer,17815997,,,,,,,,,,,,,55602,radio,0.8
3,train_outer,17923173,,,,,,,,,,,,,55602,radio,0.8
3,train_outer,18486672,,,,,,,,,,,,,55602,radio,0.8
3,train_outer,18711589,,,,,,,,,,,,,55602,radio,0.8
3,train_outer,18982916,,,,,,,,,,,,,55602,radio,0.8
3,train_outer,19032437,,,,,,,,,,,,,55602,radio,0.8
3,train_outer,19052019,,,,,,,,,,,,,55602,radio,0.8
3,train_outer,19316184,,,,,,,,,,,,,55602,radio,0.8
3,train_outer,10905401,,,,,,,,,,,,,55602,radio,0.8
3,train_outer,11721931,,,,,,,,,,,,,55602,radio,0.8
3,train_outer,11834621,,,,,,,,,,,,,55602,radio,0.8
3,train_outer,11963103,,,,,,,,,,,,,55602,radio,0.8
3,train_outer,12379146,,,,,,,,,,,,,55602,radio,0.8
3,train_outer,12614791,,,,,,,,,,,,,55602,radio,0.8
3,train_outer,14375972,,,,,,,,,,,,,55602,radio,0.8
3,train_outer,15001347,,,,,,,,,,,,,55602,radio,0.8
3,train_outer,15162605,,,,,,,,,,,,,55602,radio,0.8
3,train_outer,15366427,,,,,,,,,,,,,55602,radio,0.8
3,train_outer,15423946,,,,,,,,,,,,,55602,radio,0.8
3,train_outer,15955689,,,,,,,,,,,,,55602,radio,0.8
3,train_outer,18622263,,,,,,,,,,,,,55602,radio,0.8
3,train_outer,15141193,,,,,,,,,,,,,55602,radio,0.8
3,train_outer,577697,,,,,,,,,,,,,55602,radio,0.8
3,train_outer,10013509,,,,,,,,,,,,,55602,radio,0.8
3,train_outer,10095373,,,,,,,,,,,,,55602,radio,0.8
3,train_outer,10603027,,,,,,,,,,,,,55602,radio,0.8
3,train_outer,10848834,,,,,,,,,,,,,55602,radio,0.8
3,train_outer,11411793,,,,,,,,,,,,,55602,radio,0.8
3,train_outer,11622567,,,,,,,,,,,,,55602,radio,0.8
3,train_outer,11800552,,,,,,,,,,,,,55602,radio,0.8
3,train_outer,11821945,,,,,,,,,,,,,55602,radio,0.8
3,train_outer,12148955,,,,,,,,,,,,,55602,radio,0.8
3,train_outer,12492026,,,,,,,,,,,,,55602,radio,0.8
3,train_outer,12583361,,,,,,,,,,,,,55602,radio,0.8
3,train_outer,13282934,,,,,,,,,,,,,55602,radio,0.8
3,train_outer,13691299,,,,,,,,,,,,,55602,radio,0.8
3,train_outer,13793534,,,,,,,,,,,,,55602,radio,0.8
3,train_outer,13848180,,,,,,,,,,,,,55602,radio,0.8
3,train_outer,14035251,,,,,,,,,,,,,55602,radio,0.8
3,train_outer,14125716,,,,,,,,,,,,,55602,radio,0.8
3,train_outer,14741794,,,,,,,,,,,,,55602,radio,0.8
3,train_outer,14785724,,,,,,,,,,,,,55602,radio,0.8
3,train_outer,15088329,,,,,,,,,,,,,55602,radio,0.8
3,train_outer,15221964,,,,,,,,,,,,,55602,radio,0.8
3,train_outer,15253580,,,,,,,,,,,,,55602,radio,0.8
3,train_outer,15256029,,,,,,,,,,,,,55602,radio,0.8
3,train_outer,16010363,,,,,,,,,,,,,55602,radio,0.8
3,train_outer,16170980,,,,,,,,,,,,,55602,radio,0.8
3,train_outer,16915450,,,,,,,,,,,,,55602,radio,0.8
3,train_outer,16999701,,,,,,,,,,,,,55602,radio,0.8
3,train_outer,17194838,,,,,,,,,,,,,55602,radio,0.8
3,train_outer,17843402,,,,,,,,,,,,,55602,radio,0.8
3,train_outer,17861159,,,,,,,,,,,,,55602,radio,0.8
3,train_outer,18653723,,,,,,,,,,,,,55602,radio,0.8
3,train_outer,18661809,,,,,,,,,,,,,55602,radio,0.8
3,train_outer,18793699,,,,,,,,,,,,,55602,radio,0.8
3,train_outer,18799499,,,,,,,,,,,,,55602,radio,0.8
3,train_outer,18808752,,,,,,,,,,,,,55602,radio,0.8
3,train_outer,18809106,,,,,,,,,,,,,55602,radio,0.8
3,train_outer,18818037,,,,,,,,,,,,,55602,radio,0.8
3,train_outer,18880707,,,,,,,,,,,,,55602,radio,0.8
3,train_outer,18895067,,,,,,,,,,,,,55602,radio,0.8
3,train_outer,19171757,,,,,,,,,,,,,55602,radio,0.8
3,train_outer,19309727,,,,,,,,,,,,,55602,radio,0.8
3,train_outer,11180416,,,,,,,,,,,,,55602,radio,0.8
3,train_outer,11401016,,,,,,,,,,,,,55602,radio,0.8
3,train_outer,11489340,,,,,,,,,,,,,55602,radio,0.8
3,train_outer,11594412,,,,,,,,,,,,,55602,radio,0.8
3,train_outer,11681499,,,,,,,,,,,,,55602,radio,0.8
3,train_outer,11794273,,,,,,,,,,,,,55602,radio,0.8
3,train_outer,11814382,,,,,,,,,,,,,55602,radio,0.8
3,train_outer,11824012,,,,,,,,,,,,,55602,radio,0.8
3,train_outer,12041667,,,,,,,,,,,,,55602,radio,0.8
3,train_outer,12636815,,,,,,,,,,,,,55602,radio,0.8
3,train_outer,13985997,,,,,,,,,,,,,55602,radio,0.8
3,train_outer,14040222,,,,,,,,,,,,,55602,radio,0.8
3,train_outer,14341918,,,,,,,,,,,,,55602,radio,0.8
3,train_outer,14732179,,,,,,,,,,,,,55602,radio,0.8
3,train_outer,15299004,,,,,,,,,,,,,55602,radio,0.8
3,train_outer,16671380,,,,,,,,,,,,,55602,radio,0.8
3,train_outer,17137601,,,,,,,,,,,,,55602,radio,0.8
3,train_outer,18543332,,,,,,,,,,,,,55602,radio,0.8
3,train_outer,12093400,,,,,,,,,,,,,55602,radio,0.8
3,train_outer,14210746,,,,,,,,,,,,,55602,radio,0.8
3,train_outer,14988315,,,,,,,,,,,,,55602,radio,0.8
3,train_outer,15127997,,,,,,,,,,,,,55602,radio,0.8
3,train_outer,16261957,,,,,,,,,,,,,55602,radio,0.8
3,train_outer,535583,,,,,,,,,,,,,55602,radio,0.8
3,train_outer,11608198,,,,,,,,,,,,,55602,radio,0.8
3,train_outer,11630247,,,,,,,,,,,,,55602,radio,0.8
3,train_outer,12082209,,,,,,,,,,,,,55602,radio,0.8
3,train_outer,12436441,,,,,,,,,,,,,55602,radio,0.8
3,train_outer,12501269,,,,,,,,,,,,,55602,radio,0.8
3,train_outer,17823068,,,,,,,,,,,,,55602,radio,0.8
3,train_outer,10899706,,,,,,,,,,,,,55602,radio,0.8
3,train_outer,11465065,,,,,,,,,,,,,55602,radio,0.8
3,train_outer,11717014,,,,,,,,,,,,,55602,radio,0.8
3,train_outer,11769891,,,,,,,,,,,,,55602,radio,0.8
3,train_outer,12169842,,,,,,,,,,,,,55602,radio,0.8
3,train_outer,12235737,,,,,,,,,,,,,55602,radio,0.8
3,train_outer,12482927,,,,,,,,,,,,,55602,radio,0.8
3,train_outer,13092509,,,,,,,,,,,,,55602,radio,0.8
3,train_outer,13182560,,,,,,,,,,,,,55602,radio,0.8
3,train_outer,13286264,,,,,,,,,,,,,55602,radio,0.8
3,train_outer,13872185,,,,,,,,,,,,,55602,radio,0.8
3,train_outer,14181060,,,,,,,,,,,,,55602,radio,0.8
3,train_outer,14221623,,,,,,,,,,,,,55602,radio,0.8
3,train_outer,14425577,,,,,,,,,,,,,55602,radio,0.8
3,train_outer,14599508,,,,,,,,,,,,,55602,radio,0.8
3,train_outer,15034276,,,,,,,,,,,,,55602,radio,0.8
3,train_outer,16340744,,,,,,,,,,,,,55602,radio,0.8
3,train_outer,16722519,,,,,,,,,,,,,55602,radio,0.8
3,train_outer,17215866,,,,,,,,,,,,,55602,radio,0.8
3,train_outer,17299110,,,,,,,,,,,,,55602,radio,0.8
3,train_outer,17932422,,,,,,,,,,,,,55602,radio,0.8
3,train_outer,18612626,,,,,,,,,,,,,55602,radio,0.8
3,train_outer,18781715,,,,,,,,,,,,,55602,radio,0.8
3,train_outer,18819128,,,,,,,,,,,,,55602,radio,0.8
3,train_outer,18864853,,,,,,,,,,,,,55602,radio,0.8
3,train_outer,10168570,,,,,,,,,,,,,55602,radio,0.8
3,train_outer,20060,,,,,,,,,,,,,55602,radio,0.8
3,train_outer,79508,,,,,,,,,,,,,55602,radio,0.8
3,train_outer,10318835,,,,,,,,,,,,,55602,radio,0.8
3,train_outer,10475956,,,,,,,,,,,,,55602,radio,0.8
3,train_outer,10603871,,,,,,,,,,,,,55602,radio,0.8
3,train_outer,10749133,,,,,,,,,,,,,55602,radio,0.8
3,train_outer,11322813,,,,,,,,,,,,,55602,radio,0.8
3,train_outer,11761851,,,,,,,,,,,,,55602,radio,0.8
3,train_outer,11857407,,,,,,,,,,,,,55602,radio,0.8
3,train_outer,11860755,,,,,,,,,,,,,55602,radio,0.8
3,train_outer,12098139,,,,,,,,,,,,,55602,radio,0.8
3,train_outer,12110141,,,,,,,,,,,,,55602,radio,0.8
3,train_outer,12230847,,,,,,,,,,,,,55602,radio,0.8
3,train_outer,12753678,,,,,,,,,,,,,55602,radio,0.8
3,train_outer,12963363,,,,,,,,,,,,,55602,radio,0.8
3,train_outer,13041746,,,,,,,,,,,,,55602,radio,0.8
3,train_outer,13238594,,,,,,,,,,,,,55602,radio,0.8
3,train_outer,13446892,,,,,,,,,,,,,55602,radio,0.8
3,train_outer,13770286,,,,,,,,,,,,,55602,radio,0.8
3,train_outer,13885532,,,,,,,,,,,,,55602,radio,0.8
3,train_outer,13925217,,,,,,,,,,,,,55602,radio,0.8
3,train_outer,14261879,,,,,,,,,,,,,55602,radio,0.8
3,train_outer,14353000,,,,,,,,,,,,,55602,radio,0.8
3,train_outer,14450517,,,,,,,,,,,,,55602,radio,0.8
3,train_outer,14850910,,,,,,,,,,,,,55602,radio,0.8
3,train_outer,14869784,,,,,,,,,,,,,55602,radio,0.8
3,train_outer,14976505,,,,,,,,,,,,,55602,radio,0.8
3,train_outer,15058011,,,,,,,,,,,,,55602,radio,0.8
3,train_outer,15191395,,,,,,,,,,,,,55602,radio,0.8
3,train_outer,15238591,,,,,,,,,,,,,55602,radio,0.8
3,train_outer,15434959,,,,,,,,,,,,,55602,radio,0.8
3,train_outer,15593227,,,,,,,,,,,,,55602,radio,0.8
3,train_outer,15646198,,,,,,,,,,,,,55602,radio,0.8
3,train_outer,16227637,,,,,,,,,,,,,55602,radio,0.8
3,train_outer,16302547,,,,,,,,,,,,,55602,radio,0.8
3,train_outer,16577332,,,,,,,,,,,,,55602,radio,0.8
3,train_outer,16815727,,,,,,,,,,,,,55602,radio,0.8
3,train_outer,16884084,,,,,,,,,,,,,55602,radio,0.8
3,train_outer,17095334,,,,,,,,,,,,,55602,radio,0.8
3,train_outer,17097216,,,,,,,,,,,,,55602,radio,0.8
3,train_outer,17621600,,,,,,,,,,,,,55602,radio,0.8
3,train_outer,17648478,,,,,,,,,,,,,55602,radio,0.8
3,train_outer,17921940,,,,,,,,,,,,,55602,radio,0.8
3,train_outer,17958182,,,,,,,,,,,,,55602,radio,0.8
3,train_outer,19176559,,,,,,,,,,,,,55602,radio,0.8
3,train_outer,19477357,,,,,,,,,,,,,55602,radio,0.8
3,train_outer,19754814,,,,,,,,,,,,,55602,radio,0.8
3,train_outer,19797325,,,,,,,,,,,,,55602,radio,0.8
3,train_outer,20004272,,,,,,,,,,,,,55602,radio,0.8
3,train_outer,20037187,,,,,,,,,,,,,55602,radio,0.8
3,train_outer,20094842,,,,,,,,,,,,,55602,radio,0.8
3,train_outer,20185477,,,,,,,,,,,,,55602,radio,0.8
3,test_outer,16000430,,,,,,,,,,,,,55602,radio,0.8
3,test_outer,20159853,,,,,,,,,,,,,55602,radio,0.8
3,test_outer,11932685,,,,,,,,,,,,,55602,radio,0.8
3,test_outer,310824,,,,,,,,,,,,,55602,radio,0.8
3,test_outer,20598191,,,,,,,,,,,,,55602,radio,0.8
3,test_outer,16784223,,,,,,,,,,,,,55602,radio,0.8
3,test_outer,13161584,,,,,,,,,,,,,55602,radio,0.8
3,test_outer,13787273,,,,,,,,,,,,,55602,radio,0.8
3,test_outer,12818978,,,,,,,,,,,,,55602,radio,0.8
3,test_outer,15398979,,,,,,,,,,,,,55602,radio,0.8
3,test_outer,15907405,,,,,,,,,,,,,55602,radio,0.8
3,test_outer,16186433,,,,,,,,,,,,,55602,radio,0.8
3,test_outer,18242610,,,,,,,,,,,,,55602,radio,0.8
3,test_outer,15697092,,,,,,,,,,,,,55602,radio,0.8
3,test_outer,17370457,,,,,,,,,,,,,55602,radio,0.8
3,test_outer,412386,,,,,,,,,,,,,55602,radio,0.8
3,test_outer,10044748,,,,,,,,,,,,,55602,radio,0.8
3,test_outer,11653088,,,,,,,,,,,,,55602,radio,0.8
3,test_outer,12069946,,,,,,,,,,,,,55602,radio,0.8
3,test_outer,12386307,,,,,,,,,,,,,55602,radio,0.8
3,test_outer,14524333,,,,,,,,,,,,,55602,radio,0.8
3,test_outer,15031324,,,,,,,,,,,,,55602,radio,0.8
3,test_outer,15293082,,,,,,,,,,,,,55602,radio,0.8
3,test_outer,15388458,,,,,,,,,,,,,55602,radio,0.8
3,test_outer,17959052,,,,,,,,,,,,,55602,radio,0.8
3,test_outer,18664964,,,,,,,,,,,,,55602,radio,0.8
3,test_outer,11385096,,,,,,,,,,,,,55602,radio,0.8
3,test_outer,11717194,,,,,,,,,,,,,55602,radio,0.8
3,test_outer,11906931,,,,,,,,,,,,,55602,radio,0.8
3,test_outer,18199507,,,,,,,,,,,,,55602,radio,0.8
3,test_outer,13908208,,,,,,,,,,,,,55602,radio,0.8
3,test_outer,18562866,,,,,,,,,,,,,55602,radio,0.8
3,test_outer,22582,,,,,,,,,,,,,55602,radio,0.8
3,test_outer,15539004,,,,,,,,,,,,,55602,radio,0.8
3,test_outer,246847,,,,,,,,,,,,,55602,radio,0.8
3,test_outer,12587577,,,,,,,,,,,,,55602,radio,0.8
3,test_outer,14888869,,,,,,,,,,,,,55602,radio,0.8
3,test_outer,15905520,,,,,,,,,,,,,55602,radio,0.8
3,test_outer,16628950,,,,,,,,,,,,,55602,radio,0.8
3,test_outer,17083115,,,,,,,,,,,,,55602,radio,0.8
3,test_outer,17103105,,,,,,,,,,,,,55602,radio,0.8
3,test_outer,18728195,,,,,,,,,,,,,55602,radio,0.8
3,test_outer,18901461,,,,,,,,,,,,,55602,radio,0.8
3,test_outer,290115,,,,,,,,,,,,,55602,radio,0.8
3,test_outer,11805660,,,,,,,,,,,,,55602,radio,0.8
3,test_outer,11837091,,,,,,,,,,,,,55602,radio,0.8
3,test_outer,13474070,,,,,,,,,,,,,55602,radio,0.8
3,test_outer,15004749,,,,,,,,,,,,,55602,radio,0.8
3,test_outer,16569846,,,,,,,,,,,,,55602,radio,0.8
3,test_outer,17782775,,,,,,,,,,,,,55602,radio,0.8
3,test_outer,18592113,,,,,,,,,,,,,55602,radio,0.8
3,test_outer,19704765,,,,,,,,,,,,,55602,radio,0.8
3,test_outer,20047967,,,,,,,,,,,,,55602,radio,0.8
3,test_outer,20110902,,,,,,,,,,,,,55602,radio,0.8
3,test_outer,20126228,,,,,,,,,,,,,55602,radio,0.8
3,test_outer,20494005,,,,,,,,,,,,,55602,radio,0.8
3,test_outer_eval,22582,radio,0.0,-0.1943056583404541,0.0,0.12723925709724426,1.0,-0.1262235939502716,0.0,-0.6064028739929199,0.0,0.02833397686481476,1.0,55602,radio,0.8
3,test_outer_eval,246847,radio,0.0,-0.22190503776073456,0.0,-0.0062644220888614655,0.0,-0.30941078066825867,0.0,-0.3276212811470032,0.0,0.1891360878944397,1.0,55602,radio,0.8
3,test_outer_eval,290115,radio,0.0,0.2916366755962372,1.0,-0.054883066564798355,0.0,-0.14338350296020508,0.0,-0.29371196031570435,0.0,-0.03900175541639328,0.0,55602,radio,0.8
3,test_outer_eval,310824,radio,0.0,0.28022921085357666,1.0,0.12491534650325775,1.0,-0.18566367030143738,0.0,-0.06592322885990143,0.0,0.07210375368595123,1.0,55602,radio,0.8
3,test_outer_eval,412386,radio,0.0,0.03803963214159012,1.0,0.10516144335269928,1.0,-0.13633891940116882,0.0,0.08625400811433792,1.0,0.0810994952917099,1.0,55602,radio,0.8
3,test_outer_eval,10044748,radio,0.0,0.8920854926109314,1.0,-0.1895197331905365,0.0,0.1505807638168335,1.0,-0.03229779377579689,0.0,0.19520148634910583,1.0,55602,radio,0.8
3,test_outer_eval,11385096,radio,0.0,0.2083050012588501,1.0,0.005264066159725189,1.0,0.13691067695617676,1.0,-0.5299561023712158,0.0,-0.08543118834495544,0.0,55602,radio,0.8
3,test_outer_eval,11653088,radio,0.0,0.4729602336883545,1.0,-0.05038166046142578,0.0,0.1856394112110138,1.0,0.022012129426002502,1.0,0.11660073697566986,1.0,55602,radio,0.8
3,test_outer_eval,11717194,radio,0.0,0.0066896602511405945,1.0,-0.032398708164691925,0.0,-0.40393391251564026,0.0,0.03631860017776489,1.0,-0.050793182104825974,0.0,55602,radio,0.8
3,test_outer_eval,11805660,radio,0.0,1.499614953994751,1.0,0.44939732551574707,1.0,0.6122468709945679,1.0,0.2457078993320465,1.0,0.11761566996574402,1.0,55602,radio,0.8
3,test_outer_eval,11837091,radio,0.0,0.3625727593898773,1.0,-0.011777061969041824,0.0,0.07667355239391327,1.0,-0.16580519080162048,0.0,0.2565626800060272,1.0,55602,radio,0.8
3,test_outer_eval,11906931,radio,0.0,-0.08909417688846588,0.0,0.22457441687583923,1.0,0.038980882614851,1.0,-0.6248219013214111,0.0,-0.02814260870218277,0.0,55602,radio,0.8
3,test_outer_eval,11932685,radio,0.0,0.1878587007522583,1.0,0.08379983901977539,1.0,-0.2524314522743225,0.0,-0.3438947796821594,0.0,-0.28219449520111084,0.0,55602,radio,0.8
3,test_outer_eval,12069946,radio,0.0,-0.5754876732826233,0.0,0.008127942681312561,1.0,-0.15792793035507202,0.0,-0.9577711820602417,0.0,0.014533065259456635,1.0,55602,radio,0.8
3,test_outer_eval,12386307,radio,0.0,0.2549539804458618,1.0,-0.16933828592300415,0.0,-0.03882983326911926,0.0,-0.08015258610248566,0.0,-0.11247855424880981,0.0,55602,radio,0.8
3,test_outer_eval,12587577,radio,0.0,0.043896205723285675,1.0,-0.019847068935632706,0.0,0.043823108077049255,1.0,-0.8358318209648132,0.0,-0.07048027217388153,0.0,55602,radio,0.8
3,test_outer_eval,12818978,radio,0.0,0.5031124949455261,1.0,0.005264058709144592,1.0,-0.0006519109010696411,0.0,0.049201883375644684,1.0,0.0032606087625026703,1.0,55602,radio,0.8
3,test_outer_eval,13161584,radio,0.0,-0.08908947557210922,0.0,-0.13495248556137085,0.0,-0.49440354108810425,0.0,-0.24400882422924042,0.0,0.03397149592638016,1.0,55602,radio,0.8
3,test_outer_eval,13474070,radio,0.0,0.4418014883995056,1.0,-0.09084860980510712,0.0,-0.4756467640399933,0.0,0.00573691725730896,1.0,0.0974024161696434,1.0,55602,radio,0.8
3,test_outer_eval,13787273,radio,0.0,0.058402687311172485,1.0,-0.20094485580921173,0.0,-0.3047288954257965,0.0,-0.30101120471954346,0.0,-0.06430906057357788,0.0,55602,radio,0.8
3,test_outer_eval,13908208,radio,0.0,0.2720535695552826,1.0,0.1386689394712448,1.0,0.0009499862790107727,1.0,-0.5629042387008667,0.0,0.00610920786857605,1.0,55602,radio,0.8
3,test_outer_eval,14524333,radio,0.0,-0.12228626012802124,0.0,0.07596628367900848,1.0,-0.013606205582618713,0.0,-0.07944156974554062,0.0,0.07724544405937195,1.0,55602,radio,0.8
3,test_outer_eval,14888869,radio,0.0,0.05745265632867813,1.0,0.34922775626182556,1.0,0.030338570475578308,1.0,0.17002269625663757,1.0,0.04149896651506424,1.0,55602,radio,0.8
3,test_outer_eval,15004749,radio,0.0,0.2768004238605499,1.0,0.19689232110977173,1.0,0.034786731004714966,1.0,-0.09853854775428772,0.0,-0.1425657421350479,0.0,55602,radio,0.8
3,test_outer_eval,15031324,radio,0.0,0.4080800414085388,1.0,0.053448401391506195,1.0,0.13240373134613037,1.0,-0.4728822410106659,0.0,-0.24769188463687897,0.0,55602,radio,0.8
3,test_outer_eval,15293082,radio,0.0,1.6531459093093872,1.0,1.1131715774536133,1.0,0.7319839000701904,1.0,0.27698031067848206,1.0,0.32947665452957153,1.0,55602,radio,0.8
3,test_outer_eval,15388458,radio,0.0,0.3597552180290222,1.0,0.4223329722881317,1.0,-0.0701104924082756,0.0,-0.04664310812950134,0.0,-0.035656534135341644,0.0,55602,radio,0.8
3,test_outer_eval,15398979,radio,0.0,-0.02268937975168228,0.0,0.002201855182647705,1.0,0.08247427642345428,1.0,-0.5580899119377136,0.0,0.08700475096702576,1.0,55602,radio,0.8
3,test_outer_eval,15539004,radio,0.0,0.012814033776521683,1.0,0.023153573274612427,1.0,-0.3283742368221283,0.0,-0.18435390293598175,0.0,0.10306182503700256,1.0,55602,radio,0.8
3,test_outer_eval,15697092,radio,0.0,-0.03608722984790802,0.0,-0.02141733095049858,0.0,-0.17173200845718384,0.0,-0.1547115296125412,0.0,0.043358832597732544,1.0,55602,radio,0.8
3,test_outer_eval,15905520,radio,0.0,0.296694815158844,1.0,-0.24216333031654358,0.0,-1.4740049839019775,0.0,-0.0061713457107543945,0.0,0.13687196373939514,1.0,55602,radio,0.8
3,test_outer_eval,15907405,radio,0.0,1.8482269048690796,1.0,0.6396595239639282,1.0,0.6771020293235779,1.0,0.07042089104652405,1.0,-0.046952344477176666,0.0,55602,radio,0.8
3,test_outer_eval,16000430,radio,0.0,0.3225606083869934,1.0,-0.1408708691596985,0.0,0.0900128185749054,1.0,-0.07819174975156784,0.0,-0.12506690621376038,0.0,55602,radio,0.8
3,test_outer_eval,16186433,radio,0.0,0.01589808613061905,1.0,-0.030236542224884033,0.0,0.03424321860074997,1.0,-0.703295886516571,0.0,-0.009905878454446793,0.0,55602,radio,0.8
3,test_outer_eval,16569846,radio,0.0,-0.22884774208068848,0.0,-0.06163540482521057,0.0,0.2073097825050354,1.0,-0.6002326011657715,0.0,-0.03551019728183746,0.0,55602,radio,0.8
3,test_outer_eval,16628950,radio,0.0,-0.19448521733283997,0.0,0.09412740916013718,1.0,-0.28291183710098267,0.0,-0.3576892018318176,0.0,-0.025118909776210785,0.0,55602,radio,0.8
3,test_outer_eval,16784223,radio,0.0,0.3278867304325104,1.0,-0.004482731223106384,0.0,-3.790855407714844e-05,0.0,-0.6962387561798096,0.0,0.0910162553191185,1.0,55602,radio,0.8
3,test_outer_eval,17083115,radio,0.0,0.030940942466259003,1.0,-0.08702357858419418,0.0,-0.2838687598705292,0.0,-0.17428706586360931,0.0,0.1920519471168518,1.0,55602,radio,0.8
3,test_outer_eval,17103105,radio,0.0,0.06121646612882614,1.0,-0.4641668498516083,0.0,-0.17383696138858795,0.0,-0.8792436718940735,0.0,-0.26185980439186096,0.0,55602,radio,0.8
3,test_outer_eval,17370457,radio,0.0,-0.0677531436085701,0.0,-0.04517383500933647,0.0,-0.14407290518283844,0.0,-0.5296746492385864,0.0,-0.062415678054094315,0.0,55602,radio,0.8
3,test_outer_eval,17782775,radio,0.0,0.19312112033367157,1.0,0.2995828092098236,1.0,-0.05228375270962715,0.0,0.15132537484169006,1.0,-0.035380154848098755,0.0,55602,radio,0.8
3,test_outer_eval,17959052,radio,0.0,0.003354579210281372,1.0,-0.14176005125045776,0.0,-0.31754809617996216,0.0,-0.5006166696548462,0.0,0.047229357063770294,1.0,55602,radio,0.8
3,test_outer_eval,18199507,radio,0.0,0.24300095438957214,1.0,0.006945997476577759,1.0,-0.4343982934951782,0.0,-0.2544465661048889,0.0,-0.15025413036346436,0.0,55602,radio,0.8
3,test_outer_eval,18242610,radio,0.0,0.6525708436965942,1.0,0.1551085114479065,1.0,-0.09328223764896393,0.0,-0.27956464886665344,0.0,0.05278513580560684,1.0,55602,radio,0.8
3,test_outer_eval,18562866,radio,0.0,0.09929991513490677,1.0,0.1250550001859665,1.0,-0.41038811206817627,0.0,-0.02242240309715271,0.0,-0.18427255749702454,0.0,55602,radio,0.8
3,test_outer_eval,18592113,radio,0.0,0.36174851655960083,1.0,-0.03503729775547981,0.0,-0.12595069408416748,0.0,-0.5554067492485046,0.0,0.06931003928184509,1.0,55602,radio,0.8
3,test_outer_eval,18664964,radio,0.0,-0.035018667578697205,0.0,0.26468348503112793,1.0,-0.2776518762111664,0.0,-0.18482986092567444,0.0,0.1335396021604538,1.0,55602,radio,0.8
3,test_outer_eval,18728195,radio,0.0,0.19341658055782318,1.0,0.018760964274406433,1.0,-0.22071599960327148,0.0,-0.28832292556762695,0.0,0.17972877621650696,1.0,55602,radio,0.8
3,test_outer_eval,18901461,radio,0.0,1.1616382598876953,1.0,0.04539639502763748,1.0,0.6899606585502625,1.0,-0.06785264611244202,0.0,0.11842724680900574,1.0,55602,radio,0.8
3,test_outer_eval,19704765,radio,0.0,-0.031695470213890076,0.0,-0.20189543068408966,0.0,-0.1054861843585968,0.0,-0.5985878705978394,0.0,-0.07271970808506012,0.0,55602,radio,0.8
3,test_outer_eval,20047967,radio,0.0,0.03846894949674606,1.0,-0.27175018191337585,0.0,-0.10215896368026733,0.0,-0.8486691117286682,0.0,0.1029890850186348,1.0,55602,radio,0.8
3,test_outer_eval,20110902,radio,0.0,-0.025673620402812958,0.0,-0.022649338468909264,0.0,-0.16336539387702942,0.0,-0.13946126401424408,0.0,0.02464965358376503,1.0,55602,radio,0.8
3,test_outer_eval,20126228,radio,0.0,0.298650324344635,1.0,-0.049554601311683655,0.0,0.045202359557151794,1.0,0.12893559038639069,1.0,-0.031586162745952606,0.0,55602,radio,0.8
3,test_outer_eval,20159853,radio,0.0,-0.07116669416427612,0.0,-0.3535424470901489,0.0,-0.16396558284759521,0.0,-0.5177373290061951,0.0,-0.027597956359386444,0.0,55602,radio,0.8
3,test_outer_eval,20494005,radio,0.0,0.07650443911552429,1.0,-0.07059089094400406,0.0,-0.2214570939540863,0.0,-0.6698923707008362,0.0,0.11345398426055908,1.0,55602,radio,0.8
3,test_outer_eval,20598191,radio,0.0,0.14157000184059143,1.0,-0.08511053025722504,0.0,-0.012783318758010864,0.0,-0.6518098711967468,0.0,0.06361488997936249,1.0,55602,radio,0.8
4,train_outer,14169967,,,,,,,,,,,,,55602,radio,0.8
4,train_outer,16000430,,,,,,,,,,,,,55602,radio,0.8
4,train_outer,15563805,,,,,,,,,,,,,55602,radio,0.8
4,train_outer,16471324,,,,,,,,,,,,,55602,radio,0.8
4,train_outer,20363213,,,,,,,,,,,,,55602,radio,0.8
4,train_outer,20416158,,,,,,,,,,,,,55602,radio,0.8
4,train_outer,20411050,,,,,,,,,,,,,55602,radio,0.8
4,train_outer,14748740,,,,,,,,,,,,,55602,radio,0.8
4,train_outer,20159853,,,,,,,,,,,,,55602,radio,0.8
4,train_outer,11818229,,,,,,,,,,,,,55602,radio,0.8
4,train_outer,17261908,,,,,,,,,,,,,55602,radio,0.8
4,train_outer,10012210,,,,,,,,,,,,,55602,radio,0.8
4,train_outer,192787,,,,,,,,,,,,,55602,radio,0.8
4,train_outer,20677961,,,,,,,,,,,,,55602,radio,0.8
4,train_outer,14653930,,,,,,,,,,,,,55602,radio,0.8
4,train_outer,20710769,,,,,,,,,,,,,55602,radio,0.8
4,train_outer,12419489,,,,,,,,,,,,,55602,radio,0.8
4,train_outer,11932685,,,,,,,,,,,,,55602,radio,0.8
4,train_outer,586698,,,,,,,,,,,,,55602,radio,0.8
4,train_outer,16830390,,,,,,,,,,,,,55602,radio,0.8
4,train_outer,16808905,,,,,,,,,,,,,55602,radio,0.8
4,train_outer,16398336,,,,,,,,,,,,,55602,radio,0.8
4,train_outer,20810268,,,,,,,,,,,,,55602,radio,0.8
4,train_outer,10680627,,,,,,,,,,,,,55602,radio,0.8
4,train_outer,310824,,,,,,,,,,,,,55602,radio,0.8
4,train_outer,15263444,,,,,,,,,,,,,55602,radio,0.8
4,train_outer,10548249,,,,,,,,,,,,,55602,radio,0.8
4,train_outer,21068674,,,,,,,,,,,,,55602,radio,0.8
4,train_outer,20598191,,,,,,,,,,,,,55602,radio,0.8
4,train_outer,21078397,,,,,,,,,,,,,55602,radio,0.8
4,train_outer,10148300,,,,,,,,,,,,,55602,radio,0.8
4,train_outer,18241909,,,,,,,,,,,,,55602,radio,0.8
4,train_outer,16784223,,,,,,,,,,,,,55602,radio,0.8
4,train_outer,15876887,,,,,,,,,,,,,55602,radio,0.8
4,train_outer,13161584,,,,,,,,,,,,,55602,radio,0.8
4,train_outer,13787273,,,,,,,,,,,,,55602,radio,0.8
4,train_outer,10262640,,,,,,,,,,,,,55602,radio,0.8
4,train_outer,11822030,,,,,,,,,,,,,55602,radio,0.8
4,train_outer,12224103,,,,,,,,,,,,,55602,radio,0.8
4,train_outer,12540915,,,,,,,,,,,,,55602,radio,0.8
4,train_outer,12818978,,,,,,,,,,,,,55602,radio,0.8
4,train_outer,12834264,,,,,,,,,,,,,55602,radio,0.8
4,train_outer,14826120,,,,,,,,,,,,,55602,radio,0.8
4,train_outer,14947437,,,,,,,,,,,,,55602,radio,0.8
4,train_outer,15329974,,,,,,,,,,,,,55602,radio,0.8
4,train_outer,15398979,,,,,,,,,,,,,55602,radio,0.8
4,train_outer,15907405,,,,,,,,,,,,,55602,radio,0.8
4,train_outer,15970864,,,,,,,,,,,,,55602,radio,0.8
4,train_outer,16186433,,,,,,,,,,,,,55602,radio,0.8
4,train_outer,16220376,,,,,,,,,,,,,55602,radio,0.8
4,train_outer,16470184,,,,,,,,,,,,,55602,radio,0.8
4,train_outer,17815997,,,,,,,,,,,,,55602,radio,0.8
4,train_outer,17923173,,,,,,,,,,,,,55602,radio,0.8
4,train_outer,18242610,,,,,,,,,,,,,55602,radio,0.8
4,train_outer,18486672,,,,,,,,,,,,,55602,radio,0.8
4,train_outer,18982916,,,,,,,,,,,,,55602,radio,0.8
4,train_outer,19032437,,,,,,,,,,,,,55602,radio,0.8
4,train_outer,19316184,,,,,,,,,,,,,55602,radio,0.8
4,train_outer,10905401,,,,,,,,,,,,,55602,radio,0.8
4,train_outer,11721931,,,,,,,,,,,,,55602,radio,0.8
4,train_outer,11834621,,,,,,,,,,,,,55602,radio,0.8
4,train_outer,11963103,,,,,,,,,,,,,55602,radio,0.8
4,train_outer,12379146,,,,,,,,,,,,,55602,radio,0.8
4,train_outer,12614791,,,,,,,,,,,,,55602,radio,0.8
4,train_outer,14375972,,,,,,,,,,,,,55602,radio,0.8
4,train_outer,15001347,,,,,,,,,,,,,55602,radio,0.8
4,train_outer,15162605,,,,,,,,,,,,,55602,radio,0.8
4,train_outer,15366427,,,,,,,,,,,,,55602,radio,0.8
4,train_outer,15697092,,,,,,,,,,,,,55602,radio,0.8
4,train_outer,15955689,,,,,,,,,,,,,55602,radio,0.8
4,train_outer,17370457,,,,,,,,,,,,,55602,radio,0.8
4,train_outer,18622263,,,,,,,,,,,,,55602,radio,0.8
4,train_outer,15141193,,,,,,,,,,,,,55602,radio,0.8
4,train_outer,412386,,,,,,,,,,,,,55602,radio,0.8
4,train_outer,10013509,,,,,,,,,,,,,55602,radio,0.8
4,train_outer,10044748,,,,,,,,,,,,,55602,radio,0.8
4,train_outer,10095373,,,,,,,,,,,,,55602,radio,0.8
4,train_outer,10603027,,,,,,,,,,,,,55602,radio,0.8
4,train_outer,10848834,,,,,,,,,,,,,55602,radio,0.8
4,train_outer,11411793,,,,,,,,,,,,,55602,radio,0.8
4,train_outer,11653088,,,,,,,,,,,,,55602,radio,0.8
4,train_outer,11800552,,,,,,,,,,,,,55602,radio,0.8
4,train_outer,11821945,,,,,,,,,,,,,55602,radio,0.8
4,train_outer,12069946,,,,,,,,,,,,,55602,radio,0.8
4,train_outer,12386307,,,,,,,,,,,,,55602,radio,0.8
4,train_outer,12492026,,,,,,,,,,,,,55602,radio,0.8
4,train_outer,12583361,,,,,,,,,,,,,55602,radio,0.8
4,train_outer,13282934,,,,,,,,,,,,,55602,radio,0.8
4,train_outer,13848180,,,,,,,,,,,,,55602,radio,0.8
4,train_outer,14524333,,,,,,,,,,,,,55602,radio,0.8
4,train_outer,14741794,,,,,,,,,,,,,55602,radio,0.8
4,train_outer,14785724,,,,,,,,,,,,,55602,radio,0.8
4,train_outer,15031324,,,,,,,,,,,,,55602,radio,0.8
4,train_outer,15088329,,,,,,,,,,,,,55602,radio,0.8
4,train_outer,15221964,,,,,,,,,,,,,55602,radio,0.8
4,train_outer,15293082,,,,,,,,,,,,,55602,radio,0.8
4,train_outer,15388458,,,,,,,,,,,,,55602,radio,0.8
4,train_outer,16010363,,,,,,,,,,,,,55602,radio,0.8
4,train_outer,16170980,,,,,,,,,,,,,55602,radio,0.8
4,train_outer,16915450,,,,,,,,,,,,,55602,radio,0.8
4,train_outer,16999701,,,,,,,,,,,,,55602,radio,0.8
4,train_outer,17194838,,,,,,,,,,,,,55602,radio,0.8
4,train_outer,17843402,,,,,,,,,,,,,55602,radio,0.8
4,train_outer,17861159,,,,,,,,,,,,,55602,radio,0.8
4,train_outer,17959052,,,,,,,,,,,,,55602,radio,0.8
4,train_outer,18661809,,,,,,,,,,,,,55602,radio,0.8
4,train_outer,18664964,,,,,,,,,,,,,55602,radio,0.8
4,train_outer,18808752,,,,,,,,,,,,,55602,radio,0.8
4,train_outer,18818037,,,,,,,,,,,,,55602,radio,0.8
4,train_outer,18880707,,,,,,,,,,,,,55602,radio,0.8
4,train_outer,18895067,,,,,,,,,,,,,55602,radio,0.8
4,train_outer,19171757,,,,,,,,,,,,,55602,radio,0.8
4,train_outer,19309727,,,,,,,,,,,,,55602,radio,0.8
4,train_outer,11180416,,,,,,,,,,,,,55602,radio,0.8
4,train_outer,11385096,,,,,,,,,,,,,55602,radio,0.8
4,train_outer,11401016,,,,,,,,,,,,,55602,radio,0.8
4,train_outer,11594412,,,,,,,,,,,,,55602,radio,0.8
4,train_outer,11681499,,,,,,,,,,,,,55602,radio,0.8
4,train_outer,11717194,,,,,,,,,,,,,55602,radio,0.8
4,train_outer,11794273,,,,,,,,,,,,,55602,radio,0.8
4,train_outer,11814382,,,,,,,,,,,,,55602,radio,0.8
4,train_outer,11824012,,,,,,,,,,,,,55602,radio,0.8
4,train_outer,11906931,,,,,,,,,,,,,55602,radio,0.8
4,train_outer,12041667,,,,,,,,,,,,,55602,radio,0.8
4,train_outer,12636815,,,,,,,,,,,,,55602,radio,0.8
4,train_outer,13985997,,,,,,,,,,,,,55602,radio,0.8
4,train_outer,14040222,,,,,,,,,,,,,55602,radio,0.8
4,train_outer,14732179,,,,,,,,,,,,,55602,radio,0.8
4,train_outer,18199507,,,,,,,,,,,,,55602,radio,0.8
4,train_outer,18543332,,,,,,,,,,,,,55602,radio,0.8
4,train_outer,13908208,,,,,,,,,,,,,55602,radio,0.8
4,train_outer,14210746,,,,,,,,,,,,,55602,radio,0.8
4,train_outer,14988315,,,,,,,,,,,,,55602,radio,0.8
4,train_outer,15127997,,,,,,,,,,,,,55602,radio,0.8
4,train_outer,16261957,,,,,,,,,,,,,55602,radio,0.8
4,train_outer,18562866,,,,,,,,,,,,,55602,radio,0.8
4,train_outer,535583,,,,,,,,,,,,,55602,radio,0.8
4,train_outer,11630247,,,,,,,,,,,,,55602,radio,0.8
4,train_outer,12082209,,,,,,,,,,,,,55602,radio,0.8
4,train_outer,12501269,,,,,,,,,,,,,55602,radio,0.8
4,train_outer,22582,,,,,,,,,,,,,55602,radio,0.8
4,train_outer,15539004,,,,,,,,,,,,,55602,radio,0.8
4,train_outer,17823068,,,,,,,,,,,,,55602,radio,0.8
4,train_outer,246847,,,,,,,,,,,,,55602,radio,0.8
4,train_outer,10899706,,,,,,,,,,,,,55602,radio,0.8
4,train_outer,11465065,,,,,,,,,,,,,55602,radio,0.8
4,train_outer,11717014,,,,,,,,,,,,,55602,radio,0.8
4,train_outer,11769891,,,,,,,,,,,,,55602,radio,0.8
4,train_outer,12169842,,,,,,,,,,,,,55602,radio,0.8
4,train_outer,12235737,,,,,,,,,,,,,55602,radio,0.8
4,train_outer,12482927,,,,,,,,,,,,,55602,radio,0.8
4,train_outer,12587577,,,,,,,,,,,,,55602,radio,0.8
4,train_outer,13092509,,,,,,,,,,,,,55602,radio,0.8
4,train_outer,13182560,,,,,,,,,,,,,55602,radio,0.8
4,train_outer,13286264,,,,,,,,,,,,,55602,radio,0.8
4,train_outer,13872185,,,,,,,,,,,,,55602,radio,0.8
4,train_outer,14181060,,,,,,,,,,,,,55602,radio,0.8
4,train_outer,14221623,,,,,,,,,,,,,55602,radio,0.8
4,train_outer,14425577,,,,,,,,,,,,,55602,radio,0.8
4,train_outer,14599508,,,,,,,,,,,,,55602,radio,0.8
4,train_outer,14888869,,,,,,,,,,,,,55602,radio,0.8
4,train_outer,15034276,,,,,,,,,,,,,55602,radio,0.8
4,train_outer,15905520,,,,,,,,,,,,,55602,radio,0.8
4,train_outer,16340744,,,,,,,,,,,,,55602,radio,0.8
4,train_outer,16628950,,,,,,,,,,,,,55602,radio,0.8
4,train_outer,16722519,,,,,,,,,,,,,55602,radio,0.8
4,train_outer,17083115,,,,,,,,,,,,,55602,radio,0.8
4,train_outer,17103105,,,,,,,,,,,,,55602,radio,0.8
4,train_outer,17215866,,,,,,,,,,,,,55602,radio,0.8
4,train_outer,17932422,,,,,,,,,,,,,55602,radio,0.8
4,train_outer,18728195,,,,,,,,,,,,,55602,radio,0.8
4,train_outer,18781715,,,,,,,,,,,,,55602,radio,0.8
4,train_outer,18819128,,,,,,,,,,,,,55602,radio,0.8
4,train_outer,18901461,,,,,,,,,,,,,55602,radio,0.8
4,train_outer,20060,,,,,,,,,,,,,55602,radio,0.8
4,train_outer,79508,,,,,,,,,,,,,55602,radio,0.8
4,train_outer,290115,,,,,,,,,,,,,55602,radio,0.8
4,train_outer,10318835,,,,,,,,,,,,,55602,radio,0.8
4,train_outer,10475956,,,,,,,,,,,,,55602,radio,0.8
4,train_outer,10603871,,,,,,,,,,,,,55602,radio,0.8
4,train_outer,10749133,,,,,,,,,,,,,55602,radio,0.8
4,train_outer,11322813,,,,,,,,,,,,,55602,radio,0.8
4,train_outer,11761851,,,,,,,,,,,,,55602,radio,0.8
4,train_outer,11805660,,,,,,,,,,,,,55602,radio,0.8
4,train_outer,11837091,,,,,,,,,,,,,55602,radio,0.8
4,train_outer,11857407,,,,,,,,,,,,,55602,radio,0.8
4,train_outer,11860755,,,,,,,,,,,,,55602,radio,0.8
4,train_outer,12110141,,,,,,,,,,,,,55602,radio,0.8
4,train_outer,12230847,,,,,,,,,,,,,55602,radio,0.8
4,train_outer,12753678,,,,,,,,,,,,,55602,radio,0.8
4,train_outer,12963363,,,,,,,,,,,,,55602,radio,0.8
4,train_outer,13041746,,,,,,,,,,,,,55602,radio,0.8
4,train_outer,13238594,,,,,,,,,,,,,55602,radio,0.8
4,train_outer,13474070,,,,,,,,,,,,,55602,radio,0.8
4,train_outer,13925217,,,,,,,,,,,,,55602,radio,0.8
4,train_outer,14353000,,,,,,,,,,,,,55602,radio,0.8
4,train_outer,14450517,,,,,,,,,,,,,55602,radio,0.8
4,train_outer,14850910,,,,,,,,,,,,,55602,radio,0.8
4,train_outer,14869784,,,,,,,,,,,,,55602,radio,0.8
4,train_outer,14976505,,,,,,,,,,,,,55602,radio,0.8
4,train_outer,15004749,,,,,,,,,,,,,55602,radio,0.8
4,train_outer,15058011,,,,,,,,,,,,,55602,radio,0.8
4,train_outer,15191395,,,,,,,,,,,,,55602,radio,0.8
4,train_outer,15434959,,,,,,,,,,,,,55602,radio,0.8
4,train_outer,15593227,,,,,,,,,,,,,55602,radio,0.8
4,train_outer,15646198,,,,,,,,,,,,,55602,radio,0.8
4,train_outer,16569846,,,,,,,,,,,,,55602,radio,0.8
4,train_outer,16577332,,,,,,,,,,,,,55602,radio,0.8
4,train_outer,16884084,,,,,,,,,,,,,55602,radio,0.8
4,train_outer,17095334,,,,,,,,,,,,,55602,radio,0.8
4,train_outer,17097216,,,,,,,,,,,,,55602,radio,0.8
4,train_outer,17621600,,,,,,,,,,,,,55602,radio,0.8
4,train_outer,17782775,,,,,,,,,,,,,55602,radio,0.8
4,train_outer,17958182,,,,,,,,,,,,,55602,radio,0.8
4,train_outer,18592113,,,,,,,,,,,,,55602,radio,0.8
4,train_outer,19704765,,,,,,,,,,,,,55602,radio,0.8
4,train_outer,19754814,,,,,,,,,,,,,55602,radio,0.8
4,train_outer,19797325,,,,,,,,,,,,,55602,radio,0.8
4,train_outer,20004272,,,,,,,,,,,,,55602,radio,0.8
4,train_outer,20037187,,,,,,,,,,,,,55602,radio,0.8
4,train_outer,20047967,,,,,,,,,,,,,55602,radio,0.8
4,train_outer,20094842,,,,,,,,,,,,,55602,radio,0.8
4,train_outer,20110902,,,,,,,,,,,,,55602,radio,0.8
4,train_outer,20126228,,,,,,,,,,,,,55602,radio,0.8
4,train_outer,20185477,,,,,,,,,,,,,55602,radio,0.8
4,train_outer,20494005,,,,,,,,,,,,,55602,radio,0.8
4,test_outer,374909,,,,,,,,,,,,,55602,radio,0.8
4,test_outer,13256558,,,,,,,,,,,,,55602,radio,0.8
4,test_outer,18900473,,,,,,,,,,,,,55602,radio,0.8
4,test_outer,10584350,,,,,,,,,,,,,55602,radio,0.8
4,test_outer,10651619,,,,,,,,,,,,,55602,radio,0.8
4,test_outer,20360194,,,,,,,,,,,,,55602,radio,0.8
4,test_outer,11972396,,,,,,,,,,,,,55602,radio,0.8
4,test_outer,17280160,,,,,,,,,,,,,55602,radio,0.8
4,test_outer,14279650,,,,,,,,,,,,,55602,radio,0.8
4,test_outer,21200783,,,,,,,,,,,,,55602,radio,0.8
4,test_outer,12527217,,,,,,,,,,,,,55602,radio,0.8
4,test_outer,13643696,,,,,,,,,,,,,55602,radio,0.8
4,test_outer,14246141,,,,,,,,,,,,,55602,radio,0.8
4,test_outer,17290521,,,,,,,,,,,,,55602,radio,0.8
4,test_outer,17626540,,,,,,,,,,,,,55602,radio,0.8
4,test_outer,18711589,,,,,,,,,,,,,55602,radio,0.8
4,test_outer,19052019,,,,,,,,,,,,,55602,radio,0.8
4,test_outer,15423946,,,,,,,,,,,,,55602,radio,0.8
4,test_outer,577697,,,,,,,,,,,,,55602,radio,0.8
4,test_outer,11622567,,,,,,,,,,,,,55602,radio,0.8
4,test_outer,12148955,,,,,,,,,,,,,55602,radio,0.8
4,test_outer,13691299,,,,,,,,,,,,,55602,radio,0.8
4,test_outer,13793534,,,,,,,,,,,,,55602,radio,0.8
4,test_outer,14035251,,,,,,,,,,,,,55602,radio,0.8
4,test_outer,14125716,,,,,,,,,,,,,55602,radio,0.8
4,test_outer,15253580,,,,,,,,,,,,,55602,radio,0.8
4,test_outer,15256029,,,,,,,,,,,,,55602,radio,0.8
4,test_outer,18653723,,,,,,,,,,,,,55602,radio,0.8
4,test_outer,18793699,,,,,,,,,,,,,55602,radio,0.8
4,test_outer,18799499,,,,,,,,,,,,,55602,radio,0.8
4,test_outer,18809106,,,,,,,,,,,,,55602,radio,0.8
4,test_outer,11489340,,,,,,,,,,,,,55602,radio,0.8
4,test_outer,14341918,,,,,,,,,,,,,55602,radio,0.8
4,test_outer,15299004,,,,,,,,,,,,,55602,radio,0.8
4,test_outer,16671380,,,,,,,,,,,,,55602,radio,0.8
4,test_outer,17137601,,,,,,,,,,,,,55602,radio,0.8
4,test_outer,12093400,,,,,,,,,,,,,55602,radio,0.8
4,test_outer,11608198,,,,,,,,,,,,,55602,radio,0.8
4,test_outer,12436441,,,,,,,,,,,,,55602,radio,0.8
4,test_outer,17299110,,,,,,,,,,,,,55602,radio,0.8
4,test_outer,18612626,,,,,,,,,,,,,55602,radio,0.8
4,test_outer,18864853,,,,,,,,,,,,,55602,radio,0.8
4,test_outer,10168570,,,,,,,,,,,,,55602,radio,0.8
4,test_outer,12098139,,,,,,,,,,,,,55602,radio,0.8
4,test_outer,13446892,,,,,,,,,,,,,55602,radio,0.8
4,test_outer,13770286,,,,,,,,,,,,,55602,radio,0.8
4,test_outer,13885532,,,,,,,,,,,,,55602,radio,0.8
4,test_outer,14261879,,,,,,,,,,,,,55602,radio,0.8
4,test_outer,15238591,,,,,,,,,,,,,55602,radio,0.8
4,test_outer,16227637,,,,,,,,,,,,,55602,radio,0.8
4,test_outer,16302547,,,,,,,,,,,,,55602,radio,0.8
4,test_outer,16815727,,,,,,,,,,,,,55602,radio,0.8
4,test_outer,17648478,,,,,,,,,,,,,55602,radio,0.8
4,test_outer,17921940,,,,,,,,,,,,,55602,radio,0.8
4,test_outer,19176559,,,,,,,,,,,,,55602,radio,0.8
4,test_outer,19477357,,,,,,,,,,,,,55602,radio,0.8
4,test_outer_eval,374909,radio,0.0,0.005534185096621513,1.0,-0.3095490336418152,0.0,0.047330647706985474,1.0,-0.09134360402822495,0.0,-0.18371206521987915,0.0,55602,radio,0.8
4,test_outer_eval,577697,radio,0.0,-0.008096173405647278,0.0,-0.6836228370666504,0.0,-0.20162159204483032,0.0,-0.30236154794692993,0.0,-0.2745385468006134,0.0,55602,radio,0.8
4,test_outer_eval,10168570,radio,0.0,-0.19374743103981018,0.0,-0.7438828945159912,0.0,0.013067074120044708,1.0,-0.21097567677497864,0.0,-0.5849300622940063,0.0,55602,radio,0.8
4,test_outer_eval,10584350,radio,0.0,-0.14837542176246643,0.0,-0.4223666191101074,0.0,0.20729921758174896,1.0,-0.210457906126976,0.0,-0.22080066800117493,0.0,55602,radio,0.8
4,test_outer_eval,10651619,radio,0.0,0.06880548596382141,1.0,-0.4118158519268036,0.0,0.09229981899261475,1.0,-0.15826940536499023,0.0,-0.22826021909713745,0.0,55602,radio,0.8
4,test_outer_eval,11489340,radio,0.0,0.13460516929626465,1.0,-1.1700102090835571,0.0,-0.008315306156873703,0.0,-0.22961348295211792,0.0,-0.06624066084623337,0.0,55602,radio,0.8
4,test_outer_eval,11608198,radio,0.0,0.06112067401409149,1.0,-0.32260945439338684,0.0,0.09104453772306442,1.0,0.13246338069438934,1.0,0.06972399353981018,1.0,55602,radio,0.8
4,test_outer_eval,11622567,radio,0.0,0.07344399392604828,1.0,-0.11734028160572052,0.0,0.1274549663066864,1.0,0.25424158573150635,1.0,-0.03456900268793106,0.0,55602,radio,0.8
4,test_outer_eval,11972396,radio,0.0,0.06014411151409149,1.0,-0.1531941443681717,0.0,0.0837879478931427,1.0,-0.09643083810806274,0.0,-0.28439268469810486,0.0,55602,radio,0.8
4,test_outer_eval,12093400,radio,0.0,0.09946049749851227,1.0,-0.28283098340034485,0.0,-0.2160409539937973,0.0,-0.222012460231781,0.0,-0.14145569503307343,0.0,55602,radio,0.8
4,test_outer_eval,12098139,radio,0.0,0.15062496066093445,1.0,0.3956196904182434,1.0,0.09062838554382324,1.0,0.46798694133758545,1.0,0.12155327945947647,1.0,55602,radio,0.8
4,test_outer_eval,12148955,radio,0.0,0.1723099797964096,1.0,-0.024366453289985657,0.0,0.014005780220031738,1.0,0.23345014452934265,1.0,-0.13813099265098572,0.0,55602,radio,0.8
4,test_outer_eval,12436441,radio,0.0,0.41030728816986084,1.0,-0.2148866057395935,0.0,0.16743585467338562,1.0,0.5245786905288696,1.0,0.14274100959300995,1.0,55602,radio,0.8
4,test_outer_eval,12527217,radio,0.0,0.07296083867549896,1.0,-0.16108153760433197,0.0,-0.019860312342643738,0.0,0.22830139100551605,1.0,0.08539362996816635,1.0,55602,radio,0.8
4,test_outer_eval,13256558,radio,0.0,0.16379214823246002,1.0,-0.12805365025997162,0.0,0.002184975892305374,1.0,0.19969099760055542,1.0,-0.10242384672164917,0.0,55602,radio,0.8
4,test_outer_eval,13446892,radio,0.0,-0.023440934717655182,0.0,-0.312324196100235,0.0,0.025656957179307938,1.0,0.0786285251379013,1.0,-0.08396822214126587,0.0,55602,radio,0.8
4,test_outer_eval,13643696,radio,0.0,-0.03568187355995178,0.0,-0.14256314933300018,0.0,0.042954474687576294,1.0,0.0038492921739816666,1.0,-0.10034786909818649,0.0,55602,radio,0.8
4,test_outer_eval,13691299,radio,0.0,0.06683376431465149,1.0,-0.09608437865972519,0.0,0.17007005214691162,1.0,0.3513106107711792,1.0,-0.0035996437072753906,0.0,55602,radio,0.8
4,test_outer_eval,13770286,radio,0.0,-0.15824127197265625,0.0,-0.2966051697731018,0.0,0.04089135304093361,1.0,-0.16553422808647156,0.0,-0.5156605243682861,0.0,55602,radio,0.8
4,test_outer_eval,13793534,radio,0.0,-0.099333755671978,0.0,-0.24341705441474915,0.0,-0.10046464204788208,0.0,0.1496962308883667,1.0,-0.17448607087135315,0.0,55602,radio,0.8
4,test_outer_eval,13885532,radio,0.0,-0.1638810634613037,0.0,-0.409615695476532,0.0,0.053374096751213074,1.0,0.0684741735458374,1.0,-0.14936712384223938,0.0,55602,radio,0.8
4,test_outer_eval,14035251,radio,0.0,-0.019979896023869514,0.0,-0.22624467313289642,0.0,-0.08365876972675323,0.0,0.17161107063293457,1.0,-0.25479957461357117,0.0,55602,radio,0.8
4,test_outer_eval,14125716,radio,0.0,0.0412454716861248,1.0,-0.5465680360794067,0.0,0.07911701500415802,1.0,0.10007719695568085,1.0,-0.3048412501811981,0.0,55602,radio,0.8
4,test_outer_eval,14246141,radio,0.0,0.08283622562885284,1.0,-1.4060637950897217,0.0,0.005020458251237869,1.0,-0.09759780764579773,0.0,-0.1918540596961975,0.0,55602,radio,0.8
4,test_outer_eval,14261879,radio,0.0,-0.07178765535354614,0.0,-0.3993362784385681,0.0,0.13164222240447998,1.0,-0.19694295525550842,0.0,-0.36342158913612366,0.0,55602,radio,0.8
4,test_outer_eval,14279650,radio,0.0,-0.14170238375663757,0.0,-0.7237635254859924,0.0,-0.13661420345306396,0.0,-0.575076699256897,0.0,-0.20574414730072021,0.0,55602,radio,0.8
4,test_outer_eval,14341918,radio,0.0,-0.2664192318916321,0.0,-0.17833317816257477,0.0,-0.10849754512310028,0.0,-0.43105679750442505,0.0,-0.8376097083091736,0.0,55602,radio,0.8
4,test_outer_eval,15238591,radio,0.0,0.1077437698841095,1.0,-0.17253050208091736,0.0,-0.11697733402252197,0.0,0.2103118598461151,1.0,-0.045718081295490265,0.0,55602,radio,0.8
4,test_outer_eval,15253580,radio,0.0,0.022317230701446533,1.0,-0.010837171226739883,0.0,0.0998523086309433,1.0,0.15775015950202942,1.0,-0.022414550185203552,0.0,55602,radio,0.8
4,test_outer_eval,15256029,radio,0.0,0.17099188268184662,1.0,-0.4113556146621704,0.0,0.38749271631240845,1.0,0.21872124075889587,1.0,-0.09259656071662903,0.0,55602,radio,0.8
4,test_outer_eval,15299004,radio,0.0,-0.028438352048397064,0.0,-0.3142501711845398,0.0,0.1328050196170807,1.0,0.04561540484428406,1.0,0.030529571697115898,1.0,55602,radio,0.8
4,test_outer_eval,15423946,radio,0.0,0.142238587141037,1.0,-0.5502779483795166,0.0,0.03254435956478119,1.0,0.35257601737976074,1.0,-0.1461266577243805,0.0,55602,radio,0.8
4,test_outer_eval,16227637,radio,0.0,0.5102898478507996,1.0,0.0664522796869278,1.0,0.14101620018482208,1.0,0.6744022965431213,1.0,0.18053916096687317,1.0,55602,radio,0.8
4,test_outer_eval,16302547,radio,0.0,-0.16678744554519653,0.0,-0.3066258430480957,0.0,-0.07975966483354568,0.0,-0.1796691119670868,0.0,-0.12153413891792297,0.0,55602,radio,0.8
4,test_outer_eval,16671380,radio,0.0,0.17674347758293152,1.0,-0.3260989487171173,0.0,0.004836283624172211,1.0,0.10690851509571075,1.0,-0.03986978903412819,0.0,55602,radio,0.8
4,test_outer_eval,16815727,radio,0.0,-0.0049138739705085754,0.0,-0.34743088483810425,0.0,0.07442605495452881,1.0,0.16208678483963013,1.0,-0.18943065404891968,0.0,55602,radio,0.8
4,test_outer_eval,17137601,radio,0.0,0.1803838014602661,1.0,-0.295987069606781,0.0,0.3283218443393707,1.0,-0.14456439018249512,0.0,-0.40468692779541016,0.0,55602,radio,0.8
4,test_outer_eval,17280160,radio,0.0,0.1691111922264099,1.0,-0.1379568874835968,0.0,0.08992872387170792,1.0,0.00469377264380455,1.0,-0.1322363018989563,0.0,55602,radio,0.8
4,test_outer_eval,17290521,radio,0.0,-0.08765675127506256,0.0,-0.6692553162574768,0.0,0.16285079717636108,1.0,-0.11490415781736374,0.0,-0.340658038854599,0.0,55602,radio,0.8
4,test_outer_eval,17299110,radio,0.0,-0.021545229479670525,0.0,-0.5762770771980286,0.0,0.08447279036045074,1.0,0.2523723840713501,1.0,-0.2776183485984802,0.0,55602,radio,0.8
4,test_outer_eval,17626540,radio,0.0,0.41290995478630066,1.0,-0.2013522982597351,0.0,-0.05449638515710831,0.0,-0.22947946190834045,0.0,-0.16127872467041016,0.0,55602,radio,0.8
4,test_outer_eval,17648478,radio,0.0,-0.1033407673239708,0.0,-0.4013967514038086,0.0,-0.00343991257250309,0.0,0.12127625197172165,1.0,-0.618888258934021,0.0,55602,radio,0.8
4,test_outer_eval,17921940,radio,0.0,0.08549173176288605,1.0,-0.9101911187171936,0.0,-0.04316405951976776,0.0,0.11698344349861145,1.0,-0.3978153467178345,0.0,55602,radio,0.8
4,test_outer_eval,18612626,radio,0.0,-0.06280088424682617,0.0,-0.7810136675834656,0.0,-0.18602383136749268,0.0,0.058718666434288025,1.0,0.4566408097743988,1.0,55602,radio,0.8
4,test_outer_eval,18653723,radio,0.0,0.031617701053619385,1.0,-0.126381054520607,0.0,0.08386456221342087,1.0,0.32755744457244873,1.0,-0.28858861327171326,0.0,55602,radio,0.8
4,test_outer_eval,18711589,radio,0.0,0.22672054171562195,1.0,0.11433500796556473,1.0,0.13918405771255493,1.0,0.1792185753583908,1.0,0.27785834670066833,1.0,55602,radio,0.8
4,test_outer_eval,18793699,radio,0.0,0.06310738623142242,1.0,-0.6975674629211426,0.0,-0.09437362849712372,0.0,0.013576075434684753,1.0,-0.46664074063301086,0.0,55602,radio,0.8
4,test_outer_eval,18799499,radio,0.0,-0.040149424225091934,0.0,-0.2781236469745636,0.0,0.03573230654001236,1.0,0.11385086178779602,1.0,-0.0528920479118824,0.0,55602,radio,0.8
4,test_outer_eval,18809106,radio,0.0,-0.2013286054134369,0.0,-0.8199948072433472,0.0,-0.025291461497545242,0.0,-0.5427419543266296,0.0,-0.5423041582107544,0.0,55602,radio,0.8
4,test_outer_eval,18864853,radio,0.0,-0.01581067219376564,0.0,-0.10507890582084656,0.0,-0.07433714717626572,0.0,-0.09057457745075226,0.0,0.08750098943710327,1.0,55602,radio,0.8
4,test_outer_eval,18900473,radio,0.0,-0.03172294795513153,0.0,-0.22574999928474426,0.0,-0.09147629141807556,0.0,0.14796629548072815,1.0,-0.1798938661813736,0.0,55602,radio,0.8
4,test_outer_eval,19052019,radio,0.0,-0.13961127400398254,0.0,-0.2786451578140259,0.0,0.03708711639046669,1.0,-0.055911317467689514,0.0,-0.24631154537200928,0.0,55602,radio,0.8
4,test_outer_eval,19176559,radio,0.0,-0.15553072094917297,0.0,-0.4612089693546295,0.0,0.09558650851249695,1.0,-0.25451359152793884,0.0,0.012977369129657745,1.0,55602,radio,0.8
4,test_outer_eval,19477357,radio,0.0,-0.08521272242069244,0.0,-0.5518434047698975,0.0,-0.01859145611524582,0.0,0.11498717963695526,1.0,-0.11140362918376923,0.0,55602,radio,0.8
4,test_outer_eval,20360194,radio,0.0,0.0905541330575943,1.0,-0.4287479817867279,0.0,0.07532242685556412,1.0,0.12643958628177643,1.0,-0.25560542941093445,0.0,55602,radio,0.8
4,test_outer_eval,21200783,radio,0.0,0.14985285699367523,1.0,-0.43775036931037903,0.0,0.09279169142246246,1.0,-0.010804619640111923,0.0,-0.27814602851867676,0.0,55602,radio,0.8
5,train_outer,14169967,,,,,,,,,,,,,55602,radio,0.8
5,train_outer,16000430,,,,,,,,,,,,,55602,radio,0.8
5,train_outer,374909,,,,,,,,,,,,,55602,radio,0.8
5,train_outer,13256558,,,,,,,,,,,,,55602,radio,0.8
5,train_outer,18900473,,,,,,,,,,,,,55602,radio,0.8
5,train_outer,16471324,,,,,,,,,,,,,55602,radio,0.8
5,train_outer,20411050,,,,,,,,,,,,,55602,radio,0.8
5,train_outer,10584350,,,,,,,,,,,,,55602,radio,0.8
5,train_outer,10651619,,,,,,,,,,,,,55602,radio,0.8
5,train_outer,14748740,,,,,,,,,,,,,55602,radio,0.8
5,train_outer,20159853,,,,,,,,,,,,,55602,radio,0.8
5,train_outer,11818229,,,,,,,,,,,,,55602,radio,0.8
5,train_outer,20360194,,,,,,,,,,,,,55602,radio,0.8
5,train_outer,14653930,,,,,,,,,,,,,55602,radio,0.8
5,train_outer,20710769,,,,,,,,,,,,,55602,radio,0.8
5,train_outer,12419489,,,,,,,,,,,,,55602,radio,0.8
5,train_outer,11972396,,,,,,,,,,,,,55602,radio,0.8
5,train_outer,11932685,,,,,,,,,,,,,55602,radio,0.8
5,train_outer,586698,,,,,,,,,,,,,55602,radio,0.8
5,train_outer,16830390,,,,,,,,,,,,,55602,radio,0.8
5,train_outer,16808905,,,,,,,,,,,,,55602,radio,0.8
5,train_outer,16398336,,,,,,,,,,,,,55602,radio,0.8
5,train_outer,10680627,,,,,,,,,,,,,55602,radio,0.8
5,train_outer,310824,,,,,,,,,,,,,55602,radio,0.8
5,train_outer,17280160,,,,,,,,,,,,,55602,radio,0.8
5,train_outer,10548249,,,,,,,,,,,,,55602,radio,0.8
5,train_outer,14279650,,,,,,,,,,,,,55602,radio,0.8
5,train_outer,21068674,,,,,,,,,,,,,55602,radio,0.8
5,train_outer,20598191,,,,,,,,,,,,,55602,radio,0.8
5,train_outer,21078397,,,,,,,,,,,,,55602,radio,0.8
5,train_outer,10148300,,,,,,,,,,,,,55602,radio,0.8
5,train_outer,18241909,,,,,,,,,,,,,55602,radio,0.8
5,train_outer,16784223,,,,,,,,,,,,,55602,radio,0.8
5,train_outer,21200783,,,,,,,,,,,,,55602,radio,0.8
5,train_outer,13161584,,,,,,,,,,,,,55602,radio,0.8
5,train_outer,13787273,,,,,,,,,,,,,55602,radio,0.8
5,train_outer,10262640,,,,,,,,,,,,,55602,radio,0.8
5,train_outer,12224103,,,,,,,,,,,,,55602,radio,0.8
5,train_outer,12527217,,,,,,,,,,,,,55602,radio,0.8
5,train_outer,12540915,,,,,,,,,,,,,55602,radio,0.8
5,train_outer,12818978,,,,,,,,,,,,,55602,radio,0.8
5,train_outer,12834264,,,,,,,,,,,,,55602,radio,0.8
5,train_outer,13643696,,,,,,,,,,,,,55602,radio,0.8
5,train_outer,14246141,,,,,,,,,,,,,55602,radio,0.8
5,train_outer,14947437,,,,,,,,,,,,,55602,radio,0.8
5,train_outer,15329974,,,,,,,,,,,,,55602,radio,0.8
5,train_outer,15398979,,,,,,,,,,,,,55602,radio,0.8
5,train_outer,15907405,,,,,,,,,,,,,55602,radio,0.8
5,train_outer,15970864,,,,,,,,,,,,,55602,radio,0.8
5,train_outer,16186433,,,,,,,,,,,,,55602,radio,0.8
5,train_outer,17290521,,,,,,,,,,,,,55602,radio,0.8
5,train_outer,17626540,,,,,,,,,,,,,55602,radio,0.8
5,train_outer,17815997,,,,,,,,,,,,,55602,radio,0.8
5,train_outer,18242610,,,,,,,,,,,,,55602,radio,0.8
5,train_outer,18486672,,,,,,,,,,,,,55602,radio,0.8
5,train_outer,18711589,,,,,,,,,,,,,55602,radio,0.8
5,train_outer,18982916,,,,,,,,,,,,,55602,radio,0.8
5,train_outer,19032437,,,,,,,,,,,,,55602,radio,0.8
5,train_outer,19052019,,,,,,,,,,,,,55602,radio,0.8
5,train_outer,10905401,,,,,,,,,,,,,55602,radio,0.8
5,train_outer,11834621,,,,,,,,,,,,,55602,radio,0.8
5,train_outer,12379146,,,,,,,,,,,,,55602,radio,0.8
5,train_outer,12614791,,,,,,,,,,,,,55602,radio,0.8
5,train_outer,14375972,,,,,,,,,,,,,55602,radio,0.8
5,train_outer,15162605,,,,,,,,,,,,,55602,radio,0.8
5,train_outer,15423946,,,,,,,,,,,,,55602,radio,0.8
5,train_outer,15697092,,,,,,,,,,,,,55602,radio,0.8
5,train_outer,15955689,,,,,,,,,,,,,55602,radio,0.8
5,train_outer,17370457,,,,,,,,,,,,,55602,radio,0.8
5,train_outer,18622263,,,,,,,,,,,,,55602,radio,0.8
5,train_outer,15141193,,,,,,,,,,,,,55602,radio,0.8
5,train_outer,412386,,,,,,,,,,,,,55602,radio,0.8
5,train_outer,577697,,,,,,,,,,,,,55602,radio,0.8
5,train_outer,10044748,,,,,,,,,,,,,55602,radio,0.8
5,train_outer,10095373,,,,,,,,,,,,,55602,radio,0.8
5,train_outer,10603027,,,,,,,,,,,,,55602,radio,0.8
5,train_outer,10848834,,,,,,,,,,,,,55602,radio,0.8
5,train_outer,11411793,,,,,,,,,,,,,55602,radio,0.8
5,train_outer,11622567,,,,,,,,,,,,,55602,radio,0.8
5,train_outer,11653088,,,,,,,,,,,,,55602,radio,0.8
5,train_outer,12069946,,,,,,,,,,,,,55602,radio,0.8
5,train_outer,12148955,,,,,,,,,,,,,55602,radio,0.8
5,train_outer,12386307,,,,,,,,,,,,,55602,radio,0.8
5,train_outer,12492026,,,,,,,,,,,,,55602,radio,0.8
5,train_outer,12583361,,,,,,,,,,,,,55602,radio,0.8
5,train_outer,13282934,,,,,,,,,,,,,55602,radio,0.8
5,train_outer,13691299,,,,,,,,,,,,,55602,radio,0.8
5,train_outer,13793534,,,,,,,,,,,,,55602,radio,0.8
5,train_outer,13848180,,,,,,,,,,,,,55602,radio,0.8
5,train_outer,14035251,,,,,,,,,,,,,55602,radio,0.8
5,train_outer,14125716,,,,,,,,,,,,,55602,radio,0.8
5,train_outer,14524333,,,,,,,,,,,,,55602,radio,0.8
5,train_outer,14741794,,,,,,,,,,,,,55602,radio,0.8
5,train_outer,14785724,,,,,,,,,,,,,55602,radio,0.8
5,train_outer,15031324,,,,,,,,,,,,,55602,radio,0.8
5,train_outer,15221964,,,,,,,,,,,,,55602,radio,0.8
5,train_outer,15253580,,,,,,,,,,,,,55602,radio,0.8
5,train_outer,15256029,,,,,,,,,,,,,55602,radio,0.8
5,train_outer,15293082,,,,,,,,,,,,,55602,radio,0.8
5,train_outer,15388458,,,,,,,,,,,,,55602,radio,0.8
5,train_outer,16010363,,,,,,,,,,,,,55602,radio,0.8
5,train_outer,16999701,,,,,,,,,,,,,55602,radio,0.8
5,train_outer,17861159,,,,,,,,,,,,,55602,radio,0.8
5,train_outer,17959052,,,,,,,,,,,,,55602,radio,0.8
5,train_outer,18653723,,,,,,,,,,,,,55602,radio,0.8
5,train_outer,18661809,,,,,,,,,,,,,55602,radio,0.8
5,train_outer,18664964,,,,,,,,,,,,,55602,radio,0.8
5,train_outer,18793699,,,,,,,,,,,,,55602,radio,0.8
5,train_outer,18799499,,,,,,,,,,,,,55602,radio,0.8
5,train_outer,18808752,,,,,,,,,,,,,55602,radio,0.8
5,train_outer,18809106,,,,,,,,,,,,,55602,radio,0.8
5,train_outer,18818037,,,,,,,,,,,,,55602,radio,0.8
5,train_outer,18880707,,,,,,,,,,,,,55602,radio,0.8
5,train_outer,19171757,,,,,,,,,,,,,55602,radio,0.8
5,train_outer,11180416,,,,,,,,,,,,,55602,radio,0.8
5,train_outer,11385096,,,,,,,,,,,,,55602,radio,0.8
5,train_outer,11489340,,,,,,,,,,,,,55602,radio,0.8
5,train_outer,11681499,,,,,,,,,,,,,55602,radio,0.8
5,train_outer,11717194,,,,,,,,,,,,,55602,radio,0.8
5,train_outer,11794273,,,,,,,,,,,,,55602,radio,0.8
5,train_outer,11814382,,,,,,,,,,,,,55602,radio,0.8
5,train_outer,11906931,,,,,,,,,,,,,55602,radio,0.8
5,train_outer,12041667,,,,,,,,,,,,,55602,radio,0.8
5,train_outer,12636815,,,,,,,,,,,,,55602,radio,0.8
5,train_outer,14040222,,,,,,,,,,,,,55602,radio,0.8
5,train_outer,14341918,,,,,,,,,,,,,55602,radio,0.8
5,train_outer,14732179,,,,,,,,,,,,,55602,radio,0.8
5,train_outer,15299004,,,,,,,,,,,,,55602,radio,0.8
5,train_outer,16671380,,,,,,,,,,,,,55602,radio,0.8
5,train_outer,17137601,,,,,,,,,,,,,55602,radio,0.8
5,train_outer,18199507,,,,,,,,,,,,,55602,radio,0.8
5,train_outer,12093400,,,,,,,,,,,,,55602,radio,0.8
5,train_outer,13908208,,,,,,,,,,,,,55602,radio,0.8
5,train_outer,15127997,,,,,,,,,,,,,55602,radio,0.8
5,train_outer,16261957,,,,,,,,,,,,,55602,radio,0.8
5,train_outer,18562866,,,,,,,,,,,,,55602,radio,0.8
5,train_outer,535583,,,,,,,,,,,,,55602,radio,0.8
5,train_outer,11608198,,,,,,,,,,,,,55602,radio,0.8
5,train_outer,11630247,,,,,,,,,,,,,55602,radio,0.8
5,train_outer,12082209,,,,,,,,,,,,,55602,radio,0.8
5,train_outer,12436441,,,,,,,,,,,,,55602,radio,0.8
5,train_outer,12501269,,,,,,,,,,,,,55602,radio,0.8
5,train_outer,22582,,,,,,,,,,,,,55602,radio,0.8
5,train_outer,15539004,,,,,,,,,,,,,55602,radio,0.8
5,train_outer,17823068,,,,,,,,,,,,,55602,radio,0.8
5,train_outer,246847,,,,,,,,,,,,,55602,radio,0.8
5,train_outer,10899706,,,,,,,,,,,,,55602,radio,0.8
5,train_outer,11769891,,,,,,,,,,,,,55602,radio,0.8
5,train_outer,12235737,,,,,,,,,,,,,55602,radio,0.8
5,train_outer,12482927,,,,,,,,,,,,,55602,radio,0.8
5,train_outer,12587577,,,,,,,,,,,,,55602,radio,0.8
5,train_outer,13092509,,,,,,,,,,,,,55602,radio,0.8
5,train_outer,13182560,,,,,,,,,,,,,55602,radio,0.8
5,train_outer,13872185,,,,,,,,,,,,,55602,radio,0.8
5,train_outer,14181060,,,,,,,,,,,,,55602,radio,0.8
5,train_outer,14221623,,,,,,,,,,,,,55602,radio,0.8
5,train_outer,14425577,,,,,,,,,,,,,55602,radio,0.8
5,train_outer,14888869,,,,,,,,,,,,,55602,radio,0.8
5,train_outer,15905520,,,,,,,,,,,,,55602,radio,0.8
5,train_outer,16340744,,,,,,,,,,,,,55602,radio,0.8
5,train_outer,16628950,,,,,,,,,,,,,55602,radio,0.8
5,train_outer,17083115,,,,,,,,,,,,,55602,radio,0.8
5,train_outer,17103105,,,,,,,,,,,,,55602,radio,0.8
5,train_outer,17215866,,,,,,,,,,,,,55602,radio,0.8
5,train_outer,17299110,,,,,,,,,,,,,55602,radio,0.8
5,train_outer,17932422,,,,,,,,,,,,,55602,radio,0.8
5,train_outer,18612626,,,,,,,,,,,,,55602,radio,0.8
5,train_outer,18728195,,,,,,,,,,,,,55602,radio,0.8
5,train_outer,18781715,,,,,,,,,,,,,55602,radio,0.8
5,train_outer,18819128,,,,,,,,,,,,,55602,radio,0.8
5,train_outer,18864853,,,,,,,,,,,,,55602,radio,0.8
5,train_outer,18901461,,,,,,,,,,,,,55602,radio,0.8
5,train_outer,10168570,,,,,,,,,,,,,55602,radio,0.8
5,train_outer,20060,,,,,,,,,,,,,55602,radio,0.8
5,train_outer,79508,,,,,,,,,,,,,55602,radio,0.8
5,train_outer,290115,,,,,,,,,,,,,55602,radio,0.8
5,train_outer,10318835,,,,,,,,,,,,,55602,radio,0.8
5,train_outer,10749133,,,,,,,,,,,,,55602,radio,0.8
5,train_outer,11322813,,,,,,,,,,,,,55602,radio,0.8
5,train_outer,11761851,,,,,,,,,,,,,55602,radio,0.8
5,train_outer,11805660,,,,,,,,,,,,,55602,radio,0.8
5,train_outer,11837091,,,,,,,,,,,,,55602,radio,0.8
5,train_outer,11857407,,,,,,,,,,,,,55602,radio,0.8
5,train_outer,11860755,,,,,,,,,,,,,55602,radio,0.8
5,train_outer,12098139,,,,,,,,,,,,,55602,radio,0.8
5,train_outer,12230847,,,,,,,,,,,,,55602,radio,0.8
5,train_outer,12753678,,,,,,,,,,,,,55602,radio,0.8
5,train_outer,12963363,,,,,,,,,,,,,55602,radio,0.8
5,train_outer,13041746,,,,,,,,,,,,,55602,radio,0.8
5,train_outer,13446892,,,,,,,,,,,,,55602,radio,0.8
5,train_outer,13474070,,,,,,,,,,,,,55602,radio,0.8
5,train_outer,13770286,,,,,,,,,,,,,55602,radio,0.8
5,train_outer,13885532,,,,,,,,,,,,,55602,radio,0.8
5,train_outer,14261879,,,,,,,,,,,,,55602,radio,0.8
5,train_outer,14850910,,,,,,,,,,,,,55602,radio,0.8
5,train_outer,14869784,,,,,,,,,,,,,55602,radio,0.8
5,train_outer,14976505,,,,,,,,,,,,,55602,radio,0.8
5,train_outer,15004749,,,,,,,,,,,,,55602,radio,0.8
5,train_outer,15058011,,,,,,,,,,,,,55602,radio,0.8
5,train_outer,15191395,,,,,,,,,,,,,55602,radio,0.8
5,train_outer,15238591,,,,,,,,,,,,,55602,radio,0.8
5,train_outer,15434959,,,,,,,,,,,,,55602,radio,0.8
5,train_outer,15593227,,,,,,,,,,,,,55602,radio,0.8
5,train_outer,16227637,,,,,,,,,,,,,55602,radio,0.8
5,train_outer,16302547,,,,,,,,,,,,,55602,radio,0.8
5,train_outer,16569846,,,,,,,,,,,,,55602,radio,0.8
5,train_outer,16577332,,,,,,,,,,,,,55602,radio,0.8
5,train_outer,16815727,,,,,,,,,,,,,55602,radio,0.8
5,train_outer,16884084,,,,,,,,,,,,,55602,radio,0.8
5,train_outer,17097216,,,,,,,,,,,,,55602,radio,0.8
5,train_outer,17648478,,,,,,,,,,,,,55602,radio,0.8
5,train_outer,17782775,,,,,,,,,,,,,55602,radio,0.8
5,train_outer,17921940,,,,,,,,,,,,,55602,radio,0.8
5,train_outer,17958182,,,,,,,,,,,,,55602,radio,0.8
5,train_outer,18592113,,,,,,,,,,,,,55602,radio,0.8
5,train_outer,19176559,,,,,,,,,,,,,55602,radio,0.8
5,train_outer,19477357,,,,,,,,,,,,,55602,radio,0.8
5,train_outer,19704765,,,,,,,,,,,,,55602,radio,0.8
5,train_outer,19754814,,,,,,,,,,,,,55602,radio,0.8
5,train_outer,19797325,,,,,,,,,,,,,55602,radio,0.8
5,train_outer,20004272,,,,,,,,,,,,,55602,radio,0.8
5,train_outer,20047967,,,,,,,,,,,,,55602,radio,0.8
5,train_outer,20094842,,,,,,,,,,,,,55602,radio,0.8
5,train_outer,20110902,,,,,,,,,,,,,55602,radio,0.8
5,train_outer,20126228,,,,,,,,,,,,,55602,radio,0.8
5,train_outer,20494005,,,,,,,,,,,,,55602,radio,0.8
5,test_outer,15563805,,,,,,,,,,,,,55602,radio,0.8
5,test_outer,20363213,,,,,,,,,,,,,55602,radio,0.8
5,test_outer,20416158,,,,,,,,,,,,,55602,radio,0.8
5,test_outer,17261908,,,,,,,,,,,,,55602,radio,0.8
5,test_outer,10012210,,,,,,,,,,,,,55602,radio,0.8
5,test_outer,192787,,,,,,,,,,,,,55602,radio,0.8
5,test_outer,20677961,,,,,,,,,,,,,55602,radio,0.8
5,test_outer,20810268,,,,,,,,,,,,,55602,radio,0.8
5,test_outer,15263444,,,,,,,,,,,,,55602,radio,0.8
5,test_outer,15876887,,,,,,,,,,,,,55602,radio,0.8
5,test_outer,11822030,,,,,,,,,,,,,55602,radio,0.8
5,test_outer,14826120,,,,,,,,,,,,,55602,radio,0.8
5,test_outer,16220376,,,,,,,,,,,,,55602,radio,0.8
5,test_outer,16470184,,,,,,,,,,,,,55602,radio,0.8
5,test_outer,17923173,,,,,,,,,,,,,55602,radio,0.8
5,test_outer,19316184,,,,,,,,,,,,,55602,radio,0.8
5,test_outer,11721931,,,,,,,,,,,,,55602,radio,0.8
5,test_outer,11963103,,,,,,,,,,,,,55602,radio,0.8
5,test_outer,15001347,,,,,,,,,,,,,55602,radio,0.8
5,test_outer,15366427,,,,,,,,,,,,,55602,radio,0.8
5,test_outer,10013509,,,,,,,,,,,,,55602,radio,0.8
5,test_outer,11800552,,,,,,,,,,,,,55602,radio,0.8
5,test_outer,11821945,,,,,,,,,,,,,55602,radio,0.8
5,test_outer,15088329,,,,,,,,,,,,,55602,radio,0.8
5,test_outer,16170980,,,,,,,,,,,,,55602,radio,0.8
5,test_outer,16915450,,,,,,,,,,,,,55602,radio,0.8
5,test_outer,17194838,,,,,,,,,,,,,55602,radio,0.8
5,test_outer,17843402,,,,,,,,,,,,,55602,radio,0.8
5,test_outer,18895067,,,,,,,,,,,,,55602,radio,0.8
5,test_outer,19309727,,,,,,,,,,,,,55602,radio,0.8
5,test_outer,11401016,,,,,,,,,,,,,55602,radio,0.8
5,test_outer,11594412,,,,,,,,,,,,,55602,radio,0.8
5,test_outer,11824012,,,,,,,,,,,,,55602,radio,0.8
5,test_outer,13985997,,,,,,,,,,,,,55602,radio,0.8
5,test_outer,18543332,,,,,,,,,,,,,55602,radio,0.8
5,test_outer,14210746,,,,,,,,,,,,,55602,radio,0.8
5,test_outer,14988315,,,,,,,,,,,,,55602,radio,0.8
5,test_outer,11465065,,,,,,,,,,,,,55602,radio,0.8
5,test_outer,11717014,,,,,,,,,,,,,55602,radio,0.8
5,test_outer,12169842,,,,,,,,,,,,,55602,radio,0.8
5,test_outer,13286264,,,,,,,,,,,,,55602,radio,0.8
5,test_outer,14599508,,,,,,,,,,,,,55602,radio,0.8
5,test_outer,15034276,,,,,,,,,,,,,55602,radio,0.8
5,test_outer,16722519,,,,,,,,,,,,,55602,radio,0.8
5,test_outer,10475956,,,,,,,,,,,,,55602,radio,0.8
5,test_outer,10603871,,,,,,,,,,,,,55602,radio,0.8
5,test_outer,12110141,,,,,,,,,,,,,55602,radio,0.8
5,test_outer,13238594,,,,,,,,,,,,,55602,radio,0.8
5,test_outer,13925217,,,,,,,,,,,,,55602,radio,0.8
5,test_outer,14353000,,,,,,,,,,,,,55602,radio,0.8
5,test_outer,14450517,,,,,,,,,,,,,55602,radio,0.8
5,test_outer,15646198,,,,,,,,,,,,,55602,radio,0.8
5,test_outer,17095334,,,,,,,,,,,,,55602,radio,0.8
5,test_outer,17621600,,,,,,,,,,,,,55602,radio,0.8
5,test_outer,20037187,,,,,,,,,,,,,55602,radio,0.8
5,test_outer,20185477,,,,,,,,,,,,,55602,radio,0.8
5,test_outer_eval,192787,radio,0.0,-1.255979061126709,0.0,-0.6424273252487183,0.0,-0.2947670817375183,0.0,-0.8072197437286377,0.0,-0.4877887964248657,0.0,55602,radio,0.8
5,test_outer_eval,10012210,radio,0.0,-0.01950065791606903,0.0,-0.28478574752807617,0.0,0.1617623120546341,1.0,-0.024260476231575012,0.0,-0.007902197539806366,0.0,55602,radio,0.8
5,test_outer_eval,10013509,radio,0.0,-0.03407084941864014,0.0,-0.003520723432302475,0.0,-0.014128874987363815,0.0,-0.1753222644329071,0.0,-0.038901519030332565,0.0,55602,radio,0.8
5,test_outer_eval,10475956,radio,0.0,0.06431397050619125,1.0,-0.06410682201385498,0.0,0.4958842992782593,1.0,0.03168132156133652,1.0,0.12731245160102844,1.0,55602,radio,0.8
5,test_outer_eval,10603871,radio,0.0,0.0875692069530487,1.0,-0.16391077637672424,0.0,-0.09111484885215759,0.0,-0.17593549191951752,0.0,-0.2806689441204071,0.0,55602,radio,0.8
5,test_outer_eval,11401016,radio,0.0,0.0970432460308075,1.0,-0.31625938415527344,0.0,0.3949432969093323,1.0,0.18603242933750153,1.0,-0.05816095322370529,0.0,55602,radio,0.8
5,test_outer_eval,11465065,radio,0.0,0.08920950442552567,1.0,-0.4376794099807739,0.0,0.1303139626979828,1.0,0.05626727640628815,1.0,0.2242273986339569,1.0,55602,radio,0.8
5,test_outer_eval,11594412,radio,0.0,0.21469604969024658,1.0,0.23666444420814514,1.0,0.4177108108997345,1.0,-0.25343888998031616,0.0,-0.02141779661178589,0.0,55602,radio,0.8
5,test_outer_eval,11717014,radio,0.0,0.04873581975698471,1.0,0.30761492252349854,1.0,0.3505820035934448,1.0,-0.04034353792667389,0.0,0.1769086867570877,1.0,55602,radio,0.8
5,test_outer_eval,11721931,radio,0.0,0.16232670843601227,1.0,-0.3653988242149353,0.0,0.12128707021474838,1.0,0.03626050800085068,1.0,-0.03991364315152168,0.0,55602,radio,0.8
5,test_outer_eval,11800552,radio,0.0,0.03554873168468475,1.0,-0.26612943410873413,0.0,0.25682416558265686,1.0,-0.39147233963012695,0.0,0.016311712563037872,1.0,55602,radio,0.8
5,test_outer_eval,11821945,radio,0.0,0.025001652538776398,1.0,-0.2727351784706116,0.0,0.2710167467594147,1.0,0.013267651200294495,1.0,-0.14630085229873657,0.0,55602,radio,0.8
5,test_outer_eval,11822030,radio,0.0,-0.29930630326271057,0.0,-0.5907107591629028,0.0,0.3943418562412262,1.0,0.01062367856502533,1.0,-0.31636399030685425,0.0,55602,radio,0.8
5,test_outer_eval,11824012,radio,0.0,0.03590421378612518,1.0,-0.34846484661102295,0.0,0.6191025376319885,1.0,0.09933576732873917,1.0,-0.02551290951669216,0.0,55602,radio,0.8
5,test_outer_eval,11963103,radio,0.0,-0.29419809579849243,0.0,-0.09013587236404419,0.0,-0.07881014794111252,0.0,-0.12257460504770279,0.0,0.03049989603459835,1.0,55602,radio,0.8
5,test_outer_eval,12110141,radio,0.0,-0.1588108241558075,0.0,-0.3566363453865051,0.0,0.679696798324585,1.0,0.03168928250670433,1.0,-0.013165716081857681,0.0,55602,radio,0.8
5,test_outer_eval,12169842,radio,0.0,-0.13470330834388733,0.0,-0.6346381902694702,0.0,0.3271970748901367,1.0,-0.06394749134778976,0.0,-0.19245854020118713,0.0,55602,radio,0.8
5,test_outer_eval,13238594,radio,0.0,-0.2778661251068115,0.0,-0.30429694056510925,0.0,-0.04304282367229462,0.0,-0.5529434084892273,0.0,-0.15691262483596802,0.0,55602,radio,0.8
5,test_outer_eval,13286264,radio,0.0,0.13930927217006683,1.0,-0.2592328190803528,0.0,0.22416430711746216,1.0,-0.20732975006103516,0.0,-0.21788448095321655,0.0,55602,radio,0.8
5,test_outer_eval,13925217,radio,0.0,-0.23414328694343567,0.0,-0.3910130262374878,0.0,-0.20947149395942688,0.0,-0.2066745162010193,0.0,-0.18283313512802124,0.0,55602,radio,0.8
5,test_outer_eval,13985997,radio,0.0,-0.01598595455288887,0.0,-0.07836051285266876,0.0,0.5813004970550537,1.0,-0.059279702603816986,0.0,0.03859896585345268,1.0,55602,radio,0.8
5,test_outer_eval,14210746,radio,0.0,-0.0577123761177063,0.0,-0.268532931804657,0.0,0.05930241197347641,1.0,-0.014042485505342484,0.0,-0.004582487046718597,0.0,55602,radio,0.8
5,test_outer_eval,14353000,radio,0.0,-0.012916655279695988,0.0,-0.24296529591083527,0.0,0.34203583002090454,1.0,0.1406365931034088,1.0,-0.09743225574493408,0.0,55602,radio,0.8
5,test_outer_eval,14450517,radio,0.0,-0.44517481327056885,0.0,-0.531339168548584,0.0,-0.32374322414398193,0.0,-0.1079217791557312,0.0,-0.03412957489490509,0.0,55602,radio,0.8
5,test_outer_eval,14599508,radio,0.0,0.06941820681095123,1.0,0.06656960397958755,1.0,0.49429333209991455,1.0,-0.5216343998908997,0.0,-0.03294975310564041,0.0,55602,radio,0.8
5,test_outer_eval,14826120,radio,0.0,0.14419838786125183,1.0,-0.48778772354125977,0.0,0.6552585363388062,1.0,0.24292577803134918,1.0,0.015438690781593323,1.0,55602,radio,0.8
5,test_outer_eval,14988315,radio,0.0,0.17576155066490173,1.0,-0.19676846265792847,0.0,0.27588140964508057,1.0,-0.11430338025093079,0.0,-0.019297361373901367,0.0,55602,radio,0.8
5,test_outer_eval,15001347,radio,0.0,0.10146947205066681,1.0,0.24024298787117004,1.0,-0.012055817991495132,0.0,-0.6503359079360962,0.0,-0.167899489402771,0.0,55602,radio,0.8
5,test_outer_eval,15034276,radio,0.0,-0.5369383692741394,0.0,-0.38047313690185547,0.0,0.5241457223892212,1.0,0.0647803395986557,1.0,0.17367535829544067,1.0,55602,radio,0.8
5,test_outer_eval,15088329,radio,0.0,-0.06221212074160576,0.0,-0.32599854469299316,0.0,0.23578694462776184,1.0,-0.046163514256477356,0.0,-0.035823799669742584,0.0,55602,radio,0.8
5,test_outer_eval,15263444,radio,0.0,-0.04970879852771759,0.0,-0.27726495265960693,0.0,-0.0024016723036766052,0.0,-0.274381160736084,0.0,-0.014538422226905823,0.0,55602,radio,0.8
5,test_outer_eval,15366427,radio,0.0,0.10553766041994095,1.0,-0.10004940629005432,0.0,0.7480908632278442,1.0,0.3173754811286926,1.0,0.3286983370780945,1.0,55602,radio,0.8
5,test_outer_eval,15563805,radio,0.0,-0.25229719281196594,0.0,-0.5549399852752686,0.0,-0.06507176160812378,0.0,-0.47917306423187256,0.0,-0.1344790756702423,0.0,55602,radio,0.8
5,test_outer_eval,15646198,radio,0.0,0.25036582350730896,1.0,-0.45299044251441956,0.0,0.862234354019165,1.0,0.23904062807559967,1.0,0.04337189719080925,1.0,55602,radio,0.8
5,test_outer_eval,15876887,radio,0.0,-0.041963107883930206,0.0,-0.288981169462204,0.0,0.19710972905158997,1.0,-0.641754150390625,0.0,-0.1708080917596817,0.0,55602,radio,0.8
5,test_outer_eval,16170980,radio,0.0,-1.0976313352584839,0.0,-1.1099660396575928,0.0,0.04180843383073807,1.0,-1.2962204217910767,0.0,-0.44341421127319336,0.0,55602,radio,0.8
5,test_outer_eval,16220376,radio,0.0,0.0448426678776741,1.0,-0.05517975240945816,0.0,-0.07555940747261047,0.0,-0.09276482462882996,0.0,0.09162537753582001,1.0,55602,radio,0.8
5,test_outer_eval,16470184,radio,0.0,-0.724136233329773,0.0,-0.5161285996437073,0.0,0.09818817675113678,1.0,-0.6439459323883057,0.0,-0.2893359363079071,0.0,55602,radio,0.8
5,test_outer_eval,16722519,radio,0.0,-0.38679343461990356,0.0,-0.0799512267112732,0.0,-0.15522867441177368,0.0,-0.09996511042118073,0.0,0.030801398679614067,1.0,55602,radio,0.8
5,test_outer_eval,16915450,radio,0.0,-0.2285965383052826,0.0,-0.20939522981643677,0.0,0.3776167631149292,1.0,-0.4815875291824341,0.0,-0.08399933576583862,0.0,55602,radio,0.8
5,test_outer_eval,17095334,radio,0.0,-0.017906054854393005,0.0,-0.5224483609199524,0.0,0.04230818152427673,1.0,-0.433363676071167,0.0,-0.2792542278766632,0.0,55602,radio,0.8
5,test_outer_eval,17194838,radio,0.0,-0.9294784665107727,0.0,-0.5076210498809814,0.0,0.27078214287757874,1.0,-1.3991061449050903,0.0,-0.4112851619720459,0.0,55602,radio,0.8
5,test_outer_eval,17261908,radio,0.0,0.08671315014362335,1.0,0.03878416493535042,1.0,0.28421375155448914,1.0,0.07171165198087692,1.0,0.03802845627069473,1.0,55602,radio,0.8
5,test_outer_eval,17621600,radio,0.0,-1.1410435438156128,0.0,-0.5946401953697205,0.0,0.08703590929508209,1.0,-0.5822091102600098,0.0,-0.2749567925930023,0.0,55602,radio,0.8
5,test_outer_eval,17843402,radio,0.0,0.4047228693962097,1.0,-0.0956139862537384,0.0,0.5012215375900269,1.0,-0.011510435491800308,0.0,-0.06868777424097061,0.0,55602,radio,0.8
5,test_outer_eval,17923173,radio,0.0,-0.011501962319016457,0.0,-0.6477881669998169,0.0,0.32729125022888184,1.0,0.11422058939933777,1.0,-0.15414714813232422,0.0,55602,radio,0.8
5,test_outer_eval,18543332,radio,0.0,0.2547610104084015,1.0,0.09462050348520279,1.0,0.5248228907585144,1.0,-0.2907206416130066,0.0,-0.1455099880695343,0.0,55602,radio,0.8
5,test_outer_eval,18895067,radio,0.0,-0.04193711280822754,0.0,-0.8539819717407227,0.0,0.23813024163246155,1.0,-0.8565359711647034,0.0,-0.24451975524425507,0.0,55602,radio,0.8
5,test_outer_eval,19309727,radio,0.0,0.3034069538116455,1.0,-0.362103134393692,0.0,0.11000825464725494,1.0,0.16856782138347626,1.0,-0.029478078708052635,0.0,55602,radio,0.8
5,test_outer_eval,19316184,radio,0.0,0.040163978934288025,1.0,-0.29324522614479065,0.0,0.044537127017974854,1.0,0.03849785774946213,1.0,-0.02705199643969536,0.0,55602,radio,0.8
5,test_outer_eval,20037187,radio,0.0,-0.26785218715667725,0.0,0.03891901671886444,1.0,0.07863117754459381,1.0,0.10814635455608368,1.0,0.03013431280851364,1.0,55602,radio,0.8
5,test_outer_eval,20185477,radio,0.0,0.057571299374103546,1.0,-0.0045694708824157715,0.0,-0.1793784499168396,0.0,-0.4208654761314392,0.0,-0.06891598552465439,0.0,55602,radio,0.8
5,test_outer_eval,20363213,radio,0.0,-0.05618897080421448,0.0,-0.333840548992157,0.0,-0.0018137246370315552,0.0,0.02378765493631363,1.0,0.0028373338282108307,1.0,55602,radio,0.8
5,test_outer_eval,20416158,radio,0.0,-0.5972294807434082,0.0,-0.9426069259643555,0.0,-0.12430659681558609,0.0,-0.4228433668613434,0.0,-0.3646492063999176,0.0,55602,radio,0.8
5,test_outer_eval,20677961,radio,0.0,0.14841875433921814,1.0,-0.20043633878231049,0.0,-0.11580373346805573,0.0,-0.4770778715610504,0.0,-0.17719803750514984,0.0,55602,radio,0.8
5,test_outer_eval,20810268,radio,0.0,-0.07002447545528412,0.0,-0.17583951354026794,0.0,0.27435851097106934,1.0,-0.19786010682582855,0.0,0.0024734176695346832,1.0,55602,radio,0.8
