{"_timestamp":1.7725554501858652e+09,"_step":71,"_wandb":{"runtime":0},"_runtime":0.066527809,"avg_inner_best_models/train_loss_mean":0.5516168276468912,"avg_inner_best_models/val_loss_mean":0.7024011611938477}