{"_step":59,"avg_inner_best_models/train_loss_mean":0.496431316435337,"_wandb":{"runtime":0},"_runtime":0.056121402,"avg_inner_best_models/val_loss_mean":0.6522607008616129,"_timestamp":1.7725702604311683e+09}