{"avg_inner_best_models/train_loss_mean":0.5185353135069212,"avg_inner_best_models/val_loss_mean":0.6676956017812093,"_wandb":{"runtime":0},"_runtime":0.05718107,"avg_inner_best_models/val_auc_mean":0.6702586206896551,"_timestamp":1.7727548198285654e+09,"_step":38}