{"_runtime":0.051973038,"_timestamp":1.7727999719364152e+09,"_step":34,"avg_inner_best_models/train_loss_mean":0.5086784064769745,"avg_inner_best_models/val_loss_mean":0.6547301411628723,"avg_inner_best_models/val_auc_mean":0.6197478991596639,"_wandb":{"runtime":0}}