{"_wandb":{"runtime":0},"_runtime":0.051799453,"avg_inner_best_models/train_loss_mean":0.4549650972088178,"avg_inner_best_models/val_loss_mean":0.6168003877003988,"_timestamp":1.7725182438796668e+09,"_step":39}