{"avg_inner_best_models/val_loss_mean":0.5837278068065643,"_timestamp":1.7724942361496203e+09,"_wandb":{"runtime":0},"_runtime":0.061291267,"_step":61,"avg_inner_best_models/train_loss_mean":0.28482762972513836}