{"_runtime":0.052341694,"avg_inner_best_models/train_loss_mean":0.5972202072540919,"avg_inner_best_models/val_loss_mean":0.6531516114870707,"_timestamp":1.7725085146383977e+09,"_step":38,"_wandb":{"runtime":0}}