{"_timestamp":1.772819076607623e+09,"_wandb":{"runtime":0},"_runtime":0.05213187,"_step":30,"avg_inner_best_models/train_loss_mean":0.5157718608776728,"avg_inner_best_models/val_loss_mean":0.7037116885185242,"avg_inner_best_models/val_auc_mean":0.6400862068965517}