{"avg_inner_best_models/train_loss_mean":0.47801752885182697,"_wandb":{"runtime":0},"_runtime":0.036695278,"avg_inner_best_models/val_loss_mean":0.69461057583491,"_timestamp":1.772500613778693e+09,"_step":36}