{"avg_inner_best_models/train_loss_mean":0.6123655984799067,"avg_inner_best_models/val_loss_mean":0.7026531298955282,"_timestamp":1.772546497811625e+09,"_step":43,"_wandb":{"runtime":0},"_runtime":0.053056432}