outer_test_LOGLOSS_mean,outer_test_LOGLOSS_std,outer_test_AUC_mean,outer_test_AUC_std,outer_test_AUCPR_mean,outer_test_AUCPR_std,outer_test_ACC_mean,outer_test_ACC_std,outer_test_SEN_mean,outer_test_SEN_std,outer_test_SP_mean,outer_test_SP_std,outer_test_MCC_mean,outer_test_MCC_std
0.6883920147143635,0.019028518801704673,0.5815534769463341,0.06991442299829055,0.7133131777716535,0.0546613595419685,0.5395384294068505,0.04791546326309448,0.5498306878306878,0.08842439142864991,0.5234761904761904,0.12826568704128458,0.07181431196242674,0.10282481958989668
