{"_timestamp":1.7728291026564248e+09,"_wandb":{"runtime":0},"_runtime":0.034892122,"_step":30,"avg_inner_best_models/train_loss_mean":0.4814029783010483,"avg_inner_best_models/val_loss_mean":0.6558145880699158,"avg_inner_best_models/val_auc_mean":0.6681034482758621}