{"_runtime":0,"avg_inner_folds/std_auc":0.10734952466748417,"avg_inner_folds/mean_auc":0.5162851347435526,"avg_inner_curve/val_acc_std":0,"avg_inner_folds/mean_aucpr":0.6452129065000598,"avg_inner_folds/std_aucpr":0.07197336485719526,"_timestamp":1.772106729396102e+09,"avg_inner_curve/val_acc_mean":0.6222222222222222,"avg_inner_folds/mean_logloss":0.6761561886469523,"_wandb":{"runtime":0},"avg_inner_curve/folds_count":1,"avg_inner_curve/val_loss_std":0,"avg_inner_curve/train_loss_std":0,"avg_inner_folds/std_acc":0.102896328024802,"_step":40,"avg_inner_curve/train_loss_mean":0.4471581849184903,"avg_inner_folds/mean_acc":0.5644444444444444,"avg_inner_curve/val_auc_mean":0.6099137931034483,"avg_inner_curve/val_loss_mean":0.6554525295893351,"avg_inner_folds/std_logloss":0.02165775435319758,"avg_inner_curve/val_auc_std":0}