{"avg_inner_best_models/val_auc_mean":0.7281947261663286,"_timestamp":1.7728308733891554e+09,"_wandb":{"runtime":0},"_runtime":0.061462295,"_step":41,"avg_inner_best_models/train_loss_mean":0.48890077074368793,"avg_inner_best_models/val_loss_mean":0.6422379016876221}