outer_test_LOGLOSS_mean,outer_test_LOGLOSS_std,outer_test_AUC_mean,outer_test_AUC_std,outer_test_AUCPR_mean,outer_test_AUCPR_std,outer_test_ACC_mean,outer_test_ACC_std,outer_test_SEN_mean,outer_test_SEN_std,outer_test_SP_mean,outer_test_SP_std,outer_test_MCC_mean,outer_test_MCC_std
0.6881437286335875,0.0108639834702329,0.5701089065255732,0.05772886544940708,0.7094945480186695,0.04378852673314733,0.559500835421888,0.044528470442401234,0.5939523809523809,0.1318503923600318,0.5022380952380953,0.19754370413556926,0.09435338695070836,0.11152250051804957
