outer_test_LOGLOSS_mean,outer_test_LOGLOSS_std,outer_test_AUC_mean,outer_test_AUC_std,outer_test_AUCPR_mean,outer_test_AUCPR_std,outer_test_ACC_mean,outer_test_ACC_std,outer_test_SEN_mean,outer_test_SEN_std,outer_test_SP_mean,outer_test_SP_std,outer_test_MCC_mean,outer_test_MCC_std
0.6743767923905976,0.01718825937393619,0.5829647266313933,0.06798793541295724,0.7193718844463344,0.051231650120206446,0.5900647451963241,0.056283172917503406,0.6968624338624338,0.1339637432888491,0.41019047619047627,0.2136409674681287,0.10490873965705265,0.14365862572560642
