{"avg_inner_best_models/val_loss_mean":0.6303548514842987,"_wandb":{"runtime":0},"_runtime":0.050369043,"_timestamp":1.7725258409916484e+09,"_step":52,"avg_inner_best_models/train_loss_mean":0.35957910120487213}