{"_step":35,"avg_inner_best_models/train_loss_mean":0.46131644149621326,"avg_inner_best_models/val_loss_mean":0.6773971319198608,"_wandb":{"runtime":0},"_runtime":0.03591145,"avg_inner_best_models/val_auc_mean":0.6348884381338742,"_timestamp":1.7727976091618526e+09}