{"_timestamp":1.7727695925815625e+09,"_step":28,"avg_inner_best_models/train_loss_mean":0.51935634141167,"_wandb":{"runtime":0},"_runtime":0.058041446,"avg_inner_best_models/val_loss_mean":0.665529986222585,"avg_inner_best_models/val_auc_mean":0.6810344827586207}