{"_runtime":0.050739909,"_timestamp":1.7727877790126545e+09,"_step":26,"avg_inner_best_models/train_loss_mean":0.5513595094283422,"avg_inner_best_models/val_loss_mean":0.6598135232925415,"avg_inner_best_models/val_auc_mean":0.6092436974789917,"_wandb":{"runtime":0}}