{"_runtime":0.052179031,"avg_inner_best_models/val_loss_mean":0.6018058260281881,"avg_inner_best_models/val_auc_mean":0.7478991596638656,"_timestamp":1.7728113895312214e+09,"_step":42,"avg_inner_best_models/train_loss_mean":0.463624248902003,"_wandb":{"runtime":0}}