outer_test_LOGLOSS_mean,outer_test_LOGLOSS_std,outer_test_AUC_mean,outer_test_AUC_std,outer_test_AUCPR_mean,outer_test_AUCPR_std,outer_test_ACC_mean,outer_test_ACC_std,outer_test_SEN_mean,outer_test_SEN_std,outer_test_SP_mean,outer_test_SP_std,outer_test_MCC_mean,outer_test_MCC_std
0.6809493389395993,0.01411770890856041,0.567803476946334,0.03471092052337593,0.7031997409432568,0.026831549534908735,0.5706725146198829,0.04559148559211985,0.6478412698412698,0.11246410704113628,0.4392063492063492,0.11420467813409967,0.08793888991305088,0.07245721885773446
