{"avg_inner_best_models/train_loss_mean":0.5469727118810018,"avg_inner_best_models/val_loss_mean":0.6762722730636597,"avg_inner_best_models/val_auc_mean":0.6573275862068966,"_timestamp":1.772805740024986e+09,"_wandb":{"runtime":0},"_runtime":0.054777796,"_step":48}