{"_wandb":{"runtime":0},"_runtime":0.05611317,"avg_inner_best_models/train_loss_mean":0.5123388494054476,"avg_inner_best_models/val_loss_mean":0.6510878602663676,"avg_inner_best_models/val_auc_mean":0.6810344827586207,"_timestamp":1.7728131067013595e+09,"_step":30}