outer_test_LOGLOSS_mean,outer_test_LOGLOSS_std,outer_test_AUC_mean,outer_test_AUC_std,outer_test_AUCPR_mean,outer_test_AUCPR_std,outer_test_ACC_mean,outer_test_ACC_std,outer_test_SEN_mean,outer_test_SEN_std,outer_test_SP_mean,outer_test_SP_std,outer_test_MCC_mean,outer_test_MCC_std
0.6702115968142633,0.019234709438632334,0.5716931216931217,0.07361632527633208,0.6931777012251056,0.049322165430155884,0.6273182957393484,0.07852810909838813,0.786984126984127,0.13344265170865174,0.3514285714285714,0.09607666534379078,0.1665778661457175,0.15104795482643432
