outer_test_LOGLOSS_mean,outer_test_LOGLOSS_std,outer_test_AUC_mean,outer_test_AUC_std,outer_test_AUCPR_mean,outer_test_AUCPR_std,outer_test_ACC_mean,outer_test_ACC_std,outer_test_SEN_mean,outer_test_SEN_std,outer_test_SP_mean,outer_test_SP_std,outer_test_MCC_mean,outer_test_MCC_std
0.6724383456509396,0.012075347400276198,0.6111881456286219,0.05380401356728082,0.7376441645506924,0.05735362085377734,0.5918233082706766,0.056173347217484855,0.6519470899470898,0.11295168474064037,0.4877142857142856,0.1175006811929652,0.14169537977182364,0.10461695544327251
