outer_test_LOGLOSS_mean,outer_test_LOGLOSS_std,outer_test_AUC_mean,outer_test_AUC_std,outer_test_AUCPR_mean,outer_test_AUCPR_std,outer_test_ACC_mean,outer_test_ACC_std,outer_test_SEN_mean,outer_test_SEN_std,outer_test_SP_mean,outer_test_SP_std,outer_test_MCC_mean,outer_test_MCC_std
0.6815409138225255,0.015785053479080473,0.5864043209876543,0.04842300506905695,0.7178243108612863,0.024214642961890187,0.5896240601503758,0.04434367148070552,0.6392486772486772,0.0649782507592423,0.502079365079365,0.09625468014573971,0.1387846262174583,0.09407673312608285
