{"avg_inner_best_models/val_auc_mean":0.680672268907563,"_timestamp":1.772757349864441e+09,"_step":63,"_wandb":{"runtime":0},"_runtime":0.067005175,"avg_inner_best_models/train_loss_mean":0.5388469696044922,"avg_inner_best_models/val_loss_mean":0.6800733804702759}