{"_wandb":{"runtime":0},"_runtime":0.057697947,"avg_inner_best_models/train_loss_mean":0.5195951422055562,"avg_inner_best_models/val_loss_mean":0.6627804497877757,"_timestamp":1.7725723654169233e+09,"_step":59}