{"_wandb":{"runtime":0},"_runtime":0.038190725,"_step":43,"avg_inner_best_models/train_loss_mean":0.2545411065220833,"avg_inner_best_models/val_loss_mean":0.5700134336948395,"_timestamp":1.772503723476809e+09}