{"_step":50,"avg_inner_best_models/train_loss_mean":0.29921995600064594,"_wandb":{"runtime":0},"_runtime":0.039763836,"avg_inner_best_models/val_loss_mean":0.6320820152759552,"_timestamp":1.7725231133299007e+09}