{"_timestamp":1.7725108942374706e+09,"_wandb":{"runtime":0},"_runtime":0.057678295,"_step":66,"avg_inner_best_models/train_loss_mean":0.3408557325601578,"avg_inner_best_models/val_loss_mean":0.6265789270401001}