outer_test_LOGLOSS_mean,outer_test_LOGLOSS_std,outer_test_AUC_mean,outer_test_AUC_std,outer_test_AUCPR_mean,outer_test_AUCPR_std,outer_test_ACC_mean,outer_test_ACC_std,outer_test_SEN_mean,outer_test_SEN_std,outer_test_SP_mean,outer_test_SP_std,outer_test_MCC_mean,outer_test_MCC_std
0.6920486406102803,0.012991119490168335,0.5408616150163769,0.07962073438730943,0.6753098854748474,0.060096574937206805,0.5551127819548873,0.0664280050366882,0.6031111111111112,0.12315181373931632,0.46922222222222215,0.11154603998327974,0.07679031903471566,0.11777941453551934
