outer_test_LOGLOSS_mean,outer_test_LOGLOSS_std,outer_test_AUC_mean,outer_test_AUC_std,outer_test_AUCPR_mean,outer_test_AUCPR_std,outer_test_ACC_mean,outer_test_ACC_std,outer_test_SEN_mean,outer_test_SEN_std,outer_test_SP_mean,outer_test_SP_std,outer_test_MCC_mean,outer_test_MCC_std
0.6674850373352372,0.012845888786763621,0.6119828672209624,0.04005318362271075,0.7379044688563151,0.038166387245789336,0.6058709273182956,0.058250249112381934,0.6657936507936508,0.1682047096198146,0.5043492063492063,0.18283006439893085,0.1842636714365854,0.1086939076811432
