outer_test_LOGLOSS_mean,outer_test_LOGLOSS_std,outer_test_AUC_mean,outer_test_AUC_std,outer_test_AUCPR_mean,outer_test_AUCPR_std,outer_test_ACC_mean,outer_test_ACC_std,outer_test_SEN_mean,outer_test_SEN_std,outer_test_SP_mean,outer_test_SP_std,outer_test_MCC_mean,outer_test_MCC_std
0.6860274692601845,0.019758650454851052,0.5877983749055178,0.059720570574427936,0.7247195624655867,0.05384362561523047,0.5643796992481204,0.08559784456284326,0.5611481481481481,0.24472362161251796,0.5776190476190477,0.22684058229074344,0.15326556632039792,0.09342186172400609
