{"avg_inner_folds/mean_aucpr":0.7128849608636145,"avg_inner_folds/std_auc":0.10351472545446752,"avg_inner_curve/val_loss_std":0,"avg_inner_curve/folds_count":1,"_timestamp":1.7721068101839092e+09,"avg_inner_folds/mean_logloss":0.6928198728296492,"avg_inner_folds/mean_auc":0.5270501303969864,"avg_inner_folds/std_logloss":0.024833305518900315,"avg_inner_folds/std_aucpr":0.06090875913568882,"_runtime":0,"avg_inner_curve/val_loss_mean":0.6969053745269775,"avg_inner_curve/val_acc_mean":0.5333333333333333,"avg_inner_curve/val_auc_std":0,"avg_inner_curve/train_loss_std":0,"avg_inner_curve/val_acc_std":0,"_step":32,"_wandb":{"runtime":0},"avg_inner_folds/std_acc":0.11958776930732189,"avg_inner_curve/train_loss_mean":0.5746179938316345,"avg_inner_folds/mean_acc":0.5155555555555555,"avg_inner_curve/val_auc_mean":0.6206896551724138}