outer_test_LOGLOSS_mean,outer_test_LOGLOSS_std,outer_test_AUC_mean,outer_test_AUC_std,outer_test_AUCPR_mean,outer_test_AUCPR_std,outer_test_ACC_mean,outer_test_ACC_std,outer_test_SEN_mean,outer_test_SEN_std,outer_test_SP_mean,outer_test_SP_std,outer_test_MCC_mean,outer_test_MCC_std
0.6820739167409492,0.0141971674855866,0.5643032249937011,0.09406494619212746,0.7134327159958849,0.07185180897461256,0.5654594820384296,0.04687264702923696,0.6334867724867724,0.10977208712606751,0.44660317460317467,0.18461280375755565,0.07744760676285155,0.12063021311165577
