outer_test_LOGLOSS_mean,outer_test_LOGLOSS_std,outer_test_AUC_mean,outer_test_AUC_std,outer_test_AUCPR_mean,outer_test_AUCPR_std,outer_test_ACC_mean,outer_test_ACC_std,outer_test_SEN_mean,outer_test_SEN_std,outer_test_SP_mean,outer_test_SP_std,outer_test_MCC_mean,outer_test_MCC_std
0.6763135442181861,0.03242028874570295,0.57689417989418,0.11781801927024435,0.7018266708608273,0.09133957080372983,0.6061403508771929,0.08766816832038204,0.6851957671957671,0.19404479481202322,0.4633968253968254,0.206220426745775,0.1576401688143319,0.1684185241093177
