outer_test_LOGLOSS_mean,outer_test_LOGLOSS_std,outer_test_AUC_mean,outer_test_AUC_std,outer_test_AUCPR_mean,outer_test_AUCPR_std,outer_test_ACC_mean,outer_test_ACC_std,outer_test_SEN_mean,outer_test_SEN_std,outer_test_SP_mean,outer_test_SP_std,outer_test_MCC_mean,outer_test_MCC_std
0.6928339813693236,0.008768717182839161,0.525765558075082,0.07086861534089067,0.6552343729157658,0.04343452476600271,0.5345446950710109,0.05719690072841233,0.5647883597883597,0.09297320277895851,0.479984126984127,0.09611536541168116,0.04475143172408006,0.10530125544636557
