{"avg_inner_best_models/train_loss_mean":0.5194147055347761,"avg_inner_best_models/val_loss_mean":0.6383306384086609,"_timestamp":1.7725595715664346e+09,"_step":66,"_wandb":{"runtime":0},"_runtime":0.055824653}