{"_timestamp":1.7727546045662286e+09,"_step":33,"avg_inner_best_models/train_loss_mean":0.5055044293403625,"avg_inner_best_models/val_loss_mean":0.6614603996276855,"_wandb":{"runtime":0},"_runtime":0.060216684,"avg_inner_best_models/val_auc_mean":0.6099137931034483}