{"avg_inner_best_models/val_loss_mean":0.6533219814300537,"_wandb":{"runtime":0},"_runtime":0.063506752,"avg_inner_best_models/val_auc_mean":0.7306034482758621,"_timestamp":1.7728115887642193e+09,"_step":80,"avg_inner_best_models/train_loss_mean":0.5790360768636068}