{"_step":46,"avg_inner_best_models/train_loss_mean":0.5165630777676901,"avg_inner_best_models/val_loss_mean":0.6617032686869303,"avg_inner_best_models/val_auc_mean":0.6754563894523327,"_wandb":{"runtime":0},"_runtime":0.036878156,"_timestamp":1.7728049962995143e+09}