{"_runtime":0.063818658,"avg_inner_best_models/val_loss_mean":0.6579565207163492,"avg_inner_best_models/val_auc_mean":0.680672268907563,"_timestamp":1.7728052014528525e+09,"_step":32,"avg_inner_best_models/train_loss_mean":0.4886806731422742,"_wandb":{"runtime":0}}