{"_wandb":{"runtime":0},"_runtime":0.038427926,"_timestamp":1.772504155366091e+09,"_step":32,"avg_inner_best_models/train_loss_mean":0.3099251762032509,"avg_inner_best_models/val_loss_mean":0.5912879308064779}