{"avg_inner_best_models/val_loss_mean":0.6882936656475067,"avg_inner_best_models/val_auc_mean":0.6314655172413793,"_timestamp":1.7727776030921397e+09,"_runtime":0.052450068,"_wandb":{"runtime":0},"_step":32,"avg_inner_best_models/train_loss_mean":0.5564681788285574}