outer_test_LOGLOSS_mean,outer_test_LOGLOSS_std,outer_test_AUC_mean,outer_test_AUC_std,outer_test_AUCPR_mean,outer_test_AUCPR_std,outer_test_ACC_mean,outer_test_ACC_std,outer_test_SEN_mean,outer_test_SEN_std,outer_test_SP_mean,outer_test_SP_std,outer_test_MCC_mean,outer_test_MCC_std
0.6852703800194692,0.009675710091746503,0.556326278659612,0.07489954520937128,0.6940040081673766,0.054547738143327945,0.5620071010860486,0.059968744996397254,0.6148941798941799,0.07975717656643297,0.46922222222222215,0.16157074956095277,0.0828674396387958,0.1445833659218689
