outer_test_LOGLOSS_mean,outer_test_LOGLOSS_std,outer_test_AUC_mean,outer_test_AUC_std,outer_test_AUCPR_mean,outer_test_AUCPR_std,outer_test_ACC_mean,outer_test_ACC_std,outer_test_SEN_mean,outer_test_SEN_std,outer_test_SP_mean,outer_test_SP_std,outer_test_MCC_mean,outer_test_MCC_std
0.685698958733268,0.010715730696593009,0.5801831065759636,0.07386511946620028,0.7111977982036797,0.07081703719920372,0.5660923141186299,0.04881740763737616,0.5621693121693122,0.08451455846910201,0.5755238095238094,0.19096117547764596,0.13578920400507252,0.14114248895520656
