outer_test_LOGLOSS_mean,outer_test_LOGLOSS_std,outer_test_AUC_mean,outer_test_AUC_std,outer_test_AUCPR_mean,outer_test_AUCPR_std,outer_test_ACC_mean,outer_test_ACC_std,outer_test_SEN_mean,outer_test_SEN_std,outer_test_SP_mean,outer_test_SP_std,outer_test_MCC_mean,outer_test_MCC_std
0.6844706049471193,0.014786168217024836,0.5373818342151675,0.08483283554404905,0.6785353056910274,0.06467199386160685,0.5577861319966584,0.05321435164665366,0.6175925925925926,0.15114706911115033,0.4518730158730158,0.21148692231081717,0.0697390347707811,0.12604548777578245
