{"_timestamp":1.772513975409938e+09,"_step":62,"avg_inner_best_models/train_loss_mean":0.28428242603937787,"avg_inner_best_models/val_loss_mean":0.6043437321980795,"_wandb":{"runtime":0},"_runtime":0.056129275}