{"_step":33,"avg_inner_best_models/train_loss_mean":0.5110992913444837,"avg_inner_best_models/val_loss_mean":0.7617118954658508,"_timestamp":1.772512999425636e+09,"_wandb":{"runtime":0},"_runtime":0.05558886}