{"_timestamp":1.7725501252903519e+09,"_step":59,"_wandb":{"runtime":0},"_runtime":0.055879958,"avg_inner_best_models/train_loss_mean":0.5660141184926033,"avg_inner_best_models/val_loss_mean":0.7099685748418173}