{"avg_inner_best_models/val_loss_mean":0.6255393624305725,"_wandb":{"runtime":0},"_runtime":0.039124609,"_timestamp":1.772531155941925e+09,"_step":54,"avg_inner_best_models/train_loss_mean":0.4706207886338234}