{"_wandb":{"runtime":0},"_timestamp":1.7725589636914344e+09,"_step":59,"avg_inner_best_models/train_loss_mean":0.5214447880784671,"avg_inner_best_models/val_loss_mean":0.6572233120600383,"_runtime":0.056369016}