{"_step":18,"avg_inner_best_models/train_loss_mean":0.5483347668002049,"avg_inner_best_models/val_loss_mean":0.6661860768993696,"_wandb":{"runtime":0},"_runtime":0.036445764,"_timestamp":1.7725445040124753e+09}