{"_runtime":0.060852518,"_wandb":{"runtime":0},"_timestamp":1.7728807086739368e+09,"_step":58,"avg_inner_best_models/train_loss_mean":1.3411059776941936,"avg_inner_best_models/val_loss_mean":0.6474008957544962,"avg_inner_best_models/val_auc_mean":0.7823275862068966}