{"avg_inner_best_models/val_loss_mean":0.6684774955113729,"_wandb":{"runtime":0},"_runtime":0.035239063,"_timestamp":1.7725078818528817e+09,"_step":34,"avg_inner_best_models/train_loss_mean":0.6916048924128214}