{"_timestamp":1.772496640660119e+09,"_step":28,"_wandb":{"runtime":0},"_runtime":0.035844044,"avg_inner_best_models/train_loss_mean":0.4434788376092911,"avg_inner_best_models/val_loss_mean":0.6723529994487762}