{"avg_inner_folds/mean_aucpr":0.7354449959444894,"avg_inner_folds/mean_acc":0.5837681159420289,"avg_inner_folds/std_logloss":0.03196754948944262,"avg_inner_curve/folds_count":1,"_wandb":{"runtime":0},"avg_inner_curve/train_loss_mean":0.4494471631266854,"_step":47,"avg_inner_folds/std_auc":0.10463077228293216,"avg_inner_folds/std_aucpr":0.0793596381563615,"avg_inner_curve/val_loss_std":0,"_timestamp":1.7721073301127539e+09,"avg_inner_curve/train_loss_std":0,"avg_inner_curve/val_auc_std":0,"avg_inner_curve/val_acc_std":0,"avg_inner_curve/val_auc_mean":0.6734279918864097,"avg_inner_folds/std_acc":0.06351405986185546,"avg_inner_folds/mean_auc":0.5978158504781222,"avg_inner_folds/mean_logloss":0.6582253720305393,"_runtime":0,"avg_inner_curve/val_loss_mean":0.6230742136637369,"avg_inner_curve/val_acc_mean":0.6304347826086957}