outer_test_LOGLOSS_mean,outer_test_LOGLOSS_std,outer_test_AUC_mean,outer_test_AUC_std,outer_test_AUCPR_mean,outer_test_AUCPR_std,outer_test_ACC_mean,outer_test_ACC_std,outer_test_SEN_mean,outer_test_SEN_std,outer_test_SP_mean,outer_test_SP_std,outer_test_MCC_mean,outer_test_MCC_std
0.6688995579749148,0.023203515121430606,0.5655599647266314,0.10372569363419237,0.690494310153149,0.07036933713543846,0.6066645781119465,0.07334443404985357,0.7595925925925926,0.06911171788752994,0.3403492063492064,0.1369011940193072,0.10365067007608986,0.1824199450741721
