{"_wandb":{"runtime":0},"_runtime":0.036190642,"avg_inner_best_models/train_loss_mean":0.5646107395490011,"avg_inner_best_models/val_loss_mean":0.7361231843630472,"avg_inner_best_models/val_auc_mean":0.6810344827586208,"_timestamp":1.7728174177997038e+09,"_step":30}