{"avg_inner_best_models/train_loss_mean":0.5947854419549307,"avg_inner_best_models/val_loss_mean":0.6635790765285492,"_wandb":{"runtime":0},"_runtime":0.037010554,"_timestamp":1.7725340593226454e+09,"_step":41}