{"_timestamp":1.7725384384805841e+09,"_step":28,"avg_inner_best_models/train_loss_mean":0.5187380015850067,"avg_inner_best_models/val_loss_mean":0.6726302703221639,"_wandb":{"runtime":0},"_runtime":0.040540959}