{"_wandb":{"runtime":0},"_runtime":0.05781115,"avg_inner_best_models/val_auc_mean":0.7058823529411764,"_timestamp":1.77287756768735e+09,"_step":35,"avg_inner_best_models/train_loss_mean":1.3036481142044067,"avg_inner_best_models/val_loss_mean":0.6488314568996429}