{"avg_inner_best_models/train_loss_mean":0.38667062918345135,"avg_inner_best_models/val_loss_mean":0.6319271922111511,"avg_inner_best_models/val_auc_mean":0.73109243697479,"_timestamp":1.7728091297429178e+09,"_runtime":0.081183337,"_wandb":{"runtime":0},"_step":55}