{"avg_inner_best_models/train_loss_mean":0.5674671232700348,"avg_inner_best_models/val_loss_mean":0.666706919670105,"avg_inner_best_models/val_auc_mean":0.6228448275862069,"_runtime":0.034300937,"_wandb":{"runtime":0},"_timestamp":1.7727809359174433e+09,"_step":27}