outer_test_LOGLOSS_mean,outer_test_LOGLOSS_std,outer_test_AUC_mean,outer_test_AUC_std,outer_test_AUCPR_mean,outer_test_AUCPR_std,outer_test_ACC_mean,outer_test_ACC_std,outer_test_SEN_mean,outer_test_SEN_std,outer_test_SP_mean,outer_test_SP_std,outer_test_MCC_mean,outer_test_MCC_std
0.7017582401891547,0.017354076048808086,0.5349678760393046,0.06952516570253599,0.69331026449736,0.07594447479091884,0.4965538847117794,0.039150374656312985,0.423968253968254,0.13482886701743185,0.6195238095238095,0.17302825061302585,0.04505823113692544,0.08135182522041381
