outer_test_LOGLOSS_mean,outer_test_LOGLOSS_std,outer_test_AUC_mean,outer_test_AUC_std,outer_test_AUCPR_mean,outer_test_AUCPR_std,outer_test_ACC_mean,outer_test_ACC_std,outer_test_SEN_mean,outer_test_SEN_std,outer_test_SP_mean,outer_test_SP_std,outer_test_MCC_mean,outer_test_MCC_std
0.6860144106603866,0.011936412849752708,0.5779169816074577,0.05834145134215291,0.7036490540928776,0.03665151138819253,0.590889724310777,0.056228857113800795,0.6400899470899472,0.12124800535495107,0.5081269841269841,0.15520885547012717,0.14731576807237812,0.11613950625096303
