{"_wandb":{"runtime":0},"_runtime":0.037246798,"avg_inner_best_models/val_loss_mean":0.6549797554810841,"_timestamp":1.7725399951336808e+09,"_step":34,"avg_inner_best_models/train_loss_mean":0.44359390561779344}