{"avg_inner_best_models/train_loss_mean":0.34756898880004883,"avg_inner_best_models/val_loss_mean":0.6316817402839661,"_timestamp":1.7725377632695181e+09,"_step":80,"_wandb":{"runtime":0},"_runtime":0.038452378}