{"_wandb":{"runtime":0},"_runtime":0.05595163,"_step":59,"avg_inner_best_models/train_loss_mean":0.5409693822264672,"avg_inner_best_models/val_loss_mean":0.6677664120992024,"_timestamp":1.772555020830479e+09}