{"_runtime":0.056352837,"_timestamp":1.7728136476221228e+09,"_step":36,"avg_inner_best_models/train_loss_mean":0.47813041011492413,"avg_inner_best_models/val_loss_mean":0.6470153629779816,"avg_inner_best_models/val_auc_mean":0.771551724137931,"_wandb":{"runtime":0}}