{"avg_inner_best_models/val_auc_mean":0.646551724137931,"_timestamp":1.7727798131792006e+09,"_wandb":{"runtime":0},"_runtime":0.053511455,"_step":36,"avg_inner_best_models/train_loss_mean":0.5590760409832001,"avg_inner_best_models/val_loss_mean":0.6580318212509155}