{"avg_inner_best_models/val_loss_mean":0.6573549707730612,"_wandb":{"runtime":0},"_runtime":0.037394611,"_timestamp":1.7725077031376393e+09,"_step":54,"avg_inner_best_models/train_loss_mean":0.415769728521506}