{"_step":52,"_wandb":{"runtime":0},"_runtime":0.053574333,"avg_inner_best_models/train_loss_mean":0.42103851834932965,"avg_inner_best_models/val_loss_mean":0.6129616498947144,"avg_inner_best_models/val_auc_mean":0.7564655172413792,"_timestamp":1.7727834324866168e+09}