{"_runtime":0.065811746,"_step":80,"avg_inner_best_models/train_loss_mean":0.7236645221710205,"avg_inner_best_models/val_loss_mean":0.6179532408714294,"avg_inner_best_models/val_auc_mean":0.8739495798319328,"_timestamp":1.7729060386338217e+09,"_wandb":{"runtime":0}}