{"_runtime":0.059194467,"_step":50,"avg_inner_best_models/train_loss_mean":1.333232343196869,"avg_inner_best_models/val_loss_mean":0.6593878467877706,"avg_inner_best_models/val_auc_mean":0.7607758620689655,"_timestamp":1.772892595127867e+09,"_wandb":{"runtime":0}}