{"_step":53,"_wandb":{"runtime":0},"_runtime":0.051566043,"avg_inner_best_models/train_loss_mean":0.45844745139280957,"avg_inner_best_models/val_loss_mean":0.67107093334198,"avg_inner_best_models/val_auc_mean":0.6530172413793103,"_timestamp":1.7727733622346482e+09}