{"_runtime":0.037826096,"avg_inner_best_models/train_loss_mean":0.3545468548933665,"avg_inner_best_models/val_loss_mean":0.6413757801055908,"_timestamp":1.7725055780085568e+09,"_step":49,"_wandb":{"runtime":0}}