{"avg_inner_best_models/val_auc_mean":0.703781512605042,"_timestamp":1.7727575962322242e+09,"_step":75,"_wandb":{"runtime":0},"_runtime":0.052849007,"avg_inner_best_models/train_loss_mean":0.4635274012883504,"avg_inner_best_models/val_loss_mean":0.6324016650517782}