{"avg_inner_best_models/train_loss_mean":0.6160079936186472,"_runtime":0.050143359,"_wandb":{"runtime":0},"avg_inner_best_models/val_loss_mean":0.6618808507919312,"avg_inner_best_models/val_auc_mean":0.6788793103448275,"_timestamp":1.7728326637822666e+09,"_step":24}