outer_test_LOGLOSS_mean,outer_test_LOGLOSS_std,outer_test_AUC_mean,outer_test_AUC_std,outer_test_AUCPR_mean,outer_test_AUCPR_std,outer_test_ACC_mean,outer_test_ACC_std,outer_test_SEN_mean,outer_test_SEN_std,outer_test_SP_mean,outer_test_SP_std,outer_test_MCC_mean,outer_test_MCC_std
0.6768731913797783,0.00979960369254533,0.5728464348702444,0.06921045910730066,0.7132051022008166,0.05587986583949322,0.5788116123642439,0.04610132138118408,0.6852380952380954,0.10180715696225308,0.39676190476190476,0.1784999921029452,0.08399293944495885,0.12444855018049149
