{"_step":35,"avg_inner_best_models/train_loss_mean":0.5168743431568146,"avg_inner_best_models/val_loss_mean":0.6225429475307465,"_wandb":{"runtime":0},"_runtime":0.040143545,"_timestamp":1.7725396306027045e+09}