{"_step":31,"avg_inner_best_models/train_loss_mean":0.5593400597572327,"avg_inner_best_models/val_loss_mean":0.6365160048007965,"_wandb":{"runtime":0},"_runtime":0.053393865,"avg_inner_best_models/val_auc_mean":0.6974789915966386,"_timestamp":1.7727661048779564e+09}