outer_test_LOGLOSS_mean,outer_test_LOGLOSS_std,outer_test_AUC_mean,outer_test_AUC_std,outer_test_AUCPR_mean,outer_test_AUCPR_std,outer_test_ACC_mean,outer_test_ACC_std,outer_test_SEN_mean,outer_test_SEN_std,outer_test_SP_mean,outer_test_SP_std,outer_test_MCC_mean,outer_test_MCC_std
0.6868610965089825,0.013122368616490286,0.5694296422272612,0.1277305301998957,0.7090607427493688,0.09438721132003085,0.5499248120300751,0.06907244057943342,0.5712645502645503,0.06703213530055083,0.514063492063492,0.16790240571336035,0.08223630759137907,0.16619966832680108
