outer_test_LOGLOSS_mean,outer_test_LOGLOSS_std,outer_test_AUC_mean,outer_test_AUC_std,outer_test_AUCPR_mean,outer_test_AUCPR_std,outer_test_ACC_mean,outer_test_ACC_std,outer_test_SEN_mean,outer_test_SEN_std,outer_test_SP_mean,outer_test_SP_std,outer_test_MCC_mean,outer_test_MCC_std
0.673216705595783,0.012691395787554662,0.5671579743008314,0.07958043277304065,0.714644928199239,0.05955788692553432,0.5531954887218045,0.04595043474496101,0.6931746031746031,0.06612973498610385,0.30952380952380953,0.19777675864090655,-0.012915505561701518,0.18455697371605392
