{"avg_inner_best_models/val_loss_mean":0.6141029298305511,"_timestamp":1.772517206616558e+09,"_wandb":{"runtime":0},"_runtime":0.052152758,"_step":44,"avg_inner_best_models/train_loss_mean":0.2824094543854396}