{"_wandb":{"runtime":0},"_runtime":0.037734275,"avg_inner_best_models/val_loss_mean":0.6818567514419556,"avg_inner_best_models/val_auc_mean":0.6288032454361054,"_timestamp":1.7727571459231672e+09,"_step":52,"avg_inner_best_models/train_loss_mean":0.5655907839536667}