{"avg_inner_best_models/val_loss_mean":0.5809763073921204,"_timestamp":1.772501137000845e+09,"_runtime":0.056282913,"_wandb":{"runtime":0},"_step":29,"avg_inner_best_models/train_loss_mean":0.3039418285091718}