{"_wandb":{"runtime":0},"_runtime":0.056166909,"avg_inner_best_models/val_auc_mean":0.7887931034482758,"_timestamp":1.77282440679634e+09,"_step":76,"avg_inner_best_models/train_loss_mean":0.4856705367565155,"avg_inner_best_models/val_loss_mean":0.6266285479068756}