outer_test_LOGLOSS_mean,outer_test_LOGLOSS_std,outer_test_AUC_mean,outer_test_AUC_std,outer_test_AUCPR_mean,outer_test_AUCPR_std,outer_test_ACC_mean,outer_test_ACC_std,outer_test_SEN_mean,outer_test_SEN_std,outer_test_SP_mean,outer_test_SP_std,outer_test_MCC_mean,outer_test_MCC_std
0.6775857853140895,0.024750378322388432,0.5478159486016629,0.12280246849642228,0.6829874948694944,0.09039553507870338,0.6002297410192148,0.0849304690371828,0.7302592592592593,0.06916059548162916,0.3757777777777778,0.16810540645262761,0.10547586653770331,0.20341885500508597
