{"_timestamp":1.7725625278387873e+09,"_step":59,"_wandb":{"runtime":0},"_runtime":0.057170367,"avg_inner_best_models/train_loss_mean":0.5694663385550182,"avg_inner_best_models/val_loss_mean":0.6822864154974619}