outer_test_LOGLOSS_mean,outer_test_LOGLOSS_std,outer_test_AUC_mean,outer_test_AUC_std,outer_test_AUCPR_mean,outer_test_AUCPR_std,outer_test_ACC_mean,outer_test_ACC_std,outer_test_SEN_mean,outer_test_SEN_std,outer_test_SP_mean,outer_test_SP_std,outer_test_MCC_mean,outer_test_MCC_std
0.6694692870731853,0.023405234442543787,0.5956747921390778,0.0870041572107663,0.7240418927800929,0.06389501217415729,0.5940413533834585,0.05708217944636285,0.7065820105820105,0.10481574307454306,0.4021587301587301,0.14719791335864585,0.11321227704352879,0.12363433960107797
