outer_test_LOGLOSS_mean,outer_test_LOGLOSS_std,outer_test_AUC_mean,outer_test_AUC_std,outer_test_AUCPR_mean,outer_test_AUCPR_std,outer_test_ACC_mean,outer_test_ACC_std,outer_test_SEN_mean,outer_test_SEN_std,outer_test_SP_mean,outer_test_SP_std,outer_test_MCC_mean,outer_test_MCC_std
0.6748569707419343,0.014467414514383551,0.5670162509448223,0.057852415188555245,0.7137564594885026,0.04626150564650256,0.5745614035087719,0.06450743932743036,0.6646031746031746,0.1233324140432737,0.41666666666666663,0.08835226340609272,0.08653749796680635,0.10684437653889856
