{"_timestamp":1.7724947806150167e+09,"_wandb":{"runtime":0},"_runtime":0.036168995,"_step":43,"avg_inner_best_models/train_loss_mean":0.41741234560807544,"avg_inner_best_models/val_loss_mean":0.572599192460378}