{"avg_inner_best_models/val_auc_mean":0.75,"_timestamp":1.7727796085841057e+09,"_step":35,"avg_inner_best_models/train_loss_mean":0.43575407067934674,"avg_inner_best_models/val_loss_mean":0.6139844655990601,"_wandb":{"runtime":0},"_runtime":0.058025066}