{"_runtime":0.041919965,"avg_inner_best_models/train_loss_mean":0.49804115295410156,"avg_inner_best_models/val_loss_mean":0.6109010279178619,"avg_inner_best_models/val_auc_mean":0.6961206896551724,"_timestamp":1.7728095723168726e+09,"_step":80,"_wandb":{"runtime":0}}