{"_wandb":{"runtime":0},"_runtime":0.056072637,"avg_inner_best_models/val_loss_mean":0.6727090179920197,"_timestamp":1.7725344981197019e+09,"_step":30,"avg_inner_best_models/train_loss_mean":0.6429921997090181}