{"avg_inner_best_models/val_loss_mean":0.6144342621167501,"_wandb":{"runtime":0},"_runtime":0.036422362,"_timestamp":1.7724995321024795e+09,"_step":43,"avg_inner_best_models/train_loss_mean":0.39035208771626156}