{"avg_inner_folds/std_logloss":0.034692642185531426,"avg_inner_folds/std_auc":0.08341769607944294,"_wandb":{"runtime":0},"avg_inner_folds/std_aucpr":0.05974228959666532,"avg_inner_curve/val_loss_std":0,"avg_inner_curve/train_loss_mean":0.41836160692301666,"avg_inner_folds/std_acc":0.09564065709225474,"avg_inner_folds/mean_logloss":0.699316110337414,"_step":52,"_timestamp":1.772105145969913e+09,"avg_inner_curve/val_auc_mean":0.6422413793103448,"avg_inner_curve/folds_count":1,"avg_inner_curve/val_acc_std":0,"avg_inner_folds/mean_aucpr":0.7210336186274622,"avg_inner_folds/mean_auc":0.5917632570269488,"avg_inner_folds/mean_acc":0.5129468599033816,"avg_inner_curve/val_acc_mean":0.6888888888888889,"_runtime":0,"avg_inner_curve/val_auc_std":0,"avg_inner_curve/val_loss_mean":0.6763771772384644,"avg_inner_curve/train_loss_std":0}