{"_step":26,"avg_inner_best_models/train_loss_mean":0.4756052643060684,"avg_inner_best_models/val_loss_mean":0.6520097851753235,"_wandb":{"runtime":0},"_runtime":0.066933441,"avg_inner_best_models/val_auc_mean":0.7435344827586207,"_timestamp":1.7728056436403263e+09}