outer_fold,inner_fold,hp_name,batch_size,learning_rate,weight_decay,rf_n_estimators,rf_max_depth,rf_min_samples_split,rf_min_samples_leaf,rf_max_features,rf_class_weight,rf_n_jobs,name,epoch,train_loss,train_auc,train_aucpr,train_acc,train_cindex,val_loss,val_auc,val_aucpr,val_acc,val_cindex,teacher_loss,student_survival_loss,student_repr_loss,student_feature_loss,smil_meta_train_loss,smil_meta_val_loss,smil_meta_val_ce,smil_align_fusion,smil_align_hidden,seed,degrading_modality,train_missing_prop
1,1,trees200_depth3_split2_leaf1_featsqrt_cwnone_trmiss60_degmodglobal,64,1.0,0.0,200,3,2,1,sqrt,none,-1,trees200_depth3_split2_leaf1_featsqrt_cwnone_trmiss60_degmodglobal,1,0.478849017589126,0.9996245306633291,0.999670980478175,0.9608938547486033,0.0,0.7188319599646751,0.4940711462450593,0.5443806289932548,0.4666666666666667,0.0,0.0,0.0,0.0,0.0,0.0,0.0,0.0,0.0,0.0,55602,global,0.6
1,1,trees200_depth3_split2_leaf3_featsqrt_cwnone_trmiss60_degmodglobal,64,1.0,0.0,200,3,2,3,sqrt,none,-1,trees200_depth3_split2_leaf3_featsqrt_cwnone_trmiss60_degmodglobal,1,0.4927383314603751,0.9972465581977472,0.9975629527649558,0.9553072625698324,0.0,0.7273673205630418,0.4545454545454546,0.5145128335398597,0.4444444444444444,0.0,0.0,0.0,0.0,0.0,0.0,0.0,0.0,0.0,0.0,55602,global,0.6
1,1,trees200_depth5_split2_leaf1_featsqrt_cwnone_trmiss60_degmodglobal,64,1.0,0.0,200,5,2,1,sqrt,none,-1,trees200_depth5_split2_leaf1_featsqrt_cwnone_trmiss60_degmodglobal,1,0.34392477392988796,1.0,0.9999999999999999,1.0,0.0,0.7464215818379979,0.4565217391304348,0.5292407401232889,0.4,0.0,0.0,0.0,0.0,0.0,0.0,0.0,0.0,0.0,0.0,55602,global,0.6
1,1,trees200_depth5_split2_leaf3_featsqrt_cwnone_trmiss60_degmodglobal,64,1.0,0.0,200,5,2,3,sqrt,none,-1,trees200_depth5_split2_leaf3_featsqrt_cwnone_trmiss60_degmodglobal,1,0.37214679924589045,1.0,0.9999999999999999,0.9888268156424581,0.0,0.7338792737368753,0.5019762845849802,0.5654310481867922,0.4,0.0,0.0,0.0,0.0,0.0,0.0,0.0,0.0,0.0,0.0,55602,global,0.6
1,1,trees200_depthnone_split2_leaf1_featsqrt_cwnone_trmiss60_degmodglobal,64,1.0,0.0,200,none,2,1,sqrt,none,-1,trees200_depthnone_split2_leaf1_featsqrt_cwnone_trmiss60_degmodglobal,1,0.19799257626167854,0.9999999999999999,1.0,1.0,0.0,0.7424915864899228,0.5019762845849802,0.5535251284700673,0.5111111111111111,0.0,0.0,0.0,0.0,0.0,0.0,0.0,0.0,0.0,0.0,55602,global,0.6
1,1,trees200_depthnone_split2_leaf3_featsqrt_cwnone_trmiss60_degmodglobal,64,1.0,0.0,200,none,2,3,sqrt,none,-1,trees200_depthnone_split2_leaf3_featsqrt_cwnone_trmiss60_degmodglobal,1,0.27902670882684266,1.0,1.0,1.0,0.0,0.7463272440206555,0.4822134387351779,0.54614995246884,0.4222222222222222,0.0,0.0,0.0,0.0,0.0,0.0,0.0,0.0,0.0,0.0,55602,global,0.6
1,1,trees500_depth3_split2_leaf1_featsqrt_cwnone_trmiss60_degmodglobal,64,1.0,0.0,500,3,2,1,sqrt,none,-1,trees500_depth3_split2_leaf1_featsqrt_cwnone_trmiss60_degmodglobal,1,0.4807994141300644,0.9983729662077597,0.998565706227056,0.9608938547486033,0.0,0.7086556459938813,0.5375494071146245,0.5860524115183118,0.4444444444444444,0.0,0.0,0.0,0.0,0.0,0.0,0.0,0.0,0.0,0.0,55602,global,0.6
1,1,trees500_depth3_split2_leaf3_featsqrt_cwnone_trmiss60_degmodglobal,64,1.0,0.0,500,3,2,3,sqrt,none,-1,trees500_depth3_split2_leaf3_featsqrt_cwnone_trmiss60_degmodglobal,1,0.4939643864306131,0.9971214017521902,0.9975473412527399,0.9553072625698324,0.0,0.7219172860236237,0.5,0.5586733131374573,0.4222222222222222,0.0,0.0,0.0,0.0,0.0,0.0,0.0,0.0,0.0,0.0,55602,global,0.6
1,1,trees500_depth5_split2_leaf1_featsqrt_cwnone_trmiss60_degmodglobal,64,1.0,0.0,500,5,2,1,sqrt,none,-1,trees500_depth5_split2_leaf1_featsqrt_cwnone_trmiss60_degmodglobal,1,0.34383526356423294,1.0,0.9999999999999999,1.0,0.0,0.7385598524727482,0.4841897233201581,0.5545302799777097,0.4888888888888889,0.0,0.0,0.0,0.0,0.0,0.0,0.0,0.0,0.0,0.0,55602,global,0.6
1,1,trees500_depth5_split2_leaf3_featsqrt_cwnone_trmiss60_degmodglobal,64,1.0,0.0,500,5,2,3,sqrt,none,-1,trees500_depth5_split2_leaf3_featsqrt_cwnone_trmiss60_degmodglobal,1,0.37991618711263697,1.0,0.9999999999999999,0.994413407821229,0.0,0.7284922527017329,0.525691699604743,0.5826012675258075,0.5111111111111111,0.0,0.0,0.0,0.0,0.0,0.0,0.0,0.0,0.0,0.0,55602,global,0.6
1,1,trees500_depthnone_split2_leaf1_featsqrt_cwnone_trmiss60_degmodglobal,64,1.0,0.0,500,none,2,1,sqrt,none,-1,trees500_depthnone_split2_leaf1_featsqrt_cwnone_trmiss60_degmodglobal,1,0.19855235120069045,1.0,0.9999999999999999,1.0,0.0,0.7426022884073725,0.5049407114624507,0.5708155550604339,0.4666666666666667,0.0,0.0,0.0,0.0,0.0,0.0,0.0,0.0,0.0,0.0,55602,global,0.6
1,1,trees500_depthnone_split2_leaf3_featsqrt_cwnone_trmiss60_degmodglobal,64,1.0,0.0,500,none,2,3,sqrt,none,-1,trees500_depthnone_split2_leaf3_featsqrt_cwnone_trmiss60_degmodglobal,1,0.2811423320424889,1.0,1.0,1.0,0.0,0.7611602687179719,0.4565217391304348,0.5541014481675973,0.37777777777777777,0.0,0.0,0.0,0.0,0.0,0.0,0.0,0.0,0.0,0.0,55602,global,0.6
1,2,trees200_depth3_split2_leaf1_featsqrt_cwnone_trmiss60_degmodglobal,64,1.0,0.0,200,3,2,1,sqrt,none,-1,trees200_depth3_split2_leaf1_featsqrt_cwnone_trmiss60_degmodglobal,1,0.47186057499896267,0.995244055068836,0.9959694621130839,0.9664804469273743,0.0,0.7159421485847656,0.4486166007905138,0.47389379720524405,0.4444444444444444,0.0,0.0,0.0,0.0,0.0,0.0,0.0,0.0,0.0,0.0,55602,global,0.6
1,2,trees200_depth3_split2_leaf3_featsqrt_cwnone_trmiss60_degmodglobal,64,1.0,0.0,200,3,2,3,sqrt,none,-1,trees200_depth3_split2_leaf3_featsqrt_cwnone_trmiss60_degmodglobal,1,0.4917939007538265,0.9934918648310388,0.9947386027571383,0.9441340782122905,0.0,0.7098942750309242,0.4644268774703557,0.4680524052605258,0.5777777777777777,0.0,0.0,0.0,0.0,0.0,0.0,0.0,0.0,0.0,0.0,55602,global,0.6
1,2,trees200_depth5_split2_leaf1_featsqrt_cwnone_trmiss60_degmodglobal,64,1.0,0.0,200,5,2,1,sqrt,none,-1,trees200_depth5_split2_leaf1_featsqrt_cwnone_trmiss60_degmodglobal,1,0.3406285589857031,0.9997496871088861,0.9997748445355125,0.994413407821229,0.0,0.7214345025722868,0.46640316205533594,0.47282419630266526,0.5333333333333333,0.0,0.0,0.0,0.0,0.0,0.0,0.0,0.0,0.0,0.0,55602,global,0.6
1,2,trees200_depth5_split2_leaf3_featsqrt_cwnone_trmiss60_degmodglobal,64,1.0,0.0,200,5,2,3,sqrt,none,-1,trees200_depth5_split2_leaf3_featsqrt_cwnone_trmiss60_degmodglobal,1,0.3775778156213694,0.9997496871088862,0.9997783687943261,0.994413407821229,0.0,0.737930574313818,0.4071146245059288,0.4525155143758095,0.4,0.0,0.0,0.0,0.0,0.0,0.0,0.0,0.0,0.0,0.0,55602,global,0.6
1,2,trees200_depthnone_split2_leaf1_featsqrt_cwnone_trmiss60_degmodglobal,64,1.0,0.0,200,none,2,1,sqrt,none,-1,trees200_depthnone_split2_leaf1_featsqrt_cwnone_trmiss60_degmodglobal,1,0.202745832881358,1.0,1.0,1.0,0.0,0.7336733053968152,0.45652173913043476,0.4786753064726372,0.5111111111111111,0.0,0.0,0.0,0.0,0.0,0.0,0.0,0.0,0.0,0.0,55602,global,0.6
1,2,trees200_depthnone_split2_leaf3_featsqrt_cwnone_trmiss60_degmodglobal,64,1.0,0.0,200,none,2,3,sqrt,none,-1,trees200_depthnone_split2_leaf3_featsqrt_cwnone_trmiss60_degmodglobal,1,0.2810971374892932,1.0,0.9999999999999999,1.0,0.0,0.7180362110064872,0.4980237154150198,0.5035179250650591,0.5333333333333333,0.0,0.0,0.0,0.0,0.0,0.0,0.0,0.0,0.0,0.0,55602,global,0.6
1,2,trees500_depth3_split2_leaf1_featsqrt_cwnone_trmiss60_degmodglobal,64,1.0,0.0,500,3,2,1,sqrt,none,-1,trees500_depth3_split2_leaf1_featsqrt_cwnone_trmiss60_degmodglobal,1,0.4810733751410711,0.9969962453066332,0.9975074518711414,0.9664804469273743,0.0,0.7052277855396616,0.4822134387351779,0.49555851498500303,0.4888888888888889,0.0,0.0,0.0,0.0,0.0,0.0,0.0,0.0,0.0,0.0,55602,global,0.6
1,2,trees500_depth3_split2_leaf3_featsqrt_cwnone_trmiss60_degmodglobal,64,1.0,0.0,500,3,2,3,sqrt,none,-1,trees500_depth3_split2_leaf3_featsqrt_cwnone_trmiss60_degmodglobal,1,0.49283433250281594,0.9932415519399249,0.9943578984243884,0.9608938547486033,0.0,0.7133363145028271,0.4644268774703557,0.49261856653029096,0.4888888888888889,0.0,0.0,0.0,0.0,0.0,0.0,0.0,0.0,0.0,0.0,55602,global,0.6
1,2,trees500_depth5_split2_leaf1_featsqrt_cwnone_trmiss60_degmodglobal,64,1.0,0.0,500,5,2,1,sqrt,none,-1,trees500_depth5_split2_leaf1_featsqrt_cwnone_trmiss60_degmodglobal,1,0.33548448055593905,1.0,0.9999999999999999,1.0,0.0,0.7206150780886731,0.48221343873517786,0.4892250651990891,0.5111111111111111,0.0,0.0,0.0,0.0,0.0,0.0,0.0,0.0,0.0,0.0,55602,global,0.6
1,2,trees500_depth5_split2_leaf3_featsqrt_cwnone_trmiss60_degmodglobal,64,1.0,0.0,500,5,2,3,sqrt,none,-1,trees500_depth5_split2_leaf3_featsqrt_cwnone_trmiss60_degmodglobal,1,0.3742231921344403,0.999749687108886,0.9997783687943261,0.9888268156424581,0.0,0.7187004058613942,0.47233201581027673,0.49527772306460144,0.4666666666666667,0.0,0.0,0.0,0.0,0.0,0.0,0.0,0.0,0.0,0.0,55602,global,0.6
1,2,trees500_depthnone_split2_leaf1_featsqrt_cwnone_trmiss60_degmodglobal,64,1.0,0.0,500,none,2,1,sqrt,none,-1,trees500_depthnone_split2_leaf1_featsqrt_cwnone_trmiss60_degmodglobal,1,0.20041170264715613,1.0,0.9999999999999997,1.0,0.0,0.7330006957280002,0.4851778656126482,0.49569378218895976,0.5333333333333333,0.0,0.0,0.0,0.0,0.0,0.0,0.0,0.0,0.0,0.0,55602,global,0.6
1,2,trees500_depthnone_split2_leaf3_featsqrt_cwnone_trmiss60_degmodglobal,64,1.0,0.0,500,none,2,3,sqrt,none,-1,trees500_depthnone_split2_leaf3_featsqrt_cwnone_trmiss60_degmodglobal,1,0.28097985070527565,1.0,0.9999999999999999,1.0,0.0,0.7247965949315648,0.47826086956521735,0.4840958757338388,0.5333333333333333,0.0,0.0,0.0,0.0,0.0,0.0,0.0,0.0,0.0,0.0,55602,global,0.6
1,3,trees200_depth3_split2_leaf1_featsqrt_cwnone_trmiss60_degmodglobal,64,1.0,0.0,200,3,2,1,sqrt,none,-1,trees200_depth3_split2_leaf1_featsqrt_cwnone_trmiss60_degmodglobal,1,0.48110539265313523,0.9978744686171543,0.9980840445239317,0.9776536312849162,0.0,0.683305688310814,0.623015873015873,0.7190292959386377,0.5777777777777777,0.0,0.0,0.0,0.0,0.0,0.0,0.0,0.0,0.0,0.0,55602,global,0.6
1,3,trees200_depth3_split2_leaf3_featsqrt_cwnone_trmiss60_degmodglobal,64,1.0,0.0,200,3,2,3,sqrt,none,-1,trees200_depth3_split2_leaf3_featsqrt_cwnone_trmiss60_degmodglobal,1,0.49501780453302435,0.9943735933983495,0.9954606385515389,0.9497206703910615,0.0,0.6842571756623401,0.6071428571428572,0.704198318213854,0.6444444444444445,0.0,0.0,0.0,0.0,0.0,0.0,0.0,0.0,0.0,0.0,55602,global,0.6
1,3,trees200_depth5_split2_leaf1_featsqrt_cwnone_trmiss60_degmodglobal,64,1.0,0.0,200,5,2,1,sqrt,none,-1,trees200_depth5_split2_leaf1_featsqrt_cwnone_trmiss60_degmodglobal,1,0.34060408594355285,1.0,1.0,1.0,0.0,0.6706311943317045,0.6507936507936508,0.7567842607983783,0.6222222222222222,0.0,0.0,0.0,0.0,0.0,0.0,0.0,0.0,0.0,0.0,55602,global,0.6
1,3,trees200_depth5_split2_leaf3_featsqrt_cwnone_trmiss60_degmodglobal,64,1.0,0.0,200,5,2,3,sqrt,none,-1,trees200_depth5_split2_leaf3_featsqrt_cwnone_trmiss60_degmodglobal,1,0.3768963092361072,1.0,1.0,0.994413407821229,0.0,0.6943102997799803,0.5892857142857143,0.6994999221017066,0.5555555555555556,0.0,0.0,0.0,0.0,0.0,0.0,0.0,0.0,0.0,0.0,55602,global,0.6
1,3,trees200_depthnone_split2_leaf1_featsqrt_cwnone_trmiss60_degmodglobal,64,1.0,0.0,200,none,2,1,sqrt,none,-1,trees200_depthnone_split2_leaf1_featsqrt_cwnone_trmiss60_degmodglobal,1,0.1994237497038628,1.0,0.9999999999999998,1.0,0.0,0.6915412926250635,0.6160714285714286,0.7159146197689357,0.5555555555555556,0.0,0.0,0.0,0.0,0.0,0.0,0.0,0.0,0.0,0.0,55602,global,0.6
1,3,trees200_depthnone_split2_leaf3_featsqrt_cwnone_trmiss60_degmodglobal,64,1.0,0.0,200,none,2,3,sqrt,none,-1,trees200_depthnone_split2_leaf3_featsqrt_cwnone_trmiss60_degmodglobal,1,0.278592415268386,1.0,1.0,1.0,0.0,0.6975724981067342,0.6428571428571429,0.7775288160519389,0.5777777777777777,0.0,0.0,0.0,0.0,0.0,0.0,0.0,0.0,0.0,0.0,55602,global,0.6
1,3,trees500_depth3_split2_leaf1_featsqrt_cwnone_trmiss60_degmodglobal,64,1.0,0.0,500,3,2,1,sqrt,none,-1,trees500_depth3_split2_leaf1_featsqrt_cwnone_trmiss60_degmodglobal,1,0.4822463910401831,0.9983745936484121,0.9986164911181806,0.9888268156424581,0.0,0.676683787600726,0.6309523809523809,0.7453992661576072,0.5777777777777777,0.0,0.0,0.0,0.0,0.0,0.0,0.0,0.0,0.0,0.0,55602,global,0.6
1,3,trees500_depth3_split2_leaf3_featsqrt_cwnone_trmiss60_degmodglobal,64,1.0,0.0,500,3,2,3,sqrt,none,-1,trees500_depth3_split2_leaf3_featsqrt_cwnone_trmiss60_degmodglobal,1,0.49453798490429507,0.9963740935233809,0.99698837491276,0.9664804469273743,0.0,0.6828836023274829,0.6071428571428572,0.7227794062356463,0.5555555555555556,0.0,0.0,0.0,0.0,0.0,0.0,0.0,0.0,0.0,0.0,55602,global,0.6
1,3,trees500_depth5_split2_leaf1_featsqrt_cwnone_trmiss60_degmodglobal,64,1.0,0.0,500,5,2,1,sqrt,none,-1,trees500_depth5_split2_leaf1_featsqrt_cwnone_trmiss60_degmodglobal,1,0.34220650454592266,1.0,1.0,0.994413407821229,0.0,0.6735619726124711,0.6607142857142857,0.7415154433688915,0.6,0.0,0.0,0.0,0.0,0.0,0.0,0.0,0.0,0.0,0.0,55602,global,0.6
1,3,trees500_depth5_split2_leaf3_featsqrt_cwnone_trmiss60_degmodglobal,64,1.0,0.0,500,5,2,3,sqrt,none,-1,trees500_depth5_split2_leaf3_featsqrt_cwnone_trmiss60_degmodglobal,1,0.3764407513864589,1.0,1.0,0.994413407821229,0.0,0.6814578120881247,0.6170634920634922,0.7305716082354368,0.5777777777777777,0.0,0.0,0.0,0.0,0.0,0.0,0.0,0.0,0.0,0.0,55602,global,0.6
1,3,trees500_depthnone_split2_leaf1_featsqrt_cwnone_trmiss60_degmodglobal,64,1.0,0.0,500,none,2,1,sqrt,none,-1,trees500_depthnone_split2_leaf1_featsqrt_cwnone_trmiss60_degmodglobal,1,0.20153845316792168,1.0,1.0,1.0,0.0,0.7025105122817001,0.5972222222222223,0.7215651850501146,0.5555555555555556,0.0,0.0,0.0,0.0,0.0,0.0,0.0,0.0,0.0,0.0,55602,global,0.6
1,3,trees500_depthnone_split2_leaf3_featsqrt_cwnone_trmiss60_degmodglobal,64,1.0,0.0,500,none,2,3,sqrt,none,-1,trees500_depthnone_split2_leaf3_featsqrt_cwnone_trmiss60_degmodglobal,1,0.2780629773478036,1.0,1.0,1.0,0.0,0.6881226473736752,0.634920634920635,0.7630860876526393,0.5777777777777777,0.0,0.0,0.0,0.0,0.0,0.0,0.0,0.0,0.0,0.0,55602,global,0.6
1,4,trees200_depth3_split2_leaf1_featsqrt_cwnone_trmiss60_degmodglobal,64,1.0,0.0,200,3,2,1,sqrt,none,-1,trees200_depth3_split2_leaf1_featsqrt_cwnone_trmiss60_degmodglobal,1,0.4887664372490047,0.9984996249062266,0.9986401066148142,0.9776536312849162,0.0,0.6743256324195042,0.6130952380952381,0.6310622237353397,0.6,0.0,0.0,0.0,0.0,0.0,0.0,0.0,0.0,0.0,0.0,55602,global,0.6
1,4,trees200_depth3_split2_leaf3_featsqrt_cwnone_trmiss60_degmodglobal,64,1.0,0.0,200,3,2,3,sqrt,none,-1,trees200_depth3_split2_leaf3_featsqrt_cwnone_trmiss60_degmodglobal,1,0.4994022368591275,0.9909977494373593,0.9928637456210789,0.9441340782122905,0.0,0.6544951272499591,0.7162698412698413,0.7586129850578793,0.6222222222222222,0.0,0.0,0.0,0.0,0.0,0.0,0.0,0.0,0.0,0.0,55602,global,0.6
1,4,trees200_depth5_split2_leaf1_featsqrt_cwnone_trmiss60_degmodglobal,64,1.0,0.0,200,5,2,1,sqrt,none,-1,trees200_depth5_split2_leaf1_featsqrt_cwnone_trmiss60_degmodglobal,1,0.3451495884103867,1.0,1.0,0.994413407821229,0.0,0.661994680518598,0.6765873015873016,0.7570152199003941,0.6444444444444445,0.0,0.0,0.0,0.0,0.0,0.0,0.0,0.0,0.0,0.0,55602,global,0.6
1,4,trees200_depth5_split2_leaf3_featsqrt_cwnone_trmiss60_degmodglobal,64,1.0,0.0,200,5,2,3,sqrt,none,-1,trees200_depth5_split2_leaf3_featsqrt_cwnone_trmiss60_degmodglobal,1,0.3838369723956348,1.0,1.0,0.994413407821229,0.0,0.662418487731901,0.6746031746031746,0.7428984003640076,0.6222222222222222,0.0,0.0,0.0,0.0,0.0,0.0,0.0,0.0,0.0,0.0,55602,global,0.6
1,4,trees200_depthnone_split2_leaf1_featsqrt_cwnone_trmiss60_degmodglobal,64,1.0,0.0,200,none,2,1,sqrt,none,-1,trees200_depthnone_split2_leaf1_featsqrt_cwnone_trmiss60_degmodglobal,1,0.20245872373805138,1.0,1.0,1.0,0.0,0.6451935942351165,0.7222222222222222,0.7258082569663452,0.6888888888888889,0.0,0.0,0.0,0.0,0.0,0.0,0.0,0.0,0.0,0.0,55602,global,0.6
1,4,trees200_depthnone_split2_leaf3_featsqrt_cwnone_trmiss60_degmodglobal,64,1.0,0.0,200,none,2,3,sqrt,none,-1,trees200_depthnone_split2_leaf3_featsqrt_cwnone_trmiss60_degmodglobal,1,0.28070657595112797,1.0,1.0,1.0,0.0,0.6355674809483902,0.7182539682539683,0.7501416233038085,0.6888888888888889,0.0,0.0,0.0,0.0,0.0,0.0,0.0,0.0,0.0,0.0,55602,global,0.6
1,4,trees500_depth3_split2_leaf1_featsqrt_cwnone_trmiss60_degmodglobal,64,1.0,0.0,500,3,2,1,sqrt,none,-1,trees500_depth3_split2_leaf1_featsqrt_cwnone_trmiss60_degmodglobal,1,0.487030671782871,0.9981245311327832,0.9983027741289241,0.9832402234636871,0.0,0.6700177162829523,0.6408730158730159,0.7093401826112918,0.5777777777777777,0.0,0.0,0.0,0.0,0.0,0.0,0.0,0.0,0.0,0.0,55602,global,0.6
1,4,trees500_depth3_split2_leaf3_featsqrt_cwnone_trmiss60_degmodglobal,64,1.0,0.0,500,3,2,3,sqrt,none,-1,trees500_depth3_split2_leaf3_featsqrt_cwnone_trmiss60_degmodglobal,1,0.5008663035648596,0.9978744686171543,0.9981171670665754,0.9720670391061452,0.0,0.6694506658199896,0.6567460317460317,0.7204679882841105,0.6444444444444445,0.0,0.0,0.0,0.0,0.0,0.0,0.0,0.0,0.0,0.0,55602,global,0.6
1,4,trees500_depth5_split2_leaf1_featsqrt_cwnone_trmiss60_degmodglobal,64,1.0,0.0,500,5,2,1,sqrt,none,-1,trees500_depth5_split2_leaf1_featsqrt_cwnone_trmiss60_degmodglobal,1,0.3447687713388462,1.0,1.0,1.0,0.0,0.6615322681092322,0.6805555555555556,0.7027667588202912,0.6666666666666666,0.0,0.0,0.0,0.0,0.0,0.0,0.0,0.0,0.0,0.0,55602,global,0.6
1,4,trees500_depth5_split2_leaf3_featsqrt_cwnone_trmiss60_degmodglobal,64,1.0,0.0,500,5,2,3,sqrt,none,-1,trees500_depth5_split2_leaf3_featsqrt_cwnone_trmiss60_degmodglobal,1,0.3856899723024267,1.0,1.0,0.994413407821229,0.0,0.6577655496058271,0.6765873015873016,0.6878881856046484,0.6,0.0,0.0,0.0,0.0,0.0,0.0,0.0,0.0,0.0,0.0,55602,global,0.6
1,4,trees500_depthnone_split2_leaf1_featsqrt_cwnone_trmiss60_degmodglobal,64,1.0,0.0,500,none,2,1,sqrt,none,-1,trees500_depthnone_split2_leaf1_featsqrt_cwnone_trmiss60_degmodglobal,1,0.19987604581584825,1.0,1.0,1.0,0.0,0.6470204523540081,0.701388888888889,0.7050740150425228,0.6666666666666666,0.0,0.0,0.0,0.0,0.0,0.0,0.0,0.0,0.0,0.0,55602,global,0.6
1,4,trees500_depthnone_split2_leaf3_featsqrt_cwnone_trmiss60_degmodglobal,64,1.0,0.0,500,none,2,3,sqrt,none,-1,trees500_depthnone_split2_leaf3_featsqrt_cwnone_trmiss60_degmodglobal,1,0.2824435933810048,1.0,1.0,1.0,0.0,0.6517112599519083,0.6686507936507936,0.6875447842628618,0.6222222222222222,0.0,0.0,0.0,0.0,0.0,0.0,0.0,0.0,0.0,0.0,55602,global,0.6
1,5,trees200_depth3_split2_leaf1_featsqrt_cwnone_trmiss60_degmodglobal,64,1.0,0.0,200,3,2,1,sqrt,none,-1,trees200_depth3_split2_leaf1_featsqrt_cwnone_trmiss60_degmodglobal,1,0.4778410595302152,0.9986392874814448,0.9988639133614234,0.9777777777777777,0.0,0.703402160649789,0.5320910973084887,0.6193820424007027,0.45454545454545453,0.0,0.0,0.0,0.0,0.0,0.0,0.0,0.0,0.0,0.0,55602,global,0.6
1,5,trees200_depth3_split2_leaf3_featsqrt_cwnone_trmiss60_degmodglobal,64,1.0,0.0,200,3,2,3,sqrt,none,-1,trees200_depth3_split2_leaf3_featsqrt_cwnone_trmiss60_degmodglobal,1,0.4984690361783982,0.9970311726867888,0.9974295260566411,0.9555555555555556,0.0,0.6974002255521424,0.525879917184265,0.6002476341341161,0.5227272727272727,0.0,0.0,0.0,0.0,0.0,0.0,0.0,0.0,0.0,0.0,55602,global,0.6
1,5,trees200_depth5_split2_leaf1_featsqrt_cwnone_trmiss60_degmodglobal,64,1.0,0.0,200,5,2,1,sqrt,none,-1,trees200_depth5_split2_leaf1_featsqrt_cwnone_trmiss60_degmodglobal,1,0.33838641815954246,1.0,0.9999999999999999,1.0,0.0,0.6905028586012172,0.5424430641821947,0.5932487214299281,0.5,0.0,0.0,0.0,0.0,0.0,0.0,0.0,0.0,0.0,0.0,55602,global,0.6
1,5,trees200_depth5_split2_leaf3_featsqrt_cwnone_trmiss60_degmodglobal,64,1.0,0.0,200,5,2,3,sqrt,none,-1,trees200_depth5_split2_leaf3_featsqrt_cwnone_trmiss60_degmodglobal,1,0.3698358811165518,1.0,0.9999999999999999,1.0,0.0,0.691810917693146,0.5465838509316769,0.6181506494625255,0.5,0.0,0.0,0.0,0.0,0.0,0.0,0.0,0.0,0.0,0.0,55602,global,0.6
1,5,trees200_depthnone_split2_leaf1_featsqrt_cwnone_trmiss60_degmodglobal,64,1.0,0.0,200,none,2,1,sqrt,none,-1,trees200_depthnone_split2_leaf1_featsqrt_cwnone_trmiss60_degmodglobal,1,0.2015711465933275,1.0,0.9999999999999998,1.0,0.0,0.7172146373160634,0.4554865424430642,0.5263228839803552,0.4772727272727273,0.0,0.0,0.0,0.0,0.0,0.0,0.0,0.0,0.0,0.0,55602,global,0.6
1,5,trees200_depthnone_split2_leaf3_featsqrt_cwnone_trmiss60_degmodglobal,64,1.0,0.0,200,none,2,3,sqrt,none,-1,trees200_depthnone_split2_leaf3_featsqrt_cwnone_trmiss60_degmodglobal,1,0.2796976703910433,1.0,0.9999999999999999,1.0,0.0,0.6994188354022456,0.5258799171842651,0.5731037422589524,0.5227272727272727,0.0,0.0,0.0,0.0,0.0,0.0,0.0,0.0,0.0,0.0,55602,global,0.6
1,5,trees500_depth3_split2_leaf1_featsqrt_cwnone_trmiss60_degmodglobal,64,1.0,0.0,500,3,2,1,sqrt,none,-1,trees500_depth3_split2_leaf1_featsqrt_cwnone_trmiss60_degmodglobal,1,0.47773123600300765,0.9992577931716973,0.9993277831243261,0.9722222222222222,0.0,0.7034490538601722,0.5093167701863355,0.5664110478279516,0.5,0.0,0.0,0.0,0.0,0.0,0.0,0.0,0.0,0.0,0.0,55602,global,0.6
1,5,trees500_depth3_split2_leaf3_featsqrt_cwnone_trmiss60_degmodglobal,64,1.0,0.0,500,3,2,3,sqrt,none,-1,trees500_depth3_split2_leaf3_featsqrt_cwnone_trmiss60_degmodglobal,1,0.4934904072853964,0.9959178624443344,0.9963096514948582,0.9555555555555556,0.0,0.696532423254899,0.5093167701863354,0.5962288761041644,0.5227272727272727,0.0,0.0,0.0,0.0,0.0,0.0,0.0,0.0,0.0,0.0,55602,global,0.6
1,5,trees500_depth5_split2_leaf1_featsqrt_cwnone_trmiss60_degmodglobal,64,1.0,0.0,500,5,2,1,sqrt,none,-1,trees500_depth5_split2_leaf1_featsqrt_cwnone_trmiss60_degmodglobal,1,0.340795150417489,1.0,0.9999999999999999,1.0,0.0,0.6999095751678343,0.5279503105590062,0.6012383054410295,0.5,0.0,0.0,0.0,0.0,0.0,0.0,0.0,0.0,0.0,0.0,55602,global,0.6
1,5,trees500_depth5_split2_leaf3_featsqrt_cwnone_trmiss60_degmodglobal,64,1.0,0.0,500,5,2,3,sqrt,none,-1,trees500_depth5_split2_leaf3_featsqrt_cwnone_trmiss60_degmodglobal,1,0.37518080945161547,1.0,0.9999999999999999,1.0,0.0,0.6954479343898692,0.525879917184265,0.5869182606654004,0.5227272727272727,0.0,0.0,0.0,0.0,0.0,0.0,0.0,0.0,0.0,0.0,55602,global,0.6
1,5,trees500_depthnone_split2_leaf1_featsqrt_cwnone_trmiss60_degmodglobal,64,1.0,0.0,500,none,2,1,sqrt,none,-1,trees500_depthnone_split2_leaf1_featsqrt_cwnone_trmiss60_degmodglobal,1,0.20048530589580868,1.0,1.0,1.0,0.0,0.6967180611152507,0.510351966873706,0.5700144110352758,0.45454545454545453,0.0,0.0,0.0,0.0,0.0,0.0,0.0,0.0,0.0,0.0,55602,global,0.6
1,5,trees500_depthnone_split2_leaf3_featsqrt_cwnone_trmiss60_degmodglobal,64,1.0,0.0,500,none,2,3,sqrt,none,-1,trees500_depthnone_split2_leaf3_featsqrt_cwnone_trmiss60_degmodglobal,1,0.2776535835069865,1.0,0.9999999999999999,1.0,0.0,0.7137011884342281,0.46583850931677023,0.5554126221465873,0.4772727272727273,0.0,0.0,0.0,0.0,0.0,0.0,0.0,0.0,0.0,0.0,55602,global,0.6
2,1,trees200_depth3_split2_leaf1_featsqrt_cwnone_trmiss60_degmodglobal,64,1.0,0.0,200,3,2,1,sqrt,none,-1,trees200_depth3_split2_leaf1_featsqrt_cwnone_trmiss60_degmodglobal,1,0.4854624028750911,0.9957894736842104,0.9961930134845588,0.9555555555555556,0.0,0.7045365698793077,0.5059288537549407,0.5319058741507166,0.4666666666666667,0.0,0.0,0.0,0.0,0.0,0.0,0.0,0.0,0.0,0.0,55602,global,0.6
2,1,trees200_depth3_split2_leaf3_featsqrt_cwnone_trmiss60_degmodglobal,64,1.0,0.0,200,3,2,3,sqrt,none,-1,trees200_depth3_split2_leaf3_featsqrt_cwnone_trmiss60_degmodglobal,1,0.5034013466747459,0.9905882352941177,0.9919483235384146,0.9555555555555556,0.0,0.703244573150791,0.5059288537549407,0.5407919391654926,0.4666666666666667,0.0,0.0,0.0,0.0,0.0,0.0,0.0,0.0,0.0,0.0,55602,global,0.6
2,1,trees200_depth5_split2_leaf1_featsqrt_cwnone_trmiss60_degmodglobal,64,1.0,0.0,200,5,2,1,sqrt,none,-1,trees200_depth5_split2_leaf1_featsqrt_cwnone_trmiss60_degmodglobal,1,0.3549281001537013,0.9996284829721362,0.9996721592369422,0.9833333333333333,0.0,0.7163949672287193,0.5138339920948616,0.5451515492771061,0.4888888888888889,0.0,0.0,0.0,0.0,0.0,0.0,0.0,0.0,0.0,0.0,55602,global,0.6
2,1,trees200_depth5_split2_leaf3_featsqrt_cwnone_trmiss60_degmodglobal,64,1.0,0.0,200,5,2,3,sqrt,none,-1,trees200_depth5_split2_leaf3_featsqrt_cwnone_trmiss60_degmodglobal,1,0.3859002514941257,0.9996284829721362,0.9996675654702266,0.9777777777777777,0.0,0.6924578939644241,0.5632411067193676,0.5540489928299904,0.6222222222222222,0.0,0.0,0.0,0.0,0.0,0.0,0.0,0.0,0.0,0.0,55602,global,0.6
2,1,trees200_depthnone_split2_leaf1_featsqrt_cwnone_trmiss60_degmodglobal,64,1.0,0.0,200,none,2,1,sqrt,none,-1,trees200_depthnone_split2_leaf1_featsqrt_cwnone_trmiss60_degmodglobal,1,0.20452590659722042,1.0,1.0,1.0,0.0,0.7315111546787594,0.49110671936758893,0.5087724150162939,0.5111111111111111,0.0,0.0,0.0,0.0,0.0,0.0,0.0,0.0,0.0,0.0,55602,global,0.6
2,1,trees200_depthnone_split2_leaf3_featsqrt_cwnone_trmiss60_degmodglobal,64,1.0,0.0,200,none,2,3,sqrt,none,-1,trees200_depthnone_split2_leaf3_featsqrt_cwnone_trmiss60_degmodglobal,1,0.27932216866526716,1.0,1.0,1.0,0.0,0.7171477708255842,0.5059288537549408,0.5417638967638968,0.5111111111111111,0.0,0.0,0.0,0.0,0.0,0.0,0.0,0.0,0.0,0.0,55602,global,0.6
2,1,trees500_depth3_split2_leaf1_featsqrt_cwnone_trmiss60_degmodglobal,64,1.0,0.0,500,3,2,1,sqrt,none,-1,trees500_depth3_split2_leaf1_featsqrt_cwnone_trmiss60_degmodglobal,1,0.4858406051707331,0.9947987616099072,0.9951016514928398,0.9722222222222222,0.0,0.7056129731388323,0.4980237154150198,0.5603454780574139,0.5111111111111111,0.0,0.0,0.0,0.0,0.0,0.0,0.0,0.0,0.0,0.0,55602,global,0.6
2,1,trees500_depth3_split2_leaf3_featsqrt_cwnone_trmiss60_degmodglobal,64,1.0,0.0,500,3,2,3,sqrt,none,-1,trees500_depth3_split2_leaf3_featsqrt_cwnone_trmiss60_degmodglobal,1,0.4989293612531748,0.9944272445820435,0.9950478192843323,0.9777777777777777,0.0,0.6974965143163432,0.5494071146245059,0.5750467060620829,0.5555555555555556,0.0,0.0,0.0,0.0,0.0,0.0,0.0,0.0,0.0,0.0,55602,global,0.6
2,1,trees500_depth5_split2_leaf1_featsqrt_cwnone_trmiss60_degmodglobal,64,1.0,0.0,500,5,2,1,sqrt,none,-1,trees500_depth5_split2_leaf1_featsqrt_cwnone_trmiss60_degmodglobal,1,0.35207977714183825,1.0,1.0,0.9888888888888889,0.0,0.7158976461699899,0.5059288537549407,0.5319642766982166,0.4888888888888889,0.0,0.0,0.0,0.0,0.0,0.0,0.0,0.0,0.0,0.0,55602,global,0.6
2,1,trees500_depth5_split2_leaf3_featsqrt_cwnone_trmiss60_degmodglobal,64,1.0,0.0,500,5,2,3,sqrt,none,-1,trees500_depth5_split2_leaf3_featsqrt_cwnone_trmiss60_degmodglobal,1,0.3854896849652195,0.9996284829721362,0.9996675654702266,0.9777777777777777,0.0,0.7074834094108473,0.525691699604743,0.5478200726462364,0.5333333333333333,0.0,0.0,0.0,0.0,0.0,0.0,0.0,0.0,0.0,0.0,55602,global,0.6
2,1,trees500_depthnone_split2_leaf1_featsqrt_cwnone_trmiss60_degmodglobal,64,1.0,0.0,500,none,2,1,sqrt,none,-1,trees500_depthnone_split2_leaf1_featsqrt_cwnone_trmiss60_degmodglobal,1,0.20343475996861096,1.0,1.0,1.0,0.0,0.7282045066995289,0.516798418972332,0.5681874750660885,0.5333333333333333,0.0,0.0,0.0,0.0,0.0,0.0,0.0,0.0,0.0,0.0,55602,global,0.6
2,1,trees500_depthnone_split2_leaf3_featsqrt_cwnone_trmiss60_degmodglobal,64,1.0,0.0,500,none,2,3,sqrt,none,-1,trees500_depthnone_split2_leaf3_featsqrt_cwnone_trmiss60_degmodglobal,1,0.2819103909480431,1.0,1.0,1.0,0.0,0.7290623406009672,0.4940711462450592,0.5396419384543367,0.4666666666666667,0.0,0.0,0.0,0.0,0.0,0.0,0.0,0.0,0.0,0.0,55602,global,0.6
2,2,trees200_depth3_split2_leaf1_featsqrt_cwnone_trmiss60_degmodglobal,64,1.0,0.0,200,3,2,1,sqrt,none,-1,trees200_depth3_split2_leaf1_featsqrt_cwnone_trmiss60_degmodglobal,1,0.494036904283306,0.9957894736842106,0.9963293341322864,0.95,0.0,0.6726658010930933,0.6363636363636365,0.6880194018469591,0.6,0.0,0.0,0.0,0.0,0.0,0.0,0.0,0.0,0.0,0.0,55602,global,0.6
2,2,trees200_depth3_split2_leaf3_featsqrt_cwnone_trmiss60_degmodglobal,64,1.0,0.0,200,3,2,3,sqrt,none,-1,trees200_depth3_split2_leaf3_featsqrt_cwnone_trmiss60_degmodglobal,1,0.5034491110318056,0.9923219814241486,0.9930594831795289,0.9611111111111111,0.0,0.6785652828690651,0.6146245059288538,0.6747269132113212,0.5333333333333333,0.0,0.0,0.0,0.0,0.0,0.0,0.0,0.0,0.0,0.0,55602,global,0.6
2,2,trees200_depth5_split2_leaf1_featsqrt_cwnone_trmiss60_degmodglobal,64,1.0,0.0,200,5,2,1,sqrt,none,-1,trees200_depth5_split2_leaf1_featsqrt_cwnone_trmiss60_degmodglobal,1,0.3533308758368973,0.9998761609907121,0.9998903508771931,0.9888888888888889,0.0,0.6758254039737017,0.5988142292490118,0.6558068458401379,0.5777777777777777,0.0,0.0,0.0,0.0,0.0,0.0,0.0,0.0,0.0,0.0,55602,global,0.6
2,2,trees200_depth5_split2_leaf3_featsqrt_cwnone_trmiss60_degmodglobal,64,1.0,0.0,200,5,2,3,sqrt,none,-1,trees200_depth5_split2_leaf3_featsqrt_cwnone_trmiss60_degmodglobal,1,0.39786608291607806,0.9996284829721362,0.9996777658431795,0.9944444444444445,0.0,0.6699566174629844,0.616600790513834,0.7051082313860276,0.5333333333333333,0.0,0.0,0.0,0.0,0.0,0.0,0.0,0.0,0.0,0.0,55602,global,0.6
2,2,trees200_depthnone_split2_leaf1_featsqrt_cwnone_trmiss60_degmodglobal,64,1.0,0.0,200,none,2,1,sqrt,none,-1,trees200_depthnone_split2_leaf1_featsqrt_cwnone_trmiss60_degmodglobal,1,0.20825016044731826,1.0,0.9999999999999999,1.0,0.0,0.6933313724723582,0.5859683794466403,0.6070643964062411,0.5333333333333333,0.0,0.0,0.0,0.0,0.0,0.0,0.0,0.0,0.0,0.0,55602,global,0.6
2,2,trees200_depthnone_split2_leaf3_featsqrt_cwnone_trmiss60_degmodglobal,64,1.0,0.0,200,none,2,3,sqrt,none,-1,trees200_depthnone_split2_leaf3_featsqrt_cwnone_trmiss60_degmodglobal,1,0.2923249512538097,1.0,1.0,1.0,0.0,0.667716834224585,0.6442687747035574,0.7088378461970508,0.5555555555555556,0.0,0.0,0.0,0.0,0.0,0.0,0.0,0.0,0.0,0.0,55602,global,0.6
2,2,trees500_depth3_split2_leaf1_featsqrt_cwnone_trmiss60_degmodglobal,64,1.0,0.0,500,3,2,1,sqrt,none,-1,trees500_depth3_split2_leaf1_featsqrt_cwnone_trmiss60_degmodglobal,1,0.4925879074356637,0.9964086687306501,0.9967982757261309,0.9611111111111111,0.0,0.6790568880531874,0.5968379446640316,0.6730937836652164,0.5555555555555556,0.0,0.0,0.0,0.0,0.0,0.0,0.0,0.0,0.0,0.0,55602,global,0.6
2,2,trees500_depth3_split2_leaf3_featsqrt_cwnone_trmiss60_degmodglobal,64,1.0,0.0,500,3,2,3,sqrt,none,-1,trees500_depth3_split2_leaf3_featsqrt_cwnone_trmiss60_degmodglobal,1,0.5087706397577743,0.9962848297213621,0.9965391540337967,0.9611111111111111,0.0,0.6791091693517435,0.5968379446640317,0.6762477831767861,0.5333333333333333,0.0,0.0,0.0,0.0,0.0,0.0,0.0,0.0,0.0,0.0,55602,global,0.6
2,2,trees500_depth5_split2_leaf1_featsqrt_cwnone_trmiss60_degmodglobal,64,1.0,0.0,500,5,2,1,sqrt,none,-1,trees500_depth5_split2_leaf1_featsqrt_cwnone_trmiss60_degmodglobal,1,0.35726462598822006,1.0,1.0,1.0,0.0,0.6798174408658733,0.5948616600790514,0.6616806651168352,0.5777777777777777,0.0,0.0,0.0,0.0,0.0,0.0,0.0,0.0,0.0,0.0,55602,global,0.6
2,2,trees500_depth5_split2_leaf3_featsqrt_cwnone_trmiss60_degmodglobal,64,1.0,0.0,500,5,2,3,sqrt,none,-1,trees500_depth5_split2_leaf3_featsqrt_cwnone_trmiss60_degmodglobal,1,0.3956897424660627,0.9996284829721362,0.9996777658431795,0.9944444444444445,0.0,0.6652886937600072,0.6521739130434783,0.6927617538017833,0.6222222222222222,0.0,0.0,0.0,0.0,0.0,0.0,0.0,0.0,0.0,0.0,55602,global,0.6
2,2,trees500_depthnone_split2_leaf1_featsqrt_cwnone_trmiss60_degmodglobal,64,1.0,0.0,500,none,2,1,sqrt,none,-1,trees500_depthnone_split2_leaf1_featsqrt_cwnone_trmiss60_degmodglobal,1,0.21103091550355468,1.0,1.0,1.0,0.0,0.6944397907554054,0.6017786561264823,0.6357670332436831,0.5333333333333333,0.0,0.0,0.0,0.0,0.0,0.0,0.0,0.0,0.0,0.0,55602,global,0.6
2,2,trees500_depthnone_split2_leaf3_featsqrt_cwnone_trmiss60_degmodglobal,64,1.0,0.0,500,none,2,3,sqrt,none,-1,trees500_depthnone_split2_leaf3_featsqrt_cwnone_trmiss60_degmodglobal,1,0.286681446344852,1.0,1.0,1.0,0.0,0.6776647355473999,0.6205533596837944,0.6857214904098016,0.5555555555555556,0.0,0.0,0.0,0.0,0.0,0.0,0.0,0.0,0.0,0.0,55602,global,0.6
2,3,trees200_depth3_split2_leaf1_featsqrt_cwnone_trmiss60_degmodglobal,64,1.0,0.0,200,3,2,1,sqrt,none,-1,trees200_depth3_split2_leaf1_featsqrt_cwnone_trmiss60_degmodglobal,1,0.48919290229206985,0.998144482929243,0.9984315235135074,0.9833333333333333,0.0,0.7023177869594719,0.5,0.6292833231886692,0.4666666666666667,0.0,0.0,0.0,0.0,0.0,0.0,0.0,0.0,0.0,0.0,55602,global,0.6
2,3,trees200_depth3_split2_leaf3_featsqrt_cwnone_trmiss60_degmodglobal,64,1.0,0.0,200,3,2,3,sqrt,none,-1,trees200_depth3_split2_leaf3_featsqrt_cwnone_trmiss60_degmodglobal,1,0.5000151096071136,0.9977733795150916,0.9980269578479665,0.9777777777777777,0.0,0.7125324962558433,0.4444444444444445,0.5449908385586424,0.5111111111111111,0.0,0.0,0.0,0.0,0.0,0.0,0.0,0.0,0.0,0.0,55602,global,0.6
2,3,trees200_depth5_split2_leaf1_featsqrt_cwnone_trmiss60_degmodglobal,64,1.0,0.0,200,5,2,1,sqrt,none,-1,trees200_depth5_split2_leaf1_featsqrt_cwnone_trmiss60_degmodglobal,1,0.34251900931090457,1.0,0.9999999999999999,1.0,0.0,0.7448297520191127,0.38095238095238093,0.4814084723978404,0.4222222222222222,0.0,0.0,0.0,0.0,0.0,0.0,0.0,0.0,0.0,0.0,55602,global,0.6
2,3,trees200_depth5_split2_leaf3_featsqrt_cwnone_trmiss60_degmodglobal,64,1.0,0.0,200,5,2,3,sqrt,none,-1,trees200_depth5_split2_leaf3_featsqrt_cwnone_trmiss60_degmodglobal,1,0.386767472126,0.999752597723899,0.9997783687943261,0.9888888888888889,0.0,0.7260007758885667,0.4166666666666667,0.5018614879044933,0.4888888888888889,0.0,0.0,0.0,0.0,0.0,0.0,0.0,0.0,0.0,0.0,55602,global,0.6
2,3,trees200_depthnone_split2_leaf1_featsqrt_cwnone_trmiss60_degmodglobal,64,1.0,0.0,200,none,2,1,sqrt,none,-1,trees200_depthnone_split2_leaf1_featsqrt_cwnone_trmiss60_degmodglobal,1,0.19959047150929557,1.0,0.9999999999999999,1.0,0.0,0.790056544949312,0.37202380952380953,0.45537515053606253,0.37777777777777777,0.0,0.0,0.0,0.0,0.0,0.0,0.0,0.0,0.0,0.0,55602,global,0.6
2,3,trees200_depthnone_split2_leaf3_featsqrt_cwnone_trmiss60_degmodglobal,64,1.0,0.0,200,none,2,3,sqrt,none,-1,trees200_depthnone_split2_leaf3_featsqrt_cwnone_trmiss60_degmodglobal,1,0.2813335614839755,1.0,0.9999999999999999,1.0,0.0,0.7419713578335673,0.43253968253968256,0.4875970822234512,0.4444444444444444,0.0,0.0,0.0,0.0,0.0,0.0,0.0,0.0,0.0,0.0,55602,global,0.6
2,3,trees500_depth3_split2_leaf1_featsqrt_cwnone_trmiss60_degmodglobal,64,1.0,0.0,500,3,2,1,sqrt,none,-1,trees500_depth3_split2_leaf1_featsqrt_cwnone_trmiss60_degmodglobal,1,0.4906759641113925,0.9988866897575458,0.9990026105025972,0.9722222222222222,0.0,0.7124673912973124,0.4305555555555556,0.5674513287363754,0.4222222222222222,0.0,0.0,0.0,0.0,0.0,0.0,0.0,0.0,0.0,0.0,55602,global,0.6
2,3,trees500_depth3_split2_leaf3_featsqrt_cwnone_trmiss60_degmodglobal,64,1.0,0.0,500,3,2,3,sqrt,none,-1,trees500_depth3_split2_leaf3_featsqrt_cwnone_trmiss60_degmodglobal,1,0.4997956218411779,0.9991340920336467,0.9992626922266694,0.9722222222222222,0.0,0.7151286283041,0.41865079365079366,0.549475760642977,0.4666666666666667,0.0,0.0,0.0,0.0,0.0,0.0,0.0,0.0,0.0,0.0,55602,global,0.6
2,3,trees500_depth5_split2_leaf1_featsqrt_cwnone_trmiss60_degmodglobal,64,1.0,0.0,500,5,2,1,sqrt,none,-1,trees500_depth5_split2_leaf1_featsqrt_cwnone_trmiss60_degmodglobal,1,0.3483761037289997,1.0,0.9999999999999999,1.0,0.0,0.7535957291457694,0.3670634920634921,0.4874539365041817,0.4222222222222222,0.0,0.0,0.0,0.0,0.0,0.0,0.0,0.0,0.0,0.0,55602,global,0.6
2,3,trees500_depth5_split2_leaf3_featsqrt_cwnone_trmiss60_degmodglobal,64,1.0,0.0,500,5,2,3,sqrt,none,-1,trees500_depth5_split2_leaf3_featsqrt_cwnone_trmiss60_degmodglobal,1,0.37826658554406445,1.0,0.9999999999999999,1.0,0.0,0.7490944192385591,0.38293650793650796,0.4899024464258882,0.4,0.0,0.0,0.0,0.0,0.0,0.0,0.0,0.0,0.0,0.0,55602,global,0.6
2,3,trees500_depthnone_split2_leaf1_featsqrt_cwnone_trmiss60_degmodglobal,64,1.0,0.0,500,none,2,1,sqrt,none,-1,trees500_depthnone_split2_leaf1_featsqrt_cwnone_trmiss60_degmodglobal,1,0.2023833304226263,1.0,1.0,1.0,0.0,0.7812298351596733,0.41765873015873023,0.48155321415000496,0.4666666666666667,0.0,0.0,0.0,0.0,0.0,0.0,0.0,0.0,0.0,0.0,55602,global,0.6
2,3,trees500_depthnone_split2_leaf3_featsqrt_cwnone_trmiss60_degmodglobal,64,1.0,0.0,500,none,2,3,sqrt,none,-1,trees500_depthnone_split2_leaf3_featsqrt_cwnone_trmiss60_degmodglobal,1,0.28041481491763726,1.0,0.9999999999999999,1.0,0.0,0.7484356366341344,0.44444444444444453,0.49595513953470605,0.4444444444444444,0.0,0.0,0.0,0.0,0.0,0.0,0.0,0.0,0.0,0.0,55602,global,0.6
2,4,trees200_depth3_split2_leaf1_featsqrt_cwnone_trmiss60_degmodglobal,64,1.0,0.0,200,3,2,1,sqrt,none,-1,trees200_depth3_split2_leaf1_featsqrt_cwnone_trmiss60_degmodglobal,1,0.492263013078214,0.9986392874814448,0.9987470575392304,0.9555555555555556,0.0,0.694075895270354,0.5396825396825397,0.5835579716807904,0.6,0.0,0.0,0.0,0.0,0.0,0.0,0.0,0.0,0.0,0.0,55602,global,0.6
2,4,trees200_depth3_split2_leaf3_featsqrt_cwnone_trmiss60_degmodglobal,64,1.0,0.0,200,3,2,3,sqrt,none,-1,trees200_depth3_split2_leaf3_featsqrt_cwnone_trmiss60_degmodglobal,1,0.4997841435425201,0.9975259772389906,0.997660436138719,0.9666666666666667,0.0,0.6847399654776716,0.5753968253968255,0.6124285526887846,0.6444444444444445,0.0,0.0,0.0,0.0,0.0,0.0,0.0,0.0,0.0,0.0,55602,global,0.6
2,4,trees200_depth5_split2_leaf1_featsqrt_cwnone_trmiss60_degmodglobal,64,1.0,0.0,200,5,2,1,sqrt,none,-1,trees200_depth5_split2_leaf1_featsqrt_cwnone_trmiss60_degmodglobal,1,0.3583666169273408,0.9998762988619495,0.9998880179171331,0.9888888888888889,0.0,0.6969007122806185,0.5317460317460319,0.614201244453557,0.4666666666666667,0.0,0.0,0.0,0.0,0.0,0.0,0.0,0.0,0.0,0.0,55602,global,0.6
2,4,trees200_depth5_split2_leaf3_featsqrt_cwnone_trmiss60_degmodglobal,64,1.0,0.0,200,5,2,3,sqrt,none,-1,trees200_depth5_split2_leaf3_featsqrt_cwnone_trmiss60_degmodglobal,1,0.39196816937124423,0.999752597723899,0.9997748445355125,0.9833333333333333,0.0,0.6927660119280993,0.5257936507936508,0.5778844288349856,0.5777777777777777,0.0,0.0,0.0,0.0,0.0,0.0,0.0,0.0,0.0,0.0,55602,global,0.6
2,4,trees200_depthnone_split2_leaf1_featsqrt_cwnone_trmiss60_degmodglobal,64,1.0,0.0,200,none,2,1,sqrt,none,-1,trees200_depthnone_split2_leaf1_featsqrt_cwnone_trmiss60_degmodglobal,1,0.2085278708719434,1.0,1.0,1.0,0.0,0.7002695783762399,0.5426587301587302,0.5834349635521259,0.6222222222222222,0.0,0.0,0.0,0.0,0.0,0.0,0.0,0.0,0.0,0.0,55602,global,0.6
2,4,trees200_depthnone_split2_leaf3_featsqrt_cwnone_trmiss60_degmodglobal,64,1.0,0.0,200,none,2,3,sqrt,none,-1,trees200_depthnone_split2_leaf3_featsqrt_cwnone_trmiss60_degmodglobal,1,0.29126754117616116,1.0,0.9999999999999999,1.0,0.0,0.7104743721449396,0.4920634920634921,0.5769947883598846,0.4666666666666667,0.0,0.0,0.0,0.0,0.0,0.0,0.0,0.0,0.0,0.0,55602,global,0.6
2,4,trees500_depth3_split2_leaf1_featsqrt_cwnone_trmiss60_degmodglobal,64,1.0,0.0,500,3,2,1,sqrt,none,-1,trees500_depth3_split2_leaf1_featsqrt_cwnone_trmiss60_degmodglobal,1,0.48938533790568167,0.9983918852053439,0.9985277841123404,0.9611111111111111,0.0,0.6904387230947302,0.5476190476190477,0.6100097276191503,0.6,0.0,0.0,0.0,0.0,0.0,0.0,0.0,0.0,0.0,0.0,55602,global,0.6
2,4,trees500_depth3_split2_leaf3_featsqrt_cwnone_trmiss60_degmodglobal,64,1.0,0.0,500,3,2,3,sqrt,none,-1,trees500_depth3_split2_leaf3_featsqrt_cwnone_trmiss60_degmodglobal,1,0.5034957406056436,0.9961652647204354,0.9965314363616321,0.9444444444444444,0.0,0.687079841883812,0.5515873015873016,0.6052389152451688,0.5777777777777777,0.0,0.0,0.0,0.0,0.0,0.0,0.0,0.0,0.0,0.0,55602,global,0.6
2,4,trees500_depth5_split2_leaf1_featsqrt_cwnone_trmiss60_degmodglobal,64,1.0,0.0,500,5,2,1,sqrt,none,-1,trees500_depth5_split2_leaf1_featsqrt_cwnone_trmiss60_degmodglobal,1,0.35532010462223174,1.0,0.9999999999999999,0.9888888888888889,0.0,0.6965417573708955,0.5277777777777778,0.6023557829389189,0.5555555555555556,0.0,0.0,0.0,0.0,0.0,0.0,0.0,0.0,0.0,0.0,55602,global,0.6
2,4,trees500_depth5_split2_leaf3_featsqrt_cwnone_trmiss60_degmodglobal,64,1.0,0.0,500,5,2,3,sqrt,none,-1,trees500_depth5_split2_leaf3_featsqrt_cwnone_trmiss60_degmodglobal,1,0.38383312033147843,0.9996288965858485,0.9996604542358098,0.9888888888888889,0.0,0.6950968765149862,0.5277777777777778,0.5765759091028742,0.5111111111111111,0.0,0.0,0.0,0.0,0.0,0.0,0.0,0.0,0.0,0.0,55602,global,0.6
2,4,trees500_depthnone_split2_leaf1_featsqrt_cwnone_trmiss60_degmodglobal,64,1.0,0.0,500,none,2,1,sqrt,none,-1,trees500_depthnone_split2_leaf1_featsqrt_cwnone_trmiss60_degmodglobal,1,0.20575040324817478,0.9999999999999999,0.9999999999999999,1.0,0.0,0.7032124042216737,0.5248015873015873,0.5978246563301549,0.5555555555555556,0.0,0.0,0.0,0.0,0.0,0.0,0.0,0.0,0.0,0.0,55602,global,0.6
2,4,trees500_depthnone_split2_leaf3_featsqrt_cwnone_trmiss60_degmodglobal,64,1.0,0.0,500,none,2,3,sqrt,none,-1,trees500_depthnone_split2_leaf3_featsqrt_cwnone_trmiss60_degmodglobal,1,0.2869927950078497,1.0,0.9999999999999999,1.0,0.0,0.6996056883387046,0.5257936507936508,0.6055087177296168,0.5777777777777777,0.0,0.0,0.0,0.0,0.0,0.0,0.0,0.0,0.0,0.0,55602,global,0.6
2,5,trees200_depth3_split2_leaf1_featsqrt_cwnone_trmiss60_degmodglobal,64,1.0,0.0,200,3,2,1,sqrt,none,-1,trees200_depth3_split2_leaf1_featsqrt_cwnone_trmiss60_degmodglobal,1,0.4824954191499905,0.9951138050470065,0.9959033259018618,0.9666666666666667,0.0,0.6991318059491178,0.5158730158730159,0.6003863668869939,0.4888888888888889,0.0,0.0,0.0,0.0,0.0,0.0,0.0,0.0,0.0,0.0,55602,global,0.6
2,5,trees200_depth3_split2_leaf3_featsqrt_cwnone_trmiss60_degmodglobal,64,1.0,0.0,200,3,2,3,sqrt,none,-1,trees200_depth3_split2_leaf3_featsqrt_cwnone_trmiss60_degmodglobal,1,0.4943981252769258,0.9888050470064325,0.9908399267410355,0.9333333333333333,0.0,0.7024993922245032,0.5138888888888888,0.5903968515927409,0.5111111111111111,0.0,0.0,0.0,0.0,0.0,0.0,0.0,0.0,0.0,0.0,55602,global,0.6
2,5,trees200_depth5_split2_leaf1_featsqrt_cwnone_trmiss60_degmodglobal,64,1.0,0.0,200,5,2,1,sqrt,none,-1,trees200_depth5_split2_leaf1_featsqrt_cwnone_trmiss60_degmodglobal,1,0.34626939059092154,0.9995670460168233,0.9995448205632844,0.9888888888888889,0.0,0.714830979136633,0.503968253968254,0.564186603758804,0.4666666666666667,0.0,0.0,0.0,0.0,0.0,0.0,0.0,0.0,0.0,0.0,55602,global,0.6
2,5,trees200_depth5_split2_leaf3_featsqrt_cwnone_trmiss60_degmodglobal,64,1.0,0.0,200,5,2,3,sqrt,none,-1,trees200_depth5_split2_leaf3_featsqrt_cwnone_trmiss60_degmodglobal,1,0.38067188934317847,0.9995670460168233,0.9995657837603126,0.9777777777777777,0.0,0.7431117667429568,0.47420634920634924,0.5388476225706231,0.4666666666666667,0.0,0.0,0.0,0.0,0.0,0.0,0.0,0.0,0.0,0.0,55602,global,0.6
2,5,trees200_depthnone_split2_leaf1_featsqrt_cwnone_trmiss60_degmodglobal,64,1.0,0.0,200,none,2,1,sqrt,none,-1,trees200_depthnone_split2_leaf1_featsqrt_cwnone_trmiss60_degmodglobal,1,0.20042205629277304,1.0,1.0,1.0,0.0,0.7255382988109899,0.5168650793650793,0.5868630707690659,0.5111111111111111,0.0,0.0,0.0,0.0,0.0,0.0,0.0,0.0,0.0,0.0,55602,global,0.6
2,5,trees200_depthnone_split2_leaf3_featsqrt_cwnone_trmiss60_degmodglobal,64,1.0,0.0,200,none,2,3,sqrt,none,-1,trees200_depthnone_split2_leaf3_featsqrt_cwnone_trmiss60_degmodglobal,1,0.2840020808823089,0.9999381494309747,0.9998880179171331,0.9944444444444445,0.0,0.7485020128501901,0.4861111111111111,0.5339685315103138,0.4666666666666667,0.0,0.0,0.0,0.0,0.0,0.0,0.0,0.0,0.0,0.0,55602,global,0.6
2,5,trees500_depth3_split2_leaf1_featsqrt_cwnone_trmiss60_degmodglobal,64,1.0,0.0,500,3,2,1,sqrt,none,-1,trees500_depth3_split2_leaf1_featsqrt_cwnone_trmiss60_degmodglobal,1,0.48204778503535795,0.9941860465116279,0.9950610773798039,0.9444444444444444,0.0,0.7149847290076219,0.47222222222222227,0.5428832150571961,0.4666666666666667,0.0,0.0,0.0,0.0,0.0,0.0,0.0,0.0,0.0,0.0,55602,global,0.6
2,5,trees500_depth3_split2_leaf3_featsqrt_cwnone_trmiss60_degmodglobal,64,1.0,0.0,500,3,2,3,sqrt,none,-1,trees500_depth3_split2_leaf3_featsqrt_cwnone_trmiss60_degmodglobal,1,0.4932650056560391,0.9931345868381989,0.9942472893863481,0.95,0.0,0.7089414584168705,0.48809523809523814,0.5559311019187644,0.4444444444444444,0.0,0.0,0.0,0.0,0.0,0.0,0.0,0.0,0.0,0.0,55602,global,0.6
2,5,trees500_depth5_split2_leaf1_featsqrt_cwnone_trmiss60_degmodglobal,64,1.0,0.0,500,5,2,1,sqrt,none,-1,trees500_depth5_split2_leaf1_featsqrt_cwnone_trmiss60_degmodglobal,1,0.3505483420949734,1.0,0.9999999999999999,0.9888888888888889,0.0,0.7203720622528826,0.5079365079365079,0.5682689799437232,0.4666666666666667,0.0,0.0,0.0,0.0,0.0,0.0,0.0,0.0,0.0,0.0,55602,global,0.6
2,5,trees500_depth5_split2_leaf3_featsqrt_cwnone_trmiss60_degmodglobal,64,1.0,0.0,500,5,2,3,sqrt,none,-1,trees500_depth5_split2_leaf3_featsqrt_cwnone_trmiss60_degmodglobal,1,0.38160008041377075,0.9996907471548738,0.9996651954127055,0.9833333333333333,0.0,0.7371956626322537,0.4523809523809524,0.5351844978576373,0.37777777777777777,0.0,0.0,0.0,0.0,0.0,0.0,0.0,0.0,0.0,0.0,55602,global,0.6
2,5,trees500_depthnone_split2_leaf1_featsqrt_cwnone_trmiss60_degmodglobal,64,1.0,0.0,500,none,2,1,sqrt,none,-1,trees500_depthnone_split2_leaf1_featsqrt_cwnone_trmiss60_degmodglobal,1,0.20013760524330576,1.0,0.9999999999999998,1.0,0.0,0.7350066881771811,0.501984126984127,0.5596511315572589,0.5111111111111111,0.0,0.0,0.0,0.0,0.0,0.0,0.0,0.0,0.0,0.0,55602,global,0.6
2,5,trees500_depthnone_split2_leaf3_featsqrt_cwnone_trmiss60_degmodglobal,64,1.0,0.0,500,none,2,3,sqrt,none,-1,trees500_depthnone_split2_leaf3_featsqrt_cwnone_trmiss60_degmodglobal,1,0.2802409902248543,0.9999381494309747,0.9998880179171331,0.9944444444444445,0.0,0.712346977503461,0.5416666666666667,0.5776875703422338,0.5111111111111111,0.0,0.0,0.0,0.0,0.0,0.0,0.0,0.0,0.0,0.0,55602,global,0.6
3,1,trees200_depth3_split2_leaf1_featsqrt_cwnone_trmiss60_degmodglobal,64,1.0,0.0,200,3,2,1,sqrt,none,-1,trees200_depth3_split2_leaf1_featsqrt_cwnone_trmiss60_degmodglobal,1,0.4782894478110127,0.9975851393188855,0.9979345745106141,0.9611111111111111,0.0,0.6740615960509108,0.6185770750988142,0.6191377635552098,0.6222222222222222,0.0,0.0,0.0,0.0,0.0,0.0,0.0,0.0,0.0,0.0,55602,global,0.6
3,1,trees200_depth3_split2_leaf3_featsqrt_cwnone_trmiss60_degmodglobal,64,1.0,0.0,200,3,2,3,sqrt,none,-1,trees200_depth3_split2_leaf3_featsqrt_cwnone_trmiss60_degmodglobal,1,0.49003769208930237,0.9944891640866873,0.9949642314620173,0.95,0.0,0.6789062041029356,0.6027667984189723,0.6714817425953534,0.5333333333333333,0.0,0.0,0.0,0.0,0.0,0.0,0.0,0.0,0.0,0.0,55602,global,0.6
3,1,trees200_depth5_split2_leaf1_featsqrt_cwnone_trmiss60_degmodglobal,64,1.0,0.0,200,5,2,1,sqrt,none,-1,trees200_depth5_split2_leaf1_featsqrt_cwnone_trmiss60_degmodglobal,1,0.35067093278009,1.0,1.0,0.9888888888888889,0.0,0.6830387530823144,0.5790513833992095,0.6069926042555481,0.5555555555555556,0.0,0.0,0.0,0.0,0.0,0.0,0.0,0.0,0.0,0.0,55602,global,0.6
3,1,trees200_depth5_split2_leaf3_featsqrt_cwnone_trmiss60_degmodglobal,64,1.0,0.0,200,5,2,3,sqrt,none,-1,trees200_depth5_split2_leaf3_featsqrt_cwnone_trmiss60_degmodglobal,1,0.38529298925256844,0.9993188854489164,0.9993417942449283,0.9888888888888889,0.0,0.6853362962879472,0.5770750988142292,0.6305127339010141,0.5555555555555556,0.0,0.0,0.0,0.0,0.0,0.0,0.0,0.0,0.0,0.0,55602,global,0.6
3,1,trees200_depthnone_split2_leaf1_featsqrt_cwnone_trmiss60_degmodglobal,64,1.0,0.0,200,none,2,1,sqrt,none,-1,trees200_depthnone_split2_leaf1_featsqrt_cwnone_trmiss60_degmodglobal,1,0.20053442148228326,1.0,1.0,1.0,0.0,0.6804728152300086,0.5988142292490118,0.6073970678790849,0.6222222222222222,0.0,0.0,0.0,0.0,0.0,0.0,0.0,0.0,0.0,0.0,55602,global,0.6
3,1,trees200_depthnone_split2_leaf3_featsqrt_cwnone_trmiss60_degmodglobal,64,1.0,0.0,200,none,2,3,sqrt,none,-1,trees200_depthnone_split2_leaf3_featsqrt_cwnone_trmiss60_degmodglobal,1,0.28829142496872234,0.999938080495356,0.9998903508771931,0.9944444444444445,0.0,0.6709432461680583,0.6245059288537549,0.6615802849520754,0.6222222222222222,0.0,0.0,0.0,0.0,0.0,0.0,0.0,0.0,0.0,0.0,55602,global,0.6
3,1,trees500_depth3_split2_leaf1_featsqrt_cwnone_trmiss60_degmodglobal,64,1.0,0.0,500,3,2,1,sqrt,none,-1,trees500_depth3_split2_leaf1_featsqrt_cwnone_trmiss60_degmodglobal,1,0.4815242669722808,0.9972136222910216,0.997370508731921,0.9666666666666667,0.0,0.674061841750197,0.6146245059288538,0.6610311913953049,0.5777777777777777,0.0,0.0,0.0,0.0,0.0,0.0,0.0,0.0,0.0,0.0,55602,global,0.6
3,1,trees500_depth3_split2_leaf3_featsqrt_cwnone_trmiss60_degmodglobal,64,1.0,0.0,500,3,2,3,sqrt,none,-1,trees500_depth3_split2_leaf3_featsqrt_cwnone_trmiss60_degmodglobal,1,0.4928307203938941,0.9928792569659443,0.9935272156709313,0.95,0.0,0.6815768835343475,0.5810276679841897,0.6107599159784413,0.5777777777777777,0.0,0.0,0.0,0.0,0.0,0.0,0.0,0.0,0.0,0.0,55602,global,0.6
3,1,trees500_depth5_split2_leaf1_featsqrt_cwnone_trmiss60_degmodglobal,64,1.0,0.0,500,5,2,1,sqrt,none,-1,trees500_depth5_split2_leaf1_featsqrt_cwnone_trmiss60_degmodglobal,1,0.3435169810187895,1.0,1.0,0.9944444444444445,0.0,0.6758462203033965,0.5928853754940712,0.6438999346648911,0.5777777777777777,0.0,0.0,0.0,0.0,0.0,0.0,0.0,0.0,0.0,0.0,55602,global,0.6
3,1,trees500_depth5_split2_leaf3_featsqrt_cwnone_trmiss60_degmodglobal,64,1.0,0.0,500,5,2,3,sqrt,none,-1,trees500_depth5_split2_leaf3_featsqrt_cwnone_trmiss60_degmodglobal,1,0.3767637429372714,0.9993808049535603,0.9994638909874368,0.9833333333333333,0.0,0.6726660089666292,0.616600790513834,0.660869430677222,0.5555555555555556,0.0,0.0,0.0,0.0,0.0,0.0,0.0,0.0,0.0,0.0,55602,global,0.6
3,1,trees500_depthnone_split2_leaf1_featsqrt_cwnone_trmiss60_degmodglobal,64,1.0,0.0,500,none,2,1,sqrt,none,-1,trees500_depthnone_split2_leaf1_featsqrt_cwnone_trmiss60_degmodglobal,1,0.20241592047278903,1.0,1.0,1.0,0.0,0.6858016542588624,0.5780632411067194,0.620145908246595,0.5777777777777777,0.0,0.0,0.0,0.0,0.0,0.0,0.0,0.0,0.0,0.0,55602,global,0.6
3,1,trees500_depthnone_split2_leaf3_featsqrt_cwnone_trmiss60_degmodglobal,64,1.0,0.0,500,none,2,3,sqrt,none,-1,trees500_depthnone_split2_leaf3_featsqrt_cwnone_trmiss60_degmodglobal,1,0.285445415637021,0.999938080495356,0.999890350877193,0.9944444444444445,0.0,0.6749445586250156,0.6126482213438735,0.6311493751506682,0.5555555555555556,0.0,0.0,0.0,0.0,0.0,0.0,0.0,0.0,0.0,0.0,55602,global,0.6
3,2,trees200_depth3_split2_leaf1_featsqrt_cwnone_trmiss60_degmodglobal,64,1.0,0.0,200,3,2,1,sqrt,none,-1,trees200_depth3_split2_leaf1_featsqrt_cwnone_trmiss60_degmodglobal,1,0.49742572108797195,0.9962848297213622,0.996853293417778,0.9222222222222223,0.0,0.6851498413409638,0.5612648221343873,0.5322272127098026,0.5777777777777777,0.0,0.0,0.0,0.0,0.0,0.0,0.0,0.0,0.0,0.0,55602,global,0.6
3,2,trees200_depth3_split2_leaf3_featsqrt_cwnone_trmiss60_degmodglobal,64,1.0,0.0,200,3,2,3,sqrt,none,-1,trees200_depth3_split2_leaf3_featsqrt_cwnone_trmiss60_degmodglobal,1,0.5106538917300338,0.9955417956656347,0.9962701807559193,0.9222222222222223,0.0,0.7005463412829165,0.5256916996047432,0.5134562284165407,0.5111111111111111,0.0,0.0,0.0,0.0,0.0,0.0,0.0,0.0,0.0,0.0,55602,global,0.6
3,2,trees200_depth5_split2_leaf1_featsqrt_cwnone_trmiss60_degmodglobal,64,1.0,0.0,200,5,2,1,sqrt,none,-1,trees200_depth5_split2_leaf1_featsqrt_cwnone_trmiss60_degmodglobal,1,0.3550399715901358,1.0,1.0,0.9944444444444445,0.0,0.6963131840537783,0.5375494071146245,0.5444060383888277,0.5777777777777777,0.0,0.0,0.0,0.0,0.0,0.0,0.0,0.0,0.0,0.0,55602,global,0.6
3,2,trees200_depth5_split2_leaf3_featsqrt_cwnone_trmiss60_degmodglobal,64,1.0,0.0,200,5,2,3,sqrt,none,-1,trees200_depth5_split2_leaf3_featsqrt_cwnone_trmiss60_degmodglobal,1,0.39161665975041066,1.0,1.0,0.9888888888888889,0.0,0.6929453131612663,0.5691699604743083,0.5653258481796135,0.6,0.0,0.0,0.0,0.0,0.0,0.0,0.0,0.0,0.0,0.0,55602,global,0.6
3,2,trees200_depthnone_split2_leaf1_featsqrt_cwnone_trmiss60_degmodglobal,64,1.0,0.0,200,none,2,1,sqrt,none,-1,trees200_depthnone_split2_leaf1_featsqrt_cwnone_trmiss60_degmodglobal,1,0.20995556068101023,1.0,1.0000000000000002,1.0,0.0,0.7202301935754877,0.5523715415019763,0.5510172347056297,0.6222222222222222,0.0,0.0,0.0,0.0,0.0,0.0,0.0,0.0,0.0,0.0,55602,global,0.6
3,2,trees200_depthnone_split2_leaf3_featsqrt_cwnone_trmiss60_degmodglobal,64,1.0,0.0,200,none,2,3,sqrt,none,-1,trees200_depthnone_split2_leaf3_featsqrt_cwnone_trmiss60_degmodglobal,1,0.2940388897999453,1.0,1.0,1.0,0.0,0.712841995252997,0.5355731225296443,0.5588371844826205,0.5777777777777777,0.0,0.0,0.0,0.0,0.0,0.0,0.0,0.0,0.0,0.0,55602,global,0.6
3,2,trees500_depth3_split2_leaf1_featsqrt_cwnone_trmiss60_degmodglobal,64,1.0,0.0,500,3,2,1,sqrt,none,-1,trees500_depth3_split2_leaf1_featsqrt_cwnone_trmiss60_degmodglobal,1,0.4966692130058898,0.9977708978328172,0.9982286217031844,0.9166666666666666,0.0,0.6844518498949433,0.5968379446640316,0.5561345706137019,0.6222222222222222,0.0,0.0,0.0,0.0,0.0,0.0,0.0,0.0,0.0,0.0,55602,global,0.6
3,2,trees500_depth3_split2_leaf3_featsqrt_cwnone_trmiss60_degmodglobal,64,1.0,0.0,500,3,2,3,sqrt,none,-1,trees500_depth3_split2_leaf3_featsqrt_cwnone_trmiss60_degmodglobal,1,0.5085356850130871,0.9957894736842106,0.9964327903965062,0.9222222222222223,0.0,0.6798072042132685,0.5770750988142292,0.528593128315684,0.6222222222222222,0.0,0.0,0.0,0.0,0.0,0.0,0.0,0.0,0.0,0.0,55602,global,0.6
3,2,trees500_depth5_split2_leaf1_featsqrt_cwnone_trmiss60_degmodglobal,64,1.0,0.0,500,5,2,1,sqrt,none,-1,trees500_depth5_split2_leaf1_featsqrt_cwnone_trmiss60_degmodglobal,1,0.3618251935524226,1.0,1.0,0.9888888888888889,0.0,0.6919108786933458,0.5652173913043478,0.55637403757166,0.5555555555555556,0.0,0.0,0.0,0.0,0.0,0.0,0.0,0.0,0.0,0.0,55602,global,0.6
3,2,trees500_depth5_split2_leaf3_featsqrt_cwnone_trmiss60_degmodglobal,64,1.0,0.0,500,5,2,3,sqrt,none,-1,trees500_depth5_split2_leaf3_featsqrt_cwnone_trmiss60_degmodglobal,1,0.39681867224462936,0.9998761609907121,0.9998903508771931,0.9888888888888889,0.0,0.6884934460029865,0.5612648221343873,0.5480592668099897,0.6222222222222222,0.0,0.0,0.0,0.0,0.0,0.0,0.0,0.0,0.0,0.0,55602,global,0.6
3,2,trees500_depthnone_split2_leaf1_featsqrt_cwnone_trmiss60_degmodglobal,64,1.0,0.0,500,none,2,1,sqrt,none,-1,trees500_depthnone_split2_leaf1_featsqrt_cwnone_trmiss60_degmodglobal,1,0.2074330555678897,1.0,1.0,1.0,0.0,0.713006293714648,0.5671936758893281,0.5614990416991277,0.5111111111111111,0.0,0.0,0.0,0.0,0.0,0.0,0.0,0.0,0.0,0.0,55602,global,0.6
3,2,trees500_depthnone_split2_leaf3_featsqrt_cwnone_trmiss60_degmodglobal,64,1.0,0.0,500,none,2,3,sqrt,none,-1,trees500_depthnone_split2_leaf3_featsqrt_cwnone_trmiss60_degmodglobal,1,0.2913012088769288,1.0,1.0,1.0,0.0,0.7073289616222438,0.5553359683794467,0.5545250497668167,0.5333333333333333,0.0,0.0,0.0,0.0,0.0,0.0,0.0,0.0,0.0,0.0,55602,global,0.6
3,3,trees200_depth3_split2_leaf1_featsqrt_cwnone_trmiss60_degmodglobal,64,1.0,0.0,200,3,2,1,sqrt,none,-1,trees200_depth3_split2_leaf1_featsqrt_cwnone_trmiss60_degmodglobal,1,0.49459321968487935,0.9944334487877289,0.9950059741404741,0.9611111111111111,0.0,0.6942151793831399,0.5079365079365079,0.5941419260359263,0.5555555555555556,0.0,0.0,0.0,0.0,0.0,0.0,0.0,0.0,0.0,0.0,55602,global,0.6
3,3,trees200_depth3_split2_leaf3_featsqrt_cwnone_trmiss60_degmodglobal,64,1.0,0.0,200,3,2,3,sqrt,none,-1,trees200_depth3_split2_leaf3_featsqrt_cwnone_trmiss60_degmodglobal,1,0.5098643749635564,0.9904750123701138,0.9914982055366295,0.9333333333333333,0.0,0.6916958468842785,0.5476190476190477,0.5648714639122043,0.5777777777777777,0.0,0.0,0.0,0.0,0.0,0.0,0.0,0.0,0.0,0.0,55602,global,0.6
3,3,trees200_depth5_split2_leaf1_featsqrt_cwnone_trmiss60_degmodglobal,64,1.0,0.0,200,5,2,1,sqrt,none,-1,trees200_depth5_split2_leaf1_featsqrt_cwnone_trmiss60_degmodglobal,1,0.359118520825727,0.999752597723899,0.9997783687943261,0.9944444444444445,0.0,0.7093026656395864,0.501984126984127,0.5636863809445636,0.5111111111111111,0.0,0.0,0.0,0.0,0.0,0.0,0.0,0.0,0.0,0.0,55602,global,0.6
3,3,trees200_depth5_split2_leaf3_featsqrt_cwnone_trmiss60_degmodglobal,64,1.0,0.0,200,5,2,3,sqrt,none,-1,trees200_depth5_split2_leaf3_featsqrt_cwnone_trmiss60_degmodglobal,1,0.39371146568148346,0.9995051954477981,0.9995448205632844,0.9833333333333333,0.0,0.7037513678590269,0.5158730158730158,0.5937864168177245,0.5111111111111111,0.0,0.0,0.0,0.0,0.0,0.0,0.0,0.0,0.0,0.0,55602,global,0.6
3,3,trees200_depthnone_split2_leaf1_featsqrt_cwnone_trmiss60_degmodglobal,64,1.0,0.0,200,none,2,1,sqrt,none,-1,trees200_depthnone_split2_leaf1_featsqrt_cwnone_trmiss60_degmodglobal,1,0.2014795407695827,1.0,0.9999999999999999,1.0,0.0,0.7074279344072903,0.5654761904761905,0.6330155745253251,0.6,0.0,0.0,0.0,0.0,0.0,0.0,0.0,0.0,0.0,0.0,55602,global,0.6
3,3,trees200_depthnone_split2_leaf3_featsqrt_cwnone_trmiss60_degmodglobal,64,1.0,0.0,200,none,2,3,sqrt,none,-1,trees200_depthnone_split2_leaf3_featsqrt_cwnone_trmiss60_degmodglobal,1,0.2806749709794466,1.0,1.0,0.9944444444444445,0.0,0.7091585711776036,0.5972222222222222,0.6203662077667499,0.6,0.0,0.0,0.0,0.0,0.0,0.0,0.0,0.0,0.0,0.0,55602,global,0.6
3,3,trees500_depth3_split2_leaf1_featsqrt_cwnone_trmiss60_degmodglobal,64,1.0,0.0,500,3,2,1,sqrt,none,-1,trees500_depth3_split2_leaf1_featsqrt_cwnone_trmiss60_degmodglobal,1,0.49380007095146766,0.9955467590301831,0.996102175728563,0.9611111111111111,0.0,0.6848497486854256,0.5396825396825398,0.6184945914482204,0.4888888888888889,0.0,0.0,0.0,0.0,0.0,0.0,0.0,0.0,0.0,0.0,55602,global,0.6
3,3,trees500_depth3_split2_leaf3_featsqrt_cwnone_trmiss60_degmodglobal,64,1.0,0.0,500,3,2,3,sqrt,none,-1,trees500_depth3_split2_leaf3_featsqrt_cwnone_trmiss60_degmodglobal,1,0.510158290897193,0.9948045522018802,0.9952249836025101,0.9555555555555556,0.0,0.6874860735824468,0.5674603174603176,0.5925253465025263,0.5777777777777777,0.0,0.0,0.0,0.0,0.0,0.0,0.0,0.0,0.0,0.0,55602,global,0.6
3,3,trees500_depth5_split2_leaf1_featsqrt_cwnone_trmiss60_degmodglobal,64,1.0,0.0,500,5,2,1,sqrt,none,-1,trees500_depth5_split2_leaf1_featsqrt_cwnone_trmiss60_degmodglobal,1,0.36245902270009367,1.0,0.9999999999999998,0.9944444444444445,0.0,0.6836382815655395,0.6051587301587302,0.6255429598145057,0.6,0.0,0.0,0.0,0.0,0.0,0.0,0.0,0.0,0.0,0.0,55602,global,0.6
3,3,trees500_depth5_split2_leaf3_featsqrt_cwnone_trmiss60_degmodglobal,64,1.0,0.0,500,5,2,3,sqrt,none,-1,trees500_depth5_split2_leaf3_featsqrt_cwnone_trmiss60_degmodglobal,1,0.3942220472091369,0.9993814943097477,0.9994351714404773,0.9888888888888889,0.0,0.6882613191982689,0.5615079365079365,0.6418050124766936,0.5555555555555556,0.0,0.0,0.0,0.0,0.0,0.0,0.0,0.0,0.0,0.0,55602,global,0.6
3,3,trees500_depthnone_split2_leaf1_featsqrt_cwnone_trmiss60_degmodglobal,64,1.0,0.0,500,none,2,1,sqrt,none,-1,trees500_depthnone_split2_leaf1_featsqrt_cwnone_trmiss60_degmodglobal,1,0.2058620126309167,1.0,0.9999999999999999,1.0,0.0,0.7070993053574801,0.5853174603174603,0.674082934794515,0.5555555555555556,0.0,0.0,0.0,0.0,0.0,0.0,0.0,0.0,0.0,0.0,55602,global,0.6
3,3,trees500_depthnone_split2_leaf3_featsqrt_cwnone_trmiss60_degmodglobal,64,1.0,0.0,500,none,2,3,sqrt,none,-1,trees500_depthnone_split2_leaf3_featsqrt_cwnone_trmiss60_degmodglobal,1,0.2874304578425,1.0,1.0,1.0,0.0,0.708467071270837,0.5575396825396826,0.5696282949308524,0.5333333333333333,0.0,0.0,0.0,0.0,0.0,0.0,0.0,0.0,0.0,0.0,55602,global,0.6
3,4,trees200_depth3_split2_leaf1_featsqrt_cwnone_trmiss60_degmodglobal,64,1.0,0.0,200,3,2,1,sqrt,none,-1,trees200_depth3_split2_leaf1_featsqrt_cwnone_trmiss60_degmodglobal,1,0.4960666904984938,0.997093023255814,0.9976455282306345,0.9833333333333333,0.0,0.6981603923687189,0.5238095238095237,0.633821423693028,0.5111111111111111,0.0,0.0,0.0,0.0,0.0,0.0,0.0,0.0,0.0,0.0,55602,global,0.6
3,4,trees200_depth3_split2_leaf3_featsqrt_cwnone_trmiss60_degmodglobal,64,1.0,0.0,200,3,2,3,sqrt,none,-1,trees200_depth3_split2_leaf3_featsqrt_cwnone_trmiss60_degmodglobal,1,0.5102276376783973,0.9928871845620979,0.9936587116998135,0.9444444444444444,0.0,0.6883347532925765,0.5496031746031746,0.6728918599303885,0.5555555555555556,0.0,0.0,0.0,0.0,0.0,0.0,0.0,0.0,0.0,0.0,55602,global,0.6
3,4,trees200_depth5_split2_leaf1_featsqrt_cwnone_trmiss60_degmodglobal,64,1.0,0.0,200,5,2,1,sqrt,none,-1,trees200_depth5_split2_leaf1_featsqrt_cwnone_trmiss60_degmodglobal,1,0.3570206933257642,1.0,0.9999999999999999,1.0,0.0,0.6853226066629245,0.6011904761904762,0.6825978493744267,0.6,0.0,0.0,0.0,0.0,0.0,0.0,0.0,0.0,0.0,0.0,55602,global,0.6
3,4,trees200_depth5_split2_leaf3_featsqrt_cwnone_trmiss60_degmodglobal,64,1.0,0.0,200,5,2,3,sqrt,none,-1,trees200_depth5_split2_leaf3_featsqrt_cwnone_trmiss60_degmodglobal,1,0.3956562535414218,0.9996907471548738,0.9996651954127055,0.9888888888888889,0.0,0.692424473761154,0.5674603174603174,0.672711252498218,0.5333333333333333,0.0,0.0,0.0,0.0,0.0,0.0,0.0,0.0,0.0,0.0,55602,global,0.6
3,4,trees200_depthnone_split2_leaf1_featsqrt_cwnone_trmiss60_degmodglobal,64,1.0,0.0,200,none,2,1,sqrt,none,-1,trees200_depthnone_split2_leaf1_featsqrt_cwnone_trmiss60_degmodglobal,1,0.20766505780554062,1.0,0.9999999999999999,1.0,0.0,0.6953376278518755,0.6071428571428571,0.7063554905747917,0.6444444444444445,0.0,0.0,0.0,0.0,0.0,0.0,0.0,0.0,0.0,0.0,55602,global,0.6
3,4,trees200_depthnone_split2_leaf3_featsqrt_cwnone_trmiss60_degmodglobal,64,1.0,0.0,200,none,2,3,sqrt,none,-1,trees200_depthnone_split2_leaf3_featsqrt_cwnone_trmiss60_degmodglobal,1,0.29171433025338434,0.9999381494309747,0.9998880179171331,0.9944444444444445,0.0,0.708354452673137,0.5297619047619048,0.6139199417442093,0.5555555555555556,0.0,0.0,0.0,0.0,0.0,0.0,0.0,0.0,0.0,0.0,55602,global,0.6
3,4,trees500_depth3_split2_leaf1_featsqrt_cwnone_trmiss60_degmodglobal,64,1.0,0.0,500,3,2,1,sqrt,none,-1,trees500_depth3_split2_leaf1_featsqrt_cwnone_trmiss60_degmodglobal,1,0.497227972229913,0.997897080653142,0.9981549322858164,0.9555555555555556,0.0,0.6984294189126612,0.5476190476190477,0.6321217382392142,0.5111111111111111,0.0,0.0,0.0,0.0,0.0,0.0,0.0,0.0,0.0,0.0,55602,global,0.6
3,4,trees500_depth3_split2_leaf3_featsqrt_cwnone_trmiss60_degmodglobal,64,1.0,0.0,500,3,2,3,sqrt,none,-1,trees500_depth3_split2_leaf3_featsqrt_cwnone_trmiss60_degmodglobal,1,0.5104804036492371,0.9926397822859969,0.9934458393255409,0.9444444444444444,0.0,0.6918927930079616,0.5575396825396826,0.6226380736493057,0.4888888888888889,0.0,0.0,0.0,0.0,0.0,0.0,0.0,0.0,0.0,0.0,55602,global,0.6
3,4,trees500_depth5_split2_leaf1_featsqrt_cwnone_trmiss60_degmodglobal,64,1.0,0.0,500,5,2,1,sqrt,none,-1,trees500_depth5_split2_leaf1_featsqrt_cwnone_trmiss60_degmodglobal,1,0.35835302730809615,1.0,0.9999999999999999,0.9944444444444445,0.0,0.6879314970348988,0.5813492063492063,0.712379242731312,0.5333333333333333,0.0,0.0,0.0,0.0,0.0,0.0,0.0,0.0,0.0,0.0,55602,global,0.6
3,4,trees500_depth5_split2_leaf3_featsqrt_cwnone_trmiss60_degmodglobal,64,1.0,0.0,500,5,2,3,sqrt,none,-1,trees500_depth5_split2_leaf3_featsqrt_cwnone_trmiss60_degmodglobal,1,0.39570711038395523,0.9994433448787728,0.9994400143288901,0.9888888888888889,0.0,0.6911306807658281,0.5912698412698413,0.6829854189624883,0.5111111111111111,0.0,0.0,0.0,0.0,0.0,0.0,0.0,0.0,0.0,0.0,55602,global,0.6
3,4,trees500_depthnone_split2_leaf1_featsqrt_cwnone_trmiss60_degmodglobal,64,1.0,0.0,500,none,2,1,sqrt,none,-1,trees500_depthnone_split2_leaf1_featsqrt_cwnone_trmiss60_degmodglobal,1,0.21011851925730632,1.0,0.9999999999999999,1.0,0.0,0.7022210068344281,0.5367063492063492,0.6723344598489946,0.5111111111111111,0.0,0.0,0.0,0.0,0.0,0.0,0.0,0.0,0.0,0.0,55602,global,0.6
3,4,trees500_depthnone_split2_leaf3_featsqrt_cwnone_trmiss60_degmodglobal,64,1.0,0.0,500,none,2,3,sqrt,none,-1,trees500_depthnone_split2_leaf3_featsqrt_cwnone_trmiss60_degmodglobal,1,0.2891535945174522,0.9999381494309747,0.9998880179171331,0.9944444444444445,0.0,0.7028220001400906,0.5615079365079365,0.662812262520652,0.5111111111111111,0.0,0.0,0.0,0.0,0.0,0.0,0.0,0.0,0.0,0.0,55602,global,0.6
3,5,trees200_depth3_split2_leaf1_featsqrt_cwnone_trmiss60_degmodglobal,64,1.0,0.0,200,3,2,1,sqrt,none,-1,trees200_depth3_split2_leaf1_featsqrt_cwnone_trmiss60_degmodglobal,1,0.4779938799568084,0.98948540326571,0.9906644173778928,0.9277777777777778,0.0,0.6934624984874798,0.5436507936507937,0.578637666852245,0.5111111111111111,0.0,0.0,0.0,0.0,0.0,0.0,0.0,0.0,0.0,0.0,55602,global,0.6
3,5,trees200_depth3_split2_leaf3_featsqrt_cwnone_trmiss60_degmodglobal,64,1.0,0.0,200,3,2,3,sqrt,none,-1,trees200_depth3_split2_leaf3_featsqrt_cwnone_trmiss60_degmodglobal,1,0.49272193702803185,0.9920831271647699,0.9928092916512494,0.9333333333333333,0.0,0.6909766779593708,0.5317460317460319,0.576848882013641,0.5777777777777777,0.0,0.0,0.0,0.0,0.0,0.0,0.0,0.0,0.0,0.0,55602,global,0.6
3,5,trees200_depth5_split2_leaf1_featsqrt_cwnone_trmiss60_degmodglobal,64,1.0,0.0,200,5,2,1,sqrt,none,-1,trees200_depth5_split2_leaf1_featsqrt_cwnone_trmiss60_degmodglobal,1,0.33893279040851126,1.0,0.9999999999999999,0.9888888888888889,0.0,0.6964532971878437,0.5416666666666667,0.5848213947831487,0.4888888888888889,0.0,0.0,0.0,0.0,0.0,0.0,0.0,0.0,0.0,0.0,55602,global,0.6
3,5,trees200_depth5_split2_leaf3_featsqrt_cwnone_trmiss60_degmodglobal,64,1.0,0.0,200,5,2,3,sqrt,none,-1,trees200_depth5_split2_leaf3_featsqrt_cwnone_trmiss60_degmodglobal,1,0.38020534811548556,0.999505195447798,0.9995508051130029,0.9888888888888889,0.0,0.6926733066126726,0.5515873015873016,0.5915655872187296,0.5111111111111111,0.0,0.0,0.0,0.0,0.0,0.0,0.0,0.0,0.0,0.0,55602,global,0.6
3,5,trees200_depthnone_split2_leaf1_featsqrt_cwnone_trmiss60_degmodglobal,64,1.0,0.0,200,none,2,1,sqrt,none,-1,trees200_depthnone_split2_leaf1_featsqrt_cwnone_trmiss60_degmodglobal,1,0.2045418464713878,1.0,1.0,1.0,0.0,0.7078450357392301,0.5406746031746033,0.5791761570336827,0.5555555555555556,0.0,0.0,0.0,0.0,0.0,0.0,0.0,0.0,0.0,0.0,55602,global,0.6
3,5,trees200_depthnone_split2_leaf3_featsqrt_cwnone_trmiss60_degmodglobal,64,1.0,0.0,200,none,2,3,sqrt,none,-1,trees200_depthnone_split2_leaf3_featsqrt_cwnone_trmiss60_degmodglobal,1,0.2836535925678457,1.0,1.0,0.9944444444444445,0.0,0.6897501010234516,0.5674603174603174,0.6143409692975693,0.5777777777777777,0.0,0.0,0.0,0.0,0.0,0.0,0.0,0.0,0.0,0.0,55602,global,0.6
3,5,trees500_depth3_split2_leaf1_featsqrt_cwnone_trmiss60_degmodglobal,64,1.0,0.0,500,3,2,1,sqrt,none,-1,trees500_depth3_split2_leaf1_featsqrt_cwnone_trmiss60_degmodglobal,1,0.4775658344577623,0.9922068283028204,0.9928597111084884,0.9444444444444444,0.0,0.6907058842148844,0.5515873015873016,0.5796833974036624,0.5555555555555556,0.0,0.0,0.0,0.0,0.0,0.0,0.0,0.0,0.0,0.0,55602,global,0.6
3,5,trees500_depth3_split2_leaf3_featsqrt_cwnone_trmiss60_degmodglobal,64,1.0,0.0,500,3,2,3,sqrt,none,-1,trees500_depth3_split2_leaf3_featsqrt_cwnone_trmiss60_degmodglobal,1,0.4904811751538143,0.9893617021276596,0.9902269591619355,0.9444444444444444,0.0,0.6968758879481111,0.5178571428571429,0.5583954164484234,0.5111111111111111,0.0,0.0,0.0,0.0,0.0,0.0,0.0,0.0,0.0,0.0,55602,global,0.6
3,5,trees500_depth5_split2_leaf1_featsqrt_cwnone_trmiss60_degmodglobal,64,1.0,0.0,500,5,2,1,sqrt,none,-1,trees500_depth5_split2_leaf1_featsqrt_cwnone_trmiss60_degmodglobal,1,0.34084750622266097,1.0,0.9999999999999999,0.9888888888888889,0.0,0.7011144492489402,0.5218253968253969,0.5623492041883034,0.5111111111111111,0.0,0.0,0.0,0.0,0.0,0.0,0.0,0.0,0.0,0.0,55602,global,0.6
3,5,trees500_depth5_split2_leaf3_featsqrt_cwnone_trmiss60_degmodglobal,64,1.0,0.0,500,5,2,3,sqrt,none,-1,trees500_depth5_split2_leaf3_featsqrt_cwnone_trmiss60_degmodglobal,1,0.3782936773662709,0.9991340920336467,0.9992000637585613,0.9888888888888889,0.0,0.6907088554738053,0.5634920634920635,0.5982287963630354,0.5111111111111111,0.0,0.0,0.0,0.0,0.0,0.0,0.0,0.0,0.0,0.0,55602,global,0.6
3,5,trees500_depthnone_split2_leaf1_featsqrt_cwnone_trmiss60_degmodglobal,64,1.0,0.0,500,none,2,1,sqrt,none,-1,trees500_depthnone_split2_leaf1_featsqrt_cwnone_trmiss60_degmodglobal,1,0.2011640638803979,1.0,0.9999999999999999,1.0,0.0,0.6975024189426419,0.5525793650793651,0.5906145472670141,0.5555555555555556,0.0,0.0,0.0,0.0,0.0,0.0,0.0,0.0,0.0,0.0,55602,global,0.6
3,5,trees500_depthnone_split2_leaf3_featsqrt_cwnone_trmiss60_degmodglobal,64,1.0,0.0,500,none,2,3,sqrt,none,-1,trees500_depthnone_split2_leaf3_featsqrt_cwnone_trmiss60_degmodglobal,1,0.2812768402936833,1.0,1.0,1.0,0.0,0.709309915434473,0.5059523809523809,0.5632810873541563,0.5333333333333333,0.0,0.0,0.0,0.0,0.0,0.0,0.0,0.0,0.0,0.0,55602,global,0.6
4,1,trees200_depth3_split2_leaf1_featsqrt_cwnone_trmiss60_degmodglobal,64,1.0,0.0,200,3,2,1,sqrt,none,-1,trees200_depth3_split2_leaf1_featsqrt_cwnone_trmiss60_degmodglobal,1,0.478186763819461,0.9973993808049535,0.9977476881483422,0.9666666666666667,0.0,0.7368003940698532,0.44268774703557306,0.5137177622649948,0.4,0.0,0.0,0.0,0.0,0.0,0.0,0.0,0.0,0.0,0.0,55602,global,0.6
4,1,trees200_depth3_split2_leaf3_featsqrt_cwnone_trmiss60_degmodglobal,64,1.0,0.0,200,3,2,3,sqrt,none,-1,trees200_depth3_split2_leaf3_featsqrt_cwnone_trmiss60_degmodglobal,1,0.4906539499054214,0.9919504643962848,0.9932550156211141,0.95,0.0,0.7409366741143619,0.4624505928853755,0.5202680796633445,0.4666666666666667,0.0,0.0,0.0,0.0,0.0,0.0,0.0,0.0,0.0,0.0,55602,global,0.6
4,1,trees200_depth5_split2_leaf1_featsqrt_cwnone_trmiss60_degmodglobal,64,1.0,0.0,200,5,2,1,sqrt,none,-1,trees200_depth5_split2_leaf1_featsqrt_cwnone_trmiss60_degmodglobal,1,0.34052892833208276,1.0,1.0,1.0,0.0,0.7689884512294559,0.4347826086956522,0.500523127987065,0.5111111111111111,0.0,0.0,0.0,0.0,0.0,0.0,0.0,0.0,0.0,0.0,55602,global,0.6
4,1,trees200_depth5_split2_leaf3_featsqrt_cwnone_trmiss60_degmodglobal,64,1.0,0.0,200,5,2,3,sqrt,none,-1,trees200_depth5_split2_leaf3_featsqrt_cwnone_trmiss60_degmodglobal,1,0.3756949140537879,1.0,1.0,0.9944444444444445,0.0,0.7422262462942767,0.4901185770750988,0.5611783447162707,0.4888888888888889,0.0,0.0,0.0,0.0,0.0,0.0,0.0,0.0,0.0,0.0,55602,global,0.6
4,1,trees200_depthnone_split2_leaf1_featsqrt_cwnone_trmiss60_degmodglobal,64,1.0,0.0,200,none,2,1,sqrt,none,-1,trees200_depthnone_split2_leaf1_featsqrt_cwnone_trmiss60_degmodglobal,1,0.20179479643586082,1.0,1.0,1.0,0.0,0.7705808779426959,0.5197628458498023,0.5510526649453097,0.5111111111111111,0.0,0.0,0.0,0.0,0.0,0.0,0.0,0.0,0.0,0.0,55602,global,0.6
4,1,trees200_depthnone_split2_leaf3_featsqrt_cwnone_trmiss60_degmodglobal,64,1.0,0.0,200,none,2,3,sqrt,none,-1,trees200_depthnone_split2_leaf3_featsqrt_cwnone_trmiss60_degmodglobal,1,0.27443551186100196,1.0,1.0,1.0,0.0,0.7710952778723947,0.4762845849802372,0.543810960839963,0.4888888888888889,0.0,0.0,0.0,0.0,0.0,0.0,0.0,0.0,0.0,0.0,55602,global,0.6
4,1,trees500_depth3_split2_leaf1_featsqrt_cwnone_trmiss60_degmodglobal,64,1.0,0.0,500,3,2,1,sqrt,none,-1,trees500_depth3_split2_leaf1_featsqrt_cwnone_trmiss60_degmodglobal,1,0.4762025990227959,0.9967801857585139,0.9972056417646519,0.9611111111111111,0.0,0.7347912699823024,0.44664031620553357,0.5050158404558664,0.4666666666666667,0.0,0.0,0.0,0.0,0.0,0.0,0.0,0.0,0.0,0.0,55602,global,0.6
4,1,trees500_depth3_split2_leaf3_featsqrt_cwnone_trmiss60_degmodglobal,64,1.0,0.0,500,3,2,3,sqrt,none,-1,trees500_depth3_split2_leaf3_featsqrt_cwnone_trmiss60_degmodglobal,1,0.49069859646026465,0.991826625386997,0.9927380658411046,0.9388888888888889,0.0,0.7403935700796004,0.4328063241106719,0.5008850722187376,0.4444444444444444,0.0,0.0,0.0,0.0,0.0,0.0,0.0,0.0,0.0,0.0,55602,global,0.6
4,1,trees500_depth5_split2_leaf1_featsqrt_cwnone_trmiss60_degmodglobal,64,1.0,0.0,500,5,2,1,sqrt,none,-1,trees500_depth5_split2_leaf1_featsqrt_cwnone_trmiss60_degmodglobal,1,0.3442140360578742,1.0,1.0,0.9944444444444445,0.0,0.7479711199902045,0.4743083003952569,0.5326637812183754,0.4888888888888889,0.0,0.0,0.0,0.0,0.0,0.0,0.0,0.0,0.0,0.0,55602,global,0.6
4,1,trees500_depth5_split2_leaf3_featsqrt_cwnone_trmiss60_degmodglobal,64,1.0,0.0,500,5,2,3,sqrt,none,-1,trees500_depth5_split2_leaf3_featsqrt_cwnone_trmiss60_degmodglobal,1,0.3780374867215779,0.9997523219814242,0.9997795475530934,0.9888888888888889,0.0,0.7419373651625621,0.4644268774703557,0.5388621608962896,0.4222222222222222,0.0,0.0,0.0,0.0,0.0,0.0,0.0,0.0,0.0,0.0,55602,global,0.6
4,1,trees500_depthnone_split2_leaf1_featsqrt_cwnone_trmiss60_degmodglobal,64,1.0,0.0,500,none,2,1,sqrt,none,-1,trees500_depthnone_split2_leaf1_featsqrt_cwnone_trmiss60_degmodglobal,1,0.2022582981778095,1.0,1.0,1.0,0.0,0.7602446939327194,0.48418972332015814,0.5532243327645198,0.4666666666666667,0.0,0.0,0.0,0.0,0.0,0.0,0.0,0.0,0.0,0.0,55602,global,0.6
4,1,trees500_depthnone_split2_leaf3_featsqrt_cwnone_trmiss60_degmodglobal,64,1.0,0.0,500,none,2,3,sqrt,none,-1,trees500_depthnone_split2_leaf3_featsqrt_cwnone_trmiss60_degmodglobal,1,0.2789792215369566,1.0,1.0,1.0,0.0,0.7503722722146271,0.4841897233201581,0.5633040015684172,0.5111111111111111,0.0,0.0,0.0,0.0,0.0,0.0,0.0,0.0,0.0,0.0,55602,global,0.6
4,2,trees200_depth3_split2_leaf1_featsqrt_cwnone_trmiss60_degmodglobal,64,1.0,0.0,200,3,2,1,sqrt,none,-1,trees200_depth3_split2_leaf1_featsqrt_cwnone_trmiss60_degmodglobal,1,0.4784689032286631,0.9967801857585139,0.9972580195753988,0.9833333333333333,0.0,0.6843926965431256,0.5711462450592886,0.6057102752992132,0.5555555555555556,0.0,0.0,0.0,0.0,0.0,0.0,0.0,0.0,0.0,0.0,55602,global,0.6
4,2,trees200_depth3_split2_leaf3_featsqrt_cwnone_trmiss60_degmodglobal,64,1.0,0.0,200,3,2,3,sqrt,none,-1,trees200_depth3_split2_leaf3_featsqrt_cwnone_trmiss60_degmodglobal,1,0.4870599965680385,0.9962848297213622,0.9968140456097363,0.9722222222222222,0.0,0.6925582754018254,0.5711462450592886,0.6092154767235548,0.5777777777777777,0.0,0.0,0.0,0.0,0.0,0.0,0.0,0.0,0.0,0.0,55602,global,0.6
4,2,trees200_depth5_split2_leaf1_featsqrt_cwnone_trmiss60_degmodglobal,64,1.0,0.0,200,5,2,1,sqrt,none,-1,trees200_depth5_split2_leaf1_featsqrt_cwnone_trmiss60_degmodglobal,1,0.3467355232335855,1.0,1.0,0.9944444444444445,0.0,0.67346325239144,0.6363636363636364,0.6214810004733441,0.5555555555555556,0.0,0.0,0.0,0.0,0.0,0.0,0.0,0.0,0.0,0.0,55602,global,0.6
4,2,trees200_depth5_split2_leaf3_featsqrt_cwnone_trmiss60_degmodglobal,64,1.0,0.0,200,5,2,3,sqrt,none,-1,trees200_depth5_split2_leaf3_featsqrt_cwnone_trmiss60_degmodglobal,1,0.3776548958679942,1.0,1.0,0.9944444444444445,0.0,0.6796287977881472,0.5988142292490118,0.6082818143978946,0.5777777777777777,0.0,0.0,0.0,0.0,0.0,0.0,0.0,0.0,0.0,0.0,55602,global,0.6
4,2,trees200_depthnone_split2_leaf1_featsqrt_cwnone_trmiss60_degmodglobal,64,1.0,0.0,200,none,2,1,sqrt,none,-1,trees200_depthnone_split2_leaf1_featsqrt_cwnone_trmiss60_degmodglobal,1,0.2016075562706554,1.0,1.0,1.0,0.0,0.6812214605592487,0.6116600790513833,0.6208783035373558,0.6444444444444445,0.0,0.0,0.0,0.0,0.0,0.0,0.0,0.0,0.0,0.0,55602,global,0.6
4,2,trees200_depthnone_split2_leaf3_featsqrt_cwnone_trmiss60_degmodglobal,64,1.0,0.0,200,none,2,3,sqrt,none,-1,trees200_depthnone_split2_leaf3_featsqrt_cwnone_trmiss60_degmodglobal,1,0.2794150462616683,1.0,1.0,1.0,0.0,0.6754153092651203,0.6284584980237155,0.6263286300587266,0.6444444444444445,0.0,0.0,0.0,0.0,0.0,0.0,0.0,0.0,0.0,0.0,55602,global,0.6
4,2,trees500_depth3_split2_leaf1_featsqrt_cwnone_trmiss60_degmodglobal,64,1.0,0.0,500,3,2,1,sqrt,none,-1,trees500_depth3_split2_leaf1_featsqrt_cwnone_trmiss60_degmodglobal,1,0.4776013491120548,0.998390092879257,0.9986662134058552,0.9833333333333333,0.0,0.6770280618638546,0.6106719367588933,0.6199912548781844,0.6,0.0,0.0,0.0,0.0,0.0,0.0,0.0,0.0,0.0,0.0,55602,global,0.6
4,2,trees500_depth3_split2_leaf3_featsqrt_cwnone_trmiss60_degmodglobal,64,1.0,0.0,500,3,2,3,sqrt,none,-1,trees500_depth3_split2_leaf3_featsqrt_cwnone_trmiss60_degmodglobal,1,0.49358631893195304,0.9969040247678018,0.9974498542431081,0.9777777777777777,0.0,0.6756810279577518,0.6067193675889329,0.6392132732385104,0.6,0.0,0.0,0.0,0.0,0.0,0.0,0.0,0.0,0.0,0.0,55602,global,0.6
4,2,trees500_depth5_split2_leaf1_featsqrt_cwnone_trmiss60_degmodglobal,64,1.0,0.0,500,5,2,1,sqrt,none,-1,trees500_depth5_split2_leaf1_featsqrt_cwnone_trmiss60_degmodglobal,1,0.3411160453360935,1.0,1.0,1.0,0.0,0.682893545465591,0.598814229249012,0.6221334809911906,0.6222222222222222,0.0,0.0,0.0,0.0,0.0,0.0,0.0,0.0,0.0,0.0,55602,global,0.6
4,2,trees500_depth5_split2_leaf3_featsqrt_cwnone_trmiss60_degmodglobal,64,1.0,0.0,500,5,2,3,sqrt,none,-1,trees500_depth5_split2_leaf3_featsqrt_cwnone_trmiss60_degmodglobal,1,0.3760808943510352,0.9998761609907121,0.9998903508771931,0.9944444444444445,0.0,0.667864780578805,0.6324110671936758,0.6509929568332345,0.6666666666666666,0.0,0.0,0.0,0.0,0.0,0.0,0.0,0.0,0.0,0.0,55602,global,0.6
4,2,trees500_depthnone_split2_leaf1_featsqrt_cwnone_trmiss60_degmodglobal,64,1.0,0.0,500,none,2,1,sqrt,none,-1,trees500_depthnone_split2_leaf1_featsqrt_cwnone_trmiss60_degmodglobal,1,0.20119271259840898,1.0,1.0,1.0,0.0,0.6721910789453751,0.6264822134387351,0.6537809876388571,0.6222222222222222,0.0,0.0,0.0,0.0,0.0,0.0,0.0,0.0,0.0,0.0,55602,global,0.6
4,2,trees500_depthnone_split2_leaf3_featsqrt_cwnone_trmiss60_degmodglobal,64,1.0,0.0,500,none,2,3,sqrt,none,-1,trees500_depthnone_split2_leaf3_featsqrt_cwnone_trmiss60_degmodglobal,1,0.28346355753455976,1.0,1.0,1.0,0.0,0.6797458128661985,0.6067193675889327,0.6301194481882869,0.6444444444444445,0.0,0.0,0.0,0.0,0.0,0.0,0.0,0.0,0.0,0.0,55602,global,0.6
4,3,trees200_depth3_split2_leaf1_featsqrt_cwnone_trmiss60_degmodglobal,64,1.0,0.0,200,3,2,1,sqrt,none,-1,trees200_depth3_split2_leaf1_featsqrt_cwnone_trmiss60_degmodglobal,1,0.4774995723976197,0.9982681840672933,0.9984862485433247,0.9833333333333333,0.0,0.7124710579286663,0.44841269841269843,0.539068970977413,0.4444444444444444,0.0,0.0,0.0,0.0,0.0,0.0,0.0,0.0,0.0,0.0,55602,global,0.6
4,3,trees200_depth3_split2_leaf3_featsqrt_cwnone_trmiss60_degmodglobal,64,1.0,0.0,200,3,2,3,sqrt,none,-1,trees200_depth3_split2_leaf3_featsqrt_cwnone_trmiss60_degmodglobal,1,0.4998941409000215,0.9983918852053439,0.9985730135846088,0.9777777777777777,0.0,0.6956695822936343,0.5297619047619048,0.5971258477497525,0.5111111111111111,0.0,0.0,0.0,0.0,0.0,0.0,0.0,0.0,0.0,0.0,55602,global,0.6
4,3,trees200_depth5_split2_leaf1_featsqrt_cwnone_trmiss60_degmodglobal,64,1.0,0.0,200,5,2,1,sqrt,none,-1,trees200_depth5_split2_leaf1_featsqrt_cwnone_trmiss60_degmodglobal,1,0.3500373687246411,1.0,0.9999999999999999,1.0,0.0,0.6863036363977016,0.5873015873015873,0.6303415073902446,0.5333333333333333,0.0,0.0,0.0,0.0,0.0,0.0,0.0,0.0,0.0,0.0,55602,global,0.6
4,3,trees200_depth5_split2_leaf3_featsqrt_cwnone_trmiss60_degmodglobal,64,1.0,0.0,200,5,2,3,sqrt,none,-1,trees200_depth5_split2_leaf3_featsqrt_cwnone_trmiss60_degmodglobal,1,0.3796411220352741,1.0,0.9999999999999999,1.0,0.0,0.7248236697736041,0.4384920634920635,0.5466540869782976,0.4888888888888889,0.0,0.0,0.0,0.0,0.0,0.0,0.0,0.0,0.0,0.0,55602,global,0.6
4,3,trees200_depthnone_split2_leaf1_featsqrt_cwnone_trmiss60_degmodglobal,64,1.0,0.0,200,none,2,1,sqrt,none,-1,trees200_depthnone_split2_leaf1_featsqrt_cwnone_trmiss60_degmodglobal,1,0.20314562368356684,1.0,1.0,1.0,0.0,0.7345162243295873,0.48313492063492064,0.5484189370209274,0.5555555555555556,0.0,0.0,0.0,0.0,0.0,0.0,0.0,0.0,0.0,0.0,55602,global,0.6
4,3,trees200_depthnone_split2_leaf3_featsqrt_cwnone_trmiss60_degmodglobal,64,1.0,0.0,200,none,2,3,sqrt,none,-1,trees200_depthnone_split2_leaf3_featsqrt_cwnone_trmiss60_degmodglobal,1,0.2832333841920263,1.0,0.9999999999999999,1.0,0.0,0.728002143096194,0.4900793650793651,0.5803573124886626,0.4888888888888889,0.0,0.0,0.0,0.0,0.0,0.0,0.0,0.0,0.0,0.0,55602,global,0.6
4,3,trees500_depth3_split2_leaf1_featsqrt_cwnone_trmiss60_degmodglobal,64,1.0,0.0,500,3,2,1,sqrt,none,-1,trees500_depth3_split2_leaf1_featsqrt_cwnone_trmiss60_degmodglobal,1,0.48429629470964686,0.997649678377041,0.9979499987700065,0.9722222222222222,0.0,0.711081942240696,0.4761904761904762,0.5237616878581176,0.4888888888888889,0.0,0.0,0.0,0.0,0.0,0.0,0.0,0.0,0.0,0.0,55602,global,0.6
4,3,trees500_depth3_split2_leaf3_featsqrt_cwnone_trmiss60_degmodglobal,64,1.0,0.0,500,3,2,3,sqrt,none,-1,trees500_depth3_split2_leaf3_featsqrt_cwnone_trmiss60_degmodglobal,1,0.4967874909939517,0.9977733795150916,0.9980287511862458,0.9555555555555556,0.0,0.7111243910575005,0.4642857142857143,0.520555284305607,0.5111111111111111,0.0,0.0,0.0,0.0,0.0,0.0,0.0,0.0,0.0,0.0,55602,global,0.6
4,3,trees500_depth5_split2_leaf1_featsqrt_cwnone_trmiss60_degmodglobal,64,1.0,0.0,500,5,2,1,sqrt,none,-1,trees500_depth5_split2_leaf1_featsqrt_cwnone_trmiss60_degmodglobal,1,0.3469622938043224,1.0,0.9999999999999999,1.0,0.0,0.7148124627333828,0.48412698412698413,0.5542576715584354,0.4666666666666667,0.0,0.0,0.0,0.0,0.0,0.0,0.0,0.0,0.0,0.0,55602,global,0.6
4,3,trees500_depth5_split2_leaf3_featsqrt_cwnone_trmiss60_degmodglobal,64,1.0,0.0,500,5,2,3,sqrt,none,-1,trees500_depth5_split2_leaf3_featsqrt_cwnone_trmiss60_degmodglobal,1,0.38605159906723185,1.0,0.9999999999999999,1.0,0.0,0.7096245103970564,0.4900793650793651,0.5614812011918084,0.4888888888888889,0.0,0.0,0.0,0.0,0.0,0.0,0.0,0.0,0.0,0.0,55602,global,0.6
4,3,trees500_depthnone_split2_leaf1_featsqrt_cwnone_trmiss60_degmodglobal,64,1.0,0.0,500,none,2,1,sqrt,none,-1,trees500_depthnone_split2_leaf1_featsqrt_cwnone_trmiss60_degmodglobal,1,0.20282023478719743,1.0,0.9999999999999998,1.0,0.0,0.7272759416330598,0.4920634920634921,0.5507094766994747,0.4666666666666667,0.0,0.0,0.0,0.0,0.0,0.0,0.0,0.0,0.0,0.0,55602,global,0.6
4,3,trees500_depthnone_split2_leaf3_featsqrt_cwnone_trmiss60_degmodglobal,64,1.0,0.0,500,none,2,3,sqrt,none,-1,trees500_depthnone_split2_leaf3_featsqrt_cwnone_trmiss60_degmodglobal,1,0.28050560829237453,1.0,0.9999999999999999,1.0,0.0,0.7167520615422908,0.501984126984127,0.5657098602511006,0.5555555555555556,0.0,0.0,0.0,0.0,0.0,0.0,0.0,0.0,0.0,0.0,55602,global,0.6
4,4,trees200_depth3_split2_leaf1_featsqrt_cwnone_trmiss60_degmodglobal,64,1.0,0.0,200,3,2,1,sqrt,none,-1,trees200_depth3_split2_leaf1_featsqrt_cwnone_trmiss60_degmodglobal,1,0.47747591503051373,0.9959178624443344,0.9966968108112747,0.9555555555555556,0.0,0.6906166981976141,0.5773809523809523,0.6456527289971271,0.5111111111111111,0.0,0.0,0.0,0.0,0.0,0.0,0.0,0.0,0.0,0.0,55602,global,0.6
4,4,trees200_depth3_split2_leaf3_featsqrt_cwnone_trmiss60_degmodglobal,64,1.0,0.0,200,3,2,3,sqrt,none,-1,trees200_depth3_split2_leaf3_featsqrt_cwnone_trmiss60_degmodglobal,1,0.4931431580213281,0.9957941613062842,0.9962731440316827,0.9444444444444444,0.0,0.7059549843038231,0.5496031746031746,0.6422885103953305,0.4888888888888889,0.0,0.0,0.0,0.0,0.0,0.0,0.0,0.0,0.0,0.0,55602,global,0.6
4,4,trees200_depth5_split2_leaf1_featsqrt_cwnone_trmiss60_degmodglobal,64,1.0,0.0,200,5,2,1,sqrt,none,-1,trees200_depth5_split2_leaf1_featsqrt_cwnone_trmiss60_degmodglobal,1,0.3502906175203907,1.0,0.9999999999999999,0.9944444444444445,0.0,0.7082878076245044,0.5535714285714285,0.6710571367065264,0.5111111111111111,0.0,0.0,0.0,0.0,0.0,0.0,0.0,0.0,0.0,0.0,55602,global,0.6
4,4,trees200_depth5_split2_leaf3_featsqrt_cwnone_trmiss60_degmodglobal,64,1.0,0.0,200,5,2,3,sqrt,none,-1,trees200_depth5_split2_leaf3_featsqrt_cwnone_trmiss60_degmodglobal,1,0.3741762366891044,0.999752597723899,0.9997783687943261,0.9833333333333333,0.0,0.6860620327209793,0.5912698412698412,0.6786157256244437,0.6,0.0,0.0,0.0,0.0,0.0,0.0,0.0,0.0,0.0,0.0,55602,global,0.6
4,4,trees200_depthnone_split2_leaf1_featsqrt_cwnone_trmiss60_degmodglobal,64,1.0,0.0,200,none,2,1,sqrt,none,-1,trees200_depthnone_split2_leaf1_featsqrt_cwnone_trmiss60_degmodglobal,1,0.19728425568930485,1.0,0.9999999999999999,1.0,0.0,0.6758442337389151,0.6101190476190476,0.6995239011723349,0.6,0.0,0.0,0.0,0.0,0.0,0.0,0.0,0.0,0.0,0.0,55602,global,0.6
4,4,trees200_depthnone_split2_leaf3_featsqrt_cwnone_trmiss60_degmodglobal,64,1.0,0.0,200,none,2,3,sqrt,none,-1,trees200_depthnone_split2_leaf3_featsqrt_cwnone_trmiss60_degmodglobal,1,0.2769436029283911,1.0,0.9999999999999999,1.0,0.0,0.7047467560930316,0.5595238095238095,0.6403279025457458,0.5333333333333333,0.0,0.0,0.0,0.0,0.0,0.0,0.0,0.0,0.0,0.0,55602,global,0.6
4,4,trees500_depth3_split2_leaf1_featsqrt_cwnone_trmiss60_degmodglobal,64,1.0,0.0,500,3,2,1,sqrt,none,-1,trees500_depth3_split2_leaf1_featsqrt_cwnone_trmiss60_degmodglobal,1,0.47753991924733064,0.9969074715487383,0.9975156346118641,0.9666666666666667,0.0,0.7037661695412086,0.5555555555555556,0.654063245209791,0.4666666666666667,0.0,0.0,0.0,0.0,0.0,0.0,0.0,0.0,0.0,0.0,55602,global,0.6
4,4,trees500_depth3_split2_leaf3_featsqrt_cwnone_trmiss60_degmodglobal,64,1.0,0.0,500,3,2,3,sqrt,none,-1,trees500_depth3_split2_leaf3_featsqrt_cwnone_trmiss60_degmodglobal,1,0.4905526000214621,0.9943097476496784,0.9950924998824252,0.9555555555555556,0.0,0.6977540120361965,0.5753968253968255,0.6896304394030708,0.4666666666666667,0.0,0.0,0.0,0.0,0.0,0.0,0.0,0.0,0.0,0.0,55602,global,0.6
4,4,trees500_depth5_split2_leaf1_featsqrt_cwnone_trmiss60_degmodglobal,64,1.0,0.0,500,5,2,1,sqrt,none,-1,trees500_depth5_split2_leaf1_featsqrt_cwnone_trmiss60_degmodglobal,1,0.33826067448523334,1.0,0.9999999999999999,0.9944444444444445,0.0,0.6815505412103527,0.6408730158730159,0.7220817637424142,0.5333333333333333,0.0,0.0,0.0,0.0,0.0,0.0,0.0,0.0,0.0,0.0,55602,global,0.6
4,4,trees500_depth5_split2_leaf3_featsqrt_cwnone_trmiss60_degmodglobal,64,1.0,0.0,500,5,2,3,sqrt,none,-1,trees500_depth5_split2_leaf3_featsqrt_cwnone_trmiss60_degmodglobal,1,0.373478182763922,0.9998762988619495,0.9998880179171331,0.9888888888888889,0.0,0.6881947621334935,0.5932539682539683,0.6834255456892759,0.5555555555555556,0.0,0.0,0.0,0.0,0.0,0.0,0.0,0.0,0.0,0.0,55602,global,0.6
4,4,trees500_depthnone_split2_leaf1_featsqrt_cwnone_trmiss60_degmodglobal,64,1.0,0.0,500,none,2,1,sqrt,none,-1,trees500_depthnone_split2_leaf1_featsqrt_cwnone_trmiss60_degmodglobal,1,0.19689118980062262,1.0,1.0,1.0,0.0,0.6844157389570463,0.5853174603174603,0.6593873170266201,0.5555555555555556,0.0,0.0,0.0,0.0,0.0,0.0,0.0,0.0,0.0,0.0,55602,global,0.6
4,4,trees500_depthnone_split2_leaf3_featsqrt_cwnone_trmiss60_degmodglobal,64,1.0,0.0,500,none,2,3,sqrt,none,-1,trees500_depthnone_split2_leaf3_featsqrt_cwnone_trmiss60_degmodglobal,1,0.27667951865896967,1.0,0.9999999999999999,1.0,0.0,0.6741545345628622,0.6567460317460316,0.7720969352697451,0.5555555555555556,0.0,0.0,0.0,0.0,0.0,0.0,0.0,0.0,0.0,0.0,55602,global,0.6
4,5,trees200_depth3_split2_leaf1_featsqrt_cwnone_trmiss60_degmodglobal,64,1.0,0.0,200,3,2,1,sqrt,none,-1,trees200_depth3_split2_leaf1_featsqrt_cwnone_trmiss60_degmodglobal,1,0.484023945630622,0.9973404255319149,0.997618063009884,0.9666666666666667,0.0,0.6866393870083759,0.5337301587301587,0.6181942371441658,0.4888888888888889,0.0,0.0,0.0,0.0,0.0,0.0,0.0,0.0,0.0,0.0,55602,global,0.6
4,5,trees200_depth3_split2_leaf3_featsqrt_cwnone_trmiss60_degmodglobal,64,1.0,0.0,200,3,2,3,sqrt,none,-1,trees200_depth3_split2_leaf3_featsqrt_cwnone_trmiss60_degmodglobal,1,0.5045780182893228,0.9947427016328549,0.9955344547167665,0.9666666666666667,0.0,0.6828862260799727,0.5535714285714286,0.6381421429506529,0.5555555555555556,0.0,0.0,0.0,0.0,0.0,0.0,0.0,0.0,0.0,0.0,55602,global,0.6
4,5,trees200_depth5_split2_leaf1_featsqrt_cwnone_trmiss60_degmodglobal,64,1.0,0.0,200,5,2,1,sqrt,none,-1,trees200_depth5_split2_leaf1_featsqrt_cwnone_trmiss60_degmodglobal,1,0.35100980689816697,1.0,0.9999999999999999,0.9944444444444445,0.0,0.7172854794769477,0.4642857142857143,0.5380994430905963,0.4666666666666667,0.0,0.0,0.0,0.0,0.0,0.0,0.0,0.0,0.0,0.0,55602,global,0.6
4,5,trees200_depth5_split2_leaf3_featsqrt_cwnone_trmiss60_degmodglobal,64,1.0,0.0,200,5,2,3,sqrt,none,-1,trees200_depth5_split2_leaf3_featsqrt_cwnone_trmiss60_degmodglobal,1,0.3902366687865512,0.9996907471548738,0.9996709804781749,0.9944444444444445,0.0,0.6896390712808701,0.5238095238095238,0.5864913556869444,0.4666666666666667,0.0,0.0,0.0,0.0,0.0,0.0,0.0,0.0,0.0,0.0,55602,global,0.6
4,5,trees200_depthnone_split2_leaf1_featsqrt_cwnone_trmiss60_degmodglobal,64,1.0,0.0,200,none,2,1,sqrt,none,-1,trees200_depthnone_split2_leaf1_featsqrt_cwnone_trmiss60_degmodglobal,1,0.20313520345307837,1.0,1.0,1.0,0.0,0.723601518518522,0.4533730158730159,0.5077385885194026,0.4444444444444444,0.0,0.0,0.0,0.0,0.0,0.0,0.0,0.0,0.0,0.0,55602,global,0.6
4,5,trees200_depthnone_split2_leaf3_featsqrt_cwnone_trmiss60_degmodglobal,64,1.0,0.0,200,none,2,3,sqrt,none,-1,trees200_depthnone_split2_leaf3_featsqrt_cwnone_trmiss60_degmodglobal,1,0.288406465978699,0.9999381494309747,0.9998880179171331,0.9944444444444445,0.0,0.689676542726257,0.5436507936507937,0.6482289367906778,0.5111111111111111,0.0,0.0,0.0,0.0,0.0,0.0,0.0,0.0,0.0,0.0,55602,global,0.6
4,5,trees500_depth3_split2_leaf1_featsqrt_cwnone_trmiss60_degmodglobal,64,1.0,0.0,500,3,2,1,sqrt,none,-1,trees500_depth3_split2_leaf1_featsqrt_cwnone_trmiss60_degmodglobal,1,0.48464741556369895,0.997897080653142,0.9981328287900885,0.9611111111111111,0.0,0.6893031559936094,0.511904761904762,0.5881249680989582,0.4666666666666667,0.0,0.0,0.0,0.0,0.0,0.0,0.0,0.0,0.0,0.0,55602,global,0.6
4,5,trees500_depth3_split2_leaf3_featsqrt_cwnone_trmiss60_degmodglobal,64,1.0,0.0,500,3,2,3,sqrt,none,-1,trees500_depth3_split2_leaf3_featsqrt_cwnone_trmiss60_degmodglobal,1,0.5022259662784697,0.9973404255319148,0.997731262742858,0.9777777777777777,0.0,0.700388545189346,0.44642857142857145,0.5668869384603582,0.4666666666666667,0.0,0.0,0.0,0.0,0.0,0.0,0.0,0.0,0.0,0.0,55602,global,0.6
4,5,trees500_depth5_split2_leaf1_featsqrt_cwnone_trmiss60_degmodglobal,64,1.0,0.0,500,5,2,1,sqrt,none,-1,trees500_depth5_split2_leaf1_featsqrt_cwnone_trmiss60_degmodglobal,1,0.3508637560944487,0.9998762988619495,0.9998880179171331,0.9944444444444445,0.0,0.7093083047529405,0.45238095238095244,0.5302985544621457,0.4666666666666667,0.0,0.0,0.0,0.0,0.0,0.0,0.0,0.0,0.0,0.0,55602,global,0.6
4,5,trees500_depth5_split2_leaf3_featsqrt_cwnone_trmiss60_degmodglobal,64,1.0,0.0,500,5,2,3,sqrt,none,-1,trees500_depth5_split2_leaf3_featsqrt_cwnone_trmiss60_degmodglobal,1,0.3889485345574122,0.9996907471548738,0.9996709804781749,0.9888888888888889,0.0,0.6940948719766081,0.5238095238095237,0.6024238919317074,0.4888888888888889,0.0,0.0,0.0,0.0,0.0,0.0,0.0,0.0,0.0,0.0,55602,global,0.6
4,5,trees500_depthnone_split2_leaf1_featsqrt_cwnone_trmiss60_degmodglobal,64,1.0,0.0,500,none,2,1,sqrt,none,-1,trees500_depthnone_split2_leaf1_featsqrt_cwnone_trmiss60_degmodglobal,1,0.2061730897569753,1.0,0.9999999999999999,1.0,0.0,0.7024537400222697,0.5089285714285715,0.5880148225505617,0.5333333333333333,0.0,0.0,0.0,0.0,0.0,0.0,0.0,0.0,0.0,0.0,55602,global,0.6
4,5,trees500_depthnone_split2_leaf3_featsqrt_cwnone_trmiss60_degmodglobal,64,1.0,0.0,500,none,2,3,sqrt,none,-1,trees500_depthnone_split2_leaf3_featsqrt_cwnone_trmiss60_degmodglobal,1,0.28813218537892077,0.9998762988619495,0.9998880179171331,0.9944444444444445,0.0,0.707312541088677,0.4702380952380953,0.52519254089743,0.4444444444444444,0.0,0.0,0.0,0.0,0.0,0.0,0.0,0.0,0.0,0.0,55602,global,0.6
5,1,trees200_depth3_split2_leaf1_featsqrt_cwnone_trmiss60_degmodglobal,64,1.0,0.0,200,3,2,1,sqrt,none,-1,trees200_depth3_split2_leaf1_featsqrt_cwnone_trmiss60_degmodglobal,1,0.4767441160974608,0.998144482929243,0.9982797178238453,0.9777777777777777,0.0,0.6850260619920822,0.5563241106719368,0.6138689386441598,0.5555555555555556,0.0,0.0,0.0,0.0,0.0,0.0,0.0,0.0,0.0,0.0,55602,global,0.6
5,1,trees200_depth3_split2_leaf3_featsqrt_cwnone_trmiss60_degmodglobal,64,1.0,0.0,200,3,2,3,sqrt,none,-1,trees200_depth3_split2_leaf3_featsqrt_cwnone_trmiss60_degmodglobal,1,0.4839323985167926,0.9941860465116279,0.9946359179752469,0.95,0.0,0.6874351692336678,0.5602766798418972,0.5799656499714326,0.5555555555555556,0.0,0.0,0.0,0.0,0.0,0.0,0.0,0.0,0.0,0.0,55602,global,0.6
5,1,trees200_depth5_split2_leaf1_featsqrt_cwnone_trmiss60_degmodglobal,64,1.0,0.0,200,5,2,1,sqrt,none,-1,trees200_depth5_split2_leaf1_featsqrt_cwnone_trmiss60_degmodglobal,1,0.34134758822715566,1.0,0.9999999999999999,1.0,0.0,0.6612773212926265,0.6650197628458498,0.7201845883184859,0.6222222222222222,0.0,0.0,0.0,0.0,0.0,0.0,0.0,0.0,0.0,0.0,55602,global,0.6
5,1,trees200_depth5_split2_leaf3_featsqrt_cwnone_trmiss60_degmodglobal,64,1.0,0.0,200,5,2,3,sqrt,none,-1,trees200_depth5_split2_leaf3_featsqrt_cwnone_trmiss60_degmodglobal,1,0.37589351317429526,1.0,0.9999999999999999,0.9944444444444445,0.0,0.6853308491348872,0.558300395256917,0.5983838929466972,0.5333333333333333,0.0,0.0,0.0,0.0,0.0,0.0,0.0,0.0,0.0,0.0,55602,global,0.6
5,1,trees200_depthnone_split2_leaf1_featsqrt_cwnone_trmiss60_degmodglobal,64,1.0,0.0,200,none,2,1,sqrt,none,-1,trees200_depthnone_split2_leaf1_featsqrt_cwnone_trmiss60_degmodglobal,1,0.19809067391523394,1.0,0.9999999999999998,1.0,0.0,0.6402613943663779,0.7065217391304348,0.7060375795026212,0.6888888888888889,0.0,0.0,0.0,0.0,0.0,0.0,0.0,0.0,0.0,0.0,55602,global,0.6
5,1,trees200_depthnone_split2_leaf3_featsqrt_cwnone_trmiss60_degmodglobal,64,1.0,0.0,200,none,2,3,sqrt,none,-1,trees200_depthnone_split2_leaf3_featsqrt_cwnone_trmiss60_degmodglobal,1,0.2724087377427907,1.0,0.9999999999999999,1.0,0.0,0.676715638345153,0.5899209486166008,0.6258322862709983,0.5777777777777777,0.0,0.0,0.0,0.0,0.0,0.0,0.0,0.0,0.0,0.0,55602,global,0.6
5,1,trees500_depth3_split2_leaf1_featsqrt_cwnone_trmiss60_degmodglobal,64,1.0,0.0,500,3,2,1,sqrt,none,-1,trees500_depth3_split2_leaf1_featsqrt_cwnone_trmiss60_degmodglobal,1,0.4743492940935285,0.9983918852053438,0.9985107015443139,0.9722222222222222,0.0,0.6735056768693412,0.6096837944664032,0.6558851084581138,0.6444444444444445,0.0,0.0,0.0,0.0,0.0,0.0,0.0,0.0,0.0,0.0,55602,global,0.6
5,1,trees500_depth3_split2_leaf3_featsqrt_cwnone_trmiss60_degmodglobal,64,1.0,0.0,500,3,2,3,sqrt,none,-1,trees500_depth3_split2_leaf3_featsqrt_cwnone_trmiss60_degmodglobal,1,0.48687816289447833,0.9956704601682336,0.9959739706429366,0.9666666666666667,0.0,0.6906237602018668,0.5494071146245059,0.5933970407183494,0.5333333333333333,0.0,0.0,0.0,0.0,0.0,0.0,0.0,0.0,0.0,0.0,55602,global,0.6
5,1,trees500_depth5_split2_leaf1_featsqrt_cwnone_trmiss60_degmodglobal,64,1.0,0.0,500,5,2,1,sqrt,none,-1,trees500_depth5_split2_leaf1_featsqrt_cwnone_trmiss60_degmodglobal,1,0.3323623182276508,1.0,0.9999999999999999,1.0,0.0,0.6788908506538602,0.6017786561264823,0.6229208279377945,0.6,0.0,0.0,0.0,0.0,0.0,0.0,0.0,0.0,0.0,0.0,55602,global,0.6
5,1,trees500_depth5_split2_leaf3_featsqrt_cwnone_trmiss60_degmodglobal,64,1.0,0.0,500,5,2,3,sqrt,none,-1,trees500_depth5_split2_leaf3_featsqrt_cwnone_trmiss60_degmodglobal,1,0.36840356512439726,1.0,0.9999999999999999,0.9944444444444445,0.0,0.6788453189608491,0.6096837944664032,0.6454768350167226,0.5777777777777777,0.0,0.0,0.0,0.0,0.0,0.0,0.0,0.0,0.0,0.0,55602,global,0.6
5,1,trees500_depthnone_split2_leaf1_featsqrt_cwnone_trmiss60_degmodglobal,64,1.0,0.0,500,none,2,1,sqrt,none,-1,trees500_depthnone_split2_leaf1_featsqrt_cwnone_trmiss60_degmodglobal,1,0.19656171971501735,1.0,0.9999999999999998,1.0,0.0,0.6669097349335289,0.6175889328063241,0.6560296279833107,0.5555555555555556,0.0,0.0,0.0,0.0,0.0,0.0,0.0,0.0,0.0,0.0,55602,global,0.6
5,1,trees500_depthnone_split2_leaf3_featsqrt_cwnone_trmiss60_degmodglobal,64,1.0,0.0,500,none,2,3,sqrt,none,-1,trees500_depthnone_split2_leaf3_featsqrt_cwnone_trmiss60_degmodglobal,1,0.27407302837221703,1.0,0.9999999999999999,1.0,0.0,0.6652557898753501,0.6195652173913044,0.6487769735250348,0.5777777777777777,0.0,0.0,0.0,0.0,0.0,0.0,0.0,0.0,0.0,0.0,55602,global,0.6
5,2,trees200_depth3_split2_leaf1_featsqrt_cwnone_trmiss60_degmodglobal,64,1.0,0.0,200,3,2,1,sqrt,none,-1,trees200_depth3_split2_leaf1_featsqrt_cwnone_trmiss60_degmodglobal,1,0.47208342122789415,0.9970311726867886,0.9972214224482971,0.9611111111111111,0.0,0.6643432043771548,0.6462450592885375,0.667865611244904,0.5777777777777777,0.0,0.0,0.0,0.0,0.0,0.0,0.0,0.0,0.0,0.0,55602,global,0.6
5,2,trees200_depth3_split2_leaf3_featsqrt_cwnone_trmiss60_degmodglobal,64,1.0,0.0,200,3,2,3,sqrt,none,-1,trees200_depth3_split2_leaf3_featsqrt_cwnone_trmiss60_degmodglobal,1,0.4937837990125328,0.9950519544779812,0.9957859030014543,0.9611111111111111,0.0,0.6627022368287657,0.6719367588932805,0.6995087524974806,0.6,0.0,0.0,0.0,0.0,0.0,0.0,0.0,0.0,0.0,0.0,55602,global,0.6
5,2,trees200_depth5_split2_leaf1_featsqrt_cwnone_trmiss60_degmodglobal,64,1.0,0.0,200,5,2,1,sqrt,none,-1,trees200_depth5_split2_leaf1_featsqrt_cwnone_trmiss60_degmodglobal,1,0.33794383518953114,0.9993814943097477,0.9994400143288901,0.9833333333333333,0.0,0.6400557125585555,0.7035573122529644,0.6647115383364519,0.6888888888888889,0.0,0.0,0.0,0.0,0.0,0.0,0.0,0.0,0.0,0.0,55602,global,0.6
5,2,trees200_depth5_split2_leaf3_featsqrt_cwnone_trmiss60_degmodglobal,64,1.0,0.0,200,5,2,3,sqrt,none,-1,trees200_depth5_split2_leaf3_featsqrt_cwnone_trmiss60_degmodglobal,1,0.37737884105043756,0.999752597723899,0.9997748445355125,0.9722222222222222,0.0,0.6573425512008101,0.6561264822134387,0.6894330370646495,0.6222222222222222,0.0,0.0,0.0,0.0,0.0,0.0,0.0,0.0,0.0,0.0,55602,global,0.6
5,2,trees200_depthnone_split2_leaf1_featsqrt_cwnone_trmiss60_degmodglobal,64,1.0,0.0,200,none,2,1,sqrt,none,-1,trees200_depthnone_split2_leaf1_featsqrt_cwnone_trmiss60_degmodglobal,1,0.1979408430810738,0.9999999999999999,0.9999999999999998,1.0,0.0,0.6318775232460097,0.7243083003952568,0.7100762714216049,0.6222222222222222,0.0,0.0,0.0,0.0,0.0,0.0,0.0,0.0,0.0,0.0,55602,global,0.6
5,2,trees200_depthnone_split2_leaf3_featsqrt_cwnone_trmiss60_degmodglobal,64,1.0,0.0,200,none,2,3,sqrt,none,-1,trees200_depthnone_split2_leaf3_featsqrt_cwnone_trmiss60_degmodglobal,1,0.2766681501948804,1.0,0.9999999999999999,0.9944444444444445,0.0,0.6335412926416946,0.6976284584980237,0.6903030356479608,0.6888888888888889,0.0,0.0,0.0,0.0,0.0,0.0,0.0,0.0,0.0,0.0,55602,global,0.6
5,2,trees500_depth3_split2_leaf1_featsqrt_cwnone_trmiss60_degmodglobal,64,1.0,0.0,500,3,2,1,sqrt,none,-1,trees500_depth3_split2_leaf1_featsqrt_cwnone_trmiss60_degmodglobal,1,0.4792227371016392,0.9969074715487383,0.9972507836276931,0.9666666666666667,0.0,0.6584165683544476,0.6778656126482213,0.7149040652330125,0.6222222222222222,0.0,0.0,0.0,0.0,0.0,0.0,0.0,0.0,0.0,0.0,55602,global,0.6
5,2,trees500_depth3_split2_leaf3_featsqrt_cwnone_trmiss60_degmodglobal,64,1.0,0.0,500,3,2,3,sqrt,none,-1,trees500_depth3_split2_leaf3_featsqrt_cwnone_trmiss60_degmodglobal,1,0.4929626014803136,0.9957941613062841,0.9962815953738701,0.9666666666666667,0.0,0.671314910456987,0.6304347826086957,0.6702281130051158,0.5777777777777777,0.0,0.0,0.0,0.0,0.0,0.0,0.0,0.0,0.0,0.0,55602,global,0.6
5,2,trees500_depth5_split2_leaf1_featsqrt_cwnone_trmiss60_degmodglobal,64,1.0,0.0,500,5,2,1,sqrt,none,-1,trees500_depth5_split2_leaf1_featsqrt_cwnone_trmiss60_degmodglobal,1,0.3386839846000443,1.0,0.9999999999999999,0.9944444444444445,0.0,0.6464552392632036,0.6739130434782609,0.6808095681712076,0.6666666666666666,0.0,0.0,0.0,0.0,0.0,0.0,0.0,0.0,0.0,0.0,55602,global,0.6
5,2,trees500_depth5_split2_leaf3_featsqrt_cwnone_trmiss60_degmodglobal,64,1.0,0.0,500,5,2,3,sqrt,none,-1,trees500_depth5_split2_leaf3_featsqrt_cwnone_trmiss60_degmodglobal,1,0.368897171709663,0.9996288965858485,0.99966045423581,0.9833333333333333,0.0,0.6444528832142578,0.6857707509881423,0.6982296368727408,0.6222222222222222,0.0,0.0,0.0,0.0,0.0,0.0,0.0,0.0,0.0,0.0,55602,global,0.6
5,2,trees500_depthnone_split2_leaf1_featsqrt_cwnone_trmiss60_degmodglobal,64,1.0,0.0,500,none,2,1,sqrt,none,-1,trees500_depthnone_split2_leaf1_featsqrt_cwnone_trmiss60_degmodglobal,1,0.19370433807841703,1.0,0.9999999999999998,1.0,0.0,0.6398517389966325,0.6828063241106719,0.7034956445717814,0.6444444444444445,0.0,0.0,0.0,0.0,0.0,0.0,0.0,0.0,0.0,0.0,55602,global,0.6
5,2,trees500_depthnone_split2_leaf3_featsqrt_cwnone_trmiss60_degmodglobal,64,1.0,0.0,500,none,2,3,sqrt,none,-1,trees500_depthnone_split2_leaf3_featsqrt_cwnone_trmiss60_degmodglobal,1,0.2752062872913883,1.0,0.9999999999999999,1.0,0.0,0.6361041932904595,0.691699604743083,0.6954160311470675,0.6666666666666666,0.0,0.0,0.0,0.0,0.0,0.0,0.0,0.0,0.0,0.0,55602,global,0.6
5,3,trees200_depth3_split2_leaf1_featsqrt_cwnone_trmiss60_degmodglobal,64,1.0,0.0,200,3,2,1,sqrt,none,-1,trees200_depth3_split2_leaf1_featsqrt_cwnone_trmiss60_degmodglobal,1,0.4830838733326009,0.9952993567540822,0.9961281347427939,0.9722222222222222,0.0,0.6658798406052345,0.6739130434782609,0.6493962843924556,0.6666666666666666,0.0,0.0,0.0,0.0,0.0,0.0,0.0,0.0,0.0,0.0,55602,global,0.6
5,3,trees200_depth3_split2_leaf3_featsqrt_cwnone_trmiss60_degmodglobal,64,1.0,0.0,200,3,2,3,sqrt,none,-1,trees200_depth3_split2_leaf3_featsqrt_cwnone_trmiss60_degmodglobal,1,0.49525744207537375,0.9907224146462148,0.9926838229549406,0.9555555555555556,0.0,0.6651240426062441,0.6739130434782609,0.6550319262838246,0.6444444444444445,0.0,0.0,0.0,0.0,0.0,0.0,0.0,0.0,0.0,0.0,55602,global,0.6
5,3,trees200_depth5_split2_leaf1_featsqrt_cwnone_trmiss60_degmodglobal,64,1.0,0.0,200,5,2,1,sqrt,none,-1,trees200_depth5_split2_leaf1_featsqrt_cwnone_trmiss60_degmodglobal,1,0.34770400501999577,0.9995051954477981,0.9995657837603126,0.9944444444444445,0.0,0.6572737735598889,0.6739130434782609,0.6951945191988215,0.5777777777777777,0.0,0.0,0.0,0.0,0.0,0.0,0.0,0.0,0.0,0.0,55602,global,0.6
5,3,trees200_depth5_split2_leaf3_featsqrt_cwnone_trmiss60_degmodglobal,64,1.0,0.0,200,5,2,3,sqrt,none,-1,trees200_depth5_split2_leaf3_featsqrt_cwnone_trmiss60_degmodglobal,1,0.3755688921816524,0.9988866897575458,0.9990524503146663,0.9888888888888889,0.0,0.6414795558759346,0.7114624505928854,0.7499268052039162,0.6888888888888889,0.0,0.0,0.0,0.0,0.0,0.0,0.0,0.0,0.0,0.0,55602,global,0.6
5,3,trees200_depthnone_split2_leaf1_featsqrt_cwnone_trmiss60_degmodglobal,64,1.0,0.0,200,none,2,1,sqrt,none,-1,trees200_depthnone_split2_leaf1_featsqrt_cwnone_trmiss60_degmodglobal,1,0.20259415884989884,1.0,1.0,1.0,0.0,0.6450488811097125,0.6887351778656127,0.6875666521788314,0.6888888888888889,0.0,0.0,0.0,0.0,0.0,0.0,0.0,0.0,0.0,0.0,55602,global,0.6
5,3,trees200_depthnone_split2_leaf3_featsqrt_cwnone_trmiss60_degmodglobal,64,1.0,0.0,200,none,2,3,sqrt,none,-1,trees200_depthnone_split2_leaf3_featsqrt_cwnone_trmiss60_degmodglobal,1,0.28055876599261925,1.0,0.9999999999999999,0.9944444444444445,0.0,0.6536826303669367,0.6758893280632411,0.7291791645538296,0.6222222222222222,0.0,0.0,0.0,0.0,0.0,0.0,0.0,0.0,0.0,0.0,55602,global,0.6
5,3,trees500_depth3_split2_leaf1_featsqrt_cwnone_trmiss60_degmodglobal,64,1.0,0.0,500,3,2,1,sqrt,none,-1,trees500_depth3_split2_leaf1_featsqrt_cwnone_trmiss60_degmodglobal,1,0.48135313870355445,0.9970311726867888,0.9976735302261486,0.9777777777777777,0.0,0.6653217928488776,0.6778656126482213,0.6745824159995516,0.6444444444444445,0.0,0.0,0.0,0.0,0.0,0.0,0.0,0.0,0.0,0.0,55602,global,0.6
5,3,trees500_depth3_split2_leaf3_featsqrt_cwnone_trmiss60_degmodglobal,64,1.0,0.0,500,3,2,3,sqrt,none,-1,trees500_depth3_split2_leaf3_featsqrt_cwnone_trmiss60_degmodglobal,1,0.49246967914253614,0.9936912419594262,0.9948077460606533,0.9777777777777777,0.0,0.6673539176499178,0.6541501976284585,0.6530930575822245,0.6,0.0,0.0,0.0,0.0,0.0,0.0,0.0,0.0,0.0,0.0,55602,global,0.6
5,3,trees500_depth5_split2_leaf1_featsqrt_cwnone_trmiss60_degmodglobal,64,1.0,0.0,500,5,2,1,sqrt,none,-1,trees500_depth5_split2_leaf1_featsqrt_cwnone_trmiss60_degmodglobal,1,0.34217877088190835,0.999752597723899,0.9997783687943261,0.9944444444444445,0.0,0.6604415562394899,0.691699604743083,0.6853191559178469,0.6444444444444445,0.0,0.0,0.0,0.0,0.0,0.0,0.0,0.0,0.0,0.0,55602,global,0.6
5,3,trees500_depth5_split2_leaf3_featsqrt_cwnone_trmiss60_degmodglobal,64,1.0,0.0,500,5,2,3,sqrt,none,-1,trees500_depth5_split2_leaf3_featsqrt_cwnone_trmiss60_degmodglobal,1,0.378782102771747,0.9980207817911925,0.9983969972211852,0.9888888888888889,0.0,0.6543505811973698,0.6956521739130435,0.7077289534224411,0.6888888888888889,0.0,0.0,0.0,0.0,0.0,0.0,0.0,0.0,0.0,0.0,55602,global,0.6
5,3,trees500_depthnone_split2_leaf1_featsqrt_cwnone_trmiss60_degmodglobal,64,1.0,0.0,500,none,2,1,sqrt,none,-1,trees500_depthnone_split2_leaf1_featsqrt_cwnone_trmiss60_degmodglobal,1,0.20075246637394975,0.9999999999999999,0.9999999999999999,1.0,0.0,0.6428258098015209,0.7243083003952568,0.7349290149414224,0.6444444444444445,0.0,0.0,0.0,0.0,0.0,0.0,0.0,0.0,0.0,0.0,55602,global,0.6
5,3,trees500_depthnone_split2_leaf3_featsqrt_cwnone_trmiss60_degmodglobal,64,1.0,0.0,500,none,2,3,sqrt,none,-1,trees500_depthnone_split2_leaf3_featsqrt_cwnone_trmiss60_degmodglobal,1,0.2843609733690871,1.0,0.9999999999999999,0.9944444444444445,0.0,0.646262795524826,0.7134387351778656,0.7186410877123278,0.6444444444444445,0.0,0.0,0.0,0.0,0.0,0.0,0.0,0.0,0.0,0.0,55602,global,0.6
5,4,trees200_depth3_split2_leaf1_featsqrt_cwnone_trmiss60_degmodglobal,64,1.0,0.0,200,3,2,1,sqrt,none,-1,trees200_depth3_split2_leaf1_featsqrt_cwnone_trmiss60_degmodglobal,1,0.4753448008108104,0.9970337411939192,0.9968891050094023,0.9777777777777777,0.0,0.6845127020288061,0.5873015873015872,0.6216853353269667,0.4888888888888889,0.0,0.0,0.0,0.0,0.0,0.0,0.0,0.0,0.0,0.0,55602,global,0.6
5,4,trees200_depth3_split2_leaf3_featsqrt_cwnone_trmiss60_degmodglobal,64,1.0,0.0,200,3,2,3,sqrt,none,-1,trees200_depth3_split2_leaf3_featsqrt_cwnone_trmiss60_degmodglobal,1,0.4793676031655699,0.9930787294524781,0.9921597270083227,0.9555555555555556,0.0,0.6874029104696607,0.5694444444444444,0.6179368912905574,0.4888888888888889,0.0,0.0,0.0,0.0,0.0,0.0,0.0,0.0,0.0,0.0,55602,global,0.6
5,4,trees200_depth5_split2_leaf1_featsqrt_cwnone_trmiss60_degmodglobal,64,1.0,0.0,200,5,2,1,sqrt,none,-1,trees200_depth5_split2_leaf1_featsqrt_cwnone_trmiss60_degmodglobal,1,0.3354507438830799,1.0,1.0,0.9944444444444445,0.0,0.6914930155829325,0.5515873015873016,0.6113471105088636,0.4666666666666667,0.0,0.0,0.0,0.0,0.0,0.0,0.0,0.0,0.0,0.0,55602,global,0.6
5,4,trees200_depth5_split2_leaf3_featsqrt_cwnone_trmiss60_degmodglobal,64,1.0,0.0,200,5,2,3,sqrt,none,-1,trees200_depth5_split2_leaf3_featsqrt_cwnone_trmiss60_degmodglobal,1,0.3663781782480211,0.9992584352984798,0.9992946599094831,0.9944444444444445,0.0,0.6866216645824335,0.5734126984126984,0.5827761489355998,0.5555555555555556,0.0,0.0,0.0,0.0,0.0,0.0,0.0,0.0,0.0,0.0,55602,global,0.6
5,4,trees200_depthnone_split2_leaf1_featsqrt_cwnone_trmiss60_degmodglobal,64,1.0,0.0,200,none,2,1,sqrt,none,-1,trees200_depthnone_split2_leaf1_featsqrt_cwnone_trmiss60_degmodglobal,1,0.1983735183912021,1.0,0.9999999999999999,1.0,0.0,0.7133738915781276,0.5357142857142857,0.5514308302273929,0.5555555555555556,0.0,0.0,0.0,0.0,0.0,0.0,0.0,0.0,0.0,0.0,55602,global,0.6
5,4,trees200_depthnone_split2_leaf3_featsqrt_cwnone_trmiss60_degmodglobal,64,1.0,0.0,200,none,2,3,sqrt,none,-1,trees200_depthnone_split2_leaf3_featsqrt_cwnone_trmiss60_degmodglobal,1,0.2757528880796531,1.0,1.0,1.0,0.0,0.6806496360320332,0.6130952380952381,0.6618473424754268,0.5555555555555556,0.0,0.0,0.0,0.0,0.0,0.0,0.0,0.0,0.0,0.0,55602,global,0.6
5,4,trees500_depth3_split2_leaf1_featsqrt_cwnone_trmiss60_degmodglobal,64,1.0,0.0,500,3,2,1,sqrt,none,-1,trees500_depth3_split2_leaf1_featsqrt_cwnone_trmiss60_degmodglobal,1,0.4772916990619263,0.9957978000247188,0.9955399829892787,0.9666666666666667,0.0,0.6888876969384955,0.5535714285714286,0.5719155103649696,0.5333333333333333,0.0,0.0,0.0,0.0,0.0,0.0,0.0,0.0,0.0,0.0,55602,global,0.6
5,4,trees500_depth3_split2_leaf3_featsqrt_cwnone_trmiss60_degmodglobal,64,1.0,0.0,500,3,2,3,sqrt,none,-1,trees500_depth3_split2_leaf3_featsqrt_cwnone_trmiss60_degmodglobal,1,0.4880740993323141,0.9918427882832778,0.9895416245633709,0.9666666666666667,0.0,0.6811774416460431,0.6031746031746033,0.6207466546974055,0.5333333333333333,0.0,0.0,0.0,0.0,0.0,0.0,0.0,0.0,0.0,0.0,55602,global,0.6
5,4,trees500_depth5_split2_leaf1_featsqrt_cwnone_trmiss60_degmodglobal,64,1.0,0.0,500,5,2,1,sqrt,none,-1,trees500_depth5_split2_leaf1_featsqrt_cwnone_trmiss60_degmodglobal,1,0.337000783064134,1.0,1.0,0.9944444444444445,0.0,0.680804960201658,0.5892857142857143,0.6314647866049049,0.5111111111111111,0.0,0.0,0.0,0.0,0.0,0.0,0.0,0.0,0.0,0.0,55602,global,0.6
5,4,trees500_depth5_split2_leaf3_featsqrt_cwnone_trmiss60_degmodglobal,64,1.0,0.0,500,5,2,3,sqrt,none,-1,trees500_depth5_split2_leaf3_featsqrt_cwnone_trmiss60_degmodglobal,1,0.3730962594655985,0.9995056235323199,0.99953495094354,0.9944444444444445,0.0,0.6832824087334752,0.5634920634920635,0.6431844552143264,0.4888888888888889,0.0,0.0,0.0,0.0,0.0,0.0,0.0,0.0,0.0,0.0,55602,global,0.6
5,4,trees500_depthnone_split2_leaf1_featsqrt_cwnone_trmiss60_degmodglobal,64,1.0,0.0,500,none,2,1,sqrt,none,-1,trees500_depthnone_split2_leaf1_featsqrt_cwnone_trmiss60_degmodglobal,1,0.1981669610068875,1.0,1.0,1.0,0.0,0.694945395632496,0.5803571428571429,0.6318101202899695,0.5111111111111111,0.0,0.0,0.0,0.0,0.0,0.0,0.0,0.0,0.0,0.0,55602,global,0.6
5,4,trees500_depthnone_split2_leaf3_featsqrt_cwnone_trmiss60_degmodglobal,64,1.0,0.0,500,none,2,3,sqrt,none,-1,trees500_depthnone_split2_leaf3_featsqrt_cwnone_trmiss60_degmodglobal,1,0.27769012984504754,1.0,1.0,1.0,0.0,0.6891505046885764,0.5853174603174603,0.6358897513186308,0.5555555555555556,0.0,0.0,0.0,0.0,0.0,0.0,0.0,0.0,0.0,0.0,55602,global,0.6
5,5,trees200_depth3_split2_leaf1_featsqrt_cwnone_trmiss60_degmodglobal,64,1.0,0.0,200,3,2,1,sqrt,none,-1,trees200_depth3_split2_leaf1_featsqrt_cwnone_trmiss60_degmodglobal,1,0.47841139371312175,0.9932641206278582,0.9929102668624704,0.9611111111111111,0.0,0.7129787852667132,0.46626984126984133,0.5575829564807278,0.4444444444444444,0.0,0.0,0.0,0.0,0.0,0.0,0.0,0.0,0.0,0.0,55602,global,0.6
5,5,trees200_depth3_split2_leaf3_featsqrt_cwnone_trmiss60_degmodglobal,64,1.0,0.0,200,3,2,3,sqrt,none,-1,trees200_depth3_split2_leaf3_featsqrt_cwnone_trmiss60_degmodglobal,1,0.4837884065158851,0.985477691261896,0.9866764863117694,0.9444444444444444,0.0,0.7140562740429728,0.4861111111111111,0.5574201203827649,0.4888888888888889,0.0,0.0,0.0,0.0,0.0,0.0,0.0,0.0,0.0,0.0,55602,global,0.6
5,5,trees200_depth5_split2_leaf1_featsqrt_cwnone_trmiss60_degmodglobal,64,1.0,0.0,200,5,2,1,sqrt,none,-1,trees200_depth5_split2_leaf1_featsqrt_cwnone_trmiss60_degmodglobal,1,0.34118435011184656,0.9995056235323199,0.9995565901784724,0.9833333333333333,0.0,0.7289233431911653,0.44841269841269843,0.5162084514502268,0.4666666666666667,0.0,0.0,0.0,0.0,0.0,0.0,0.0,0.0,0.0,0.0,55602,global,0.6
5,5,trees200_depth5_split2_leaf3_featsqrt_cwnone_trmiss60_degmodglobal,64,1.0,0.0,200,5,2,3,sqrt,none,-1,trees200_depth5_split2_leaf3_featsqrt_cwnone_trmiss60_degmodglobal,1,0.3711250611868924,0.9982078853046595,0.9982653538011881,0.9777777777777777,0.0,0.6959672674739991,0.5476190476190477,0.6208452292842375,0.5555555555555556,0.0,0.0,0.0,0.0,0.0,0.0,0.0,0.0,0.0,0.0,55602,global,0.6
5,5,trees200_depthnone_split2_leaf1_featsqrt_cwnone_trmiss60_degmodglobal,64,1.0,0.0,200,none,2,1,sqrt,none,-1,trees200_depthnone_split2_leaf1_featsqrt_cwnone_trmiss60_degmodglobal,1,0.19938751833186738,1.0,0.9999999999999999,1.0,0.0,0.7023852237451951,0.5496031746031746,0.5961211093156111,0.5555555555555556,0.0,0.0,0.0,0.0,0.0,0.0,0.0,0.0,0.0,0.0,55602,global,0.6
5,5,trees200_depthnone_split2_leaf3_featsqrt_cwnone_trmiss60_degmodglobal,64,1.0,0.0,200,none,2,3,sqrt,none,-1,trees200_depthnone_split2_leaf3_featsqrt_cwnone_trmiss60_degmodglobal,1,0.27735757707535574,0.99993820294154,0.9998856097002974,0.9944444444444445,0.0,0.702833269221462,0.5436507936507936,0.597877761449549,0.5111111111111111,0.0,0.0,0.0,0.0,0.0,0.0,0.0,0.0,0.0,0.0,55602,global,0.6
5,5,trees500_depth3_split2_leaf1_featsqrt_cwnone_trmiss60_degmodglobal,64,1.0,0.0,500,3,2,1,sqrt,none,-1,trees500_depth3_split2_leaf1_featsqrt_cwnone_trmiss60_degmodglobal,1,0.46940480362919973,0.9935113088616983,0.9936313546757858,0.9611111111111111,0.0,0.7172904843044549,0.47023809523809523,0.5394405609152217,0.4888888888888889,0.0,0.0,0.0,0.0,0.0,0.0,0.0,0.0,0.0,0.0,55602,global,0.6
5,5,trees500_depth3_split2_leaf3_featsqrt_cwnone_trmiss60_degmodglobal,64,1.0,0.0,500,3,2,3,sqrt,none,-1,trees500_depth3_split2_leaf3_featsqrt_cwnone_trmiss60_degmodglobal,1,0.48269824490680285,0.9877023853664566,0.9873975172034771,0.9444444444444444,0.0,0.7130274262724081,0.48611111111111116,0.555981675553942,0.5111111111111111,0.0,0.0,0.0,0.0,0.0,0.0,0.0,0.0,0.0,0.0,55602,global,0.6
5,5,trees500_depth5_split2_leaf1_featsqrt_cwnone_trmiss60_degmodglobal,64,1.0,0.0,500,5,2,1,sqrt,none,-1,trees500_depth5_split2_leaf1_featsqrt_cwnone_trmiss60_degmodglobal,1,0.33433835733542044,0.9992584352984798,0.9993133197378661,0.9833333333333333,0.0,0.7111635833199806,0.5,0.563067238334943,0.5111111111111111,0.0,0.0,0.0,0.0,0.0,0.0,0.0,0.0,0.0,0.0,55602,global,0.6
5,5,trees500_depth5_split2_leaf3_featsqrt_cwnone_trmiss60_degmodglobal,64,1.0,0.0,500,5,2,3,sqrt,none,-1,trees500_depth5_split2_leaf3_featsqrt_cwnone_trmiss60_degmodglobal,1,0.37018954299583146,0.9988258558892598,0.99885893325171,0.9777777777777777,0.0,0.7081595174359754,0.5059523809523809,0.5942633151826003,0.5777777777777777,0.0,0.0,0.0,0.0,0.0,0.0,0.0,0.0,0.0,0.0,55602,global,0.6
5,5,trees500_depthnone_split2_leaf1_featsqrt_cwnone_trmiss60_degmodglobal,64,1.0,0.0,500,none,2,1,sqrt,none,-1,trees500_depthnone_split2_leaf1_featsqrt_cwnone_trmiss60_degmodglobal,1,0.19717894049959214,1.0,1.0,1.0,0.0,0.7037925861934275,0.5416666666666667,0.5943684135236965,0.5555555555555556,0.0,0.0,0.0,0.0,0.0,0.0,0.0,0.0,0.0,0.0,55602,global,0.6
5,5,trees500_depthnone_split2_leaf3_featsqrt_cwnone_trmiss60_degmodglobal,64,1.0,0.0,500,none,2,3,sqrt,none,-1,trees500_depthnone_split2_leaf3_featsqrt_cwnone_trmiss60_degmodglobal,1,0.2751701241192285,0.9996910147076999,0.9996639784946236,0.9944444444444445,0.0,0.7053394778389758,0.5476190476190477,0.5901840668712457,0.6,0.0,0.0,0.0,0.0,0.0,0.0,0.0,0.0,0.0,0.0,55602,global,0.6
