{"_wandb":{"runtime":0},"_runtime":0.057621177,"_timestamp":1.7725044671037235e+09,"_step":35,"avg_inner_best_models/train_loss_mean":0.3026837259531021,"avg_inner_best_models/val_loss_mean":0.5952141582965851}