{"_runtime":0.067871572,"avg_inner_best_models/train_loss_mean":0.4886517922083537,"avg_inner_best_models/val_loss_mean":0.6599093377590179,"avg_inner_best_models/val_auc_mean":0.6953781512605042,"_timestamp":1.7727952248864021e+09,"_step":62,"_wandb":{"runtime":0}}