outer_test_LOGLOSS_mean,outer_test_LOGLOSS_std,outer_test_AUC_mean,outer_test_AUC_std,outer_test_AUCPR_mean,outer_test_AUCPR_std,outer_test_ACC_mean,outer_test_ACC_std,outer_test_SEN_mean,outer_test_SEN_std,outer_test_SP_mean,outer_test_SP_std,outer_test_MCC_mean,outer_test_MCC_std
0.6718150037251909,0.008285782124132994,0.5655465482489292,0.07933828942018649,0.7010299929068314,0.07088561859229449,0.6054636591478697,0.037857847758503815,0.782989417989418,0.05830823835694774,0.2966190476190476,0.08782133314790402,0.08850450529078949,0.09343807268835493
