outer_test_LOGLOSS_mean,outer_test_LOGLOSS_std,outer_test_AUC_mean,outer_test_AUC_std,outer_test_AUCPR_mean,outer_test_AUCPR_std,outer_test_ACC_mean,outer_test_ACC_std,outer_test_SEN_mean,outer_test_SEN_std,outer_test_SP_mean,outer_test_SP_std,outer_test_MCC_mean,outer_test_MCC_std
0.6851594086391183,0.018462022897106647,0.5608262786596119,0.08046548342964847,0.7031010272003307,0.07025186129389337,0.5615998329156223,0.07865453904138098,0.6540687830687831,0.16168858813633466,0.4048571428571428,0.14295641591715014,0.062171925814169325,0.12934868918186113
