{"avg_inner_best_models/val_auc_mean":0.7310924369747899,"_timestamp":1.7727715269798107e+09,"_wandb":{"runtime":0},"_runtime":0.053564934,"_step":80,"avg_inner_best_models/train_loss_mean":0.4470827952027321,"avg_inner_best_models/val_loss_mean":0.6391276518503824}