{"avg_inner_best_models/train_loss_mean":0.5156178052226702,"_wandb":{"runtime":0},"_runtime":0.038233557,"avg_inner_best_models/val_loss_mean":0.6615410049756368,"_timestamp":1.7725458289053261e+09,"_step":42}