{"_runtime":0.0626544,"avg_inner_best_models/train_loss_mean":0.4867415477832158,"avg_inner_best_models/val_loss_mean":0.6277548372745514,"_timestamp":1.7725406458658125e+09,"_step":33,"_wandb":{"runtime":0}}