{"_step":45,"avg_inner_best_models/train_loss_mean":1.000826100508372,"_wandb":{"runtime":0},"_runtime":0.053602052,"avg_inner_best_models/val_loss_mean":0.6813112497329712,"avg_inner_best_models/val_auc_mean":0.6961206896551724,"_timestamp":1.7728830646800852e+09}