{"avg_inner_best_models/val_loss_mean":0.6110213200251261,"_timestamp":1.7724975951907897e+09,"_wandb":{"runtime":0},"_runtime":0.037117185,"_step":60,"avg_inner_best_models/train_loss_mean":0.3111945514877637}