{"avg_inner_best_models/train_loss_mean":0.4130784943699837,"avg_inner_best_models/val_loss_mean":0.6234363714853922,"_timestamp":1.7725047865476437e+09,"_wandb":{"runtime":0},"_runtime":0.053967017,"_step":49}