{"avg_inner_best_models/train_loss_mean":0.42062099774678546,"avg_inner_best_models/val_loss_mean":0.5978787938753763,"avg_inner_best_models/val_auc_mean":0.7327586206896552,"_timestamp":1.772763183410055e+09,"_wandb":{"runtime":0},"_runtime":0.052083542,"_step":44}