outer_test_LOGLOSS_mean,outer_test_LOGLOSS_std,outer_test_AUC_mean,outer_test_AUC_std,outer_test_AUCPR_mean,outer_test_AUCPR_std,outer_test_ACC_mean,outer_test_ACC_std,outer_test_SEN_mean,outer_test_SEN_std,outer_test_SP_mean,outer_test_SP_std,outer_test_MCC_mean,outer_test_MCC_std
0.6730559013001154,0.019350934893927276,0.5486551398337113,0.0667323409656152,0.6961422177685043,0.05330010327499583,0.5780179615705932,0.04964222464851798,0.7317195767195767,0.09780101525458,0.3144761904761904,0.14093776106882072,0.04547217594019162,0.11503609192136793
