{"avg_inner_best_models/val_loss_mean":0.6272760430971781,"_timestamp":1.772517821466832e+09,"_wandb":{"runtime":0},"_runtime":0.049762715,"_step":31,"avg_inner_best_models/train_loss_mean":0.3680092891057332}