{"avg_inner_best_models/train_loss_mean":0.4226527065038681,"avg_inner_best_models/val_loss_mean":0.6372489631175995,"_timestamp":1.7725057637011995e+09,"_step":36,"_runtime":0.050213615,"_wandb":{"runtime":0}}