{"avg_inner_best_models/val_loss_mean":0.6460422476132711,"avg_inner_best_models/val_auc_mean":0.6551724137931034,"_timestamp":1.7727570381484222e+09,"_step":40,"avg_inner_best_models/train_loss_mean":0.5165757338205973,"_wandb":{"runtime":0},"_runtime":0.054605398}