{"_wandb":{"runtime":0},"_runtime":0.038476786,"avg_inner_best_models/train_loss_mean":0.4661760553717613,"avg_inner_best_models/val_loss_mean":0.6490052938461304,"_timestamp":1.7725253814673839e+09,"_step":29}