outer_test_LOGLOSS_mean,outer_test_LOGLOSS_std,outer_test_AUC_mean,outer_test_AUC_std,outer_test_AUCPR_mean,outer_test_AUCPR_std,outer_test_ACC_mean,outer_test_ACC_std,outer_test_SEN_mean,outer_test_SEN_std,outer_test_SP_mean,outer_test_SP_std,outer_test_MCC_mean,outer_test_MCC_std
0.6850325443061112,0.008218365298263664,0.5753914084152179,0.05568272886072529,0.6950032711933007,0.0520928772316241,0.5890350877192982,0.06374842511867548,0.6091322751322751,0.152778638918398,0.5553809523809523,0.15370733207827408,0.16854576364660984,0.10897935322699731
