outer_test_LOGLOSS_mean,outer_test_LOGLOSS_std,outer_test_AUC_mean,outer_test_AUC_std,outer_test_AUCPR_mean,outer_test_AUCPR_std,outer_test_ACC_mean,outer_test_ACC_std,outer_test_SEN_mean,outer_test_SEN_std,outer_test_SP_mean,outer_test_SP_std,outer_test_MCC_mean,outer_test_MCC_std
0.6838424978058903,0.027685472423185226,0.5424589947089947,0.06843050161098137,0.6751239784205647,0.04351971072979225,0.5694966583124478,0.060402325723419165,0.6745767195767195,0.1528580775295981,0.3866349206349206,0.14726340593164153,0.07335753609421256,0.09743428234316732
