{"_step":58,"avg_inner_best_models/train_loss_mean":0.8842418591181437,"avg_inner_best_models/val_loss_mean":0.6570125023523966,"avg_inner_best_models/val_auc_mean":0.7090517241379309,"_timestamp":1.772895297470393e+09,"_wandb":{"runtime":0},"_runtime":0.062268801}