outer_test_LOGLOSS_mean,outer_test_LOGLOSS_std,outer_test_AUC_mean,outer_test_AUC_std,outer_test_AUCPR_mean,outer_test_AUCPR_std,outer_test_ACC_mean,outer_test_ACC_std,outer_test_SEN_mean,outer_test_SEN_std,outer_test_SP_mean,outer_test_SP_std,outer_test_MCC_mean,outer_test_MCC_std
0.6759433547383342,0.013732085351515311,0.6056638951877047,0.05903160318624267,0.7351418406930753,0.054675206049988184,0.5962343358395991,0.0890413677660492,0.6545714285714286,0.1436239284326844,0.4956190476190476,0.13532083722360266,0.15494206312550485,0.16599268772606698
