outer_test_LOGLOSS_mean,outer_test_LOGLOSS_std,outer_test_AUC_mean,outer_test_AUC_std,outer_test_AUCPR_mean,outer_test_AUCPR_std,outer_test_ACC_mean,outer_test_ACC_std,outer_test_SEN_mean,outer_test_SEN_std,outer_test_SP_mean,outer_test_SP_std,outer_test_MCC_mean,outer_test_MCC_std
0.660075435733991,0.017450356251872298,0.6143384353741494,0.0927825282192629,0.7368136587629734,0.0705116453281669,0.624264828738513,0.06958268493445265,0.7548730158730158,0.0734138158207481,0.3993333333333333,0.14927093565970256,0.16079482737092382,0.1610156740927995
