outer_test_LOGLOSS_mean,outer_test_LOGLOSS_std,outer_test_AUC_mean,outer_test_AUC_std,outer_test_AUCPR_mean,outer_test_AUCPR_std,outer_test_ACC_mean,outer_test_ACC_std,outer_test_SEN_mean,outer_test_SEN_std,outer_test_SP_mean,outer_test_SP_std,outer_test_MCC_mean,outer_test_MCC_std
0.6746127441190266,0.013968274812033554,0.5753863063744016,0.062447466164217,0.7125413609479178,0.05193042390819322,0.5583625730994152,0.06078865219185466,0.6485238095238095,0.12056618304577044,0.4018730158730158,0.12139444142347856,0.05243343715207152,0.10854796232558812
