outer_test_LOGLOSS_mean,outer_test_LOGLOSS_std,outer_test_AUC_mean,outer_test_AUC_std,outer_test_AUCPR_mean,outer_test_AUCPR_std,outer_test_ACC_mean,outer_test_ACC_std,outer_test_SEN_mean,outer_test_SEN_std,outer_test_SP_mean,outer_test_SP_std,outer_test_MCC_mean,outer_test_MCC_std
0.6598781593599955,0.010201305066308309,0.5983007054673721,0.05473427612549388,0.7319504861387072,0.036043878121967445,0.6308709273182957,0.03966389963845449,0.7860476190476191,0.06457511269185195,0.36087301587301585,0.08979805773907557,0.16100820669472996,0.09743916714715135
