outer_test_LOGLOSS_mean,outer_test_LOGLOSS_std,outer_test_AUC_mean,outer_test_AUC_std,outer_test_AUCPR_mean,outer_test_AUCPR_std,outer_test_ACC_mean,outer_test_ACC_std,outer_test_SEN_mean,outer_test_SEN_std,outer_test_SP_mean,outer_test_SP_std,outer_test_MCC_mean,outer_test_MCC_std
0.6823012910388326,0.01257394583221112,0.5202537792894937,0.05629566952816832,0.6613757159278231,0.04433430894900257,0.5850647451963241,0.049777070109365766,0.7217195767195768,0.11971420977386847,0.34611111111111115,0.1612405813141442,0.07369140479116974,0.11376647205417471
