{"_timestamp":1.772811790083348e+09,"_wandb":{"runtime":0},"_runtime":0.0385389,"_step":50,"avg_inner_best_models/train_loss_mean":0.4954383373260498,"avg_inner_best_models/val_loss_mean":0.6445275843143463,"avg_inner_best_models/val_auc_mean":0.6918103448275862}