{"_timestamp":1.7725227589917645e+09,"_step":33,"_wandb":{"runtime":0},"_runtime":0.035825098,"avg_inner_best_models/train_loss_mean":0.3519133925437927,"avg_inner_best_models/val_loss_mean":0.6293324033419291}