outer_test_LOGLOSS_mean,outer_test_LOGLOSS_std,outer_test_AUC_mean,outer_test_AUC_std,outer_test_AUCPR_mean,outer_test_AUCPR_std,outer_test_ACC_mean,outer_test_ACC_std,outer_test_SEN_mean,outer_test_SEN_std,outer_test_SP_mean,outer_test_SP_std,outer_test_MCC_mean,outer_test_MCC_std
0.6647272287900049,0.01620708294357276,0.6013865583270346,0.07004583821961054,0.70941572940751,0.05038235962425615,0.6096470342522974,0.06600061851342644,0.7303121693121694,0.16771022972659227,0.3995238095238095,0.2125556022177505,0.12783606780960016,0.1631918419158014
