outer_test_LOGLOSS_mean,outer_test_LOGLOSS_std,outer_test_AUC_mean,outer_test_AUC_std,outer_test_AUCPR_mean,outer_test_AUCPR_std,outer_test_ACC_mean,outer_test_ACC_std,outer_test_SEN_mean,outer_test_SEN_std,outer_test_SP_mean,outer_test_SP_std,outer_test_MCC_mean,outer_test_MCC_std
0.6642661669426121,0.021415643860469884,0.6147242378432853,0.07232977759745216,0.7525135415639661,0.05470740529334825,0.6113533834586465,0.06303114140535968,0.7342328042328042,0.15163936328587532,0.4037936507936508,0.22587497072939444,0.14049033326609875,0.14962477645226285
