{"_wandb":{"runtime":0},"_runtime":0.062197023,"avg_inner_best_models/train_loss_mean":0.5353554536898931,"avg_inner_best_models/val_loss_mean":0.6481409072875977,"_timestamp":1.772576647894269e+09,"_step":65}