outer_test_LOGLOSS_mean,outer_test_LOGLOSS_std,outer_test_AUC_mean,outer_test_AUC_std,outer_test_AUCPR_mean,outer_test_AUCPR_std,outer_test_ACC_mean,outer_test_ACC_std,outer_test_SEN_mean,outer_test_SEN_std,outer_test_SP_mean,outer_test_SP_std,outer_test_MCC_mean,outer_test_MCC_std
0.6744610496480227,0.011887732779182023,0.5851370622323006,0.07559798542169054,0.7073698568259303,0.06667641653011834,0.607593984962406,0.05211460419202163,0.7196878306878307,0.15579378081339412,0.41741269841269846,0.21344462906811412,0.1475435975082027,0.12169420946049858
