{"_runtime":0.060461114,"_step":63,"avg_inner_best_models/train_loss_mean":0.3619684924681981,"avg_inner_best_models/val_loss_mean":0.5888761083285013,"avg_inner_best_models/val_auc_mean":0.7780172413793103,"_timestamp":1.7728289974264247e+09,"_wandb":{"runtime":0}}