{"_runtime":0.059229424,"_wandb":{"runtime":0},"_step":62,"avg_inner_best_models/train_loss_mean":0.49894539018472034,"avg_inner_best_models/val_loss_mean":0.6606267392635345,"_timestamp":1.772574969286475e+09}