{"_wandb":{"runtime":0},"_runtime":0.054106312,"_step":48,"avg_inner_best_models/train_loss_mean":0.5088913142681122,"avg_inner_best_models/val_loss_mean":0.629881352186203,"avg_inner_best_models/val_auc_mean":0.6616379310344828,"_timestamp":1.7727882303607762e+09}