outer_test_LOGLOSS_mean,outer_test_LOGLOSS_std,outer_test_AUC_mean,outer_test_AUC_std,outer_test_AUCPR_mean,outer_test_AUCPR_std,outer_test_ACC_mean,outer_test_ACC_std,outer_test_SEN_mean,outer_test_SEN_std,outer_test_SP_mean,outer_test_SP_std,outer_test_MCC_mean,outer_test_MCC_std
0.6743352514545576,0.01040226078187222,0.5634472789115648,0.04188706669624359,0.6993795900062829,0.03919713747851577,0.5966228070175439,0.051286931840081526,0.728936507936508,0.12193430765393347,0.3676507936507936,0.11585892091008648,0.10830987636276702,0.09091908346275926
