{"_step":67,"avg_inner_best_models/train_loss_mean":0.6355442702770233,"avg_inner_best_models/val_loss_mean":0.7292430698871613,"_timestamp":1.7725530322531168e+09,"_wandb":{"runtime":0},"_runtime":0.070558758}