{"_step":37,"avg_inner_best_models/train_loss_mean":0.5119893103837967,"avg_inner_best_models/val_loss_mean":0.6379192670186361,"avg_inner_best_models/val_auc_mean":0.709051724137931,"_timestamp":1.7727589064335349e+09,"_wandb":{"runtime":0},"_runtime":0.054146737}