{"_runtime":0.054231999,"_timestamp":1.772542022234088e+09,"_step":48,"avg_inner_best_models/train_loss_mean":0.4293625255425771,"avg_inner_best_models/val_loss_mean":0.6463914513587952,"_wandb":{"runtime":0}}