{"_runtime":0.042602947,"avg_inner_best_models/val_auc_mean":0.7586206896551724,"_timestamp":1.7728305566356633e+09,"_step":80,"avg_inner_best_models/train_loss_mean":0.43883080780506134,"avg_inner_best_models/val_loss_mean":0.6122141480445862,"_wandb":{"runtime":0}}