{"avg_inner_best_models/val_auc_mean":0.8017241379310345,"_timestamp":1.7727690393897488e+09,"_step":51,"avg_inner_best_models/train_loss_mean":0.38472985724608105,"avg_inner_best_models/val_loss_mean":0.5974496603012085,"_wandb":{"runtime":0},"_runtime":0.052103354}