{"_step":41,"_wandb":{"runtime":0},"_runtime":0.054852376,"avg_inner_best_models/train_loss_mean":0.5205895379185677,"avg_inner_best_models/val_loss_mean":0.6378975709279379,"avg_inner_best_models/val_auc_mean":0.6785714285714286,"_timestamp":1.7728311977279668e+09}