{"avg_inner_best_models/train_loss_mean":0.42823563516139984,"avg_inner_best_models/val_loss_mean":0.674795925617218,"_wandb":{"runtime":0},"_runtime":0.058294077,"_timestamp":1.772496556575679e+09,"_step":25}