{"_step":74,"_wandb":{"runtime":0},"_runtime":0.060671303,"avg_inner_best_models/train_loss_mean":0.5551681220531464,"avg_inner_best_models/val_loss_mean":0.6728992164134979,"_timestamp":1.7725739942265058e+09}