{"_wandb":{"runtime":0},"_runtime":0.062110203,"_step":32,"avg_inner_best_models/train_loss_mean":0.4560749915738901,"avg_inner_best_models/val_loss_mean":0.6252062370379765,"avg_inner_best_models/val_auc_mean":0.7198275862068965,"_timestamp":1.7727964728596513e+09}