{"_wandb":{"runtime":0},"avg_inner_best_models/val_auc_mean":0.689655172413793,"_timestamp":1.772805936647455e+09,"_step":25,"avg_inner_best_models/train_loss_mean":0.5839105049769083,"avg_inner_best_models/val_loss_mean":0.6734329164028168,"_runtime":0.034492606}