{"_wandb":{"runtime":0},"_runtime":0.065212293,"avg_inner_best_models/val_loss_mean":0.6581137120723725,"_timestamp":1.7725698418413308e+09,"_step":59,"avg_inner_best_models/train_loss_mean":0.5065849329034487}