outer_test_LOGLOSS_mean,outer_test_LOGLOSS_std,outer_test_AUC_mean,outer_test_AUC_std,outer_test_AUCPR_mean,outer_test_AUCPR_std,outer_test_ACC_mean,outer_test_ACC_std,outer_test_SEN_mean,outer_test_SEN_std,outer_test_SP_mean,outer_test_SP_std,outer_test_MCC_mean,outer_test_MCC_std
0.6824597809931225,0.007309416609377549,0.5705354623330813,0.061304575441205766,0.7160724853976453,0.03671991459030518,0.5792460317460318,0.044875580131647504,0.6422010582010582,0.1171520095383276,0.4728888888888888,0.18415274429221531,0.11404527524666212,0.11110589341880324
