{"avg_inner_best_models/val_loss_mean":0.6381175319353739,"_timestamp":1.7725376757959285e+09,"_step":34,"_runtime":0.058864918,"_wandb":{"runtime":0},"avg_inner_best_models/train_loss_mean":0.5100703140099844}