{"_step":32,"avg_inner_best_models/train_loss_mean":0.5226136595010757,"avg_inner_best_models/val_loss_mean":0.6502086222171783,"avg_inner_best_models/val_auc_mean":0.7413793103448276,"_timestamp":1.7728146702573304e+09,"_wandb":{"runtime":0},"_runtime":0.059789847}