{"_wandb":{"runtime":0},"_runtime":0.057258793,"avg_inner_best_models/val_loss_mean":0.6360666751861572,"_timestamp":1.7725122404887822e+09,"_step":58,"avg_inner_best_models/train_loss_mean":0.3373597611983617}