outer_test_LOGLOSS_mean,outer_test_LOGLOSS_std,outer_test_AUC_mean,outer_test_AUC_std,outer_test_AUCPR_mean,outer_test_AUCPR_std,outer_test_ACC_mean,outer_test_ACC_std,outer_test_SEN_mean,outer_test_SEN_std,outer_test_SP_mean,outer_test_SP_std,outer_test_MCC_mean,outer_test_MCC_std
0.6683703866066113,0.01779416251820498,0.5911258503401361,0.08117403684414712,0.7172167604298166,0.07557414146762435,0.593454469507101,0.06428044192861904,0.7205449735449736,0.07697737446027447,0.37133333333333335,0.10680155147812319,0.09648050913625997,0.14467369379391418
