{"_timestamp":1.7728114862613986e+09,"_step":25,"avg_inner_best_models/train_loss_mean":0.5839105049769083,"_wandb":{"runtime":0},"_runtime":0.059125954,"avg_inner_best_models/val_loss_mean":0.6734329164028168,"avg_inner_best_models/val_auc_mean":0.689655172413793}