outer_test_LOGLOSS_mean,outer_test_LOGLOSS_std,outer_test_AUC_mean,outer_test_AUC_std,outer_test_AUCPR_mean,outer_test_AUCPR_std,outer_test_ACC_mean,outer_test_ACC_std,outer_test_SEN_mean,outer_test_SEN_std,outer_test_SP_mean,outer_test_SP_std,outer_test_MCC_mean,outer_test_MCC_std
0.6859148131679667,0.008281902551982344,0.5587962962962963,0.05456723864048902,0.700582868692718,0.03388131407264165,0.5672034252297411,0.061756335803585395,0.6332751322751323,0.15344352439502026,0.4514761904761904,0.16722107260608488,0.090392304212618,0.11007684348528278
