outer_test_LOGLOSS_mean,outer_test_LOGLOSS_std,outer_test_AUC_mean,outer_test_AUC_std,outer_test_AUCPR_mean,outer_test_AUCPR_std,outer_test_ACC_mean,outer_test_ACC_std,outer_test_SEN_mean,outer_test_SEN_std,outer_test_SP_mean,outer_test_SP_std,outer_test_MCC_mean,outer_test_MCC_std
0.6807581058720482,0.014333910819792187,0.584351347946586,0.09776061518824228,0.7154975248634233,0.07542471519519019,0.5740726817042607,0.07377036381870028,0.6206084656084656,0.06808004134517096,0.4933015873015873,0.17062780971257477,0.10910460033390637,0.17562081389866335
