outer_test_LOGLOSS_mean,outer_test_LOGLOSS_std,outer_test_AUC_mean,outer_test_AUC_std,outer_test_AUCPR_mean,outer_test_AUCPR_std,outer_test_ACC_mean,outer_test_ACC_std,outer_test_SEN_mean,outer_test_SEN_std,outer_test_SP_mean,outer_test_SP_std,outer_test_MCC_mean,outer_test_MCC_std
0.6815849372977592,0.0117278021956914,0.5522161123708742,0.06721835623751063,0.6877118033790367,0.05038561942066373,0.5728028404344193,0.04353727832659546,0.6517513227513227,0.07865976660638108,0.4373968253968254,0.1195268547238975,0.08918480700787744,0.09750370326949988
