{"_step":60,"_runtime":0.054414988,"_wandb":{"runtime":0},"avg_inner_best_models/train_loss_mean":0.47174004713694256,"avg_inner_best_models/val_loss_mean":0.6749156713485718,"_timestamp":1.7725534022216637e+09}