{"_wandb":{"runtime":0},"_runtime":0.040506453,"_step":30,"avg_inner_best_models/train_loss_mean":0.5234265848994255,"avg_inner_best_models/val_loss_mean":0.6343862613042196,"_timestamp":1.772511122264616e+09}