{"_timestamp":1.7725026123422601e+09,"_step":37,"avg_inner_best_models/train_loss_mean":0.4272199173768361,"avg_inner_best_models/val_loss_mean":0.6710732877254486,"_wandb":{"runtime":0},"_runtime":0.053698107}