{"avg_inner_best_models/train_loss_mean":0.6034702981511753,"_wandb":{"runtime":0},"_runtime":0.057431598,"avg_inner_best_models/val_loss_mean":0.6857283711433411,"avg_inner_best_models/val_auc_mean":0.6334033613445378,"_timestamp":1.772766644498506e+09,"_step":23}