{"_runtime":0.053880188,"avg_inner_best_models/train_loss_mean":0.5221146643161774,"avg_inner_best_models/val_loss_mean":0.6422256827354431,"_timestamp":1.7725042386745777e+09,"_step":49,"_wandb":{"runtime":0}}