{"avg_inner_best_models/train_loss_mean":0.519588033358256,"avg_inner_best_models/val_loss_mean":0.6359692215919495,"_runtime":0.056250754,"_wandb":{"runtime":0},"avg_inner_best_models/val_auc_mean":0.6785714285714286,"_timestamp":1.7727836608509653e+09,"_step":52}