outer_test_LOGLOSS_mean,outer_test_LOGLOSS_std,outer_test_AUC_mean,outer_test_AUC_std,outer_test_AUCPR_mean,outer_test_AUCPR_std,outer_test_ACC_mean,outer_test_ACC_std,outer_test_SEN_mean,outer_test_SEN_std,outer_test_SP_mean,outer_test_SP_std,outer_test_MCC_mean,outer_test_MCC_std
0.6728229889159523,0.019089587224049354,0.5684119425547998,0.093368790312367,0.6909665148116003,0.06800965508844545,0.6013617376775272,0.08152065095530853,0.7107407407407408,0.10480102582431727,0.41142857142857137,0.1487418510235179,0.12437518909275554,0.17724579849213165
