{"avg_inner_best_models/val_loss_mean":0.6476845294237137,"_timestamp":1.7725068816036608e+09,"_wandb":{"runtime":0},"_runtime":0.052442909,"_step":49,"avg_inner_best_models/train_loss_mean":0.4751088470220566}