{"avg_inner_best_models/train_loss_mean":0.5519141356150309,"avg_inner_best_models/val_loss_mean":0.7094468474388123,"_timestamp":1.7725397341838436e+09,"_step":54,"_wandb":{"runtime":0},"_runtime":0.053793191}