{"_wandb":{"runtime":0},"_runtime":0.037173353,"_timestamp":1.772523714418296e+09,"_step":47,"avg_inner_best_models/train_loss_mean":0.3696841076016426,"avg_inner_best_models/val_loss_mean":0.605068027973175}