{"avg_inner_best_models/train_loss_mean":0.5506751189629236,"avg_inner_best_models/val_loss_mean":0.6708184878031412,"_wandb":{"runtime":0},"_runtime":0.052997489,"_timestamp":1.772544779827797e+09,"_step":29}