outer_test_LOGLOSS_mean,outer_test_LOGLOSS_std,outer_test_AUC_mean,outer_test_AUC_std,outer_test_AUCPR_mean,outer_test_AUCPR_std,outer_test_ACC_mean,outer_test_ACC_std,outer_test_SEN_mean,outer_test_SEN_std,outer_test_SP_mean,outer_test_SP_std,outer_test_MCC_mean,outer_test_MCC_std
0.6808244111833835,0.011092975974730506,0.5570241874527588,0.04923362593178184,0.70460156422905,0.04651075079850547,0.5745071010860484,0.04574441365651976,0.6676613756613757,0.13972267001842148,0.41615873015873006,0.16070409675374972,0.08861887333834015,0.0798612418820848
