{"_runtime":0.054293336,"avg_inner_best_models/train_loss_mean":0.6145212948322296,"avg_inner_best_models/val_loss_mean":0.6574816306432089,"_timestamp":1.7725077907878938e+09,"_step":32,"_wandb":{"runtime":0}}