{"_step":64,"avg_inner_best_models/train_loss_mean":0.5760782907406489,"avg_inner_best_models/val_loss_mean":0.6905268629391988,"_wandb":{"runtime":0},"_runtime":0.054787204,"_timestamp":1.7725668204796348e+09}