{"avg_inner_best_models/val_loss_mean":0.6687992533047994,"_wandb":{"runtime":0},"_runtime":0.055714383,"_timestamp":1.7725591515756323e+09,"_step":59,"avg_inner_best_models/train_loss_mean":0.5047058264414469}