{"_step":47,"avg_inner_best_models/train_loss_mean":0.5916849871476492,"avg_inner_best_models/val_loss_mean":0.6687974333763123,"avg_inner_best_models/val_auc_mean":0.7198275862068965,"_timestamp":1.7728168611335058e+09,"_wandb":{"runtime":0},"_runtime":0.038046182}