outer_test_LOGLOSS_mean,outer_test_LOGLOSS_std,outer_test_AUC_mean,outer_test_AUC_std,outer_test_AUCPR_mean,outer_test_AUCPR_std,outer_test_ACC_mean,outer_test_ACC_std,outer_test_SEN_mean,outer_test_SEN_std,outer_test_SP_mean,outer_test_SP_std,outer_test_MCC_mean,outer_test_MCC_std
0.6853373514120671,0.015572861213178503,0.528841332829428,0.05650110727062409,0.6738262153402381,0.04009111680742679,0.5543379281537176,0.06367637024607069,0.639084656084656,0.14659247031172298,0.4063333333333334,0.14383225053711535,0.05281949296864056,0.10579128778563751
