outer_test_LOGLOSS_mean,outer_test_LOGLOSS_std,outer_test_AUC_mean,outer_test_AUC_std,outer_test_AUCPR_mean,outer_test_AUCPR_std,outer_test_ACC_mean,outer_test_ACC_std,outer_test_SEN_mean,outer_test_SEN_std,outer_test_SP_mean,outer_test_SP_std,outer_test_MCC_mean,outer_test_MCC_std
0.6853247368324626,0.015068523999343499,0.5287522045855381,0.05030627719289572,0.6758425065237672,0.031513914500640075,0.5505367585630744,0.08243015972269822,0.675015873015873,0.18570651703396288,0.3330793650793651,0.13679481228799897,0.018625183372305044,0.11962333075381781
