outer_test_LOGLOSS_mean,outer_test_LOGLOSS_std,outer_test_AUC_mean,outer_test_AUC_std,outer_test_AUCPR_mean,outer_test_AUCPR_std,outer_test_ACC_mean,outer_test_ACC_std,outer_test_SEN_mean,outer_test_SEN_std,outer_test_SP_mean,outer_test_SP_std,outer_test_MCC_mean,outer_test_MCC_std
0.6599954386907079,0.01949248934165158,0.577694066515495,0.07656718668496958,0.7107030675723286,0.07185293576420601,0.6257121971595655,0.050191971695387354,0.8663386243386244,0.09601482676537602,0.2060634920634921,0.11243460196064992,0.10759315392469357,0.135510032234739
