outer_test_LOGLOSS_mean,outer_test_LOGLOSS_std,outer_test_AUC_mean,outer_test_AUC_std,outer_test_AUCPR_mean,outer_test_AUCPR_std,outer_test_ACC_mean,outer_test_ACC_std,outer_test_SEN_mean,outer_test_SEN_std,outer_test_SP_mean,outer_test_SP_std,outer_test_MCC_mean,outer_test_MCC_std
0.6820907964201276,0.010142866132364954,0.5708529856386999,0.06804102031031498,0.7165164983036284,0.048973187326690794,0.5787176274018379,0.0560510612073029,0.6422275132275133,0.10241999765264463,0.4681269841269841,0.1758316045514313,0.10781898604302713,0.13617335789940288
