{"avg_inner_best_models/train_loss_mean":0.45858879884084064,"avg_inner_best_models/val_loss_mean":0.6115453044573466,"_timestamp":1.772514534104361e+09,"_step":37,"_wandb":{"runtime":0},"_runtime":0.037285931}