outer_test_LOGLOSS_mean,outer_test_LOGLOSS_std,outer_test_AUC_mean,outer_test_AUC_std,outer_test_AUCPR_mean,outer_test_AUCPR_std,outer_test_ACC_mean,outer_test_ACC_std,outer_test_SEN_mean,outer_test_SEN_std,outer_test_SP_mean,outer_test_SP_std,outer_test_MCC_mean,outer_test_MCC_std
0.6757143730147521,0.02128789120333636,0.5840407533383725,0.12020950272834542,0.7115785851567371,0.09506052377732058,0.58828111946533,0.09011713085996302,0.7067407407407408,0.12572632449739166,0.3820476190476191,0.10133888502226673,0.10013798018616771,0.18156923778943565
