{"avg_inner_best_models/val_loss_mean":0.6644124090671539,"avg_inner_best_models/val_auc_mean":0.6012931034482759,"_timestamp":1.7727553543845634e+09,"_wandb":{"runtime":0},"_runtime":0.052311568,"_step":26,"avg_inner_best_models/train_loss_mean":0.5335849225521088}