{"avg_inner_best_models/val_loss_mean":0.6242492198944092,"avg_inner_best_models/val_auc_mean":0.6875,"_timestamp":1.772770459112222e+09,"_wandb":{"runtime":0},"_runtime":0.05727786,"_step":56,"avg_inner_best_models/train_loss_mean":0.38516003886858624}