outer_test_LOGLOSS_mean,outer_test_LOGLOSS_std,outer_test_AUC_mean,outer_test_AUC_std,outer_test_AUCPR_mean,outer_test_AUCPR_std,outer_test_ACC_mean,outer_test_ACC_std,outer_test_SEN_mean,outer_test_SEN_std,outer_test_SP_mean,outer_test_SP_std,outer_test_MCC_mean,outer_test_MCC_std
0.6858514841317327,0.010845860086169206,0.5759641597379692,0.0598148893322554,0.7112461423994231,0.039003466721251344,0.5504720133667502,0.05027938092840279,0.5732486772486771,0.07764502047488633,0.5105396825396825,0.1115120116916358,0.08126152654667194,0.10534076120925713
