outer_test_LOGLOSS_mean,outer_test_LOGLOSS_std,outer_test_AUC_mean,outer_test_AUC_std,outer_test_AUCPR_mean,outer_test_AUCPR_std,outer_test_ACC_mean,outer_test_ACC_std,outer_test_SEN_mean,outer_test_SEN_std,outer_test_SP_mean,outer_test_SP_std,outer_test_MCC_mean,outer_test_MCC_std
0.6785363227968215,0.009001265629470134,0.6074750566893423,0.053736312865396006,0.7400139159743111,0.03351735678639272,0.5886361737677528,0.04836617146820449,0.61805291005291,0.11228504420998592,0.5401587301587302,0.1429741894708619,0.15696294747133138,0.09570870547337569
