{"_timestamp":1.7728261166503837e+09,"_step":38,"avg_inner_best_models/train_loss_mean":0.5186562538146973,"avg_inner_best_models/val_loss_mean":0.6144891381263733,"avg_inner_best_models/val_auc_mean":0.7058823529411764,"_wandb":{"runtime":0},"_runtime":0.038098422}