{"avg_inner_best_models/train_loss_mean":0.42796807239453,"avg_inner_best_models/val_loss_mean":0.614586333433787,"avg_inner_best_models/val_auc_mean":0.8189655172413792,"_wandb":{"runtime":0},"_runtime":0.074212241,"_timestamp":1.7728247400726604e+09,"_step":70}