outer_test_LOGLOSS_mean,outer_test_LOGLOSS_std,outer_test_AUC_mean,outer_test_AUC_std,outer_test_AUCPR_mean,outer_test_AUCPR_std,outer_test_ACC_mean,outer_test_ACC_std,outer_test_SEN_mean,outer_test_SEN_std,outer_test_SP_mean,outer_test_SP_std,outer_test_MCC_mean,outer_test_MCC_std
0.6867057642486732,0.012947059609078097,0.5536816578483245,0.11675626762866466,0.6941672116233399,0.09336392390513275,0.5718796992481203,0.0789051929135201,0.6622698412698412,0.12806248309813723,0.418936507936508,0.21425026102558437,0.0756992212540045,0.18191458222636614
