outer_test_LOGLOSS_mean,outer_test_LOGLOSS_std,outer_test_AUC_mean,outer_test_AUC_std,outer_test_AUCPR_mean,outer_test_AUCPR_std,outer_test_ACC_mean,outer_test_ACC_std,outer_test_SEN_mean,outer_test_SEN_std,outer_test_SP_mean,outer_test_SP_std,outer_test_MCC_mean,outer_test_MCC_std
0.6710033474097389,0.00847811799193947,0.5489761274880323,0.041202029568440594,0.6759402191655727,0.03270525413928884,0.5974603174603174,0.04018373023357553,0.7726243386243387,0.07442581445235613,0.2919523809523809,0.09723054449197739,0.07203907250280328,0.09666125493605152
