{"avg_inner_best_models/train_loss_mean":0.4663926164309184,"avg_inner_best_models/val_loss_mean":0.6474384069442749,"_timestamp":1.7725327405452816e+09,"_step":52,"_wandb":{"runtime":0},"_runtime":0.039630491}