outer_test_LOGLOSS_mean,outer_test_LOGLOSS_std,outer_test_AUC_mean,outer_test_AUC_std,outer_test_AUCPR_mean,outer_test_AUCPR_std,outer_test_ACC_mean,outer_test_ACC_std,outer_test_SEN_mean,outer_test_SEN_std,outer_test_SP_mean,outer_test_SP_std,outer_test_MCC_mean,outer_test_MCC_std
0.6580200780678663,0.012048636084009912,0.5997826908541194,0.041796668311669054,0.7194059149853287,0.04414188292871925,0.5956140350877193,0.028437591879951832,0.7704761904761905,0.10452625010709629,0.29047619047619044,0.12883570722351126,0.07013213122834909,0.04809846995911971
