{"avg_inner_best_models/val_loss_mean":0.6651077270507812,"_timestamp":1.7725204817590106e+09,"_step":44,"_wandb":{"runtime":0},"_runtime":0.037954945,"avg_inner_best_models/train_loss_mean":0.3530050019423167}