outer_test_LOGLOSS_mean,outer_test_LOGLOSS_std,outer_test_AUC_mean,outer_test_AUC_std,outer_test_AUCPR_mean,outer_test_AUCPR_std,outer_test_ACC_mean,outer_test_ACC_std,outer_test_SEN_mean,outer_test_SEN_std,outer_test_SP_mean,outer_test_SP_std,outer_test_MCC_mean,outer_test_MCC_std
0.6851999452732039,0.018728641045919005,0.5316647770219199,0.06972816116005708,0.6925560454823247,0.03393663203181057,0.5671052631578948,0.06913288064453224,0.6595238095238095,0.13437682188350494,0.41,0.1724375071657875,0.07470016476143893,0.14410572597056254
