outer_test_LOGLOSS_mean,outer_test_LOGLOSS_std,outer_test_AUC_mean,outer_test_AUC_std,outer_test_AUCPR_mean,outer_test_AUCPR_std,outer_test_ACC_mean,outer_test_ACC_std,outer_test_SEN_mean,outer_test_SEN_std,outer_test_SP_mean,outer_test_SP_std,outer_test_MCC_mean,outer_test_MCC_std
0.679346381525443,0.018803474836275525,0.5700839002267575,0.09114995751294332,0.7058900341011194,0.07138118611607855,0.5665267335004177,0.08119553993579302,0.6402804232804233,0.12698389184044845,0.4394761904761905,0.1435988707531006,0.08100943760180797,0.1572299676946956
