outer_test_LOGLOSS_mean,outer_test_LOGLOSS_std,outer_test_AUC_mean,outer_test_AUC_std,outer_test_AUCPR_mean,outer_test_AUCPR_std,outer_test_ACC_mean,outer_test_ACC_std,outer_test_SEN_mean,outer_test_SEN_std,outer_test_SP_mean,outer_test_SP_std,outer_test_MCC_mean,outer_test_MCC_std
0.6863821994625344,0.015934789846425115,0.5553919123204837,0.09712983899442063,0.6955063241462672,0.08123525158805509,0.5632790309106099,0.08446831244946942,0.614931216931217,0.16380652675697258,0.4720000000000001,0.17596849706782702,0.0873843065212425,0.15810101028537688
