outer_test_LOGLOSS_mean,outer_test_LOGLOSS_std,outer_test_AUC_mean,outer_test_AUC_std,outer_test_AUCPR_mean,outer_test_AUCPR_std,outer_test_ACC_mean,outer_test_ACC_std,outer_test_SEN_mean,outer_test_SEN_std,outer_test_SP_mean,outer_test_SP_std,outer_test_MCC_mean,outer_test_MCC_std
0.6705359797176679,0.015004417168358469,0.6153556311413454,0.06906753087461487,0.7353179951767518,0.03883423136865291,0.5975083542188806,0.07560259222254642,0.6388835978835978,0.15611257858131966,0.5291269841269841,0.13228207698114763,0.1765299874966133,0.14303921605574565
