outer_test_LOGLOSS_mean,outer_test_LOGLOSS_std,outer_test_AUC_mean,outer_test_AUC_std,outer_test_AUCPR_mean,outer_test_AUCPR_std,outer_test_ACC_mean,outer_test_ACC_std,outer_test_SEN_mean,outer_test_SEN_std,outer_test_SP_mean,outer_test_SP_std,outer_test_MCC_mean,outer_test_MCC_std
0.6786566401970561,0.011293804423578656,0.5992091206853112,0.05268057716643137,0.7242441147897656,0.0373764893515311,0.6069966583124478,0.050761206301010074,0.671968253968254,0.126113899204381,0.49684126984126975,0.1736492158947108,0.17136135734469207,0.11234524648324422
