{"_wandb":{"runtime":0},"_timestamp":1.7725159340605707e+09,"_step":72,"avg_inner_best_models/train_loss_mean":0.328708179295063,"avg_inner_best_models/val_loss_mean":0.6378863851229349,"_runtime":0.039807628}