{"_timestamp":1.7728127927318661e+09,"_step":59,"avg_inner_best_models/train_loss_mean":0.5047302767634392,"avg_inner_best_models/val_loss_mean":0.667198657989502,"avg_inner_best_models/val_auc_mean":0.6680672268907564,"_wandb":{"runtime":0},"_runtime":0.058379421}