{"_runtime":0.054809433,"_wandb":{"runtime":0},"avg_inner_best_models/train_loss_mean":0.5073999613523483,"avg_inner_best_models/val_loss_mean":0.6618227561314901,"_timestamp":1.7725364332902086e+09,"_step":39}