{"avg_inner_best_models/val_loss_mean":0.6998776495456696,"_timestamp":1.7725202934721086e+09,"_step":32,"_wandb":{"runtime":0},"_runtime":0.035733575,"avg_inner_best_models/train_loss_mean":0.5433002014954885}