{"avg_inner_best_models/val_loss_mean":0.6830499569574991,"avg_inner_best_models/val_auc_mean":0.6357758620689655,"_wandb":{"runtime":0},"_runtime":0.052907,"_timestamp":1.7727779598167717e+09,"_step":51,"avg_inner_best_models/train_loss_mean":0.46919214725494385}