{"avg_inner_best_models/val_auc_mean":0.5991379310344828,"_wandb":{"runtime":0},"_runtime":0.061681745,"_timestamp":1.7728108545880394e+09,"_step":61,"avg_inner_best_models/train_loss_mean":0.4614842136700948,"avg_inner_best_models/val_loss_mean":0.7242688735326132}