{"avg_inner_best_models/val_loss_mean":0.6526938378810883,"avg_inner_best_models/val_auc_mean":0.6659663865546218,"_timestamp":1.7727586440739686e+09,"_wandb":{"runtime":0},"_runtime":0.038817054,"_step":63,"avg_inner_best_models/train_loss_mean":0.5486453175544739}