{"avg_inner_best_models/train_loss_mean":0.4739999125401179,"avg_inner_best_models/val_loss_mean":0.6313134431838989,"_runtime":0.036101384,"_wandb":{"runtime":0},"avg_inner_best_models/val_auc_mean":0.7543103448275863,"_timestamp":1.7728013312287629e+09,"_step":29}