outer_test_LOGLOSS_mean,outer_test_LOGLOSS_std,outer_test_AUC_mean,outer_test_AUC_std,outer_test_AUCPR_mean,outer_test_AUCPR_std,outer_test_ACC_mean,outer_test_ACC_std,outer_test_SEN_mean,outer_test_SEN_std,outer_test_SP_mean,outer_test_SP_std,outer_test_MCC_mean,outer_test_MCC_std
0.6707522065007558,0.012450416624445706,0.6190563744016124,0.06416325819209309,0.7443553279804238,0.039759001045197605,0.6059649122807017,0.06130191857067313,0.6798518518518518,0.11459839637825915,0.47714285714285704,0.14888630170179085,0.15945410353357303,0.12702717410068715
