{"avg_inner_best_models/val_loss_mean":0.6548109650611877,"avg_inner_best_models/val_auc_mean":0.6077586206896551,"_timestamp":1.7727667385268135e+09,"_runtime":0.036443037,"_wandb":{"runtime":0},"_step":41,"avg_inner_best_models/train_loss_mean":0.4955390989780426}