{"avg_inner_folds/mean_logloss":0.6556487889105571,"avg_inner_curve/folds_count":1,"avg_inner_folds/mean_aucpr":0.7278036920258508,"avg_inner_curve/val_auc_mean":0.6267748478701827,"avg_inner_folds/std_acc":0.0521162680298395,"avg_inner_curve/val_loss_std":0,"_step":44,"avg_inner_folds/std_aucpr":0.09194300159522797,"_runtime":0,"avg_inner_curve/val_acc_mean":0.5869565217391305,"avg_inner_curve/train_loss_mean":0.4958632230758667,"_timestamp":1.772107469870212e+09,"avg_inner_curve/val_auc_std":0,"avg_inner_curve/val_acc_std":0,"avg_inner_folds/std_logloss":0.02855121454236576,"avg_inner_curve/train_loss_std":0,"avg_inner_folds/mean_acc":0.6060869565217392,"avg_inner_curve/val_loss_mean":0.6315923929214478,"avg_inner_folds/mean_auc":0.5552376122862939,"_wandb":{"runtime":0},"avg_inner_folds/std_auc":0.14885966804429282}