{"avg_inner_best_models/val_loss_mean":0.67907186349233,"_timestamp":1.7725013031940155e+09,"_step":37,"_wandb":{"runtime":0},"_runtime":0.051985042,"avg_inner_best_models/train_loss_mean":0.47784706701834995}