{"_timestamp":1.772757828737562e+09,"_wandb":{"runtime":0},"_runtime":0.060869091,"_step":78,"avg_inner_best_models/train_loss_mean":0.37254826724529266,"avg_inner_best_models/val_loss_mean":0.6316081285476685,"avg_inner_best_models/val_auc_mean":0.7289915966386555}