{"avg_inner_best_models/train_loss_mean":0.5196761687596639,"_wandb":{"runtime":0},"_runtime":0.036713901,"avg_inner_best_models/val_loss_mean":0.6735799610614777,"_timestamp":1.7725263045960994e+09,"_step":49}