outer_test_LOGLOSS_mean,outer_test_LOGLOSS_std,outer_test_AUC_mean,outer_test_AUC_std,outer_test_AUCPR_mean,outer_test_AUCPR_std,outer_test_ACC_mean,outer_test_ACC_std,outer_test_SEN_mean,outer_test_SEN_std,outer_test_SP_mean,outer_test_SP_std,outer_test_MCC_mean,outer_test_MCC_std
0.6808637065158663,0.008555514916115762,0.5848994708994709,0.05609992454559524,0.7051517090190418,0.037224761148897494,0.5752255639097744,0.06020882444640396,0.6578201058201057,0.11099289038114336,0.4342539682539681,0.17906914480896435,0.09278842949619284,0.14739215216479168
