outer_test_LOGLOSS_mean,outer_test_LOGLOSS_std,outer_test_AUC_mean,outer_test_AUC_std,outer_test_AUCPR_mean,outer_test_AUCPR_std,outer_test_ACC_mean,outer_test_ACC_std,outer_test_SEN_mean,outer_test_SEN_std,outer_test_SP_mean,outer_test_SP_std,outer_test_MCC_mean,outer_test_MCC_std
0.6779218435733875,0.013998646342958802,0.5749014865205341,0.07888720235201169,0.7124078618301803,0.06913356956355178,0.5829051796157059,0.05605676935001671,0.6487513227513229,0.1253259879055261,0.46779365079365076,0.17194108091929353,0.12004713031287771,0.12363201516568056
