outer_test_LOGLOSS_mean,outer_test_LOGLOSS_std,outer_test_AUC_mean,outer_test_AUC_std,outer_test_AUCPR_mean,outer_test_AUCPR_std,outer_test_ACC_mean,outer_test_ACC_std,outer_test_SEN_mean,outer_test_SEN_std,outer_test_SP_mean,outer_test_SP_std,outer_test_MCC_mean,outer_test_MCC_std
0.6807909821826398,0.008124471516655556,0.5871755479969766,0.06838263437016506,0.7215339484503335,0.050931562977951005,0.6014202172096909,0.07529946957170133,0.6908624338624338,0.14943727148615887,0.44719047619047614,0.17143790811192366,0.15789582529658241,0.17660968105886554
