outer_test_LOGLOSS_mean,outer_test_LOGLOSS_std,outer_test_AUC_mean,outer_test_AUC_std,outer_test_AUCPR_mean,outer_test_AUCPR_std,outer_test_ACC_mean,outer_test_ACC_std,outer_test_SEN_mean,outer_test_SEN_std,outer_test_SP_mean,outer_test_SP_std,outer_test_MCC_mean,outer_test_MCC_std
0.6772430549775454,0.009221986421189555,0.5919174225245653,0.07305055419691872,0.7198121460331822,0.05039306131558285,0.589874686716792,0.05242788510498098,0.6431375661375661,0.055167122550183016,0.4980634920634922,0.13299001211300762,0.1378126630134589,0.12782121681185787
