{"avg_inner_best_models/train_loss_mean":0.4878769914309184,"avg_inner_best_models/val_loss_mean":0.5921777288118998,"avg_inner_best_models/val_auc_mean":0.8038793103448276,"_timestamp":1.7728133221331248e+09,"_step":35,"_wandb":{"runtime":0},"_runtime":0.051136781}