{"avg_inner_best_models/train_loss_mean":0.527243290344874,"avg_inner_best_models/val_loss_mean":0.6708866755167644,"_timestamp":1.7725635697863972e+09,"_wandb":{"runtime":0},"_runtime":0.058069156,"_step":59}