{"avg_inner_best_models/train_loss_mean":0.39583998173475266,"avg_inner_best_models/val_loss_mean":0.6324022014935812,"_wandb":{"runtime":0},"_runtime":0.056211405,"avg_inner_best_models/val_auc_mean":0.6810344827586207,"_timestamp":1.7728078441963077e+09,"_step":69}