{"_wandb":{"runtime":0},"_runtime":0.038360242,"_step":47,"avg_inner_best_models/train_loss_mean":0.2999960978825887,"avg_inner_best_models/val_loss_mean":0.5650243163108826,"_timestamp":1.772510111712576e+09}