{"_timestamp":1.7725192003837886e+09,"_wandb":{"runtime":0},"_runtime":0.034926573,"_step":29,"avg_inner_best_models/train_loss_mean":0.651443213224411,"avg_inner_best_models/val_loss_mean":0.7096510231494904}