{"avg_inner_best_models/val_auc_mean":0.5668103448275862,"_timestamp":1.7727792531263595e+09,"_step":31,"_wandb":{"runtime":0},"_runtime":0.03822825,"avg_inner_best_models/train_loss_mean":0.47962258259455365,"avg_inner_best_models/val_loss_mean":0.7151841223239899}