{"avg_inner_best_models/val_loss_mean":0.6910455624262491,"avg_inner_best_models/val_auc_mean":0.5991379310344828,"_timestamp":1.7727717477971842e+09,"_step":56,"_wandb":{"runtime":0},"_runtime":0.056274897,"avg_inner_best_models/train_loss_mean":0.5047696058948835}