{"avg_inner_best_models/train_loss_mean":0.5097276121377945,"avg_inner_best_models/val_loss_mean":0.6332350174585978,"_timestamp":1.772535236029479e+09,"_wandb":{"runtime":0},"_runtime":0.040019671,"_step":32}