{"avg_inner_best_models/val_auc_mean":0.7306034482758621,"_wandb":{"runtime":0},"_runtime":0.057058663,"_timestamp":1.772756916387031e+09,"_step":34,"avg_inner_best_models/train_loss_mean":0.5106317525108656,"avg_inner_best_models/val_loss_mean":0.6414506236712137}