{"avg_inner_best_models/val_loss_mean":0.6274620095888773,"avg_inner_best_models/val_auc_mean":0.6722689075630253,"_timestamp":1.7728298492395134e+09,"_step":80,"_wandb":{"runtime":0},"_runtime":0.055969027,"avg_inner_best_models/train_loss_mean":0.46787479768196744}