{"_wandb":{"runtime":0},"avg_inner_best_models/val_auc_mean":0.5924369747899161,"_timestamp":1.7727803774367764e+09,"_step":29,"avg_inner_best_models/train_loss_mean":0.5893138448397318,"avg_inner_best_models/val_loss_mean":0.6662599444389343,"_runtime":0.041172474}