{"_timestamp":1.772546879895413e+09,"_wandb":{"runtime":0},"_runtime":0.066525413,"_step":80,"avg_inner_best_models/train_loss_mean":0.33173250158627826,"avg_inner_best_models/val_loss_mean":0.6050954163074493}