outer_test_LOGLOSS_mean,outer_test_LOGLOSS_std,outer_test_AUC_mean,outer_test_AUC_std,outer_test_AUCPR_mean,outer_test_AUCPR_std,outer_test_ACC_mean,outer_test_ACC_std,outer_test_SEN_mean,outer_test_SEN_std,outer_test_SP_mean,outer_test_SP_std,outer_test_MCC_mean,outer_test_MCC_std
0.674048219024433,0.017155173132789563,0.5696447467876039,0.038579259567993344,0.7059117027019013,0.025078346204658306,0.5708020050125313,0.039652917867290714,0.7036507936507936,0.08362684516077638,0.33952380952380945,0.09146700581044204,0.0453763998908263,0.07487208169671139
