outer_test_LOGLOSS_mean,outer_test_LOGLOSS_std,outer_test_AUC_mean,outer_test_AUC_std,outer_test_AUCPR_mean,outer_test_AUCPR_std,outer_test_ACC_mean,outer_test_ACC_std,outer_test_SEN_mean,outer_test_SEN_std,outer_test_SP_mean,outer_test_SP_std,outer_test_MCC_mean,outer_test_MCC_std
0.6864634388200214,0.017158899184505,0.542359410430839,0.05001629506357585,0.6956676708323393,0.039763802377607016,0.541547619047619,0.05351348638255362,0.636031746031746,0.12576627170936364,0.3810476190476191,0.17029759021350016,0.0151565034479032,0.11808390163167493
