outer_test_LOGLOSS_mean,outer_test_LOGLOSS_std,outer_test_AUC_mean,outer_test_AUC_std,outer_test_AUCPR_mean,outer_test_AUCPR_std,outer_test_ACC_mean,outer_test_ACC_std,outer_test_SEN_mean,outer_test_SEN_std,outer_test_SP_mean,outer_test_SP_std,outer_test_MCC_mean,outer_test_MCC_std
0.6733897273175877,0.01321077454334175,0.566041509196271,0.059166638423654216,0.7118994183416141,0.04168603917891994,0.5897201336675021,0.044429614227614114,0.7357619047619048,0.09241049563171279,0.33652380952380945,0.09461076145540344,0.07933893729858987,0.0890444037234753
