{"_runtime":0.038413361,"avg_inner_best_models/train_loss_mean":0.5574506570895513,"avg_inner_best_models/val_loss_mean":0.6701382994651794,"avg_inner_best_models/val_auc_mean":0.726890756302521,"_timestamp":1.772792991358148e+09,"_step":46,"_wandb":{"runtime":0}}