{"_runtime":0,"avg_inner_folds/std_auc":0.06554057046221169,"avg_inner_curve/val_auc_std":0,"_step":41,"avg_inner_folds/mean_acc":0.5955555555555556,"avg_inner_curve/val_loss_std":0,"avg_inner_curve/val_auc_mean":0.6050420168067226,"avg_inner_curve/val_loss_mean":0.6561630566914877,"avg_inner_folds/mean_auc":0.5586460446247464,"avg_inner_folds/std_aucpr":0.04253193788045091,"_timestamp":1.772104596501357e+09,"avg_inner_curve/train_loss_mean":0.502005782994357,"avg_inner_folds/std_acc":0.0708327886689299,"avg_inner_folds/std_logloss":0.016050622527204055,"avg_inner_folds/mean_aucpr":0.7098710346866274,"avg_inner_curve/train_loss_std":0,"avg_inner_folds/mean_logloss":0.6743468597200181,"avg_inner_curve/val_acc_std":0,"avg_inner_curve/folds_count":1,"avg_inner_curve/val_acc_mean":0.6222222222222222,"_wandb":{"runtime":0}}