{"_wandb":{"runtime":0},"avg_inner_best_models/train_loss_mean":0.6423229922850927,"avg_inner_best_models/val_loss_mean":0.7249277432759603,"_timestamp":1.7725212925728893e+09,"_step":30,"_runtime":0.058264402}