{"_wandb":{"runtime":0},"_runtime":0.063612563,"_timestamp":1.7725661978513439e+09,"_step":62,"avg_inner_best_models/train_loss_mean":0.5693623125553131,"avg_inner_best_models/val_loss_mean":0.6843124032020569}