{"_timestamp":1.772821422036256e+09,"_step":71,"_wandb":{"runtime":0},"_runtime":0.058817217,"avg_inner_best_models/train_loss_mean":0.4984906663497289,"avg_inner_best_models/val_loss_mean":0.6953986684481303,"avg_inner_best_models/val_auc_mean":0.5378151260504201}