outer_test_LOGLOSS_mean,outer_test_LOGLOSS_std,outer_test_AUC_mean,outer_test_AUC_std,outer_test_AUCPR_mean,outer_test_AUCPR_std,outer_test_ACC_mean,outer_test_ACC_std,outer_test_SEN_mean,outer_test_SEN_std,outer_test_SP_mean,outer_test_SP_std,outer_test_MCC_mean,outer_test_MCC_std
0.6669890189535767,0.016920393678791577,0.5751270471151424,0.06273243162932204,0.7172354278223235,0.04207826426246666,0.5955806182121971,0.04874424599929024,0.7533862433862434,0.09744706909387997,0.3212539682539682,0.1078318801045416,0.08351263805536102,0.09601536882250512
