{"_runtime":0.056055951,"avg_inner_best_models/train_loss_mean":0.5739594101905823,"avg_inner_best_models/val_loss_mean":0.668302059173584,"_timestamp":1.772545534340563e+09,"_step":45,"_wandb":{"runtime":0}}