outer_test_LOGLOSS_mean,outer_test_LOGLOSS_std,outer_test_AUC_mean,outer_test_AUC_std,outer_test_AUCPR_mean,outer_test_AUCPR_std,outer_test_ACC_mean,outer_test_ACC_std,outer_test_SEN_mean,outer_test_SEN_std,outer_test_SP_mean,outer_test_SP_std,outer_test_MCC_mean,outer_test_MCC_std
0.6869536956504212,0.02111577001345836,0.5388164525069288,0.117062093323671,0.6775743014862405,0.09592613855893424,0.5729010025062657,0.06505180838995972,0.702952380952381,0.11772253991487898,0.3476984126984127,0.1258175464310537,0.05545064351501066,0.13020841789799106
