outer_test_LOGLOSS_mean,outer_test_LOGLOSS_std,outer_test_AUC_mean,outer_test_AUC_std,outer_test_AUCPR_mean,outer_test_AUCPR_std,outer_test_ACC_mean,outer_test_ACC_std,outer_test_SEN_mean,outer_test_SEN_std,outer_test_SP_mean,outer_test_SP_std,outer_test_MCC_mean,outer_test_MCC_std
0.6850970500906093,0.014910215089099243,0.5617849584278156,0.12496306756640659,0.6976746725238265,0.09072184350857519,0.5530910609857977,0.08537151857758796,0.6186560846560846,0.1083775800960942,0.441031746031746,0.21891199698212546,0.060652926326251105,0.20607164945711054
