{"_runtime":0.0698807,"avg_inner_best_models/val_auc_mean":0.7142857142857143,"_timestamp":1.7728124442494442e+09,"_step":65,"avg_inner_best_models/train_loss_mean":0.45868409673372906,"avg_inner_best_models/val_loss_mean":0.6343238651752472,"_wandb":{"runtime":0}}