{"avg_inner_best_models/val_loss_mean":0.6562105119228363,"_timestamp":1.7725425413646138e+09,"_step":44,"avg_inner_best_models/train_loss_mean":0.48670361439387005,"_wandb":{"runtime":0},"_runtime":0.053348093}