{"_timestamp":1.7724977673028884e+09,"_wandb":{"runtime":0},"_runtime":0.037526045,"_step":41,"avg_inner_best_models/train_loss_mean":0.3748452067375183,"avg_inner_best_models/val_loss_mean":0.6533657511075338}