{"avg_inner_best_models/train_loss_mean":0.008250591779748599,"avg_inner_best_models/val_loss_mean":1.0327412101647093,"_wandb":{"runtime":0},"_runtime":0.095918542,"_timestamp":1.772738206942709e+09,"_step":23}