{"avg_inner_best_models/train_loss_mean":0.3519062449534734,"_wandb":{"runtime":0},"_runtime":0.057816489,"avg_inner_best_models/val_loss_mean":0.6157096326351166,"_timestamp":1.7725250144433537e+09,"_step":42}