outer_test_LOGLOSS_mean,outer_test_LOGLOSS_std,outer_test_AUC_mean,outer_test_AUC_std,outer_test_AUCPR_mean,outer_test_AUCPR_std,outer_test_ACC_mean,outer_test_ACC_std,outer_test_SEN_mean,outer_test_SEN_std,outer_test_SP_mean,outer_test_SP_std,outer_test_MCC_mean,outer_test_MCC_std
0.6627123569226059,0.021207121055322794,0.6177626606198034,0.09216757047074856,0.7443087388234877,0.056293857978263376,0.6380952380952382,0.08140705001047724,0.7712698412698413,0.10399914723374629,0.40809523809523807,0.15067497418551296,0.19212508915332754,0.17712394572544893
