{"_runtime":0.055365092,"avg_inner_best_models/val_loss_mean":0.6451622843742371,"_timestamp":1.7725140739842677e+09,"_step":37,"avg_inner_best_models/train_loss_mean":0.40778811772664386,"_wandb":{"runtime":0}}