outer_test_LOGLOSS_mean,outer_test_LOGLOSS_std,outer_test_AUC_mean,outer_test_AUC_std,outer_test_AUCPR_mean,outer_test_AUCPR_std,outer_test_ACC_mean,outer_test_ACC_std,outer_test_SEN_mean,outer_test_SEN_std,outer_test_SP_mean,outer_test_SP_std,outer_test_MCC_mean,outer_test_MCC_std
0.6758385688625106,0.027497110862052587,0.5817488032249937,0.057939448387631015,0.702168517384815,0.03779971504394661,0.5871679197994988,0.07174045150045726,0.6749788359788361,0.16330109455329914,0.4366984126984127,0.13170465426743155,0.11923088612328697,0.10305987249951817
