{"avg_inner_best_models/val_loss_mean":0.6408162713050842,"avg_inner_best_models/val_auc_mean":0.7413793103448276,"_wandb":{"runtime":0},"_runtime":0.055951741,"_timestamp":1.7727598540305507e+09,"_step":47,"avg_inner_best_models/train_loss_mean":0.49747759103775024}