{"avg_inner_best_models/train_loss_mean":0.2467874325811863,"avg_inner_best_models/val_loss_mean":0.6812490622202555,"_timestamp":1.7725156500751696e+09,"_step":31,"_wandb":{"runtime":0},"_runtime":0.037815452}