{"avg_inner_best_models/val_loss_mean":0.6466805636882782,"avg_inner_best_models/val_auc_mean":0.6533613445378151,"_timestamp":1.77282355298925e+09,"_step":80,"avg_inner_best_models/train_loss_mean":0.3760650356610616,"_wandb":{"runtime":0},"_runtime":0.055957884}