{"avg_inner_best_models/val_auc_mean":0.7354571138800348,"_timestamp":1.7728635047389722e+09,"_step":33,"avg_inner_best_models/train_loss_mean":1.0494447996219,"_wandb":{"runtime":0},"_runtime":0.05753514,"avg_inner_best_models/val_loss_mean":0.6629078239202499}