outer_test_LOGLOSS_mean,outer_test_LOGLOSS_std,outer_test_AUC_mean,outer_test_AUC_std,outer_test_AUCPR_mean,outer_test_AUCPR_std,outer_test_ACC_mean,outer_test_ACC_std,outer_test_SEN_mean,outer_test_SEN_std,outer_test_SP_mean,outer_test_SP_std,outer_test_MCC_mean,outer_test_MCC_std
0.6789657175135635,0.01641789022421203,0.5735953010833962,0.08194754671615288,0.7083985495063883,0.07397167418196263,0.5735902255639098,0.07342783781161807,0.6645820105820107,0.1328299324167022,0.4155079365079365,0.10706265833620927,0.08912099821605536,0.1332682457367778
