{"_wandb":{"runtime":0},"_runtime":0.05726749,"_timestamp":1.7725220045641015e+09,"_step":64,"avg_inner_best_models/train_loss_mean":0.3585650051633517,"avg_inner_best_models/val_loss_mean":0.614395280679067}