{"avg_inner_best_models/train_loss_mean":0.5064371898770332,"_wandb":{"runtime":0},"_runtime":0.061517598,"avg_inner_best_models/val_loss_mean":0.6422963738441467,"avg_inner_best_models/val_auc_mean":0.7241379310344828,"_timestamp":1.7727656434964426e+09,"_step":59}