{"avg_inner_best_models/train_loss_mean":0.42753181358178455,"avg_inner_best_models/val_loss_mean":0.6404486298561096,"_timestamp":1.772547063906782e+09,"_step":47,"_wandb":{"runtime":0},"_runtime":0.064907882}