{"avg_inner_best_models/val_loss_mean":0.6668500900268555,"avg_inner_best_models/val_auc_mean":0.7327586206896552,"_timestamp":1.7727658868220303e+09,"_step":58,"_wandb":{"runtime":0},"_runtime":0.060090388,"avg_inner_best_models/train_loss_mean":0.49043916165828705}