{"_step":36,"_runtime":0.036973347,"_wandb":{"runtime":0},"avg_inner_best_models/train_loss_mean":0.2877849315603574,"avg_inner_best_models/val_loss_mean":0.6354670921961466,"_timestamp":1.7725138083504252e+09}