{"_timestamp":1.7725641317865329e+09,"_step":70,"_wandb":{"runtime":0},"_runtime":0.06118835,"avg_inner_best_models/train_loss_mean":0.38467716177304584,"avg_inner_best_models/val_loss_mean":0.602187971274058}