{"_runtime":0.040073655,"_wandb":{"runtime":0},"_step":63,"avg_inner_best_models/train_loss_mean":0.3675333112478256,"avg_inner_best_models/val_loss_mean":0.5897543430328369,"_timestamp":1.7725359675562384e+09}