{"_step":42,"avg_inner_best_models/train_loss_mean":0.4576562891403834,"avg_inner_best_models/val_loss_mean":0.6553233663241068,"_wandb":{"runtime":0},"_runtime":0.057857377,"avg_inner_best_models/val_auc_mean":0.7586206896551725,"_timestamp":1.7728171969697623e+09}