outer_test_LOGLOSS_mean,outer_test_LOGLOSS_std,outer_test_AUC_mean,outer_test_AUC_std,outer_test_AUCPR_mean,outer_test_AUCPR_std,outer_test_ACC_mean,outer_test_ACC_std,outer_test_SEN_mean,outer_test_SEN_std,outer_test_SP_mean,outer_test_SP_std,outer_test_MCC_mean,outer_test_MCC_std
0.6777339701177446,0.019328676466902173,0.5669700806248426,0.10975125898787084,0.6936270058215054,0.08461125206071028,0.5851169590643275,0.08317610032773813,0.6850740740740741,0.08896816614326902,0.4128253968253967,0.15176744772975917,0.09771473924449706,0.1818806347958457
