{"avg_inner_best_models/train_loss_mean":0.42074121038119,"avg_inner_best_models/val_loss_mean":0.6658414900302887,"_wandb":{"runtime":0},"_runtime":0.036764496,"_timestamp":1.7725296066602142e+09,"_step":53}