{"_step":51,"_wandb":{"runtime":0},"_runtime":0.061076254,"avg_inner_best_models/train_loss_mean":0.4502643843491872,"avg_inner_best_models/val_loss_mean":0.6248599886894226,"avg_inner_best_models/val_auc_mean":0.7801724137931034,"_timestamp":1.772778921115665e+09}