outer_test_LOGLOSS_mean,outer_test_LOGLOSS_std,outer_test_AUC_mean,outer_test_AUC_std,outer_test_AUCPR_mean,outer_test_AUCPR_std,outer_test_ACC_mean,outer_test_ACC_std,outer_test_SEN_mean,outer_test_SEN_std,outer_test_SP_mean,outer_test_SP_std,outer_test_MCC_mean,outer_test_MCC_std
0.6818416367472501,0.010399600413281923,0.6051130007558578,0.08942223108753239,0.7374007015267429,0.0733388761334575,0.5843859649122808,0.053567195963943375,0.6273333333333334,0.13669681908874015,0.514031746031746,0.2738733854503235,0.13709486015089656,0.18786519823850173
