outer_test_LOGLOSS_mean,outer_test_LOGLOSS_std,outer_test_AUC_mean,outer_test_AUC_std,outer_test_AUCPR_mean,outer_test_AUCPR_std,outer_test_ACC_mean,outer_test_ACC_std,outer_test_SEN_mean,outer_test_SEN_std,outer_test_SP_mean,outer_test_SP_std,outer_test_MCC_mean,outer_test_MCC_std
0.6855598393702377,0.007642268306390945,0.5793524817334342,0.06861854701764657,0.6999783051066409,0.048955904639559476,0.5600334168755222,0.06368851363917194,0.5924656084656084,0.09893339446392647,0.5007460317460318,0.1393928894333461,0.09061459983894432,0.13644507353794272
