{"avg_inner_folds/std_acc":0.14501562540294094,"_runtime":0,"_step":0,"avg_inner_folds/mean_acc":0.5611594202898551,"avg_inner_folds/mean_auc":0.612090698348305,"avg_inner_folds/std_auc":0.1756395208495497,"avg_inner_folds/std_aucpr":0.13273236004510972,"_timestamp":1.7721043706801522e+09,"avg_inner_folds/mean_aucpr":0.7460082397284924,"avg_inner_folds/mean_logloss":0.6669608285490441,"avg_inner_folds/std_logloss":0.048010167769789086,"_wandb":{"runtime":0}}