{"_timestamp":1.772758529935472e+09,"_step":78,"avg_inner_best_models/train_loss_mean":0.5007365147272745,"avg_inner_best_models/val_loss_mean":0.6332537531852722,"_wandb":{"runtime":0},"_runtime":0.068045863,"avg_inner_best_models/val_auc_mean":0.8214285714285714}