{"_step":69,"avg_inner_best_models/train_loss_mean":0.4712945570548375,"avg_inner_best_models/val_loss_mean":0.665448397397995,"avg_inner_best_models/val_auc_mean":0.726890756302521,"_wandb":{"runtime":0},"_runtime":0.070820813,"_timestamp":1.772750749474501e+09}