outer_test_LOGLOSS_mean,outer_test_LOGLOSS_std,outer_test_AUC_mean,outer_test_AUC_std,outer_test_AUCPR_mean,outer_test_AUCPR_std,outer_test_ACC_mean,outer_test_ACC_std,outer_test_SEN_mean,outer_test_SEN_std,outer_test_SP_mean,outer_test_SP_std,outer_test_MCC_mean,outer_test_MCC_std
0.6696710637868741,0.011103523859712283,0.5915533509700176,0.0854100958011448,0.7200158507838882,0.061100724749682735,0.5822848788638262,0.047838055079144466,0.6773333333333333,0.07970049926269267,0.41958730158730156,0.17882897091649605,0.09516609936095065,0.1377142209951854
