{"_runtime":0.067088143,"avg_inner_best_models/train_loss_mean":0.38598108291625977,"avg_inner_best_models/val_loss_mean":0.6127519607543945,"avg_inner_best_models/val_auc_mean":0.77079107505071,"_timestamp":1.7727636055746908e+09,"_step":80,"_wandb":{"runtime":0}}