{"_runtime":0.050691377,"_step":27,"avg_inner_best_models/train_loss_mean":0.44956133762995404,"avg_inner_best_models/val_loss_mean":0.6111212968826294,"_timestamp":1.772520387667173e+09,"_wandb":{"runtime":0}}