{"avg_inner_best_models/val_auc_mean":0.6659663865546219,"_timestamp":1.7727968866215312e+09,"_wandb":{"runtime":0},"_runtime":0.064615667,"_step":46,"avg_inner_best_models/train_loss_mean":0.42420204480489093,"avg_inner_best_models/val_loss_mean":0.6335854828357697}