outer_test_LOGLOSS_mean,outer_test_LOGLOSS_std,outer_test_AUC_mean,outer_test_AUC_std,outer_test_AUCPR_mean,outer_test_AUCPR_std,outer_test_ACC_mean,outer_test_ACC_std,outer_test_SEN_mean,outer_test_SEN_std,outer_test_SP_mean,outer_test_SP_std,outer_test_MCC_mean,outer_test_MCC_std
0.6896193303144751,0.009736606077487048,0.5493539934492315,0.05737014101836845,0.686671124617625,0.04433726754869813,0.5552067669172932,0.056767887229661286,0.5817354497354497,0.09000623597173486,0.5104285714285712,0.08428176444658038,0.09015546303486266,0.1017469394662219
