{"_runtime":0.051288317,"avg_inner_best_models/train_loss_mean":0.5025048951307932,"avg_inner_best_models/val_loss_mean":0.6773590445518494,"avg_inner_best_models/val_auc_mean":0.6092436974789917,"_timestamp":1.7728306553345764e+09,"_step":31,"_wandb":{"runtime":0}}