{"_step":29,"avg_inner_best_models/train_loss_mean":0.5241826338072618,"_wandb":{"runtime":0},"_runtime":0.052524074,"avg_inner_best_models/val_loss_mean":0.6449499030907948,"_timestamp":1.7725400858102732e+09}