outer_fold,inner_fold,hp_name,batch_size,learning_rate,weight_decay,rf_n_estimators,rf_max_depth,rf_min_samples_split,rf_min_samples_leaf,rf_max_features,rf_class_weight,rf_n_jobs,name,epoch,train_loss,train_auc,train_aucpr,train_acc,train_cindex,val_loss,val_auc,val_aucpr,val_acc,val_cindex,teacher_loss,student_survival_loss,student_repr_loss,student_feature_loss,smil_meta_train_loss,smil_meta_val_loss,smil_meta_val_ce,smil_align_fusion,smil_align_hidden,seed,degrading_modality,train_missing_prop
1,1,trees200_depth3_split2_leaf1_featsqrt_cwnone_trmiss60_degmodglobal,64,1.0,0.0,200,3,2,1,sqrt,none,-1,trees200_depth3_split2_leaf1_featsqrt_cwnone_trmiss60_degmodglobal,1,0.4917356920930325,0.9852315394242803,0.9855824279977042,0.9217877094972067,0.0,0.6746069069621373,0.6383399209486166,0.639884174600794,0.5777777777777777,0.0,0.0,0.0,0.0,0.0,0.0,0.0,0.0,0.0,0.0,18473,global,0.6
1,1,trees200_depth3_split2_leaf3_featsqrt_cwnone_trmiss60_degmodglobal,64,1.0,0.0,200,3,2,3,sqrt,none,-1,trees200_depth3_split2_leaf3_featsqrt_cwnone_trmiss60_degmodglobal,1,0.5048267217663421,0.981351689612015,0.9810614385433037,0.9106145251396648,0.0,0.6821404218917649,0.5938735177865614,0.6126419225017816,0.6222222222222222,0.0,0.0,0.0,0.0,0.0,0.0,0.0,0.0,0.0,0.0,18473,global,0.6
1,1,trees200_depth5_split2_leaf1_featsqrt_cwnone_trmiss60_degmodglobal,64,1.0,0.0,200,5,2,1,sqrt,none,-1,trees200_depth5_split2_leaf1_featsqrt_cwnone_trmiss60_degmodglobal,1,0.3783109510696828,0.9923028785982478,0.9923132483730941,0.9273743016759777,0.0,0.6589589116020236,0.6689723320158103,0.6994865643713445,0.5777777777777777,0.0,0.0,0.0,0.0,0.0,0.0,0.0,0.0,0.0,0.0,18473,global,0.6
1,1,trees200_depth5_split2_leaf3_featsqrt_cwnone_trmiss60_degmodglobal,64,1.0,0.0,200,5,2,3,sqrt,none,-1,trees200_depth5_split2_leaf3_featsqrt_cwnone_trmiss60_degmodglobal,1,0.41291006234776534,0.9880475594493117,0.9886520484089236,0.9217877094972067,0.0,0.6681344535275142,0.6363636363636364,0.6693437021485642,0.5555555555555556,0.0,0.0,0.0,0.0,0.0,0.0,0.0,0.0,0.0,0.0,18473,global,0.6
1,1,trees200_depthnone_split2_leaf1_featsqrt_cwnone_trmiss60_degmodglobal,64,1.0,0.0,200,none,2,1,sqrt,none,-1,trees200_depthnone_split2_leaf1_featsqrt_cwnone_trmiss60_degmodglobal,1,0.19832002463775011,1.0,1.0,1.0,0.0,0.6513162205175769,0.6778656126482213,0.6647947008239549,0.6,0.0,0.0,0.0,0.0,0.0,0.0,0.0,0.0,0.0,0.0,18473,global,0.6
1,1,trees200_depthnone_split2_leaf3_featsqrt_cwnone_trmiss60_degmodglobal,64,1.0,0.0,200,none,2,3,sqrt,none,-1,trees200_depthnone_split2_leaf3_featsqrt_cwnone_trmiss60_degmodglobal,1,0.30782370610391924,0.9991239048811014,0.9992169923402133,0.9720670391061452,0.0,0.6651433090419575,0.658102766798419,0.7025839037751813,0.6444444444444445,0.0,0.0,0.0,0.0,0.0,0.0,0.0,0.0,0.0,0.0,18473,global,0.6
1,1,trees500_depth3_split2_leaf1_featsqrt_cwnone_trmiss60_degmodglobal,64,1.0,0.0,500,3,2,1,sqrt,none,-1,trees500_depth3_split2_leaf1_featsqrt_cwnone_trmiss60_degmodglobal,1,0.48651743423732874,0.986232790988736,0.986703719971959,0.9162011173184358,0.0,0.6685085576377411,0.6818181818181818,0.6919863254200356,0.5333333333333333,0.0,0.0,0.0,0.0,0.0,0.0,0.0,0.0,0.0,0.0,18473,global,0.6
1,1,trees500_depth3_split2_leaf3_featsqrt_cwnone_trmiss60_degmodglobal,64,1.0,0.0,500,3,2,3,sqrt,none,-1,trees500_depth3_split2_leaf3_featsqrt_cwnone_trmiss60_degmodglobal,1,0.5019549298033548,0.983729662077597,0.9830617874122451,0.9162011173184358,0.0,0.668738613401843,0.6650197628458497,0.6985310929257208,0.5333333333333333,0.0,0.0,0.0,0.0,0.0,0.0,0.0,0.0,0.0,0.0,18473,global,0.6
1,1,trees500_depth5_split2_leaf1_featsqrt_cwnone_trmiss60_degmodglobal,64,1.0,0.0,500,5,2,1,sqrt,none,-1,trees500_depth5_split2_leaf1_featsqrt_cwnone_trmiss60_degmodglobal,1,0.37739729671266947,0.9934918648310388,0.9925635199338978,0.9217877094972067,0.0,0.665115905122093,0.6610671936758893,0.7082835842441803,0.5777777777777777,0.0,0.0,0.0,0.0,0.0,0.0,0.0,0.0,0.0,0.0,18473,global,0.6
1,1,trees500_depth5_split2_leaf3_featsqrt_cwnone_trmiss60_degmodglobal,64,1.0,0.0,500,5,2,3,sqrt,none,-1,trees500_depth5_split2_leaf3_featsqrt_cwnone_trmiss60_degmodglobal,1,0.4097143342368178,0.988610763454318,0.9885618052176839,0.9217877094972067,0.0,0.672434246217621,0.6146245059288538,0.6441998941238044,0.5777777777777777,0.0,0.0,0.0,0.0,0.0,0.0,0.0,0.0,0.0,0.0,18473,global,0.6
1,1,trees500_depthnone_split2_leaf1_featsqrt_cwnone_trmiss60_degmodglobal,64,1.0,0.0,500,none,2,1,sqrt,none,-1,trees500_depthnone_split2_leaf1_featsqrt_cwnone_trmiss60_degmodglobal,1,0.20105092002185854,1.0,0.9999999999999999,1.0,0.0,0.6446637904472448,0.6897233201581028,0.6556065796625455,0.5777777777777777,0.0,0.0,0.0,0.0,0.0,0.0,0.0,0.0,0.0,0.0,18473,global,0.6
1,1,trees500_depthnone_split2_leaf3_featsqrt_cwnone_trmiss60_degmodglobal,64,1.0,0.0,500,none,2,3,sqrt,none,-1,trees500_depthnone_split2_leaf3_featsqrt_cwnone_trmiss60_degmodglobal,1,0.30816305170953034,0.9986232790988735,0.9987801627200943,0.9776536312849162,0.0,0.660494260449431,0.6482213438735178,0.6731942665850325,0.5777777777777777,0.0,0.0,0.0,0.0,0.0,0.0,0.0,0.0,0.0,0.0,18473,global,0.6
1,2,trees200_depth3_split2_leaf1_featsqrt_cwnone_trmiss60_degmodglobal,64,1.0,0.0,200,3,2,1,sqrt,none,-1,trees200_depth3_split2_leaf1_featsqrt_cwnone_trmiss60_degmodglobal,1,0.48833717445557245,0.9921777221526908,0.9902971425930471,0.9162011173184358,0.0,0.7081782843253455,0.5513833992094862,0.5600417067587133,0.5555555555555556,0.0,0.0,0.0,0.0,0.0,0.0,0.0,0.0,0.0,0.0,18473,global,0.6
1,2,trees200_depth3_split2_leaf3_featsqrt_cwnone_trmiss60_degmodglobal,64,1.0,0.0,200,3,2,3,sqrt,none,-1,trees200_depth3_split2_leaf3_featsqrt_cwnone_trmiss60_degmodglobal,1,0.5083651068303949,0.9823529411764705,0.9805212022140112,0.9162011173184358,0.0,0.7187642386586088,0.49209486166007904,0.49694497159012846,0.5777777777777777,0.0,0.0,0.0,0.0,0.0,0.0,0.0,0.0,0.0,0.0,18473,global,0.6
1,2,trees200_depth5_split2_leaf1_featsqrt_cwnone_trmiss60_degmodglobal,64,1.0,0.0,200,5,2,1,sqrt,none,-1,trees200_depth5_split2_leaf1_featsqrt_cwnone_trmiss60_degmodglobal,1,0.3876857650960474,0.9974342928660825,0.9961067491827568,0.9273743016759777,0.0,0.7070578944833427,0.5276679841897234,0.5282910284117319,0.5555555555555556,0.0,0.0,0.0,0.0,0.0,0.0,0.0,0.0,0.0,0.0,18473,global,0.6
1,2,trees200_depth5_split2_leaf3_featsqrt_cwnone_trmiss60_degmodglobal,64,1.0,0.0,200,5,2,3,sqrt,none,-1,trees200_depth5_split2_leaf3_featsqrt_cwnone_trmiss60_degmodglobal,1,0.41826122227110213,0.9938673341677097,0.9941650226524724,0.9273743016759777,0.0,0.698896907398259,0.5474308300395256,0.5392221981610815,0.5333333333333333,0.0,0.0,0.0,0.0,0.0,0.0,0.0,0.0,0.0,0.0,18473,global,0.6
1,2,trees200_depthnone_split2_leaf1_featsqrt_cwnone_trmiss60_degmodglobal,64,1.0,0.0,200,none,2,1,sqrt,none,-1,trees200_depthnone_split2_leaf1_featsqrt_cwnone_trmiss60_degmodglobal,1,0.1868865612110526,1.0,0.9999999999999999,1.0,0.0,0.7463679045709717,0.5434782608695652,0.5443906107150007,0.5777777777777777,0.0,0.0,0.0,0.0,0.0,0.0,0.0,0.0,0.0,0.0,18473,global,0.6
1,2,trees200_depthnone_split2_leaf3_featsqrt_cwnone_trmiss60_degmodglobal,64,1.0,0.0,200,none,2,3,sqrt,none,-1,trees200_depthnone_split2_leaf3_featsqrt_cwnone_trmiss60_degmodglobal,1,0.3079057848022734,0.9983729662077596,0.9985942991695586,0.9664804469273743,0.0,0.7261835322503616,0.5316205533596838,0.5459028093226728,0.5333333333333333,0.0,0.0,0.0,0.0,0.0,0.0,0.0,0.0,0.0,0.0,18473,global,0.6
1,2,trees500_depth3_split2_leaf1_featsqrt_cwnone_trmiss60_degmodglobal,64,1.0,0.0,500,3,2,1,sqrt,none,-1,trees500_depth3_split2_leaf1_featsqrt_cwnone_trmiss60_degmodglobal,1,0.4875661890699384,0.9911764705882353,0.9896478656487513,0.9162011173184358,0.0,0.7098510965245172,0.5335968379446641,0.5228577343000679,0.5777777777777777,0.0,0.0,0.0,0.0,0.0,0.0,0.0,0.0,0.0,0.0,18473,global,0.6
1,2,trees500_depth3_split2_leaf3_featsqrt_cwnone_trmiss60_degmodglobal,64,1.0,0.0,500,3,2,3,sqrt,none,-1,trees500_depth3_split2_leaf3_featsqrt_cwnone_trmiss60_degmodglobal,1,0.5057965215594441,0.9893617021276595,0.9881805618113643,0.9106145251396648,0.0,0.716136717927459,0.5118577075098814,0.5170476133945927,0.5555555555555556,0.0,0.0,0.0,0.0,0.0,0.0,0.0,0.0,0.0,0.0,18473,global,0.6
1,2,trees500_depth5_split2_leaf1_featsqrt_cwnone_trmiss60_degmodglobal,64,1.0,0.0,500,5,2,1,sqrt,none,-1,trees500_depth5_split2_leaf1_featsqrt_cwnone_trmiss60_degmodglobal,1,0.38622705099111965,0.9957446808510638,0.9945112232081199,0.9329608938547486,0.0,0.7153593632290386,0.5296442687747036,0.52915650235636,0.5333333333333333,0.0,0.0,0.0,0.0,0.0,0.0,0.0,0.0,0.0,0.0,18473,global,0.6
1,2,trees500_depth5_split2_leaf3_featsqrt_cwnone_trmiss60_degmodglobal,64,1.0,0.0,500,5,2,3,sqrt,none,-1,trees500_depth5_split2_leaf3_featsqrt_cwnone_trmiss60_degmodglobal,1,0.41796711514455237,0.9953066332916145,0.9940141061098857,0.9217877094972067,0.0,0.7094436520230113,0.5454545454545454,0.5663371910755388,0.6,0.0,0.0,0.0,0.0,0.0,0.0,0.0,0.0,0.0,0.0,18473,global,0.6
1,2,trees500_depthnone_split2_leaf1_featsqrt_cwnone_trmiss60_degmodglobal,64,1.0,0.0,500,none,2,1,sqrt,none,-1,trees500_depthnone_split2_leaf1_featsqrt_cwnone_trmiss60_degmodglobal,1,0.1885086910798114,1.0,1.0,1.0,0.0,0.7625534494039655,0.4930830039525692,0.5216101895272541,0.4888888888888889,0.0,0.0,0.0,0.0,0.0,0.0,0.0,0.0,0.0,0.0,18473,global,0.6
1,2,trees500_depthnone_split2_leaf3_featsqrt_cwnone_trmiss60_degmodglobal,64,1.0,0.0,500,none,2,3,sqrt,none,-1,trees500_depthnone_split2_leaf3_featsqrt_cwnone_trmiss60_degmodglobal,1,0.3068879512904788,0.9991239048811014,0.999212424192826,0.9720670391061452,0.0,0.7190713595330106,0.5316205533596838,0.5378106091232063,0.5555555555555556,0.0,0.0,0.0,0.0,0.0,0.0,0.0,0.0,0.0,0.0,18473,global,0.6
1,3,trees200_depth3_split2_leaf1_featsqrt_cwnone_trmiss60_degmodglobal,64,1.0,0.0,200,3,2,1,sqrt,none,-1,trees200_depth3_split2_leaf1_featsqrt_cwnone_trmiss60_degmodglobal,1,0.48583779523823295,0.983745936484121,0.9824525316447417,0.9162011173184358,0.0,0.6585705616288123,0.6726190476190476,0.6853987449341387,0.6444444444444445,0.0,0.0,0.0,0.0,0.0,0.0,0.0,0.0,0.0,0.0,18473,global,0.6
1,3,trees200_depth3_split2_leaf3_featsqrt_cwnone_trmiss60_degmodglobal,64,1.0,0.0,200,3,2,3,sqrt,none,-1,trees200_depth3_split2_leaf3_featsqrt_cwnone_trmiss60_degmodglobal,1,0.4988323224974968,0.9814953738434609,0.9810813280985899,0.9050279329608939,0.0,0.6662033263955128,0.6369047619047619,0.6269904336540367,0.5777777777777777,0.0,0.0,0.0,0.0,0.0,0.0,0.0,0.0,0.0,0.0,18473,global,0.6
1,3,trees200_depth5_split2_leaf1_featsqrt_cwnone_trmiss60_degmodglobal,64,1.0,0.0,200,5,2,1,sqrt,none,-1,trees200_depth5_split2_leaf1_featsqrt_cwnone_trmiss60_degmodglobal,1,0.37551078084561834,0.993373343335834,0.9915233662784627,0.9385474860335196,0.0,0.649436869571097,0.6488095238095238,0.6707060715948591,0.5777777777777777,0.0,0.0,0.0,0.0,0.0,0.0,0.0,0.0,0.0,0.0,18473,global,0.6
1,3,trees200_depth5_split2_leaf3_featsqrt_cwnone_trmiss60_degmodglobal,64,1.0,0.0,200,5,2,3,sqrt,none,-1,trees200_depth5_split2_leaf3_featsqrt_cwnone_trmiss60_degmodglobal,1,0.4106903109663122,0.9932483120780194,0.9922015487430499,0.9385474860335196,0.0,0.6535641471979886,0.6686507936507936,0.6641237248294473,0.6444444444444445,0.0,0.0,0.0,0.0,0.0,0.0,0.0,0.0,0.0,0.0,18473,global,0.6
1,3,trees200_depthnone_split2_leaf1_featsqrt_cwnone_trmiss60_degmodglobal,64,1.0,0.0,200,none,2,1,sqrt,none,-1,trees200_depthnone_split2_leaf1_featsqrt_cwnone_trmiss60_degmodglobal,1,0.1946500815967056,1.0,1.0,1.0,0.0,0.6456422891878069,0.6488095238095238,0.6579177205664513,0.6444444444444445,0.0,0.0,0.0,0.0,0.0,0.0,0.0,0.0,0.0,0.0,18473,global,0.6
1,3,trees200_depthnone_split2_leaf3_featsqrt_cwnone_trmiss60_degmodglobal,64,1.0,0.0,200,none,2,3,sqrt,none,-1,trees200_depthnone_split2_leaf3_featsqrt_cwnone_trmiss60_degmodglobal,1,0.3054722936138208,0.9988747186796699,0.998985790998768,0.9608938547486033,0.0,0.6518238516691797,0.6607142857142857,0.6427770584580753,0.6444444444444445,0.0,0.0,0.0,0.0,0.0,0.0,0.0,0.0,0.0,0.0,18473,global,0.6
1,3,trees500_depth3_split2_leaf1_featsqrt_cwnone_trmiss60_degmodglobal,64,1.0,0.0,500,3,2,1,sqrt,none,-1,trees500_depth3_split2_leaf1_featsqrt_cwnone_trmiss60_degmodglobal,1,0.48545482275298485,0.9889347336834209,0.9887089428174377,0.9217877094972067,0.0,0.6668592642570397,0.6130952380952381,0.619095399159978,0.5555555555555556,0.0,0.0,0.0,0.0,0.0,0.0,0.0,0.0,0.0,0.0,18473,global,0.6
1,3,trees500_depth3_split2_leaf3_featsqrt_cwnone_trmiss60_degmodglobal,64,1.0,0.0,500,3,2,3,sqrt,none,-1,trees500_depth3_split2_leaf3_featsqrt_cwnone_trmiss60_degmodglobal,1,0.5026767662432037,0.9858714678669668,0.9850844692127159,0.9162011173184358,0.0,0.6674983872083633,0.626984126984127,0.5950062122064159,0.6444444444444445,0.0,0.0,0.0,0.0,0.0,0.0,0.0,0.0,0.0,0.0,18473,global,0.6
1,3,trees500_depth5_split2_leaf1_featsqrt_cwnone_trmiss60_degmodglobal,64,1.0,0.0,500,5,2,1,sqrt,none,-1,trees500_depth5_split2_leaf1_featsqrt_cwnone_trmiss60_degmodglobal,1,0.37686023427821624,0.9941235308827208,0.9936795139739467,0.9441340782122905,0.0,0.6555407663074652,0.6587301587301587,0.6832080464648812,0.6,0.0,0.0,0.0,0.0,0.0,0.0,0.0,0.0,0.0,0.0,18473,global,0.6
1,3,trees500_depth5_split2_leaf3_featsqrt_cwnone_trmiss60_degmodglobal,64,1.0,0.0,500,5,2,3,sqrt,none,-1,trees500_depth5_split2_leaf3_featsqrt_cwnone_trmiss60_degmodglobal,1,0.4099474012418239,0.9905601400350087,0.9906019761460778,0.9273743016759777,0.0,0.6615256597573942,0.6359126984126984,0.6412807423432876,0.6222222222222222,0.0,0.0,0.0,0.0,0.0,0.0,0.0,0.0,0.0,0.0,18473,global,0.6
1,3,trees500_depthnone_split2_leaf1_featsqrt_cwnone_trmiss60_degmodglobal,64,1.0,0.0,500,none,2,1,sqrt,none,-1,trees500_depthnone_split2_leaf1_featsqrt_cwnone_trmiss60_degmodglobal,1,0.19348252625994372,1.0,1.0,1.0,0.0,0.6348758686283559,0.6736111111111112,0.6701770362213282,0.6222222222222222,0.0,0.0,0.0,0.0,0.0,0.0,0.0,0.0,0.0,0.0,18473,global,0.6
1,3,trees500_depthnone_split2_leaf3_featsqrt_cwnone_trmiss60_degmodglobal,64,1.0,0.0,500,none,2,3,sqrt,none,-1,trees500_depthnone_split2_leaf3_featsqrt_cwnone_trmiss60_degmodglobal,1,0.306774193245559,0.9978744686171543,0.998051580541719,0.9553072625698324,0.0,0.6535401853346033,0.6607142857142857,0.6704446662008108,0.6222222222222222,0.0,0.0,0.0,0.0,0.0,0.0,0.0,0.0,0.0,0.0,18473,global,0.6
1,4,trees200_depth3_split2_leaf1_featsqrt_cwnone_trmiss60_degmodglobal,64,1.0,0.0,200,3,2,1,sqrt,none,-1,trees200_depth3_split2_leaf1_featsqrt_cwnone_trmiss60_degmodglobal,1,0.5074089243326461,0.9866216554138535,0.986029367740964,0.9106145251396648,0.0,0.6567285121206764,0.7380952380952381,0.7794319758978404,0.6888888888888889,0.0,0.0,0.0,0.0,0.0,0.0,0.0,0.0,0.0,0.0,18473,global,0.6
1,4,trees200_depth3_split2_leaf3_featsqrt_cwnone_trmiss60_degmodglobal,64,1.0,0.0,200,3,2,3,sqrt,none,-1,trees200_depth3_split2_leaf3_featsqrt_cwnone_trmiss60_degmodglobal,1,0.5200606388839911,0.98512128032008,0.9827144486061463,0.9106145251396648,0.0,0.6658736833125156,0.6904761904761905,0.7529439030774808,0.6666666666666666,0.0,0.0,0.0,0.0,0.0,0.0,0.0,0.0,0.0,0.0,18473,global,0.6
1,4,trees200_depth5_split2_leaf1_featsqrt_cwnone_trmiss60_degmodglobal,64,1.0,0.0,200,5,2,1,sqrt,none,-1,trees200_depth5_split2_leaf1_featsqrt_cwnone_trmiss60_degmodglobal,1,0.39484440460490994,0.9936234058514629,0.9915809996455157,0.9385474860335196,0.0,0.6506801826749682,0.736111111111111,0.7492991797558082,0.6888888888888889,0.0,0.0,0.0,0.0,0.0,0.0,0.0,0.0,0.0,0.0,18473,global,0.6
1,4,trees200_depth5_split2_leaf3_featsqrt_cwnone_trmiss60_degmodglobal,64,1.0,0.0,200,5,2,3,sqrt,none,-1,trees200_depth5_split2_leaf3_featsqrt_cwnone_trmiss60_degmodglobal,1,0.4324911928751134,0.9922480620155039,0.9904630017533242,0.9162011173184358,0.0,0.6461313192431277,0.7321428571428572,0.7777836190993853,0.6444444444444445,0.0,0.0,0.0,0.0,0.0,0.0,0.0,0.0,0.0,0.0,18473,global,0.6
1,4,trees200_depthnone_split2_leaf1_featsqrt_cwnone_trmiss60_degmodglobal,64,1.0,0.0,200,none,2,1,sqrt,none,-1,trees200_depthnone_split2_leaf1_featsqrt_cwnone_trmiss60_degmodglobal,1,0.2013026976780357,1.0,1.0,1.0,0.0,0.6578081665796576,0.6428571428571428,0.6846683111677138,0.6,0.0,0.0,0.0,0.0,0.0,0.0,0.0,0.0,0.0,0.0,18473,global,0.6
1,4,trees200_depthnone_split2_leaf3_featsqrt_cwnone_trmiss60_degmodglobal,64,1.0,0.0,200,none,2,3,sqrt,none,-1,trees200_depthnone_split2_leaf3_featsqrt_cwnone_trmiss60_degmodglobal,1,0.31553604637285637,0.9991247811952988,0.999247311827957,0.9497206703910615,0.0,0.6427987994767557,0.7222222222222222,0.7419640998320998,0.7555555555555555,0.0,0.0,0.0,0.0,0.0,0.0,0.0,0.0,0.0,0.0,18473,global,0.6
1,4,trees500_depth3_split2_leaf1_featsqrt_cwnone_trmiss60_degmodglobal,64,1.0,0.0,500,3,2,1,sqrt,none,-1,trees500_depth3_split2_leaf1_featsqrt_cwnone_trmiss60_degmodglobal,1,0.5050438119612237,0.9869342335583896,0.9866495052051509,0.9106145251396648,0.0,0.6588418861899997,0.7162698412698413,0.7753701433520066,0.6,0.0,0.0,0.0,0.0,0.0,0.0,0.0,0.0,0.0,0.0,18473,global,0.6
1,4,trees500_depth3_split2_leaf3_featsqrt_cwnone_trmiss60_degmodglobal,64,1.0,0.0,500,3,2,3,sqrt,none,-1,trees500_depth3_split2_leaf3_featsqrt_cwnone_trmiss60_degmodglobal,1,0.5221940860303401,0.985933983495874,0.9841953812077163,0.9106145251396648,0.0,0.6599505813153512,0.6924603174603174,0.7732916745901907,0.6666666666666666,0.0,0.0,0.0,0.0,0.0,0.0,0.0,0.0,0.0,0.0,18473,global,0.6
1,4,trees500_depth5_split2_leaf1_featsqrt_cwnone_trmiss60_degmodglobal,64,1.0,0.0,500,5,2,1,sqrt,none,-1,trees500_depth5_split2_leaf1_featsqrt_cwnone_trmiss60_degmodglobal,1,0.4005866094090332,0.9948112028007001,0.9923215654934824,0.9385474860335196,0.0,0.6495246215157717,0.7261904761904762,0.762420235778392,0.6444444444444445,0.0,0.0,0.0,0.0,0.0,0.0,0.0,0.0,0.0,0.0,18473,global,0.6
1,4,trees500_depth5_split2_leaf3_featsqrt_cwnone_trmiss60_degmodglobal,64,1.0,0.0,500,5,2,3,sqrt,none,-1,trees500_depth5_split2_leaf3_featsqrt_cwnone_trmiss60_degmodglobal,1,0.4311409207952872,0.989247311827957,0.9884649034510121,0.9273743016759777,0.0,0.648242023628857,0.7311507936507936,0.7801240992936948,0.6666666666666666,0.0,0.0,0.0,0.0,0.0,0.0,0.0,0.0,0.0,0.0,18473,global,0.6
1,4,trees500_depthnone_split2_leaf1_featsqrt_cwnone_trmiss60_degmodglobal,64,1.0,0.0,500,none,2,1,sqrt,none,-1,trees500_depthnone_split2_leaf1_featsqrt_cwnone_trmiss60_degmodglobal,1,0.19810591912442121,1.0,0.9999999999999999,1.0,0.0,0.6493959787705165,0.6696428571428572,0.7217339887932023,0.6222222222222222,0.0,0.0,0.0,0.0,0.0,0.0,0.0,0.0,0.0,0.0,18473,global,0.6
1,4,trees500_depthnone_split2_leaf3_featsqrt_cwnone_trmiss60_degmodglobal,64,1.0,0.0,500,none,2,3,sqrt,none,-1,trees500_depthnone_split2_leaf3_featsqrt_cwnone_trmiss60_degmodglobal,1,0.31742545943270706,0.9988747186796699,0.9990512333965844,0.9497206703910615,0.0,0.6482134297313746,0.7083333333333333,0.7094276282836043,0.6,0.0,0.0,0.0,0.0,0.0,0.0,0.0,0.0,0.0,0.0,18473,global,0.6
1,5,trees200_depth3_split2_leaf1_featsqrt_cwnone_trmiss60_degmodglobal,64,1.0,0.0,200,3,2,1,sqrt,none,-1,trees200_depth3_split2_leaf1_featsqrt_cwnone_trmiss60_degmodglobal,1,0.49578708803323135,0.9813829787234042,0.9807765652989053,0.9111111111111111,0.0,0.6901855605203822,0.5372670807453416,0.6524888410044335,0.5,0.0,0.0,0.0,0.0,0.0,0.0,0.0,0.0,0.0,0.0,18473,global,0.6
1,5,trees200_depth3_split2_leaf3_featsqrt_cwnone_trmiss60_degmodglobal,64,1.0,0.0,200,3,2,3,sqrt,none,-1,trees200_depth3_split2_leaf3_featsqrt_cwnone_trmiss60_degmodglobal,1,0.5140094820351243,0.9789708065314201,0.9774322798670687,0.9111111111111111,0.0,0.6783103869555388,0.5766045548654244,0.6963225372055575,0.5,0.0,0.0,0.0,0.0,0.0,0.0,0.0,0.0,0.0,0.0,18473,global,0.6
1,5,trees200_depth5_split2_leaf1_featsqrt_cwnone_trmiss60_degmodglobal,64,1.0,0.0,200,5,2,1,sqrt,none,-1,trees200_depth5_split2_leaf1_featsqrt_cwnone_trmiss60_degmodglobal,1,0.39106978555090455,0.9965982187036121,0.9940898345153663,0.9333333333333333,0.0,0.6843399767067763,0.5248447204968945,0.6532516824064548,0.4090909090909091,0.0,0.0,0.0,0.0,0.0,0.0,0.0,0.0,0.0,0.0,18473,global,0.6
1,5,trees200_depth5_split2_leaf3_featsqrt_cwnone_trmiss60_degmodglobal,64,1.0,0.0,200,5,2,3,sqrt,none,-1,trees200_depth5_split2_leaf3_featsqrt_cwnone_trmiss60_degmodglobal,1,0.42240316578847514,0.9894854032657101,0.987835259803241,0.9222222222222223,0.0,0.6984696511535806,0.5,0.5764589892314596,0.5,0.0,0.0,0.0,0.0,0.0,0.0,0.0,0.0,0.0,0.0,18473,global,0.6
1,5,trees200_depthnone_split2_leaf1_featsqrt_cwnone_trmiss60_degmodglobal,64,1.0,0.0,200,none,2,1,sqrt,none,-1,trees200_depthnone_split2_leaf1_featsqrt_cwnone_trmiss60_degmodglobal,1,0.19808611772936022,1.0,0.9999999999999998,1.0,0.0,0.6924177782047463,0.5331262939958592,0.5600636738410723,0.5,0.0,0.0,0.0,0.0,0.0,0.0,0.0,0.0,0.0,0.0,18473,global,0.6
1,5,trees200_depthnone_split2_leaf3_featsqrt_cwnone_trmiss60_degmodglobal,64,1.0,0.0,200,none,2,3,sqrt,none,-1,trees200_depthnone_split2_leaf3_featsqrt_cwnone_trmiss60_degmodglobal,1,0.31547377949510497,0.9982681840672933,0.9984521672014659,0.9555555555555556,0.0,0.6838336587488105,0.5134575569358177,0.6361911105470565,0.4772727272727273,0.0,0.0,0.0,0.0,0.0,0.0,0.0,0.0,0.0,0.0,18473,global,0.6
1,5,trees500_depth3_split2_leaf1_featsqrt_cwnone_trmiss60_degmodglobal,64,1.0,0.0,500,3,2,1,sqrt,none,-1,trees500_depth3_split2_leaf1_featsqrt_cwnone_trmiss60_degmodglobal,1,0.49766830328930683,0.982929242949035,0.982570279843467,0.9166666666666666,0.0,0.6918942192081246,0.4834368530020704,0.6258665089228607,0.4318181818181818,0.0,0.0,0.0,0.0,0.0,0.0,0.0,0.0,0.0,0.0,18473,global,0.6
1,5,trees500_depth3_split2_leaf3_featsqrt_cwnone_trmiss60_degmodglobal,64,1.0,0.0,500,3,2,3,sqrt,none,-1,trees500_depth3_split2_leaf3_featsqrt_cwnone_trmiss60_degmodglobal,1,0.5122603699101862,0.9764967837704107,0.9769964656085738,0.9166666666666666,0.0,0.6862684297210837,0.5196687370600415,0.6444800722103178,0.4772727272727273,0.0,0.0,0.0,0.0,0.0,0.0,0.0,0.0,0.0,0.0,18473,global,0.6
1,5,trees500_depth5_split2_leaf1_featsqrt_cwnone_trmiss60_degmodglobal,64,1.0,0.0,500,5,2,1,sqrt,none,-1,trees500_depth5_split2_leaf1_featsqrt_cwnone_trmiss60_degmodglobal,1,0.38822771157154046,0.9940623453735775,0.9938890803039188,0.9333333333333333,0.0,0.6836143700333486,0.5279503105590062,0.6338539030188723,0.5227272727272727,0.0,0.0,0.0,0.0,0.0,0.0,0.0,0.0,0.0,0.0,18473,global,0.6
1,5,trees500_depth5_split2_leaf3_featsqrt_cwnone_trmiss60_degmodglobal,64,1.0,0.0,500,5,2,3,sqrt,none,-1,trees500_depth5_split2_leaf3_featsqrt_cwnone_trmiss60_degmodglobal,1,0.4249730058428068,0.9920212765957446,0.9919373388534743,0.9222222222222223,0.0,0.6792156017305934,0.5445134575569359,0.6445069642864805,0.5,0.0,0.0,0.0,0.0,0.0,0.0,0.0,0.0,0.0,0.0,18473,global,0.6
1,5,trees500_depthnone_split2_leaf1_featsqrt_cwnone_trmiss60_degmodglobal,64,1.0,0.0,500,none,2,1,sqrt,none,-1,trees500_depthnone_split2_leaf1_featsqrt_cwnone_trmiss60_degmodglobal,1,0.20125606974352991,1.0,1.0,1.0,0.0,0.6854349959256439,0.5455486542443064,0.5978514900839731,0.5,0.0,0.0,0.0,0.0,0.0,0.0,0.0,0.0,0.0,0.0,18473,global,0.6
1,5,trees500_depthnone_split2_leaf3_featsqrt_cwnone_trmiss60_degmodglobal,64,1.0,0.0,500,none,2,3,sqrt,none,-1,trees500_depthnone_split2_leaf3_featsqrt_cwnone_trmiss60_degmodglobal,1,0.3140382737424148,0.9992577931716972,0.9993382200789892,0.9555555555555556,0.0,0.6724860335201206,0.5424430641821947,0.6628694903161287,0.5227272727272727,0.0,0.0,0.0,0.0,0.0,0.0,0.0,0.0,0.0,0.0,18473,global,0.6
2,1,trees200_depth3_split2_leaf1_featsqrt_cwnone_trmiss60_degmodglobal,64,1.0,0.0,200,3,2,1,sqrt,none,-1,trees200_depth3_split2_leaf1_featsqrt_cwnone_trmiss60_degmodglobal,1,0.5053008333809021,0.9900928792569659,0.9901711657828973,0.8888888888888888,0.0,0.6963002574505042,0.46936758893280633,0.62757528738662,0.4222222222222222,0.0,0.0,0.0,0.0,0.0,0.0,0.0,0.0,0.0,0.0,18473,global,0.6
2,1,trees200_depth3_split2_leaf3_featsqrt_cwnone_trmiss60_degmodglobal,64,1.0,0.0,200,3,2,3,sqrt,none,-1,trees200_depth3_split2_leaf3_featsqrt_cwnone_trmiss60_degmodglobal,1,0.5148364190913683,0.9841486068111455,0.9814678763668883,0.9111111111111111,0.0,0.6932227340585064,0.47529644268774707,0.6006894194386987,0.4444444444444444,0.0,0.0,0.0,0.0,0.0,0.0,0.0,0.0,0.0,0.0,18473,global,0.6
2,1,trees200_depth5_split2_leaf1_featsqrt_cwnone_trmiss60_degmodglobal,64,1.0,0.0,200,5,2,1,sqrt,none,-1,trees200_depth5_split2_leaf1_featsqrt_cwnone_trmiss60_degmodglobal,1,0.39797336899272395,0.9930650154798761,0.993084086362696,0.9444444444444444,0.0,0.6969137553048493,0.5,0.6016134599491036,0.4666666666666667,0.0,0.0,0.0,0.0,0.0,0.0,0.0,0.0,0.0,0.0,18473,global,0.6
2,1,trees200_depth5_split2_leaf3_featsqrt_cwnone_trmiss60_degmodglobal,64,1.0,0.0,200,5,2,3,sqrt,none,-1,trees200_depth5_split2_leaf3_featsqrt_cwnone_trmiss60_degmodglobal,1,0.4262006507154151,0.9876160990712075,0.988776127236569,0.9444444444444444,0.0,0.7145810717796177,0.42193675889328064,0.540519343384326,0.4,0.0,0.0,0.0,0.0,0.0,0.0,0.0,0.0,0.0,0.0,18473,global,0.6
2,1,trees200_depthnone_split2_leaf1_featsqrt_cwnone_trmiss60_degmodglobal,64,1.0,0.0,200,none,2,1,sqrt,none,-1,trees200_depthnone_split2_leaf1_featsqrt_cwnone_trmiss60_degmodglobal,1,0.201801158413158,1.0,0.9999999999999999,1.0,0.0,0.7038109786448723,0.4990118577075099,0.5785574128959261,0.4666666666666667,0.0,0.0,0.0,0.0,0.0,0.0,0.0,0.0,0.0,0.0,18473,global,0.6
2,1,trees200_depthnone_split2_leaf3_featsqrt_cwnone_trmiss60_degmodglobal,64,1.0,0.0,200,none,2,3,sqrt,none,-1,trees200_depthnone_split2_leaf3_featsqrt_cwnone_trmiss60_degmodglobal,1,0.3179335637617629,0.9967801857585139,0.9972062511493027,0.9555555555555556,0.0,0.7042103402337977,0.4980237154150198,0.5463395877902832,0.4666666666666667,0.0,0.0,0.0,0.0,0.0,0.0,0.0,0.0,0.0,0.0,18473,global,0.6
2,1,trees500_depth3_split2_leaf1_featsqrt_cwnone_trmiss60_degmodglobal,64,1.0,0.0,500,3,2,1,sqrt,none,-1,trees500_depth3_split2_leaf1_featsqrt_cwnone_trmiss60_degmodglobal,1,0.5055810895317164,0.9890402476780186,0.9888128158474128,0.9055555555555556,0.0,0.7041301137521616,0.43774703557312244,0.5876577903309569,0.37777777777777777,0.0,0.0,0.0,0.0,0.0,0.0,0.0,0.0,0.0,0.0,18473,global,0.6
2,1,trees500_depth3_split2_leaf3_featsqrt_cwnone_trmiss60_degmodglobal,64,1.0,0.0,500,3,2,3,sqrt,none,-1,trees500_depth3_split2_leaf3_featsqrt_cwnone_trmiss60_degmodglobal,1,0.5190021604996308,0.9880495356037151,0.9875515426339992,0.9055555555555556,0.0,0.7007093035360618,0.44861660079051385,0.5646717049588529,0.4444444444444444,0.0,0.0,0.0,0.0,0.0,0.0,0.0,0.0,0.0,0.0,18473,global,0.6
2,1,trees500_depth5_split2_leaf1_featsqrt_cwnone_trmiss60_degmodglobal,64,1.0,0.0,500,5,2,1,sqrt,none,-1,trees500_depth5_split2_leaf1_featsqrt_cwnone_trmiss60_degmodglobal,1,0.39941713221012254,0.9952941176470589,0.9953398986457441,0.9444444444444444,0.0,0.7015815822113572,0.4565217391304348,0.5814779138792583,0.4,0.0,0.0,0.0,0.0,0.0,0.0,0.0,0.0,0.0,0.0,18473,global,0.6
2,1,trees500_depth5_split2_leaf3_featsqrt_cwnone_trmiss60_degmodglobal,64,1.0,0.0,500,5,2,3,sqrt,none,-1,trees500_depth5_split2_leaf3_featsqrt_cwnone_trmiss60_degmodglobal,1,0.4264865015459071,0.993312693498452,0.9939357361146592,0.9444444444444444,0.0,0.7043369053223816,0.45849802371541504,0.56517141991482,0.4222222222222222,0.0,0.0,0.0,0.0,0.0,0.0,0.0,0.0,0.0,0.0,18473,global,0.6
2,1,trees500_depthnone_split2_leaf1_featsqrt_cwnone_trmiss60_degmodglobal,64,1.0,0.0,500,none,2,1,sqrt,none,-1,trees500_depthnone_split2_leaf1_featsqrt_cwnone_trmiss60_degmodglobal,1,0.2027008710921424,1.0,1.0,1.0,0.0,0.7010192834793616,0.4980237154150198,0.5577421401712446,0.4222222222222222,0.0,0.0,0.0,0.0,0.0,0.0,0.0,0.0,0.0,0.0,18473,global,0.6
2,1,trees500_depthnone_split2_leaf3_featsqrt_cwnone_trmiss60_degmodglobal,64,1.0,0.0,500,none,2,3,sqrt,none,-1,trees500_depthnone_split2_leaf3_featsqrt_cwnone_trmiss60_degmodglobal,1,0.313080659519122,0.9964086687306501,0.9969399362174671,0.9611111111111111,0.0,0.7159038273505236,0.4762845849802371,0.5577587460669902,0.4,0.0,0.0,0.0,0.0,0.0,0.0,0.0,0.0,0.0,0.0,18473,global,0.6
2,2,trees200_depth3_split2_leaf1_featsqrt_cwnone_trmiss60_degmodglobal,64,1.0,0.0,200,3,2,1,sqrt,none,-1,trees200_depth3_split2_leaf1_featsqrt_cwnone_trmiss60_degmodglobal,1,0.5021931747477476,0.9861919504643963,0.9845803898925075,0.9111111111111111,0.0,0.7865460899614756,0.3814229249011858,0.43572560281102,0.4,0.0,0.0,0.0,0.0,0.0,0.0,0.0,0.0,0.0,0.0,18473,global,0.6
2,2,trees200_depth3_split2_leaf3_featsqrt_cwnone_trmiss60_degmodglobal,64,1.0,0.0,200,3,2,3,sqrt,none,-1,trees200_depth3_split2_leaf3_featsqrt_cwnone_trmiss60_degmodglobal,1,0.5186724946438868,0.9792569659442725,0.979304606539389,0.9111111111111111,0.0,0.7700414711077535,0.4308300395256917,0.4616440831554023,0.4888888888888889,0.0,0.0,0.0,0.0,0.0,0.0,0.0,0.0,0.0,0.0,18473,global,0.6
2,2,trees200_depth5_split2_leaf1_featsqrt_cwnone_trmiss60_degmodglobal,64,1.0,0.0,200,5,2,1,sqrt,none,-1,trees200_depth5_split2_leaf1_featsqrt_cwnone_trmiss60_degmodglobal,1,0.40390783473961955,0.9956037151702787,0.9939508546557081,0.95,0.0,0.7879455949700205,0.45652173913043476,0.46275120509652823,0.4444444444444444,0.0,0.0,0.0,0.0,0.0,0.0,0.0,0.0,0.0,0.0,18473,global,0.6
2,2,trees200_depth5_split2_leaf3_featsqrt_cwnone_trmiss60_degmodglobal,64,1.0,0.0,200,5,2,3,sqrt,none,-1,trees200_depth5_split2_leaf3_featsqrt_cwnone_trmiss60_degmodglobal,1,0.4351267732159995,0.98984520123839,0.987810660055627,0.9333333333333333,0.0,0.772034889364046,0.4723320158102766,0.4783511872820032,0.5111111111111111,0.0,0.0,0.0,0.0,0.0,0.0,0.0,0.0,0.0,0.0,18473,global,0.6
2,2,trees200_depthnone_split2_leaf1_featsqrt_cwnone_trmiss60_degmodglobal,64,1.0,0.0,200,none,2,1,sqrt,none,-1,trees200_depthnone_split2_leaf1_featsqrt_cwnone_trmiss60_degmodglobal,1,0.20214195411483915,0.9999999999999999,0.9999999999999999,1.0,0.0,0.7859084237944373,0.45652173913043476,0.48175139629314717,0.5111111111111111,0.0,0.0,0.0,0.0,0.0,0.0,0.0,0.0,0.0,0.0,18473,global,0.6
2,2,trees200_depthnone_split2_leaf3_featsqrt_cwnone_trmiss60_degmodglobal,64,1.0,0.0,200,none,2,3,sqrt,none,-1,trees200_depthnone_split2_leaf3_featsqrt_cwnone_trmiss60_degmodglobal,1,0.31568066154842056,0.9990092879256965,0.9990890567276399,0.9555555555555556,0.0,0.8029704135075431,0.4486166007905138,0.4680838993452816,0.4666666666666667,0.0,0.0,0.0,0.0,0.0,0.0,0.0,0.0,0.0,0.0,18473,global,0.6
2,2,trees500_depth3_split2_leaf1_featsqrt_cwnone_trmiss60_degmodglobal,64,1.0,0.0,500,3,2,1,sqrt,none,-1,trees500_depth3_split2_leaf1_featsqrt_cwnone_trmiss60_degmodglobal,1,0.5060561636767025,0.9879256965944272,0.9854575625601971,0.9,0.0,0.7767473583010599,0.3893280632411067,0.4390206105041167,0.4444444444444444,0.0,0.0,0.0,0.0,0.0,0.0,0.0,0.0,0.0,0.0,18473,global,0.6
2,2,trees500_depth3_split2_leaf3_featsqrt_cwnone_trmiss60_degmodglobal,64,1.0,0.0,500,3,2,3,sqrt,none,-1,trees500_depth3_split2_leaf3_featsqrt_cwnone_trmiss60_degmodglobal,1,0.5201268333129758,0.9819195046439628,0.9813027155286134,0.9166666666666666,0.0,0.7908201658674873,0.35573122529644274,0.426398007343079,0.37777777777777777,0.0,0.0,0.0,0.0,0.0,0.0,0.0,0.0,0.0,0.0,18473,global,0.6
2,2,trees500_depth5_split2_leaf1_featsqrt_cwnone_trmiss60_degmodglobal,64,1.0,0.0,500,5,2,1,sqrt,none,-1,trees500_depth5_split2_leaf1_featsqrt_cwnone_trmiss60_degmodglobal,1,0.4045952864303655,0.9948606811145511,0.9925590675718424,0.95,0.0,0.7845039316469263,0.466403162055336,0.4719130364586089,0.4666666666666667,0.0,0.0,0.0,0.0,0.0,0.0,0.0,0.0,0.0,0.0,18473,global,0.6
2,2,trees500_depth5_split2_leaf3_featsqrt_cwnone_trmiss60_degmodglobal,64,1.0,0.0,500,5,2,3,sqrt,none,-1,trees500_depth5_split2_leaf3_featsqrt_cwnone_trmiss60_degmodglobal,1,0.4310162382158541,0.9918885448916409,0.9898380743672874,0.9444444444444444,0.0,0.7884852608544028,0.43873517786561267,0.4594657993677548,0.4666666666666667,0.0,0.0,0.0,0.0,0.0,0.0,0.0,0.0,0.0,0.0,18473,global,0.6
2,2,trees500_depthnone_split2_leaf1_featsqrt_cwnone_trmiss60_degmodglobal,64,1.0,0.0,500,none,2,1,sqrt,none,-1,trees500_depthnone_split2_leaf1_featsqrt_cwnone_trmiss60_degmodglobal,1,0.1992707442386847,1.0,1.0000000000000002,1.0,0.0,0.8091527285748957,0.4476284584980238,0.4710428387202919,0.5111111111111111,0.0,0.0,0.0,0.0,0.0,0.0,0.0,0.0,0.0,0.0,18473,global,0.6
2,2,trees500_depthnone_split2_leaf3_featsqrt_cwnone_trmiss60_degmodglobal,64,1.0,0.0,500,none,2,3,sqrt,none,-1,trees500_depthnone_split2_leaf3_featsqrt_cwnone_trmiss60_degmodglobal,1,0.3164362362499773,0.9990092879256967,0.9990890567276399,0.95,0.0,0.7804438290487253,0.4782608695652174,0.4795345745654132,0.4666666666666667,0.0,0.0,0.0,0.0,0.0,0.0,0.0,0.0,0.0,0.0,18473,global,0.6
2,3,trees200_depth3_split2_leaf1_featsqrt_cwnone_trmiss60_degmodglobal,64,1.0,0.0,200,3,2,1,sqrt,none,-1,trees200_depth3_split2_leaf1_featsqrt_cwnone_trmiss60_degmodglobal,1,0.5146146807590347,0.9910935180603662,0.9883674686816464,0.95,0.0,0.678671550014776,0.626984126984127,0.6205571233218675,0.6444444444444445,0.0,0.0,0.0,0.0,0.0,0.0,0.0,0.0,0.0,0.0,18473,global,0.6
2,3,trees200_depth3_split2_leaf3_featsqrt_cwnone_trmiss60_degmodglobal,64,1.0,0.0,200,3,2,3,sqrt,none,-1,trees200_depth3_split2_leaf3_featsqrt_cwnone_trmiss60_degmodglobal,1,0.5314293161833296,0.9838570014844137,0.9841831534734533,0.9388888888888889,0.0,0.6857923404044939,0.5793650793650794,0.5756859035683468,0.5777777777777777,0.0,0.0,0.0,0.0,0.0,0.0,0.0,0.0,0.0,0.0,18473,global,0.6
2,3,trees200_depth5_split2_leaf1_featsqrt_cwnone_trmiss60_degmodglobal,64,1.0,0.0,200,5,2,1,sqrt,none,-1,trees200_depth5_split2_leaf1_featsqrt_cwnone_trmiss60_degmodglobal,1,0.4038987899913084,0.9949901039089559,0.9924906132665829,0.95,0.0,0.6879997286254511,0.5833333333333334,0.5675481303283431,0.6444444444444445,0.0,0.0,0.0,0.0,0.0,0.0,0.0,0.0,0.0,0.0,18473,global,0.6
2,3,trees200_depth5_split2_leaf3_featsqrt_cwnone_trmiss60_degmodglobal,64,1.0,0.0,200,5,2,3,sqrt,none,-1,trees200_depth5_split2_leaf3_featsqrt_cwnone_trmiss60_degmodglobal,1,0.43950456428758894,0.9930108857001484,0.9917781888181394,0.9444444444444444,0.0,0.6939627028131083,0.5694444444444445,0.5790186308221489,0.5777777777777777,0.0,0.0,0.0,0.0,0.0,0.0,0.0,0.0,0.0,0.0,18473,global,0.6
2,3,trees200_depthnone_split2_leaf1_featsqrt_cwnone_trmiss60_degmodglobal,64,1.0,0.0,200,none,2,1,sqrt,none,-1,trees200_depthnone_split2_leaf1_featsqrt_cwnone_trmiss60_degmodglobal,1,0.20525420349925586,0.9999999999999999,0.9999999999999999,1.0,0.0,0.6892620935039803,0.5714285714285714,0.5645995120629228,0.5111111111111111,0.0,0.0,0.0,0.0,0.0,0.0,0.0,0.0,0.0,0.0,18473,global,0.6
2,3,trees200_depthnone_split2_leaf3_featsqrt_cwnone_trmiss60_degmodglobal,64,1.0,0.0,200,none,2,3,sqrt,none,-1,trees200_depthnone_split2_leaf3_featsqrt_cwnone_trmiss60_degmodglobal,1,0.3197796577102819,0.9990103908955963,0.9991243577632334,0.9611111111111111,0.0,0.6848204842501631,0.5753968253968254,0.6104354657991882,0.5555555555555556,0.0,0.0,0.0,0.0,0.0,0.0,0.0,0.0,0.0,0.0,18473,global,0.6
2,3,trees500_depth3_split2_leaf1_featsqrt_cwnone_trmiss60_degmodglobal,64,1.0,0.0,500,3,2,1,sqrt,none,-1,trees500_depth3_split2_leaf1_featsqrt_cwnone_trmiss60_degmodglobal,1,0.515911606461417,0.9905987135081642,0.9890692206228133,0.9388888888888889,0.0,0.6906830493409963,0.5674603174603174,0.5740641603910379,0.6,0.0,0.0,0.0,0.0,0.0,0.0,0.0,0.0,0.0,0.0,18473,global,0.6
2,3,trees500_depth3_split2_leaf3_featsqrt_cwnone_trmiss60_degmodglobal,64,1.0,0.0,500,3,2,3,sqrt,none,-1,trees500_depth3_split2_leaf3_featsqrt_cwnone_trmiss60_degmodglobal,1,0.5294256806157954,0.9866402770905492,0.987819264501099,0.9388888888888889,0.0,0.6811803314810388,0.628968253968254,0.613647942905077,0.5777777777777777,0.0,0.0,0.0,0.0,0.0,0.0,0.0,0.0,0.0,0.0,18473,global,0.6
2,3,trees500_depth5_split2_leaf1_featsqrt_cwnone_trmiss60_degmodglobal,64,1.0,0.0,500,5,2,1,sqrt,none,-1,trees500_depth5_split2_leaf1_featsqrt_cwnone_trmiss60_degmodglobal,1,0.4088665420399832,0.9949282533399307,0.993857237076366,0.95,0.0,0.6832788243743118,0.5833333333333334,0.6005154511958899,0.4888888888888889,0.0,0.0,0.0,0.0,0.0,0.0,0.0,0.0,0.0,0.0,18473,global,0.6
2,3,trees500_depth5_split2_leaf3_featsqrt_cwnone_trmiss60_degmodglobal,64,1.0,0.0,500,5,2,3,sqrt,none,-1,trees500_depth5_split2_leaf3_featsqrt_cwnone_trmiss60_degmodglobal,1,0.4396928229283214,0.9930108857001485,0.9935242236581788,0.9444444444444444,0.0,0.6846081921721042,0.5575396825396826,0.5917745499495654,0.5111111111111111,0.0,0.0,0.0,0.0,0.0,0.0,0.0,0.0,0.0,0.0,18473,global,0.6
2,3,trees500_depthnone_split2_leaf1_featsqrt_cwnone_trmiss60_degmodglobal,64,1.0,0.0,500,none,2,1,sqrt,none,-1,trees500_depthnone_split2_leaf1_featsqrt_cwnone_trmiss60_degmodglobal,1,0.2052658168779186,0.9999999999999999,1.0,1.0,0.0,0.696525364839808,0.5545634920634921,0.5473918366547854,0.5555555555555556,0.0,0.0,0.0,0.0,0.0,0.0,0.0,0.0,0.0,0.0,18473,global,0.6
2,3,trees500_depthnone_split2_leaf3_featsqrt_cwnone_trmiss60_degmodglobal,64,1.0,0.0,500,none,2,3,sqrt,none,-1,trees500_depthnone_split2_leaf3_featsqrt_cwnone_trmiss60_degmodglobal,1,0.31656227296933037,0.9991340920336468,0.9992225864064638,0.9722222222222222,0.0,0.6767718280954047,0.5952380952380952,0.6258198359880959,0.5777777777777777,0.0,0.0,0.0,0.0,0.0,0.0,0.0,0.0,0.0,0.0,18473,global,0.6
2,4,trees200_depth3_split2_leaf1_featsqrt_cwnone_trmiss60_degmodglobal,64,1.0,0.0,200,3,2,1,sqrt,none,-1,trees200_depth3_split2_leaf1_featsqrt_cwnone_trmiss60_degmodglobal,1,0.5159616664859443,0.9829292429490352,0.9825286868829669,0.9055555555555556,0.0,0.7029584350405191,0.4781746031746032,0.5834695490803199,0.4666666666666667,0.0,0.0,0.0,0.0,0.0,0.0,0.0,0.0,0.0,0.0,18473,global,0.6
2,4,trees200_depth3_split2_leaf3_featsqrt_cwnone_trmiss60_degmodglobal,64,1.0,0.0,200,3,2,3,sqrt,none,-1,trees200_depth3_split2_leaf3_featsqrt_cwnone_trmiss60_degmodglobal,1,0.5268090209816557,0.9716724393864423,0.9729773627076814,0.9111111111111111,0.0,0.7012949442528029,0.49503968253968256,0.5277257406201139,0.5111111111111111,0.0,0.0,0.0,0.0,0.0,0.0,0.0,0.0,0.0,0.0,18473,global,0.6
2,4,trees200_depth5_split2_leaf1_featsqrt_cwnone_trmiss60_degmodglobal,64,1.0,0.0,200,5,2,1,sqrt,none,-1,trees200_depth5_split2_leaf1_featsqrt_cwnone_trmiss60_degmodglobal,1,0.40659460789031565,0.9866402770905491,0.9855780850230433,0.9444444444444444,0.0,0.6955101564885149,0.5228174603174603,0.6410720802204654,0.4888888888888889,0.0,0.0,0.0,0.0,0.0,0.0,0.0,0.0,0.0,0.0,18473,global,0.6
2,4,trees200_depth5_split2_leaf3_featsqrt_cwnone_trmiss60_degmodglobal,64,1.0,0.0,200,5,2,3,sqrt,none,-1,trees200_depth5_split2_leaf3_featsqrt_cwnone_trmiss60_degmodglobal,1,0.4395862983002764,0.9809500247402276,0.9820460245858643,0.9277777777777778,0.0,0.7024782650401522,0.501984126984127,0.5897940022031996,0.4666666666666667,0.0,0.0,0.0,0.0,0.0,0.0,0.0,0.0,0.0,0.0,18473,global,0.6
2,4,trees200_depthnone_split2_leaf1_featsqrt_cwnone_trmiss60_degmodglobal,64,1.0,0.0,200,none,2,1,sqrt,none,-1,trees200_depthnone_split2_leaf1_featsqrt_cwnone_trmiss60_degmodglobal,1,0.20240702925561316,1.0,0.9999999999999999,1.0,0.0,0.7289349960206855,0.39682539682539686,0.5284799415595369,0.4222222222222222,0.0,0.0,0.0,0.0,0.0,0.0,0.0,0.0,0.0,0.0,18473,global,0.6
2,4,trees200_depthnone_split2_leaf3_featsqrt_cwnone_trmiss60_degmodglobal,64,1.0,0.0,200,none,2,3,sqrt,none,-1,trees200_depthnone_split2_leaf3_featsqrt_cwnone_trmiss60_degmodglobal,1,0.32082047749231163,0.9965363681345869,0.9968664561709807,0.9444444444444444,0.0,0.7031949209495126,0.4781746031746032,0.6020324958760963,0.4888888888888889,0.0,0.0,0.0,0.0,0.0,0.0,0.0,0.0,0.0,0.0,18473,global,0.6
2,4,trees500_depth3_split2_leaf1_featsqrt_cwnone_trmiss60_degmodglobal,64,1.0,0.0,500,3,2,1,sqrt,none,-1,trees500_depth3_split2_leaf1_featsqrt_cwnone_trmiss60_degmodglobal,1,0.5105631134150935,0.9763730826323601,0.9782376275429032,0.9222222222222223,0.0,0.702350358240033,0.45138888888888895,0.5732089537111457,0.4888888888888889,0.0,0.0,0.0,0.0,0.0,0.0,0.0,0.0,0.0,0.0,18473,global,0.6
2,4,trees500_depth3_split2_leaf3_featsqrt_cwnone_trmiss60_degmodglobal,64,1.0,0.0,500,3,2,3,sqrt,none,-1,trees500_depth3_split2_leaf3_featsqrt_cwnone_trmiss60_degmodglobal,1,0.5271912158227331,0.9732187036120732,0.9766692131000116,0.9166666666666666,0.0,0.6997728534426363,0.501984126984127,0.5685397658076105,0.4444444444444444,0.0,0.0,0.0,0.0,0.0,0.0,0.0,0.0,0.0,0.0,18473,global,0.6
2,4,trees500_depth5_split2_leaf1_featsqrt_cwnone_trmiss60_degmodglobal,64,1.0,0.0,500,5,2,1,sqrt,none,-1,trees500_depth5_split2_leaf1_featsqrt_cwnone_trmiss60_degmodglobal,1,0.4091739036261714,0.9888668975754576,0.9890763801140692,0.9388888888888889,0.0,0.703428024007994,0.4821428571428572,0.614558233590325,0.4666666666666667,0.0,0.0,0.0,0.0,0.0,0.0,0.0,0.0,0.0,0.0,18473,global,0.6
2,4,trees500_depth5_split2_leaf3_featsqrt_cwnone_trmiss60_degmodglobal,64,1.0,0.0,500,5,2,3,sqrt,none,-1,trees500_depth5_split2_leaf3_featsqrt_cwnone_trmiss60_degmodglobal,1,0.4389847853618543,0.9872587827808015,0.988293686047513,0.9222222222222223,0.0,0.7017864564194822,0.4742063492063492,0.5664201106772372,0.4444444444444444,0.0,0.0,0.0,0.0,0.0,0.0,0.0,0.0,0.0,0.0,18473,global,0.6
2,4,trees500_depthnone_split2_leaf1_featsqrt_cwnone_trmiss60_degmodglobal,64,1.0,0.0,500,none,2,1,sqrt,none,-1,trees500_depthnone_split2_leaf1_featsqrt_cwnone_trmiss60_degmodglobal,1,0.20255371333474897,1.0,1.0,1.0,0.0,0.7249218602351041,0.4444444444444445,0.5599892090329402,0.4444444444444444,0.0,0.0,0.0,0.0,0.0,0.0,0.0,0.0,0.0,0.0,18473,global,0.6
2,4,trees500_depthnone_split2_leaf3_featsqrt_cwnone_trmiss60_degmodglobal,64,1.0,0.0,500,none,2,3,sqrt,none,-1,trees500_depthnone_split2_leaf3_featsqrt_cwnone_trmiss60_degmodglobal,1,0.3238291158046778,0.9988866897575458,0.9990185047738107,0.9444444444444444,0.0,0.7108105190551635,0.4365079365079365,0.5766536319695738,0.4666666666666667,0.0,0.0,0.0,0.0,0.0,0.0,0.0,0.0,0.0,0.0,18473,global,0.6
2,5,trees200_depth3_split2_leaf1_featsqrt_cwnone_trmiss60_degmodglobal,64,1.0,0.0,200,3,2,1,sqrt,none,-1,trees200_depth3_split2_leaf1_featsqrt_cwnone_trmiss60_degmodglobal,1,0.5136840074596866,0.9857125185551707,0.9832247380477954,0.9277777777777778,0.0,0.6804302476561197,0.5873015873015873,0.6170963341575113,0.5555555555555556,0.0,0.0,0.0,0.0,0.0,0.0,0.0,0.0,0.0,0.0,18473,global,0.6
2,5,trees200_depth3_split2_leaf3_featsqrt_cwnone_trmiss60_degmodglobal,64,1.0,0.0,200,3,2,3,sqrt,none,-1,trees200_depth3_split2_leaf3_featsqrt_cwnone_trmiss60_degmodglobal,1,0.5284421828753477,0.98026966848095,0.9798940786210683,0.9277777777777778,0.0,0.6810870996097032,0.5793650793650794,0.6395489816209925,0.5777777777777777,0.0,0.0,0.0,0.0,0.0,0.0,0.0,0.0,0.0,0.0,18473,global,0.6
2,5,trees200_depth5_split2_leaf1_featsqrt_cwnone_trmiss60_degmodglobal,64,1.0,0.0,200,5,2,1,sqrt,none,-1,trees200_depth5_split2_leaf1_featsqrt_cwnone_trmiss60_degmodglobal,1,0.4103767079666236,0.9892998515586344,0.9867004253503353,0.9444444444444444,0.0,0.6947140168287107,0.5515873015873016,0.5708970623585434,0.5333333333333333,0.0,0.0,0.0,0.0,0.0,0.0,0.0,0.0,0.0,0.0,18473,global,0.6
2,5,trees200_depth5_split2_leaf3_featsqrt_cwnone_trmiss60_degmodglobal,64,1.0,0.0,200,5,2,3,sqrt,none,-1,trees200_depth5_split2_leaf3_featsqrt_cwnone_trmiss60_degmodglobal,1,0.4350005010645541,0.9891142998515586,0.988599350945452,0.9388888888888889,0.0,0.6881359154670238,0.5446428571428572,0.551088693870039,0.6,0.0,0.0,0.0,0.0,0.0,0.0,0.0,0.0,0.0,0.0,18473,global,0.6
2,5,trees200_depthnone_split2_leaf1_featsqrt_cwnone_trmiss60_degmodglobal,64,1.0,0.0,200,none,2,1,sqrt,none,-1,trees200_depthnone_split2_leaf1_featsqrt_cwnone_trmiss60_degmodglobal,1,0.20681948654265617,1.0,1.0,1.0,0.0,0.7067213699019407,0.6111111111111112,0.6344553627419056,0.6222222222222222,0.0,0.0,0.0,0.0,0.0,0.0,0.0,0.0,0.0,0.0,18473,global,0.6
2,5,trees200_depthnone_split2_leaf3_featsqrt_cwnone_trmiss60_degmodglobal,64,1.0,0.0,200,none,2,3,sqrt,none,-1,trees200_depthnone_split2_leaf3_featsqrt_cwnone_trmiss60_degmodglobal,1,0.3225412621750369,0.9970311726867888,0.9973709654551325,0.95,0.0,0.6918699629853865,0.5436507936507937,0.6056682444038464,0.5333333333333333,0.0,0.0,0.0,0.0,0.0,0.0,0.0,0.0,0.0,0.0,18473,global,0.6
2,5,trees500_depth3_split2_leaf1_featsqrt_cwnone_trmiss60_degmodglobal,64,1.0,0.0,500,3,2,1,sqrt,none,-1,trees500_depth3_split2_leaf1_featsqrt_cwnone_trmiss60_degmodglobal,1,0.5140895058405542,0.9880009896091044,0.9885532542005552,0.9277777777777778,0.0,0.691829365308198,0.5148809523809523,0.568526152891478,0.6,0.0,0.0,0.0,0.0,0.0,0.0,0.0,0.0,0.0,0.0,18473,global,0.6
2,5,trees500_depth3_split2_leaf3_featsqrt_cwnone_trmiss60_degmodglobal,64,1.0,0.0,500,3,2,3,sqrt,none,-1,trees500_depth3_split2_leaf3_featsqrt_cwnone_trmiss60_degmodglobal,1,0.5284810478213231,0.9879391390400792,0.9887833474822788,0.9333333333333333,0.0,0.6951187495839942,0.5,0.5307150316785015,0.5333333333333333,0.0,0.0,0.0,0.0,0.0,0.0,0.0,0.0,0.0,0.0,18473,global,0.6
2,5,trees500_depth5_split2_leaf1_featsqrt_cwnone_trmiss60_degmodglobal,64,1.0,0.0,500,5,2,1,sqrt,none,-1,trees500_depth5_split2_leaf1_featsqrt_cwnone_trmiss60_degmodglobal,1,0.40807205409130337,0.9897946561108362,0.9903995695367205,0.95,0.0,0.6881311439571453,0.5634920634920635,0.5957444196303419,0.5333333333333333,0.0,0.0,0.0,0.0,0.0,0.0,0.0,0.0,0.0,0.0,18473,global,0.6
2,5,trees500_depth5_split2_leaf3_featsqrt_cwnone_trmiss60_degmodglobal,64,1.0,0.0,500,5,2,3,sqrt,none,-1,trees500_depth5_split2_leaf3_featsqrt_cwnone_trmiss60_degmodglobal,1,0.4423005747057499,0.9912172191984167,0.9912381634688364,0.9388888888888889,0.0,0.69526269350188,0.5,0.5616136792676532,0.5333333333333333,0.0,0.0,0.0,0.0,0.0,0.0,0.0,0.0,0.0,0.0,18473,global,0.6
2,5,trees500_depthnone_split2_leaf1_featsqrt_cwnone_trmiss60_degmodglobal,64,1.0,0.0,500,none,2,1,sqrt,none,-1,trees500_depthnone_split2_leaf1_featsqrt_cwnone_trmiss60_degmodglobal,1,0.20485740273749703,1.0,1.0,1.0,0.0,0.732711284090279,0.5347222222222222,0.5641213238024085,0.5333333333333333,0.0,0.0,0.0,0.0,0.0,0.0,0.0,0.0,0.0,0.0,18473,global,0.6
2,5,trees500_depthnone_split2_leaf3_featsqrt_cwnone_trmiss60_degmodglobal,64,1.0,0.0,500,none,2,3,sqrt,none,-1,trees500_depthnone_split2_leaf3_featsqrt_cwnone_trmiss60_degmodglobal,1,0.32155756497301724,0.9977733795150915,0.9980559223848263,0.95,0.0,0.6959210660416022,0.5138888888888888,0.5812357554864165,0.5555555555555556,0.0,0.0,0.0,0.0,0.0,0.0,0.0,0.0,0.0,0.0,18473,global,0.6
3,1,trees200_depth3_split2_leaf1_featsqrt_cwnone_trmiss60_degmodglobal,64,1.0,0.0,200,3,2,1,sqrt,none,-1,trees200_depth3_split2_leaf1_featsqrt_cwnone_trmiss60_degmodglobal,1,0.5121610516034091,0.9884829721362228,0.986897630551767,0.9055555555555556,0.0,0.7082101541041795,0.5187747035573121,0.6215843390005692,0.4444444444444444,0.0,0.0,0.0,0.0,0.0,0.0,0.0,0.0,0.0,0.0,18473,global,0.6
3,1,trees200_depth3_split2_leaf3_featsqrt_cwnone_trmiss60_degmodglobal,64,1.0,0.0,200,3,2,3,sqrt,none,-1,trees200_depth3_split2_leaf3_featsqrt_cwnone_trmiss60_degmodglobal,1,0.5260478423348598,0.9858823529411764,0.9848372423937606,0.9166666666666666,0.0,0.712681706192224,0.4614624505928854,0.581110497479148,0.4222222222222222,0.0,0.0,0.0,0.0,0.0,0.0,0.0,0.0,0.0,0.0,18473,global,0.6
3,1,trees200_depth5_split2_leaf1_featsqrt_cwnone_trmiss60_degmodglobal,64,1.0,0.0,200,5,2,1,sqrt,none,-1,trees200_depth5_split2_leaf1_featsqrt_cwnone_trmiss60_degmodglobal,1,0.40726899752635304,0.9964705882352941,0.9946680161943322,0.9444444444444444,0.0,0.707262323675181,0.49604743083003955,0.5931878415218271,0.4888888888888889,0.0,0.0,0.0,0.0,0.0,0.0,0.0,0.0,0.0,0.0,18473,global,0.6
3,1,trees200_depth5_split2_leaf3_featsqrt_cwnone_trmiss60_degmodglobal,64,1.0,0.0,200,5,2,3,sqrt,none,-1,trees200_depth5_split2_leaf3_featsqrt_cwnone_trmiss60_degmodglobal,1,0.44432820912471604,0.9923839009287926,0.9915299844714505,0.9333333333333333,0.0,0.7047636552348172,0.5217391304347826,0.6397232883281874,0.4666666666666667,0.0,0.0,0.0,0.0,0.0,0.0,0.0,0.0,0.0,0.0,18473,global,0.6
3,1,trees200_depthnone_split2_leaf1_featsqrt_cwnone_trmiss60_degmodglobal,64,1.0,0.0,200,none,2,1,sqrt,none,-1,trees200_depthnone_split2_leaf1_featsqrt_cwnone_trmiss60_degmodglobal,1,0.2086652369542366,1.0,1.0,1.0,0.0,0.7186742351387704,0.508893280632411,0.5792300310967686,0.4444444444444444,0.0,0.0,0.0,0.0,0.0,0.0,0.0,0.0,0.0,0.0,18473,global,0.6
3,1,trees200_depthnone_split2_leaf3_featsqrt_cwnone_trmiss60_degmodglobal,64,1.0,0.0,200,none,2,3,sqrt,none,-1,trees200_depthnone_split2_leaf3_featsqrt_cwnone_trmiss60_degmodglobal,1,0.31924080856112874,0.9978947368421052,0.9981722991469366,0.9555555555555556,0.0,0.6952254282887499,0.549407114624506,0.6504352964496781,0.4666666666666667,0.0,0.0,0.0,0.0,0.0,0.0,0.0,0.0,0.0,0.0,18473,global,0.6
3,1,trees500_depth3_split2_leaf1_featsqrt_cwnone_trmiss60_degmodglobal,64,1.0,0.0,500,3,2,1,sqrt,none,-1,trees500_depth3_split2_leaf1_featsqrt_cwnone_trmiss60_degmodglobal,1,0.5082609332260215,0.989969040247678,0.9898612003015002,0.8777777777777778,0.0,0.7055705955408875,0.5019762845849802,0.6392401286067229,0.4444444444444444,0.0,0.0,0.0,0.0,0.0,0.0,0.0,0.0,0.0,0.0,18473,global,0.6
3,1,trees500_depth3_split2_leaf3_featsqrt_cwnone_trmiss60_degmodglobal,64,1.0,0.0,500,3,2,3,sqrt,none,-1,trees500_depth3_split2_leaf3_featsqrt_cwnone_trmiss60_degmodglobal,1,0.5257954478944009,0.9840866873065015,0.9855999966257986,0.8666666666666667,0.0,0.7140319813420742,0.4940711462450593,0.6103385069661089,0.4444444444444444,0.0,0.0,0.0,0.0,0.0,0.0,0.0,0.0,0.0,0.0,18473,global,0.6
3,1,trees500_depth5_split2_leaf1_featsqrt_cwnone_trmiss60_degmodglobal,64,1.0,0.0,500,5,2,1,sqrt,none,-1,trees500_depth5_split2_leaf1_featsqrt_cwnone_trmiss60_degmodglobal,1,0.40942840445642553,0.9958513931888545,0.9959631701822723,0.95,0.0,0.7103553892135025,0.4980237154150197,0.6412320969304046,0.4,0.0,0.0,0.0,0.0,0.0,0.0,0.0,0.0,0.0,0.0,18473,global,0.6
3,1,trees500_depth5_split2_leaf3_featsqrt_cwnone_trmiss60_degmodglobal,64,1.0,0.0,500,5,2,3,sqrt,none,-1,trees500_depth5_split2_leaf3_featsqrt_cwnone_trmiss60_degmodglobal,1,0.44363068104549763,0.9953560371517028,0.993703583930973,0.9444444444444444,0.0,0.7038615338477796,0.5405138339920948,0.6799949495338677,0.4666666666666667,0.0,0.0,0.0,0.0,0.0,0.0,0.0,0.0,0.0,0.0,18473,global,0.6
3,1,trees500_depthnone_split2_leaf1_featsqrt_cwnone_trmiss60_degmodglobal,64,1.0,0.0,500,none,2,1,sqrt,none,-1,trees500_depthnone_split2_leaf1_featsqrt_cwnone_trmiss60_degmodglobal,1,0.21003533022960091,1.0,1.0,1.0,0.0,0.7188810929033047,0.49703557312252966,0.5872929254057967,0.4444444444444444,0.0,0.0,0.0,0.0,0.0,0.0,0.0,0.0,0.0,0.0,18473,global,0.6
3,1,trees500_depthnone_split2_leaf3_featsqrt_cwnone_trmiss60_degmodglobal,64,1.0,0.0,500,none,2,3,sqrt,none,-1,trees500_depthnone_split2_leaf3_featsqrt_cwnone_trmiss60_degmodglobal,1,0.31826449877655905,0.998390092879257,0.9985759104377533,0.9555555555555556,0.0,0.6969844030916921,0.541501976284585,0.6714439588610344,0.4888888888888889,0.0,0.0,0.0,0.0,0.0,0.0,0.0,0.0,0.0,0.0,18473,global,0.6
3,2,trees200_depth3_split2_leaf1_featsqrt_cwnone_trmiss60_degmodglobal,64,1.0,0.0,200,3,2,1,sqrt,none,-1,trees200_depth3_split2_leaf1_featsqrt_cwnone_trmiss60_degmodglobal,1,0.4978326460479421,0.9831578947368421,0.9822458515936676,0.9166666666666666,0.0,0.6892059261332788,0.49505928853754944,0.5949888230474681,0.4666666666666667,0.0,0.0,0.0,0.0,0.0,0.0,0.0,0.0,0.0,0.0,18473,global,0.6
3,2,trees200_depth3_split2_leaf3_featsqrt_cwnone_trmiss60_degmodglobal,64,1.0,0.0,200,3,2,3,sqrt,none,-1,trees200_depth3_split2_leaf3_featsqrt_cwnone_trmiss60_degmodglobal,1,0.5179545346527814,0.9763467492260062,0.9765600913742296,0.8888888888888888,0.0,0.6907612371420722,0.5286561264822134,0.6212516135609821,0.4888888888888889,0.0,0.0,0.0,0.0,0.0,0.0,0.0,0.0,0.0,0.0,18473,global,0.6
3,2,trees200_depth5_split2_leaf1_featsqrt_cwnone_trmiss60_degmodglobal,64,1.0,0.0,200,5,2,1,sqrt,none,-1,trees200_depth5_split2_leaf1_featsqrt_cwnone_trmiss60_degmodglobal,1,0.3971379334427306,0.9879876160990713,0.9861534518113466,0.9388888888888889,0.0,0.6891532390157611,0.5128458498023716,0.5707441836862095,0.4444444444444444,0.0,0.0,0.0,0.0,0.0,0.0,0.0,0.0,0.0,0.0,18473,global,0.6
3,2,trees200_depth5_split2_leaf3_featsqrt_cwnone_trmiss60_degmodglobal,64,1.0,0.0,200,5,2,3,sqrt,none,-1,trees200_depth5_split2_leaf3_featsqrt_cwnone_trmiss60_degmodglobal,1,0.4263813235152977,0.9855108359133127,0.9852250028661548,0.9333333333333333,0.0,0.699676548137787,0.4723320158102767,0.5793178816260544,0.4888888888888889,0.0,0.0,0.0,0.0,0.0,0.0,0.0,0.0,0.0,0.0,18473,global,0.6
3,2,trees200_depthnone_split2_leaf1_featsqrt_cwnone_trmiss60_degmodglobal,64,1.0,0.0,200,none,2,1,sqrt,none,-1,trees200_depthnone_split2_leaf1_featsqrt_cwnone_trmiss60_degmodglobal,1,0.20209641075092055,1.0,1.0,1.0,0.0,0.7084829374881472,0.5326086956521738,0.5694813037346289,0.4666666666666667,0.0,0.0,0.0,0.0,0.0,0.0,0.0,0.0,0.0,0.0,18473,global,0.6
3,2,trees200_depthnone_split2_leaf3_featsqrt_cwnone_trmiss60_degmodglobal,64,1.0,0.0,200,none,2,3,sqrt,none,-1,trees200_depthnone_split2_leaf3_featsqrt_cwnone_trmiss60_degmodglobal,1,0.3199039700299115,0.9986377708978329,0.9988272177049302,0.9555555555555556,0.0,0.7141745477285412,0.45652173913043476,0.545734870909071,0.4444444444444444,0.0,0.0,0.0,0.0,0.0,0.0,0.0,0.0,0.0,0.0,18473,global,0.6
3,2,trees500_depth3_split2_leaf1_featsqrt_cwnone_trmiss60_degmodglobal,64,1.0,0.0,500,3,2,1,sqrt,none,-1,trees500_depth3_split2_leaf1_featsqrt_cwnone_trmiss60_degmodglobal,1,0.502351252519494,0.9839009287925696,0.9834328492510604,0.8944444444444445,0.0,0.6933085427843795,0.5247035573122529,0.6066406546560061,0.5333333333333333,0.0,0.0,0.0,0.0,0.0,0.0,0.0,0.0,0.0,0.0,18473,global,0.6
3,2,trees500_depth3_split2_leaf3_featsqrt_cwnone_trmiss60_degmodglobal,64,1.0,0.0,500,3,2,3,sqrt,none,-1,trees500_depth3_split2_leaf3_featsqrt_cwnone_trmiss60_degmodglobal,1,0.5160789236345686,0.9756656346749226,0.9769374024623597,0.8833333333333333,0.0,0.6930780371790194,0.5296442687747036,0.6081481085541564,0.5111111111111111,0.0,0.0,0.0,0.0,0.0,0.0,0.0,0.0,0.0,0.0,18473,global,0.6
3,2,trees500_depth5_split2_leaf1_featsqrt_cwnone_trmiss60_degmodglobal,64,1.0,0.0,500,5,2,1,sqrt,none,-1,trees500_depth5_split2_leaf1_featsqrt_cwnone_trmiss60_degmodglobal,1,0.40022761488959835,0.9904643962848297,0.9885703094398748,0.9444444444444444,0.0,0.6907573273745479,0.5464426877470355,0.5704727013836584,0.5111111111111111,0.0,0.0,0.0,0.0,0.0,0.0,0.0,0.0,0.0,0.0,18473,global,0.6
3,2,trees500_depth5_split2_leaf3_featsqrt_cwnone_trmiss60_degmodglobal,64,1.0,0.0,500,5,2,3,sqrt,none,-1,trees500_depth5_split2_leaf3_featsqrt_cwnone_trmiss60_degmodglobal,1,0.4312792359894206,0.9890402476780186,0.9890858946548687,0.9277777777777778,0.0,0.6941343618446383,0.483201581027668,0.5734954007707148,0.4444444444444444,0.0,0.0,0.0,0.0,0.0,0.0,0.0,0.0,0.0,0.0,18473,global,0.6
3,2,trees500_depthnone_split2_leaf1_featsqrt_cwnone_trmiss60_degmodglobal,64,1.0,0.0,500,none,2,1,sqrt,none,-1,trees500_depthnone_split2_leaf1_featsqrt_cwnone_trmiss60_degmodglobal,1,0.20364865608455499,1.0,1.0000000000000002,1.0,0.0,0.7115459191569287,0.5395256916996047,0.5594774828501726,0.5555555555555556,0.0,0.0,0.0,0.0,0.0,0.0,0.0,0.0,0.0,0.0,18473,global,0.6
3,2,trees500_depthnone_split2_leaf3_featsqrt_cwnone_trmiss60_degmodglobal,64,1.0,0.0,500,none,2,3,sqrt,none,-1,trees500_depthnone_split2_leaf3_featsqrt_cwnone_trmiss60_degmodglobal,1,0.31893978141634766,0.9973993808049536,0.9977765599314519,0.9555555555555556,0.0,0.7132058727876607,0.4980237154150198,0.537528474405838,0.4222222222222222,0.0,0.0,0.0,0.0,0.0,0.0,0.0,0.0,0.0,0.0,18473,global,0.6
3,3,trees200_depth3_split2_leaf1_featsqrt_cwnone_trmiss60_degmodglobal,64,1.0,0.0,200,3,2,1,sqrt,none,-1,trees200_depth3_split2_leaf1_featsqrt_cwnone_trmiss60_degmodglobal,1,0.5178895827221736,0.98156853043048,0.9824960202666847,0.9388888888888889,0.0,0.6710999533097532,0.6180555555555556,0.6707484022624256,0.5555555555555556,0.0,0.0,0.0,0.0,0.0,0.0,0.0,0.0,0.0,0.0,18473,global,0.6
3,3,trees200_depth3_split2_leaf3_featsqrt_cwnone_trmiss60_degmodglobal,64,1.0,0.0,200,3,2,3,sqrt,none,-1,trees200_depth3_split2_leaf3_featsqrt_cwnone_trmiss60_degmodglobal,1,0.5310276283271411,0.9857743691241959,0.9852390684519553,0.9333333333333333,0.0,0.6754068414742871,0.6061507936507936,0.6667464943131176,0.5333333333333333,0.0,0.0,0.0,0.0,0.0,0.0,0.0,0.0,0.0,0.0,18473,global,0.6
3,3,trees200_depth5_split2_leaf1_featsqrt_cwnone_trmiss60_degmodglobal,64,1.0,0.0,200,5,2,1,sqrt,none,-1,trees200_depth5_split2_leaf1_featsqrt_cwnone_trmiss60_degmodglobal,1,0.41892981085507236,0.9919594260267195,0.9888551165146908,0.9444444444444444,0.0,0.6707546561298774,0.6121031746031746,0.6686081202599841,0.5555555555555556,0.0,0.0,0.0,0.0,0.0,0.0,0.0,0.0,0.0,0.0,18473,global,0.6
3,3,trees200_depth5_split2_leaf3_featsqrt_cwnone_trmiss60_degmodglobal,64,1.0,0.0,200,5,2,3,sqrt,none,-1,trees200_depth5_split2_leaf3_featsqrt_cwnone_trmiss60_degmodglobal,1,0.44661885058396206,0.98948540326571,0.9870749652018292,0.9333333333333333,0.0,0.6798398286655333,0.5783730158730159,0.6417255544375008,0.5333333333333333,0.0,0.0,0.0,0.0,0.0,0.0,0.0,0.0,0.0,0.0,18473,global,0.6
3,3,trees200_depthnone_split2_leaf1_featsqrt_cwnone_trmiss60_degmodglobal,64,1.0,0.0,200,none,2,1,sqrt,none,-1,trees200_depthnone_split2_leaf1_featsqrt_cwnone_trmiss60_degmodglobal,1,0.20530049302491446,1.0,0.9999999999999998,1.0,0.0,0.6955386735996189,0.5684523809523809,0.5486394417181572,0.6,0.0,0.0,0.0,0.0,0.0,0.0,0.0,0.0,0.0,0.0,18473,global,0.6
3,3,trees200_depthnone_split2_leaf3_featsqrt_cwnone_trmiss60_degmodglobal,64,1.0,0.0,200,none,2,3,sqrt,none,-1,trees200_depthnone_split2_leaf3_featsqrt_cwnone_trmiss60_degmodglobal,1,0.32213421059549996,0.9990103908955962,0.999099277265946,0.9555555555555556,0.0,0.6759416768324689,0.5873015873015872,0.6453103885293782,0.5333333333333333,0.0,0.0,0.0,0.0,0.0,0.0,0.0,0.0,0.0,0.0,18473,global,0.6
3,3,trees500_depth3_split2_leaf1_featsqrt_cwnone_trmiss60_degmodglobal,64,1.0,0.0,500,3,2,1,sqrt,none,-1,trees500_depth3_split2_leaf1_featsqrt_cwnone_trmiss60_degmodglobal,1,0.5179452185274823,0.9925779317169718,0.9897708674304416,0.9333333333333333,0.0,0.6776516245780569,0.6081349206349207,0.6311428653146928,0.5555555555555556,0.0,0.0,0.0,0.0,0.0,0.0,0.0,0.0,0.0,0.0,18473,global,0.6
3,3,trees500_depth3_split2_leaf3_featsqrt_cwnone_trmiss60_degmodglobal,64,1.0,0.0,500,3,2,3,sqrt,none,-1,trees500_depth3_split2_leaf3_featsqrt_cwnone_trmiss60_degmodglobal,1,0.5322605282185813,0.9870113805047007,0.9853601405426506,0.9388888888888889,0.0,0.6791466175986002,0.5803571428571428,0.6258230470434429,0.5333333333333333,0.0,0.0,0.0,0.0,0.0,0.0,0.0,0.0,0.0,0.0,18473,global,0.6
3,3,trees500_depth5_split2_leaf1_featsqrt_cwnone_trmiss60_degmodglobal,64,1.0,0.0,500,5,2,1,sqrt,none,-1,trees500_depth5_split2_leaf1_featsqrt_cwnone_trmiss60_degmodglobal,1,0.4166408481927737,0.9965363681345869,0.9946524064171121,0.9388888888888889,0.0,0.6686063706114422,0.6309523809523809,0.666004714863209,0.5777777777777777,0.0,0.0,0.0,0.0,0.0,0.0,0.0,0.0,0.0,0.0,18473,global,0.6
3,3,trees500_depth5_split2_leaf3_featsqrt_cwnone_trmiss60_degmodglobal,64,1.0,0.0,500,5,2,3,sqrt,none,-1,trees500_depth5_split2_leaf3_featsqrt_cwnone_trmiss60_degmodglobal,1,0.4463607033087728,0.9943097476496783,0.9940550533933326,0.9444444444444444,0.0,0.6746137892249725,0.6011904761904763,0.6671799424239231,0.6222222222222222,0.0,0.0,0.0,0.0,0.0,0.0,0.0,0.0,0.0,0.0,18473,global,0.6
3,3,trees500_depthnone_split2_leaf1_featsqrt_cwnone_trmiss60_degmodglobal,64,1.0,0.0,500,none,2,1,sqrt,none,-1,trees500_depthnone_split2_leaf1_featsqrt_cwnone_trmiss60_degmodglobal,1,0.20639792799343826,1.0,0.9999999999999998,1.0,0.0,0.6895263925045608,0.5813492063492064,0.5720591809838613,0.6444444444444445,0.0,0.0,0.0,0.0,0.0,0.0,0.0,0.0,0.0,0.0,18473,global,0.6
3,3,trees500_depthnone_split2_leaf3_featsqrt_cwnone_trmiss60_degmodglobal,64,1.0,0.0,500,none,2,3,sqrt,none,-1,trees500_depthnone_split2_leaf3_featsqrt_cwnone_trmiss60_degmodglobal,1,0.32740742701060166,0.9995051954477981,0.9995508051130029,0.9555555555555556,0.0,0.6676632777177974,0.6071428571428572,0.6736246995637104,0.5777777777777777,0.0,0.0,0.0,0.0,0.0,0.0,0.0,0.0,0.0,0.0,18473,global,0.6
3,4,trees200_depth3_split2_leaf1_featsqrt_cwnone_trmiss60_degmodglobal,64,1.0,0.0,200,3,2,1,sqrt,none,-1,trees200_depth3_split2_leaf1_featsqrt_cwnone_trmiss60_degmodglobal,1,0.5054510217669742,0.9747649678377042,0.9740597058067976,0.9055555555555556,0.0,0.6925369513376418,0.5297619047619048,0.6553187923590701,0.4444444444444444,0.0,0.0,0.0,0.0,0.0,0.0,0.0,0.0,0.0,0.0,18473,global,0.6
3,4,trees200_depth3_split2_leaf3_featsqrt_cwnone_trmiss60_degmodglobal,64,1.0,0.0,200,3,2,3,sqrt,none,-1,trees200_depth3_split2_leaf3_featsqrt_cwnone_trmiss60_degmodglobal,1,0.5192447973271263,0.9757545769421079,0.9755931499370397,0.8944444444444445,0.0,0.7011063656791097,0.48214285714285715,0.5854081076880915,0.4222222222222222,0.0,0.0,0.0,0.0,0.0,0.0,0.0,0.0,0.0,0.0,18473,global,0.6
3,4,trees200_depth5_split2_leaf1_featsqrt_cwnone_trmiss60_degmodglobal,64,1.0,0.0,200,5,2,1,sqrt,none,-1,trees200_depth5_split2_leaf1_featsqrt_cwnone_trmiss60_degmodglobal,1,0.4033133517032051,0.9878772884710539,0.9851508234630849,0.9111111111111111,0.0,0.7108603322229251,0.46230158730158727,0.5880661011947654,0.4444444444444444,0.0,0.0,0.0,0.0,0.0,0.0,0.0,0.0,0.0,0.0,18473,global,0.6
3,4,trees200_depth5_split2_leaf3_featsqrt_cwnone_trmiss60_degmodglobal,64,1.0,0.0,200,5,2,3,sqrt,none,-1,trees200_depth5_split2_leaf3_featsqrt_cwnone_trmiss60_degmodglobal,1,0.43844941509866164,0.9865165759524988,0.9844027248519825,0.9111111111111111,0.0,0.7076467290945984,0.4642857142857143,0.5935017453887005,0.4222222222222222,0.0,0.0,0.0,0.0,0.0,0.0,0.0,0.0,0.0,0.0,18473,global,0.6
3,4,trees200_depthnone_split2_leaf1_featsqrt_cwnone_trmiss60_degmodglobal,64,1.0,0.0,200,none,2,1,sqrt,none,-1,trees200_depthnone_split2_leaf1_featsqrt_cwnone_trmiss60_degmodglobal,1,0.20157521408181556,1.0,0.9999999999999999,1.0,0.0,0.6948516233447913,0.5436507936507936,0.6342560440309309,0.5555555555555556,0.0,0.0,0.0,0.0,0.0,0.0,0.0,0.0,0.0,0.0,18473,global,0.6
3,4,trees200_depthnone_split2_leaf3_featsqrt_cwnone_trmiss60_degmodglobal,64,1.0,0.0,200,none,2,3,sqrt,none,-1,trees200_depthnone_split2_leaf3_featsqrt_cwnone_trmiss60_degmodglobal,1,0.3237411394563416,0.9982681840672935,0.9984176901404211,0.9611111111111111,0.0,0.6898394578192156,0.5575396825396826,0.654478379362017,0.5555555555555556,0.0,0.0,0.0,0.0,0.0,0.0,0.0,0.0,0.0,0.0,18473,global,0.6
3,4,trees500_depth3_split2_leaf1_featsqrt_cwnone_trmiss60_degmodglobal,64,1.0,0.0,500,3,2,1,sqrt,none,-1,trees500_depth3_split2_leaf1_featsqrt_cwnone_trmiss60_degmodglobal,1,0.5069259133884012,0.9772389905987136,0.976222034196589,0.9111111111111111,0.0,0.6926375720561034,0.5198412698412699,0.6475928435870426,0.5111111111111111,0.0,0.0,0.0,0.0,0.0,0.0,0.0,0.0,0.0,0.0,18473,global,0.6
3,4,trees500_depth3_split2_leaf3_featsqrt_cwnone_trmiss60_degmodglobal,64,1.0,0.0,500,3,2,3,sqrt,none,-1,trees500_depth3_split2_leaf3_featsqrt_cwnone_trmiss60_degmodglobal,1,0.5220701023643353,0.9691984166254329,0.9694159596680597,0.9,0.0,0.7003169562648169,0.4861111111111111,0.6181970029190178,0.4666666666666667,0.0,0.0,0.0,0.0,0.0,0.0,0.0,0.0,0.0,0.0,18473,global,0.6
3,4,trees500_depth5_split2_leaf1_featsqrt_cwnone_trmiss60_degmodglobal,64,1.0,0.0,500,5,2,1,sqrt,none,-1,trees500_depth5_split2_leaf1_featsqrt_cwnone_trmiss60_degmodglobal,1,0.4031952277622006,0.9927634834240475,0.9919509382442399,0.9166666666666666,0.0,0.6934854211643114,0.5208333333333333,0.6611183773746542,0.5555555555555556,0.0,0.0,0.0,0.0,0.0,0.0,0.0,0.0,0.0,0.0,18473,global,0.6
3,4,trees500_depth5_split2_leaf3_featsqrt_cwnone_trmiss60_degmodglobal,64,1.0,0.0,500,5,2,3,sqrt,none,-1,trees500_depth5_split2_leaf3_featsqrt_cwnone_trmiss60_degmodglobal,1,0.4344480873279513,0.9891761504205838,0.9898269946276383,0.9111111111111111,0.0,0.6940996886763298,0.5198412698412698,0.6484674759634781,0.4888888888888889,0.0,0.0,0.0,0.0,0.0,0.0,0.0,0.0,0.0,0.0,18473,global,0.6
3,4,trees500_depthnone_split2_leaf1_featsqrt_cwnone_trmiss60_degmodglobal,64,1.0,0.0,500,none,2,1,sqrt,none,-1,trees500_depthnone_split2_leaf1_featsqrt_cwnone_trmiss60_degmodglobal,1,0.20349430943925148,1.0,0.9999999999999997,1.0,0.0,0.7193597561237277,0.4742063492063492,0.5564126720600102,0.5333333333333333,0.0,0.0,0.0,0.0,0.0,0.0,0.0,0.0,0.0,0.0,18473,global,0.6
3,4,trees500_depthnone_split2_leaf3_featsqrt_cwnone_trmiss60_degmodglobal,64,1.0,0.0,500,none,2,3,sqrt,none,-1,trees500_depthnone_split2_leaf3_featsqrt_cwnone_trmiss60_degmodglobal,1,0.3230272383128798,0.9986392874814449,0.998770049376315,0.9722222222222222,0.0,0.697984010750461,0.5257936507936508,0.6335045430072567,0.5333333333333333,0.0,0.0,0.0,0.0,0.0,0.0,0.0,0.0,0.0,0.0,18473,global,0.6
3,5,trees200_depth3_split2_leaf1_featsqrt_cwnone_trmiss60_degmodglobal,64,1.0,0.0,200,3,2,1,sqrt,none,-1,trees200_depth3_split2_leaf1_featsqrt_cwnone_trmiss60_degmodglobal,1,0.49609549529336794,0.9918975754576943,0.989093090008672,0.9,0.0,0.7107680329457102,0.503968253968254,0.5990840394871126,0.4222222222222222,0.0,0.0,0.0,0.0,0.0,0.0,0.0,0.0,0.0,0.0,18473,global,0.6
3,5,trees200_depth3_split2_leaf3_featsqrt_cwnone_trmiss60_degmodglobal,64,1.0,0.0,200,3,2,3,sqrt,none,-1,trees200_depth3_split2_leaf3_featsqrt_cwnone_trmiss60_degmodglobal,1,0.5147506989411688,0.9857125185551707,0.9843757067912735,0.8833333333333333,0.0,0.7200093871816821,0.43849206349206354,0.5337680480204122,0.4444444444444444,0.0,0.0,0.0,0.0,0.0,0.0,0.0,0.0,0.0,0.0,18473,global,0.6
3,5,trees200_depth5_split2_leaf1_featsqrt_cwnone_trmiss60_degmodglobal,64,1.0,0.0,200,5,2,1,sqrt,none,-1,trees200_depth5_split2_leaf1_featsqrt_cwnone_trmiss60_degmodglobal,1,0.3946134870479314,0.9951138050470065,0.9930658272335366,0.9444444444444444,0.0,0.712813038454176,0.49107142857142855,0.6017721105186264,0.4222222222222222,0.0,0.0,0.0,0.0,0.0,0.0,0.0,0.0,0.0,0.0,18473,global,0.6
3,5,trees200_depth5_split2_leaf3_featsqrt_cwnone_trmiss60_degmodglobal,64,1.0,0.0,200,5,2,3,sqrt,none,-1,trees200_depth5_split2_leaf3_featsqrt_cwnone_trmiss60_degmodglobal,1,0.4298155544923509,0.9938767936665017,0.9919967266775775,0.9388888888888889,0.0,0.713936049659111,0.5208333333333334,0.5901922513018593,0.4666666666666667,0.0,0.0,0.0,0.0,0.0,0.0,0.0,0.0,0.0,0.0,18473,global,0.6
3,5,trees200_depthnone_split2_leaf1_featsqrt_cwnone_trmiss60_degmodglobal,64,1.0,0.0,200,none,2,1,sqrt,none,-1,trees200_depthnone_split2_leaf1_featsqrt_cwnone_trmiss60_degmodglobal,1,0.1994462118391029,1.0,1.0,1.0,0.0,0.7495249042906235,0.4305555555555556,0.5173258100776899,0.4666666666666667,0.0,0.0,0.0,0.0,0.0,0.0,0.0,0.0,0.0,0.0,18473,global,0.6
3,5,trees200_depthnone_split2_leaf3_featsqrt_cwnone_trmiss60_degmodglobal,64,1.0,0.0,200,none,2,3,sqrt,none,-1,trees200_depthnone_split2_leaf3_featsqrt_cwnone_trmiss60_degmodglobal,1,0.3139297921446405,0.9987629886194953,0.9988844071929046,0.9833333333333333,0.0,0.7416744532612229,0.40674603174603174,0.5307581891355674,0.4,0.0,0.0,0.0,0.0,0.0,0.0,0.0,0.0,0.0,0.0,18473,global,0.6
3,5,trees500_depth3_split2_leaf1_featsqrt_cwnone_trmiss60_degmodglobal,64,1.0,0.0,500,3,2,1,sqrt,none,-1,trees500_depth3_split2_leaf1_featsqrt_cwnone_trmiss60_degmodglobal,1,0.49834213167159636,0.9874443344878773,0.9853849392974793,0.9,0.0,0.7174861871318478,0.4345238095238095,0.5518529816952581,0.4222222222222222,0.0,0.0,0.0,0.0,0.0,0.0,0.0,0.0,0.0,0.0,18473,global,0.6
3,5,trees500_depth3_split2_leaf3_featsqrt_cwnone_trmiss60_degmodglobal,64,1.0,0.0,500,3,2,3,sqrt,none,-1,trees500_depth3_split2_leaf3_featsqrt_cwnone_trmiss60_degmodglobal,1,0.51217699129412,0.986825828797625,0.9850071916019678,0.9,0.0,0.7164725053203861,0.4563492063492064,0.556308850751792,0.4666666666666667,0.0,0.0,0.0,0.0,0.0,0.0,0.0,0.0,0.0,0.0,18473,global,0.6
3,5,trees500_depth5_split2_leaf1_featsqrt_cwnone_trmiss60_degmodglobal,64,1.0,0.0,500,5,2,1,sqrt,none,-1,trees500_depth5_split2_leaf1_featsqrt_cwnone_trmiss60_degmodglobal,1,0.3989401493413166,0.9974022761009402,0.9964065413399402,0.9444444444444444,0.0,0.7237790529032918,0.441468253968254,0.5263872234793733,0.4444444444444444,0.0,0.0,0.0,0.0,0.0,0.0,0.0,0.0,0.0,0.0,18473,global,0.6
3,5,trees500_depth5_split2_leaf3_featsqrt_cwnone_trmiss60_degmodglobal,64,1.0,0.0,500,5,2,3,sqrt,none,-1,trees500_depth5_split2_leaf3_featsqrt_cwnone_trmiss60_degmodglobal,1,0.4292067500526055,0.9938767936665017,0.9907937806873974,0.9444444444444444,0.0,0.7217796879929423,0.4761904761904762,0.5809971603605159,0.4444444444444444,0.0,0.0,0.0,0.0,0.0,0.0,0.0,0.0,0.0,0.0,18473,global,0.6
3,5,trees500_depthnone_split2_leaf1_featsqrt_cwnone_trmiss60_degmodglobal,64,1.0,0.0,500,none,2,1,sqrt,none,-1,trees500_depthnone_split2_leaf1_featsqrt_cwnone_trmiss60_degmodglobal,1,0.20291040488304674,1.0,0.9999999999999999,1.0,0.0,0.7334132552781542,0.4732142857142857,0.5502423405915936,0.4444444444444444,0.0,0.0,0.0,0.0,0.0,0.0,0.0,0.0,0.0,0.0,18473,global,0.6
3,5,trees500_depthnone_split2_leaf3_featsqrt_cwnone_trmiss60_degmodglobal,64,1.0,0.0,500,none,2,3,sqrt,none,-1,trees500_depthnone_split2_leaf3_featsqrt_cwnone_trmiss60_degmodglobal,1,0.3154066589597718,0.9992577931716972,0.9993280578653513,0.9833333333333333,0.0,0.7320028572181249,0.4583333333333333,0.5612281128760107,0.4,0.0,0.0,0.0,0.0,0.0,0.0,0.0,0.0,0.0,0.0,18473,global,0.6
4,1,trees200_depth3_split2_leaf1_featsqrt_cwnone_trmiss60_degmodglobal,64,1.0,0.0,200,3,2,1,sqrt,none,-1,trees200_depth3_split2_leaf1_featsqrt_cwnone_trmiss60_degmodglobal,1,0.48233201046562235,0.9704643962848297,0.9707782858555586,0.9111111111111111,0.0,0.7439070869653535,0.3972332015810277,0.48757702533888186,0.35555555555555557,0.0,0.0,0.0,0.0,0.0,0.0,0.0,0.0,0.0,0.0,18473,global,0.6
4,1,trees200_depth3_split2_leaf3_featsqrt_cwnone_trmiss60_degmodglobal,64,1.0,0.0,200,3,2,3,sqrt,none,-1,trees200_depth3_split2_leaf3_featsqrt_cwnone_trmiss60_degmodglobal,1,0.5038035747273655,0.9669969040247679,0.9670570468176024,0.9,0.0,0.7321221658391216,0.44664031620553357,0.5192135719620768,0.4222222222222222,0.0,0.0,0.0,0.0,0.0,0.0,0.0,0.0,0.0,0.0,18473,global,0.6
4,1,trees200_depth5_split2_leaf1_featsqrt_cwnone_trmiss60_degmodglobal,64,1.0,0.0,200,5,2,1,sqrt,none,-1,trees200_depth5_split2_leaf1_featsqrt_cwnone_trmiss60_degmodglobal,1,0.3890402531795339,0.9936842105263158,0.9933897963038038,0.9111111111111111,0.0,0.7383629301607556,0.4426877470355731,0.5226120338362786,0.4,0.0,0.0,0.0,0.0,0.0,0.0,0.0,0.0,0.0,0.0,18473,global,0.6
4,1,trees200_depth5_split2_leaf3_featsqrt_cwnone_trmiss60_degmodglobal,64,1.0,0.0,200,5,2,3,sqrt,none,-1,trees200_depth5_split2_leaf3_featsqrt_cwnone_trmiss60_degmodglobal,1,0.4179732347152981,0.9781424148606811,0.9789409553033475,0.9111111111111111,0.0,0.7523492983103354,0.4466403162055336,0.5303219650818093,0.4,0.0,0.0,0.0,0.0,0.0,0.0,0.0,0.0,0.0,0.0,18473,global,0.6
4,1,trees200_depthnone_split2_leaf1_featsqrt_cwnone_trmiss60_degmodglobal,64,1.0,0.0,200,none,2,1,sqrt,none,-1,trees200_depthnone_split2_leaf1_featsqrt_cwnone_trmiss60_degmodglobal,1,0.19788792004374242,1.0,1.0,1.0,0.0,0.775494305073942,0.4288537549407115,0.5081584310389381,0.37777777777777777,0.0,0.0,0.0,0.0,0.0,0.0,0.0,0.0,0.0,0.0,18473,global,0.6
4,1,trees200_depthnone_split2_leaf3_featsqrt_cwnone_trmiss60_degmodglobal,64,1.0,0.0,200,none,2,3,sqrt,none,-1,trees200_depthnone_split2_leaf3_featsqrt_cwnone_trmiss60_degmodglobal,1,0.3153252694754323,0.9957894736842104,0.9962879625877358,0.9611111111111111,0.0,0.7574038358293134,0.44861660079051385,0.4999143863255149,0.4,0.0,0.0,0.0,0.0,0.0,0.0,0.0,0.0,0.0,0.0,18473,global,0.6
4,1,trees500_depth3_split2_leaf1_featsqrt_cwnone_trmiss60_degmodglobal,64,1.0,0.0,500,3,2,1,sqrt,none,-1,trees500_depth3_split2_leaf1_featsqrt_cwnone_trmiss60_degmodglobal,1,0.484475710353204,0.9773374613003096,0.9772168021208727,0.9111111111111111,0.0,0.7343797380522752,0.4209486166007905,0.4974142302753198,0.4222222222222222,0.0,0.0,0.0,0.0,0.0,0.0,0.0,0.0,0.0,0.0,18473,global,0.6
4,1,trees500_depth3_split2_leaf3_featsqrt_cwnone_trmiss60_degmodglobal,64,1.0,0.0,500,3,2,3,sqrt,none,-1,trees500_depth3_split2_leaf3_featsqrt_cwnone_trmiss60_degmodglobal,1,0.5023476856734562,0.9676160990712075,0.9689946287499759,0.9055555555555556,0.0,0.7397355076235717,0.41007905138339923,0.4992416321700255,0.4,0.0,0.0,0.0,0.0,0.0,0.0,0.0,0.0,0.0,0.0,18473,global,0.6
4,1,trees500_depth5_split2_leaf1_featsqrt_cwnone_trmiss60_degmodglobal,64,1.0,0.0,500,5,2,1,sqrt,none,-1,trees500_depth5_split2_leaf1_featsqrt_cwnone_trmiss60_degmodglobal,1,0.38817020852798473,0.9928173374613003,0.9932003262289575,0.9111111111111111,0.0,0.7421473038399122,0.4397233201581028,0.5414678174027188,0.4222222222222222,0.0,0.0,0.0,0.0,0.0,0.0,0.0,0.0,0.0,0.0,18473,global,0.6
4,1,trees500_depth5_split2_leaf3_featsqrt_cwnone_trmiss60_degmodglobal,64,1.0,0.0,500,5,2,3,sqrt,none,-1,trees500_depth5_split2_leaf3_featsqrt_cwnone_trmiss60_degmodglobal,1,0.4175137459123868,0.9813622291021672,0.9832269832701568,0.9111111111111111,0.0,0.75628101476226,0.4367588932806324,0.5081722384181265,0.37777777777777777,0.0,0.0,0.0,0.0,0.0,0.0,0.0,0.0,0.0,0.0,18473,global,0.6
4,1,trees500_depthnone_split2_leaf1_featsqrt_cwnone_trmiss60_degmodglobal,64,1.0,0.0,500,none,2,1,sqrt,none,-1,trees500_depthnone_split2_leaf1_featsqrt_cwnone_trmiss60_degmodglobal,1,0.20009192955458874,1.0,1.0,1.0,0.0,0.7671838548144161,0.450592885375494,0.5252831197523912,0.4222222222222222,0.0,0.0,0.0,0.0,0.0,0.0,0.0,0.0,0.0,0.0,18473,global,0.6
4,1,trees500_depthnone_split2_leaf3_featsqrt_cwnone_trmiss60_degmodglobal,64,1.0,0.0,500,none,2,3,sqrt,none,-1,trees500_depthnone_split2_leaf3_featsqrt_cwnone_trmiss60_degmodglobal,1,0.3138295542283358,0.996656346749226,0.9970320227043874,0.9611111111111111,0.0,0.7510324454396576,0.43675889328063244,0.4953056333590665,0.4222222222222222,0.0,0.0,0.0,0.0,0.0,0.0,0.0,0.0,0.0,0.0,18473,global,0.6
4,2,trees200_depth3_split2_leaf1_featsqrt_cwnone_trmiss60_degmodglobal,64,1.0,0.0,200,3,2,1,sqrt,none,-1,trees200_depth3_split2_leaf1_featsqrt_cwnone_trmiss60_degmodglobal,1,0.47847997382667984,0.918328173374613,0.9033198896127227,0.9055555555555556,0.0,0.7184233051204945,0.4871541501976284,0.5160973359748875,0.5333333333333333,0.0,0.0,0.0,0.0,0.0,0.0,0.0,0.0,0.0,0.0,18473,global,0.6
4,2,trees200_depth3_split2_leaf3_featsqrt_cwnone_trmiss60_degmodglobal,64,1.0,0.0,200,3,2,3,sqrt,none,-1,trees200_depth3_split2_leaf3_featsqrt_cwnone_trmiss60_degmodglobal,1,0.498210455453747,0.8899071207430341,0.8553486942751348,0.9055555555555556,0.0,0.7256317706818192,0.5158102766798419,0.5204259421385955,0.5333333333333333,0.0,0.0,0.0,0.0,0.0,0.0,0.0,0.0,0.0,0.0,18473,global,0.6
4,2,trees200_depth5_split2_leaf1_featsqrt_cwnone_trmiss60_degmodglobal,64,1.0,0.0,200,5,2,1,sqrt,none,-1,trees200_depth5_split2_leaf1_featsqrt_cwnone_trmiss60_degmodglobal,1,0.38913346462299614,0.938452012383901,0.9206013399764397,0.9111111111111111,0.0,0.7553547223539222,0.4515810276679842,0.5107531842973803,0.5111111111111111,0.0,0.0,0.0,0.0,0.0,0.0,0.0,0.0,0.0,0.0,18473,global,0.6
4,2,trees200_depth5_split2_leaf3_featsqrt_cwnone_trmiss60_degmodglobal,64,1.0,0.0,200,5,2,3,sqrt,none,-1,trees200_depth5_split2_leaf3_featsqrt_cwnone_trmiss60_degmodglobal,1,0.42266867813947534,0.9172755417956656,0.8767933985530569,0.9111111111111111,0.0,0.7343625390517228,0.5039525691699605,0.533526438450735,0.4666666666666667,0.0,0.0,0.0,0.0,0.0,0.0,0.0,0.0,0.0,0.0,18473,global,0.6
4,2,trees200_depthnone_split2_leaf1_featsqrt_cwnone_trmiss60_degmodglobal,64,1.0,0.0,200,none,2,1,sqrt,none,-1,trees200_depthnone_split2_leaf1_featsqrt_cwnone_trmiss60_degmodglobal,1,0.20310380530868505,1.0,1.0,1.0,0.0,0.761647009294036,0.48221343873517786,0.5324088535607557,0.4888888888888889,0.0,0.0,0.0,0.0,0.0,0.0,0.0,0.0,0.0,0.0,18473,global,0.6
4,2,trees200_depthnone_split2_leaf3_featsqrt_cwnone_trmiss60_degmodglobal,64,1.0,0.0,200,none,2,3,sqrt,none,-1,trees200_depthnone_split2_leaf3_featsqrt_cwnone_trmiss60_degmodglobal,1,0.32392470743552676,0.993312693498452,0.9939407003183689,0.9555555555555556,0.0,0.7502886643249007,0.4881422924901186,0.5152661504599395,0.5111111111111111,0.0,0.0,0.0,0.0,0.0,0.0,0.0,0.0,0.0,0.0,18473,global,0.6
4,2,trees500_depth3_split2_leaf1_featsqrt_cwnone_trmiss60_degmodglobal,64,1.0,0.0,500,3,2,1,sqrt,none,-1,trees500_depth3_split2_leaf1_featsqrt_cwnone_trmiss60_degmodglobal,1,0.48539044209999926,0.9369659442724458,0.9292464088036985,0.9055555555555556,0.0,0.7260322219470134,0.49604743083003955,0.5203786598560197,0.5111111111111111,0.0,0.0,0.0,0.0,0.0,0.0,0.0,0.0,0.0,0.0,18473,global,0.6
4,2,trees500_depth3_split2_leaf3_featsqrt_cwnone_trmiss60_degmodglobal,64,1.0,0.0,500,3,2,3,sqrt,none,-1,trees500_depth3_split2_leaf3_featsqrt_cwnone_trmiss60_degmodglobal,1,0.501890135227783,0.9159133126934985,0.9042060693068222,0.9055555555555556,0.0,0.7225842385147289,0.4891304347826087,0.49955699154145644,0.5555555555555556,0.0,0.0,0.0,0.0,0.0,0.0,0.0,0.0,0.0,0.0,18473,global,0.6
4,2,trees500_depth5_split2_leaf1_featsqrt_cwnone_trmiss60_degmodglobal,64,1.0,0.0,500,5,2,1,sqrt,none,-1,trees500_depth5_split2_leaf1_featsqrt_cwnone_trmiss60_degmodglobal,1,0.38221828309660627,0.9512693498452013,0.938241863177953,0.9166666666666666,0.0,0.73462179914131,0.49604743083003955,0.5283775841897995,0.5111111111111111,0.0,0.0,0.0,0.0,0.0,0.0,0.0,0.0,0.0,0.0,18473,global,0.6
4,2,trees500_depth5_split2_leaf3_featsqrt_cwnone_trmiss60_degmodglobal,64,1.0,0.0,500,5,2,3,sqrt,none,-1,trees500_depth5_split2_leaf3_featsqrt_cwnone_trmiss60_degmodglobal,1,0.41834146813243395,0.9256965944272445,0.8995890776618567,0.9111111111111111,0.0,0.7476745056901867,0.48517786561264825,0.5398284197873752,0.5111111111111111,0.0,0.0,0.0,0.0,0.0,0.0,0.0,0.0,0.0,0.0,18473,global,0.6
4,2,trees500_depthnone_split2_leaf1_featsqrt_cwnone_trmiss60_degmodglobal,64,1.0,0.0,500,none,2,1,sqrt,none,-1,trees500_depthnone_split2_leaf1_featsqrt_cwnone_trmiss60_degmodglobal,1,0.20138135792715747,1.0,1.0,1.0,0.0,0.7341721680821431,0.4950592885375494,0.5425890760227747,0.5111111111111111,0.0,0.0,0.0,0.0,0.0,0.0,0.0,0.0,0.0,0.0,18473,global,0.6
4,2,trees500_depthnone_split2_leaf3_featsqrt_cwnone_trmiss60_degmodglobal,64,1.0,0.0,500,none,2,3,sqrt,none,-1,trees500_depthnone_split2_leaf3_featsqrt_cwnone_trmiss60_degmodglobal,1,0.32207215134800804,0.9957894736842106,0.9962859819440217,0.9555555555555556,0.0,0.7287103650653113,0.5,0.5178060948839204,0.5111111111111111,0.0,0.0,0.0,0.0,0.0,0.0,0.0,0.0,0.0,0.0,18473,global,0.6
4,3,trees200_depth3_split2_leaf1_featsqrt_cwnone_trmiss60_degmodglobal,64,1.0,0.0,200,3,2,1,sqrt,none,-1,trees200_depth3_split2_leaf1_featsqrt_cwnone_trmiss60_degmodglobal,1,0.5086749281039121,0.9745794161306284,0.9747077520302052,0.9055555555555556,0.0,0.677430102213221,0.623015873015873,0.6608292775093796,0.6,0.0,0.0,0.0,0.0,0.0,0.0,0.0,0.0,0.0,0.0,18473,global,0.6
4,3,trees200_depth3_split2_leaf3_featsqrt_cwnone_trmiss60_degmodglobal,64,1.0,0.0,200,3,2,3,sqrt,none,-1,trees200_depth3_split2_leaf3_featsqrt_cwnone_trmiss60_degmodglobal,1,0.5163811674136424,0.9609722909450766,0.9575882530995923,0.9055555555555556,0.0,0.6914055762306068,0.5297619047619048,0.5828072959753375,0.5333333333333333,0.0,0.0,0.0,0.0,0.0,0.0,0.0,0.0,0.0,0.0,18473,global,0.6
4,3,trees200_depth5_split2_leaf1_featsqrt_cwnone_trmiss60_degmodglobal,64,1.0,0.0,200,5,2,1,sqrt,none,-1,trees200_depth5_split2_leaf1_featsqrt_cwnone_trmiss60_degmodglobal,1,0.4002380865150543,0.9937530925284512,0.9910221627600065,0.9111111111111111,0.0,0.6637276972052669,0.628968253968254,0.6287757031034085,0.6,0.0,0.0,0.0,0.0,0.0,0.0,0.0,0.0,0.0,0.0,18473,global,0.6
4,3,trees200_depth5_split2_leaf3_featsqrt_cwnone_trmiss60_degmodglobal,64,1.0,0.0,200,5,2,3,sqrt,none,-1,trees200_depth5_split2_leaf3_featsqrt_cwnone_trmiss60_degmodglobal,1,0.4317448409035227,0.9890524492825334,0.984457891550066,0.9111111111111111,0.0,0.6858608150110487,0.5793650793650794,0.5898131048984756,0.5555555555555556,0.0,0.0,0.0,0.0,0.0,0.0,0.0,0.0,0.0,0.0,18473,global,0.6
4,3,trees200_depthnone_split2_leaf1_featsqrt_cwnone_trmiss60_degmodglobal,64,1.0,0.0,200,none,2,1,sqrt,none,-1,trees200_depthnone_split2_leaf1_featsqrt_cwnone_trmiss60_degmodglobal,1,0.19965855409280664,1.0,1.0,1.0,0.0,0.6962587625029638,0.5684523809523809,0.5717228440036768,0.5555555555555556,0.0,0.0,0.0,0.0,0.0,0.0,0.0,0.0,0.0,0.0,18473,global,0.6
4,3,trees200_depthnone_split2_leaf3_featsqrt_cwnone_trmiss60_degmodglobal,64,1.0,0.0,200,none,2,3,sqrt,none,-1,trees200_depthnone_split2_leaf3_featsqrt_cwnone_trmiss60_degmodglobal,1,0.3256022740886028,0.9974022761009401,0.9976123131892045,0.95,0.0,0.6882577925401908,0.5873015873015873,0.6077005060522425,0.5777777777777777,0.0,0.0,0.0,0.0,0.0,0.0,0.0,0.0,0.0,0.0,18473,global,0.6
4,3,trees500_depth3_split2_leaf1_featsqrt_cwnone_trmiss60_degmodglobal,64,1.0,0.0,500,3,2,1,sqrt,none,-1,trees500_depth3_split2_leaf1_featsqrt_cwnone_trmiss60_degmodglobal,1,0.5057886119357965,0.9828055418109847,0.9797671425097971,0.9055555555555556,0.0,0.6910091062962076,0.5317460317460317,0.5655083313791418,0.4888888888888889,0.0,0.0,0.0,0.0,0.0,0.0,0.0,0.0,0.0,0.0,18473,global,0.6
4,3,trees500_depth3_split2_leaf3_featsqrt_cwnone_trmiss60_degmodglobal,64,1.0,0.0,500,3,2,3,sqrt,none,-1,trees500_depth3_split2_leaf3_featsqrt_cwnone_trmiss60_degmodglobal,1,0.517160816604671,0.9662295893122217,0.9653731314971795,0.9055555555555556,0.0,0.6770765207888971,0.6071428571428572,0.6308457612271025,0.5777777777777777,0.0,0.0,0.0,0.0,0.0,0.0,0.0,0.0,0.0,0.0,18473,global,0.6
4,3,trees500_depth5_split2_leaf1_featsqrt_cwnone_trmiss60_degmodglobal,64,1.0,0.0,500,5,2,1,sqrt,none,-1,trees500_depth5_split2_leaf1_featsqrt_cwnone_trmiss60_degmodglobal,1,0.40052357251895077,0.9916501731815932,0.9900373259557879,0.9166666666666666,0.0,0.669761534513447,0.6220238095238095,0.6075299118037304,0.6222222222222222,0.0,0.0,0.0,0.0,0.0,0.0,0.0,0.0,0.0,0.0,18473,global,0.6
4,3,trees500_depth5_split2_leaf3_featsqrt_cwnone_trmiss60_degmodglobal,64,1.0,0.0,500,5,2,3,sqrt,none,-1,trees500_depth5_split2_leaf3_featsqrt_cwnone_trmiss60_degmodglobal,1,0.43234075712837367,0.9851558634339436,0.9812059370191164,0.9166666666666666,0.0,0.6783653222025052,0.5813492063492064,0.5898955182175032,0.6222222222222222,0.0,0.0,0.0,0.0,0.0,0.0,0.0,0.0,0.0,0.0,18473,global,0.6
4,3,trees500_depthnone_split2_leaf1_featsqrt_cwnone_trmiss60_degmodglobal,64,1.0,0.0,500,none,2,1,sqrt,none,-1,trees500_depthnone_split2_leaf1_featsqrt_cwnone_trmiss60_degmodglobal,1,0.20426960993442447,1.0,0.9999999999999999,1.0,0.0,0.6963763711525628,0.5803571428571428,0.5902439220411129,0.6222222222222222,0.0,0.0,0.0,0.0,0.0,0.0,0.0,0.0,0.0,0.0,18473,global,0.6
4,3,trees500_depthnone_split2_leaf3_featsqrt_cwnone_trmiss60_degmodglobal,64,1.0,0.0,500,none,2,3,sqrt,none,-1,trees500_depthnone_split2_leaf3_featsqrt_cwnone_trmiss60_degmodglobal,1,0.32150163744993165,0.9975259772389906,0.9977153847208474,0.95,0.0,0.6814007260091344,0.6071428571428572,0.6032151374319474,0.5777777777777777,0.0,0.0,0.0,0.0,0.0,0.0,0.0,0.0,0.0,0.0,18473,global,0.6
4,4,trees200_depth3_split2_leaf1_featsqrt_cwnone_trmiss60_degmodglobal,64,1.0,0.0,200,3,2,1,sqrt,none,-1,trees200_depth3_split2_leaf1_featsqrt_cwnone_trmiss60_degmodglobal,1,0.5030509745390653,0.9889905987135081,0.9865570882074941,0.8944444444444445,0.0,0.6772457944806197,0.6329365079365079,0.7027727643286891,0.5555555555555556,0.0,0.0,0.0,0.0,0.0,0.0,0.0,0.0,0.0,0.0,18473,global,0.6
4,4,trees200_depth3_split2_leaf3_featsqrt_cwnone_trmiss60_degmodglobal,64,1.0,0.0,200,3,2,3,sqrt,none,-1,trees200_depth3_split2_leaf3_featsqrt_cwnone_trmiss60_degmodglobal,1,0.522911795210701,0.9824344383968333,0.9808847286587872,0.8888888888888888,0.0,0.676284282497114,0.5972222222222222,0.6482906168019892,0.6222222222222222,0.0,0.0,0.0,0.0,0.0,0.0,0.0,0.0,0.0,0.0,18473,global,0.6
4,4,trees200_depth5_split2_leaf1_featsqrt_cwnone_trmiss60_degmodglobal,64,1.0,0.0,200,5,2,1,sqrt,none,-1,trees200_depth5_split2_leaf1_featsqrt_cwnone_trmiss60_degmodglobal,1,0.40169603276101246,0.993691241959426,0.9908272029623828,0.9277777777777778,0.0,0.6635540402677731,0.6805555555555555,0.7204889299297194,0.6444444444444445,0.0,0.0,0.0,0.0,0.0,0.0,0.0,0.0,0.0,0.0,18473,global,0.6
4,4,trees200_depth5_split2_leaf3_featsqrt_cwnone_trmiss60_degmodglobal,64,1.0,0.0,200,5,2,3,sqrt,none,-1,trees200_depth5_split2_leaf3_featsqrt_cwnone_trmiss60_degmodglobal,1,0.4263544626100398,0.985526966848095,0.9822604991315032,0.9277777777777778,0.0,0.6734474239802163,0.6388888888888888,0.6593990156921783,0.5777777777777777,0.0,0.0,0.0,0.0,0.0,0.0,0.0,0.0,0.0,0.0,18473,global,0.6
4,4,trees200_depthnone_split2_leaf1_featsqrt_cwnone_trmiss60_degmodglobal,64,1.0,0.0,200,none,2,1,sqrt,none,-1,trees200_depthnone_split2_leaf1_featsqrt_cwnone_trmiss60_degmodglobal,1,0.2047534100127445,1.0,1.0,1.0,0.0,0.7049889851300543,0.621031746031746,0.6211474208995502,0.6,0.0,0.0,0.0,0.0,0.0,0.0,0.0,0.0,0.0,0.0,18473,global,0.6
4,4,trees200_depthnone_split2_leaf3_featsqrt_cwnone_trmiss60_degmodglobal,64,1.0,0.0,200,none,2,3,sqrt,none,-1,trees200_depthnone_split2_leaf3_featsqrt_cwnone_trmiss60_degmodglobal,1,0.3218518256334803,0.9980207817911926,0.9981695164923624,0.9666666666666667,0.0,0.694003304422764,0.5436507936507937,0.6364634182715242,0.5111111111111111,0.0,0.0,0.0,0.0,0.0,0.0,0.0,0.0,0.0,0.0,18473,global,0.6
4,4,trees500_depth3_split2_leaf1_featsqrt_cwnone_trmiss60_degmodglobal,64,1.0,0.0,500,3,2,1,sqrt,none,-1,trees500_depth3_split2_leaf1_featsqrt_cwnone_trmiss60_degmodglobal,1,0.5063370481405854,0.9881865413161801,0.9866583791441966,0.9,0.0,0.6790793268929156,0.6309523809523809,0.6861666204253117,0.5777777777777777,0.0,0.0,0.0,0.0,0.0,0.0,0.0,0.0,0.0,0.0,18473,global,0.6
4,4,trees500_depth3_split2_leaf3_featsqrt_cwnone_trmiss60_degmodglobal,64,1.0,0.0,500,3,2,3,sqrt,none,-1,trees500_depth3_split2_leaf3_featsqrt_cwnone_trmiss60_degmodglobal,1,0.5206798084291054,0.9874443344878773,0.9874142921704516,0.9,0.0,0.676663632719448,0.634920634920635,0.694432278432085,0.6,0.0,0.0,0.0,0.0,0.0,0.0,0.0,0.0,0.0,0.0,18473,global,0.6
4,4,trees500_depth5_split2_leaf1_featsqrt_cwnone_trmiss60_degmodglobal,64,1.0,0.0,500,5,2,1,sqrt,none,-1,trees500_depth5_split2_leaf1_featsqrt_cwnone_trmiss60_degmodglobal,1,0.4017760232246725,0.9939386442355269,0.992671965557168,0.9333333333333333,0.0,0.6705841758465807,0.6378968253968255,0.6535661417202786,0.6444444444444445,0.0,0.0,0.0,0.0,0.0,0.0,0.0,0.0,0.0,0.0,18473,global,0.6
4,4,trees500_depth5_split2_leaf3_featsqrt_cwnone_trmiss60_degmodglobal,64,1.0,0.0,500,5,2,3,sqrt,none,-1,trees500_depth5_split2_leaf3_featsqrt_cwnone_trmiss60_degmodglobal,1,0.43614134261923576,0.9904131618010885,0.9898129827638799,0.9388888888888889,0.0,0.6707807838068147,0.6597222222222222,0.6503723307055687,0.6222222222222222,0.0,0.0,0.0,0.0,0.0,0.0,0.0,0.0,0.0,0.0,18473,global,0.6
4,4,trees500_depthnone_split2_leaf1_featsqrt_cwnone_trmiss60_degmodglobal,64,1.0,0.0,500,none,2,1,sqrt,none,-1,trees500_depthnone_split2_leaf1_featsqrt_cwnone_trmiss60_degmodglobal,1,0.20981590699037309,1.0,0.9999999999999999,1.0,0.0,0.701014908229147,0.636904761904762,0.6207571454205256,0.6,0.0,0.0,0.0,0.0,0.0,0.0,0.0,0.0,0.0,0.0,18473,global,0.6
4,4,trees500_depthnone_split2_leaf3_featsqrt_cwnone_trmiss60_degmodglobal,64,1.0,0.0,500,none,2,3,sqrt,none,-1,trees500_depthnone_split2_leaf3_featsqrt_cwnone_trmiss60_degmodglobal,1,0.3195769029498656,0.9982681840672935,0.9984550480537933,0.9666666666666667,0.0,0.6677864947892387,0.626984126984127,0.66528647969422,0.5777777777777777,0.0,0.0,0.0,0.0,0.0,0.0,0.0,0.0,0.0,0.0,18473,global,0.6
4,5,trees200_depth3_split2_leaf1_featsqrt_cwnone_trmiss60_degmodglobal,64,1.0,0.0,200,3,2,1,sqrt,none,-1,trees200_depth3_split2_leaf1_featsqrt_cwnone_trmiss60_degmodglobal,1,0.50937723311169,0.9814448292924295,0.9783035263667674,0.9222222222222223,0.0,0.6653916697240121,0.6507936507936508,0.641884853995292,0.6444444444444445,0.0,0.0,0.0,0.0,0.0,0.0,0.0,0.0,0.0,0.0,18473,global,0.6
4,5,trees200_depth3_split2_leaf3_featsqrt_cwnone_trmiss60_degmodglobal,64,1.0,0.0,200,3,2,3,sqrt,none,-1,trees200_depth3_split2_leaf3_featsqrt_cwnone_trmiss60_degmodglobal,1,0.5220914251638886,0.9829292429490352,0.9807893894935705,0.9111111111111111,0.0,0.6696858474389445,0.638888888888889,0.6296628877900506,0.6222222222222222,0.0,0.0,0.0,0.0,0.0,0.0,0.0,0.0,0.0,0.0,18473,global,0.6
4,5,trees200_depth5_split2_leaf1_featsqrt_cwnone_trmiss60_degmodglobal,64,1.0,0.0,200,5,2,1,sqrt,none,-1,trees200_depth5_split2_leaf1_featsqrt_cwnone_trmiss60_degmodglobal,1,0.40289475447199535,0.9844136566056407,0.9822024664988376,0.9333333333333333,0.0,0.6616048775885803,0.6646825396825397,0.6552036095888925,0.6444444444444445,0.0,0.0,0.0,0.0,0.0,0.0,0.0,0.0,0.0,0.0,18473,global,0.6
4,5,trees200_depth5_split2_leaf3_featsqrt_cwnone_trmiss60_degmodglobal,64,1.0,0.0,200,5,2,3,sqrt,none,-1,trees200_depth5_split2_leaf3_featsqrt_cwnone_trmiss60_degmodglobal,1,0.43355665135504623,0.9769915883226126,0.9732068829170077,0.9277777777777778,0.0,0.6584918522071278,0.6626984126984127,0.6572354504871919,0.6666666666666666,0.0,0.0,0.0,0.0,0.0,0.0,0.0,0.0,0.0,0.0,18473,global,0.6
4,5,trees200_depthnone_split2_leaf1_featsqrt_cwnone_trmiss60_degmodglobal,64,1.0,0.0,200,none,2,1,sqrt,none,-1,trees200_depthnone_split2_leaf1_featsqrt_cwnone_trmiss60_degmodglobal,1,0.2036583586988715,1.0,0.9999999999999999,1.0,0.0,0.6602553201712041,0.621031746031746,0.6686961595106599,0.6222222222222222,0.0,0.0,0.0,0.0,0.0,0.0,0.0,0.0,0.0,0.0,18473,global,0.6
4,5,trees200_depthnone_split2_leaf3_featsqrt_cwnone_trmiss60_degmodglobal,64,1.0,0.0,200,none,2,3,sqrt,none,-1,trees200_depthnone_split2_leaf3_featsqrt_cwnone_trmiss60_degmodglobal,1,0.31783538905281433,0.9949282533399307,0.9953553956450989,0.9666666666666667,0.0,0.6755098157066054,0.6130952380952381,0.6362662004061933,0.6444444444444445,0.0,0.0,0.0,0.0,0.0,0.0,0.0,0.0,0.0,0.0,18473,global,0.6
4,5,trees500_depth3_split2_leaf1_featsqrt_cwnone_trmiss60_degmodglobal,64,1.0,0.0,500,3,2,1,sqrt,none,-1,trees500_depth3_split2_leaf1_featsqrt_cwnone_trmiss60_degmodglobal,1,0.5099780282389429,0.9871350816427511,0.9840207147325626,0.9,0.0,0.6642449276998172,0.6488095238095238,0.6424617015959809,0.6,0.0,0.0,0.0,0.0,0.0,0.0,0.0,0.0,0.0,0.0,18473,global,0.6
4,5,trees500_depth3_split2_leaf3_featsqrt_cwnone_trmiss60_degmodglobal,64,1.0,0.0,500,3,2,3,sqrt,none,-1,trees500_depth3_split2_leaf3_featsqrt_cwnone_trmiss60_degmodglobal,1,0.5243673605284646,0.979218208807521,0.9753845294043101,0.9055555555555556,0.0,0.6640175238858853,0.6468253968253967,0.6466319409548837,0.6666666666666666,0.0,0.0,0.0,0.0,0.0,0.0,0.0,0.0,0.0,0.0,18473,global,0.6
4,5,trees500_depth5_split2_leaf1_featsqrt_cwnone_trmiss60_degmodglobal,64,1.0,0.0,500,5,2,1,sqrt,none,-1,trees500_depth5_split2_leaf1_featsqrt_cwnone_trmiss60_degmodglobal,1,0.40603397769663524,0.9890524492825334,0.9885714793014561,0.9277777777777778,0.0,0.6551482625859909,0.6507936507936508,0.658768330361416,0.6666666666666666,0.0,0.0,0.0,0.0,0.0,0.0,0.0,0.0,0.0,0.0,18473,global,0.6
4,5,trees500_depth5_split2_leaf3_featsqrt_cwnone_trmiss60_degmodglobal,64,1.0,0.0,500,5,2,3,sqrt,none,-1,trees500_depth5_split2_leaf3_featsqrt_cwnone_trmiss60_degmodglobal,1,0.433730603223088,0.977362691736764,0.975095749237405,0.9388888888888889,0.0,0.6665718753724486,0.6369047619047619,0.6259153411224282,0.6666666666666666,0.0,0.0,0.0,0.0,0.0,0.0,0.0,0.0,0.0,0.0,18473,global,0.6
4,5,trees500_depthnone_split2_leaf1_featsqrt_cwnone_trmiss60_degmodglobal,64,1.0,0.0,500,none,2,1,sqrt,none,-1,trees500_depthnone_split2_leaf1_featsqrt_cwnone_trmiss60_degmodglobal,1,0.20883360435627016,1.0,0.9999999999999999,1.0,0.0,0.6621868361063405,0.6180555555555556,0.6663949973377791,0.6444444444444445,0.0,0.0,0.0,0.0,0.0,0.0,0.0,0.0,0.0,0.0,18473,global,0.6
4,5,trees500_depthnone_split2_leaf3_featsqrt_cwnone_trmiss60_degmodglobal,64,1.0,0.0,500,none,2,3,sqrt,none,-1,trees500_depthnone_split2_leaf3_featsqrt_cwnone_trmiss60_degmodglobal,1,0.3185027892477398,0.9970311726867888,0.9972748716121742,0.9666666666666667,0.0,0.6660721509268834,0.6527777777777778,0.6534862323344822,0.6888888888888889,0.0,0.0,0.0,0.0,0.0,0.0,0.0,0.0,0.0,0.0,18473,global,0.6
5,1,trees200_depth3_split2_leaf1_featsqrt_cwnone_trmiss60_degmodglobal,64,1.0,0.0,200,3,2,1,sqrt,none,-1,trees200_depth3_split2_leaf1_featsqrt_cwnone_trmiss60_degmodglobal,1,0.5013629052941728,0.9828055418109847,0.981106857803483,0.8944444444444445,0.0,0.6661877266366479,0.6264822134387351,0.6763537900499423,0.6,0.0,0.0,0.0,0.0,0.0,0.0,0.0,0.0,0.0,0.0,18473,global,0.6
5,1,trees200_depth3_split2_leaf3_featsqrt_cwnone_trmiss60_degmodglobal,64,1.0,0.0,200,3,2,3,sqrt,none,-1,trees200_depth3_split2_leaf3_featsqrt_cwnone_trmiss60_degmodglobal,1,0.5159921435933461,0.9708065314200891,0.9691820460591045,0.8777777777777778,0.0,0.6623747338343405,0.6422924901185771,0.649919343917273,0.6222222222222222,0.0,0.0,0.0,0.0,0.0,0.0,0.0,0.0,0.0,0.0,18473,global,0.6
5,1,trees200_depth5_split2_leaf1_featsqrt_cwnone_trmiss60_degmodglobal,64,1.0,0.0,200,5,2,1,sqrt,none,-1,trees200_depth5_split2_leaf1_featsqrt_cwnone_trmiss60_degmodglobal,1,0.40195950095965494,0.9927634834240475,0.9902352870206733,0.9111111111111111,0.0,0.6580635933529699,0.6343873517786561,0.6925441836961058,0.5777777777777777,0.0,0.0,0.0,0.0,0.0,0.0,0.0,0.0,0.0,0.0,18473,global,0.6
5,1,trees200_depth5_split2_leaf3_featsqrt_cwnone_trmiss60_degmodglobal,64,1.0,0.0,200,5,2,3,sqrt,none,-1,trees200_depth5_split2_leaf3_featsqrt_cwnone_trmiss60_degmodglobal,1,0.43001333693867666,0.9884957941613063,0.987858341747889,0.9111111111111111,0.0,0.6613414902785665,0.6324110671936758,0.6164185971391467,0.6,0.0,0.0,0.0,0.0,0.0,0.0,0.0,0.0,0.0,0.0,18473,global,0.6
5,1,trees200_depthnone_split2_leaf1_featsqrt_cwnone_trmiss60_degmodglobal,64,1.0,0.0,200,none,2,1,sqrt,none,-1,trees200_depthnone_split2_leaf1_featsqrt_cwnone_trmiss60_degmodglobal,1,0.20340132750948922,1.0,0.9999999999999998,1.0,0.0,0.6496955594478907,0.6630434782608695,0.6293478351163958,0.6,0.0,0.0,0.0,0.0,0.0,0.0,0.0,0.0,0.0,0.0,18473,global,0.6
5,1,trees200_depthnone_split2_leaf3_featsqrt_cwnone_trmiss60_degmodglobal,64,1.0,0.0,200,none,2,3,sqrt,none,-1,trees200_depthnone_split2_leaf3_featsqrt_cwnone_trmiss60_degmodglobal,1,0.31776652130532196,0.9972785749628896,0.9976459467097503,0.9611111111111111,0.0,0.6752161726042912,0.6106719367588932,0.5965642270323909,0.5333333333333333,0.0,0.0,0.0,0.0,0.0,0.0,0.0,0.0,0.0,0.0,18473,global,0.6
5,1,trees500_depth3_split2_leaf1_featsqrt_cwnone_trmiss60_degmodglobal,64,1.0,0.0,500,3,2,1,sqrt,none,-1,trees500_depth3_split2_leaf1_featsqrt_cwnone_trmiss60_degmodglobal,1,0.5058000755440236,0.982929242949035,0.981497313167894,0.8888888888888888,0.0,0.6685879067775898,0.616600790513834,0.6719660530081222,0.5555555555555556,0.0,0.0,0.0,0.0,0.0,0.0,0.0,0.0,0.0,0.0,18473,global,0.6
5,1,trees500_depth3_split2_leaf3_featsqrt_cwnone_trmiss60_degmodglobal,64,1.0,0.0,500,3,2,3,sqrt,none,-1,trees500_depth3_split2_leaf3_featsqrt_cwnone_trmiss60_degmodglobal,1,0.5188242754273007,0.9814448292924296,0.9797192513041051,0.8888888888888888,0.0,0.6670161783128788,0.6126482213438735,0.6671335807285954,0.5777777777777777,0.0,0.0,0.0,0.0,0.0,0.0,0.0,0.0,0.0,0.0,18473,global,0.6
5,1,trees500_depth5_split2_leaf1_featsqrt_cwnone_trmiss60_degmodglobal,64,1.0,0.0,500,5,2,1,sqrt,none,-1,trees500_depth5_split2_leaf1_featsqrt_cwnone_trmiss60_degmodglobal,1,0.40151442616814076,0.9923923800098959,0.9910300035675748,0.9111111111111111,0.0,0.6549963615529213,0.6561264822134387,0.6766865805158564,0.5777777777777777,0.0,0.0,0.0,0.0,0.0,0.0,0.0,0.0,0.0,0.0,18473,global,0.6
5,1,trees500_depth5_split2_leaf3_featsqrt_cwnone_trmiss60_degmodglobal,64,1.0,0.0,500,5,2,3,sqrt,none,-1,trees500_depth5_split2_leaf3_featsqrt_cwnone_trmiss60_degmodglobal,1,0.4349185912349909,0.9878154379020287,0.9890511576758972,0.9,0.0,0.6592511474512516,0.6521739130434783,0.6941731304753298,0.6,0.0,0.0,0.0,0.0,0.0,0.0,0.0,0.0,0.0,0.0,18473,global,0.6
5,1,trees500_depthnone_split2_leaf1_featsqrt_cwnone_trmiss60_degmodglobal,64,1.0,0.0,500,none,2,1,sqrt,none,-1,trees500_depthnone_split2_leaf1_featsqrt_cwnone_trmiss60_degmodglobal,1,0.20276803142129565,1.0,0.9999999999999998,1.0,0.0,0.678656734272505,0.5978260869565217,0.5965334355788555,0.5333333333333333,0.0,0.0,0.0,0.0,0.0,0.0,0.0,0.0,0.0,0.0,18473,global,0.6
5,1,trees500_depthnone_split2_leaf3_featsqrt_cwnone_trmiss60_degmodglobal,64,1.0,0.0,500,none,2,3,sqrt,none,-1,trees500_depthnone_split2_leaf3_featsqrt_cwnone_trmiss60_degmodglobal,1,0.31904679475729386,0.9977733795150916,0.9980402433974784,0.9722222222222222,0.0,0.6646339508907267,0.6106719367588933,0.610609747262609,0.5777777777777777,0.0,0.0,0.0,0.0,0.0,0.0,0.0,0.0,0.0,0.0,18473,global,0.6
5,2,trees200_depth3_split2_leaf1_featsqrt_cwnone_trmiss60_degmodglobal,64,1.0,0.0,200,3,2,1,sqrt,none,-1,trees200_depth3_split2_leaf1_featsqrt_cwnone_trmiss60_degmodglobal,1,0.5056475857699574,0.9868876793666502,0.984056390993242,0.8722222222222222,0.0,0.6753957729596956,0.6264822134387351,0.6952623767935384,0.5555555555555556,0.0,0.0,0.0,0.0,0.0,0.0,0.0,0.0,0.0,0.0,18473,global,0.6
5,2,trees200_depth3_split2_leaf3_featsqrt_cwnone_trmiss60_degmodglobal,64,1.0,0.0,200,3,2,3,sqrt,none,-1,trees200_depth3_split2_leaf3_featsqrt_cwnone_trmiss60_degmodglobal,1,0.5198216949467016,0.9794037605145967,0.9794710159791203,0.8611111111111112,0.0,0.678084160476967,0.6185770750988142,0.676389284413857,0.5555555555555556,0.0,0.0,0.0,0.0,0.0,0.0,0.0,0.0,0.0,0.0,18473,global,0.6
5,2,trees200_depth5_split2_leaf1_featsqrt_cwnone_trmiss60_degmodglobal,64,1.0,0.0,200,5,2,1,sqrt,none,-1,trees200_depth5_split2_leaf1_featsqrt_cwnone_trmiss60_degmodglobal,1,0.40688180287178677,0.9933819891142999,0.9915302782324058,0.9166666666666666,0.0,0.6800136541222404,0.6175889328063241,0.6650516256974057,0.5777777777777777,0.0,0.0,0.0,0.0,0.0,0.0,0.0,0.0,0.0,0.0,18473,global,0.6
5,2,trees200_depth5_split2_leaf3_featsqrt_cwnone_trmiss60_degmodglobal,64,1.0,0.0,200,5,2,3,sqrt,none,-1,trees200_depth5_split2_leaf3_featsqrt_cwnone_trmiss60_degmodglobal,1,0.4405249501732801,0.9902276100940128,0.9865019954188018,0.9111111111111111,0.0,0.6744873156636686,0.6324110671936758,0.7082872488142034,0.6,0.0,0.0,0.0,0.0,0.0,0.0,0.0,0.0,0.0,0.0,18473,global,0.6
5,2,trees200_depthnone_split2_leaf1_featsqrt_cwnone_trmiss60_degmodglobal,64,1.0,0.0,200,none,2,1,sqrt,none,-1,trees200_depthnone_split2_leaf1_featsqrt_cwnone_trmiss60_degmodglobal,1,0.20296686375054165,1.0,0.9999999999999999,1.0,0.0,0.7009073056843252,0.5958498023715415,0.5635378040204484,0.5555555555555556,0.0,0.0,0.0,0.0,0.0,0.0,0.0,0.0,0.0,0.0,18473,global,0.6
5,2,trees200_depthnone_split2_leaf3_featsqrt_cwnone_trmiss60_degmodglobal,64,1.0,0.0,200,none,2,3,sqrt,none,-1,trees200_depthnone_split2_leaf3_featsqrt_cwnone_trmiss60_degmodglobal,1,0.31703646848574285,0.9988866897575458,0.999002587421064,0.9722222222222222,0.0,0.6736040221833298,0.650197628458498,0.7225414595697172,0.6444444444444445,0.0,0.0,0.0,0.0,0.0,0.0,0.0,0.0,0.0,0.0,18473,global,0.6
5,2,trees500_depth3_split2_leaf1_featsqrt_cwnone_trmiss60_degmodglobal,64,1.0,0.0,500,3,2,1,sqrt,none,-1,trees500_depth3_split2_leaf1_featsqrt_cwnone_trmiss60_degmodglobal,1,0.5076232967393324,0.9828055418109848,0.980330748021227,0.8777777777777778,0.0,0.6702355878426706,0.6294466403162056,0.7017421783401427,0.5777777777777777,0.0,0.0,0.0,0.0,0.0,0.0,0.0,0.0,0.0,0.0,18473,global,0.6
5,2,trees500_depth3_split2_leaf3_featsqrt_cwnone_trmiss60_degmodglobal,64,1.0,0.0,500,3,2,3,sqrt,none,-1,trees500_depth3_split2_leaf3_featsqrt_cwnone_trmiss60_degmodglobal,1,0.5220043918479168,0.9831147946561107,0.9822677420022713,0.8555555555555555,0.0,0.6752911760607498,0.6472332015810277,0.704343276967945,0.5777777777777777,0.0,0.0,0.0,0.0,0.0,0.0,0.0,0.0,0.0,0.0,18473,global,0.6
5,2,trees500_depth5_split2_leaf1_featsqrt_cwnone_trmiss60_degmodglobal,64,1.0,0.0,500,5,2,1,sqrt,none,-1,trees500_depth5_split2_leaf1_featsqrt_cwnone_trmiss60_degmodglobal,1,0.40990457364122,0.9917120237506185,0.9900684421961016,0.9277777777777778,0.0,0.6629213161382145,0.66600790513834,0.7170790668507263,0.6222222222222222,0.0,0.0,0.0,0.0,0.0,0.0,0.0,0.0,0.0,0.0,18473,global,0.6
5,2,trees500_depth5_split2_leaf3_featsqrt_cwnone_trmiss60_degmodglobal,64,1.0,0.0,500,5,2,3,sqrt,none,-1,trees500_depth5_split2_leaf3_featsqrt_cwnone_trmiss60_degmodglobal,1,0.43811664805003403,0.9917120237506185,0.9902670061399641,0.9222222222222223,0.0,0.6628701143009492,0.6541501976284585,0.7236255323839833,0.5777777777777777,0.0,0.0,0.0,0.0,0.0,0.0,0.0,0.0,0.0,0.0,18473,global,0.6
5,2,trees500_depthnone_split2_leaf1_featsqrt_cwnone_trmiss60_degmodglobal,64,1.0,0.0,500,none,2,1,sqrt,none,-1,trees500_depthnone_split2_leaf1_featsqrt_cwnone_trmiss60_degmodglobal,1,0.20050283947292688,1.0,0.9999999999999999,1.0,0.0,0.7026353400574781,0.5642292490118577,0.5613900836394471,0.5555555555555556,0.0,0.0,0.0,0.0,0.0,0.0,0.0,0.0,0.0,0.0,18473,global,0.6
5,2,trees500_depthnone_split2_leaf3_featsqrt_cwnone_trmiss60_degmodglobal,64,1.0,0.0,500,none,2,3,sqrt,none,-1,trees500_depthnone_split2_leaf3_featsqrt_cwnone_trmiss60_degmodglobal,1,0.316455977967015,0.9991340920336467,0.9992485287460389,0.9666666666666667,0.0,0.6665349287334963,0.6442687747035574,0.7364787040216716,0.6,0.0,0.0,0.0,0.0,0.0,0.0,0.0,0.0,0.0,0.0,18473,global,0.6
5,3,trees200_depth3_split2_leaf1_featsqrt_cwnone_trmiss60_degmodglobal,64,1.0,0.0,200,3,2,1,sqrt,none,-1,trees200_depth3_split2_leaf1_featsqrt_cwnone_trmiss60_degmodglobal,1,0.5015601172181713,0.9882483918852053,0.9862096138691883,0.9166666666666666,0.0,0.6934072595536059,0.558300395256917,0.5631485356382403,0.5777777777777777,0.0,0.0,0.0,0.0,0.0,0.0,0.0,0.0,0.0,0.0,18473,global,0.6
5,3,trees200_depth3_split2_leaf3_featsqrt_cwnone_trmiss60_degmodglobal,64,1.0,0.0,200,3,2,3,sqrt,none,-1,trees200_depth3_split2_leaf3_featsqrt_cwnone_trmiss60_degmodglobal,1,0.517888385127844,0.9846610588817417,0.9820780948237253,0.9111111111111111,0.0,0.6812533729230251,0.6551383399209486,0.6096771478388467,0.6888888888888889,0.0,0.0,0.0,0.0,0.0,0.0,0.0,0.0,0.0,0.0,18473,global,0.6
5,3,trees200_depth5_split2_leaf1_featsqrt_cwnone_trmiss60_degmodglobal,64,1.0,0.0,200,5,2,1,sqrt,none,-1,trees200_depth5_split2_leaf1_featsqrt_cwnone_trmiss60_degmodglobal,1,0.39509526888781227,0.991340920336467,0.9879566439181051,0.9277777777777778,0.0,0.708309229687579,0.5049407114624506,0.5251868112450859,0.4888888888888889,0.0,0.0,0.0,0.0,0.0,0.0,0.0,0.0,0.0,0.0,18473,global,0.6
5,3,trees200_depth5_split2_leaf3_featsqrt_cwnone_trmiss60_degmodglobal,64,1.0,0.0,200,5,2,3,sqrt,none,-1,trees200_depth5_split2_leaf3_featsqrt_cwnone_trmiss60_degmodglobal,1,0.4295759740066032,0.9912172191984167,0.9887299600691339,0.9222222222222223,0.0,0.6899913309497585,0.5790513833992095,0.5802545765979117,0.5777777777777777,0.0,0.0,0.0,0.0,0.0,0.0,0.0,0.0,0.0,0.0,18473,global,0.6
5,3,trees200_depthnone_split2_leaf1_featsqrt_cwnone_trmiss60_degmodglobal,64,1.0,0.0,200,none,2,1,sqrt,none,-1,trees200_depthnone_split2_leaf1_featsqrt_cwnone_trmiss60_degmodglobal,1,0.20187405917402085,1.0,0.9999999999999998,1.0,0.0,0.6718937943665197,0.6215415019762847,0.601944554064165,0.6444444444444445,0.0,0.0,0.0,0.0,0.0,0.0,0.0,0.0,0.0,0.0,18473,global,0.6
5,3,trees200_depthnone_split2_leaf3_featsqrt_cwnone_trmiss60_degmodglobal,64,1.0,0.0,200,none,2,3,sqrt,none,-1,trees200_depthnone_split2_leaf3_featsqrt_cwnone_trmiss60_degmodglobal,1,0.3097962461071731,0.998144482929243,0.99839098475192,0.9611111111111111,0.0,0.6950913214895251,0.5671936758893281,0.5700479210115842,0.5333333333333333,0.0,0.0,0.0,0.0,0.0,0.0,0.0,0.0,0.0,0.0,18473,global,0.6
5,3,trees500_depth3_split2_leaf1_featsqrt_cwnone_trmiss60_degmodglobal,64,1.0,0.0,500,3,2,1,sqrt,none,-1,trees500_depth3_split2_leaf1_featsqrt_cwnone_trmiss60_degmodglobal,1,0.4989216781533754,0.9830529440870855,0.9837065787176618,0.9,0.0,0.6906581255164976,0.5711462450592886,0.5707259437896347,0.5777777777777777,0.0,0.0,0.0,0.0,0.0,0.0,0.0,0.0,0.0,0.0,18473,global,0.6
5,3,trees500_depth3_split2_leaf3_featsqrt_cwnone_trmiss60_degmodglobal,64,1.0,0.0,500,3,2,3,sqrt,none,-1,trees500_depth3_split2_leaf3_featsqrt_cwnone_trmiss60_degmodglobal,1,0.5151042254656667,0.9807026224641266,0.9825713084865455,0.8777777777777778,0.0,0.6880748882718858,0.5642292490118577,0.566808973493277,0.5333333333333333,0.0,0.0,0.0,0.0,0.0,0.0,0.0,0.0,0.0,0.0,18473,global,0.6
5,3,trees500_depth5_split2_leaf1_featsqrt_cwnone_trmiss60_degmodglobal,64,1.0,0.0,500,5,2,1,sqrt,none,-1,trees500_depth5_split2_leaf1_featsqrt_cwnone_trmiss60_degmodglobal,1,0.3980684854444776,0.9934438396833252,0.9933916408749773,0.9277777777777778,0.0,0.6901925985156713,0.5909090909090908,0.577889372238791,0.6222222222222222,0.0,0.0,0.0,0.0,0.0,0.0,0.0,0.0,0.0,0.0,18473,global,0.6
5,3,trees500_depth5_split2_leaf3_featsqrt_cwnone_trmiss60_degmodglobal,64,1.0,0.0,500,5,2,3,sqrt,none,-1,trees500_depth5_split2_leaf3_featsqrt_cwnone_trmiss60_degmodglobal,1,0.43080242833837407,0.991588322612568,0.9915171793220737,0.9277777777777778,0.0,0.6837139071657771,0.5988142292490118,0.5783030300211496,0.6666666666666666,0.0,0.0,0.0,0.0,0.0,0.0,0.0,0.0,0.0,0.0,18473,global,0.6
5,3,trees500_depthnone_split2_leaf1_featsqrt_cwnone_trmiss60_degmodglobal,64,1.0,0.0,500,none,2,1,sqrt,none,-1,trees500_depthnone_split2_leaf1_featsqrt_cwnone_trmiss60_degmodglobal,1,0.19779406960997825,1.0,0.9999999999999998,1.0,0.0,0.6792785747151705,0.5741106719367589,0.5559357794648423,0.6222222222222222,0.0,0.0,0.0,0.0,0.0,0.0,0.0,0.0,0.0,0.0,18473,global,0.6
5,3,trees500_depthnone_split2_leaf3_featsqrt_cwnone_trmiss60_degmodglobal,64,1.0,0.0,500,none,2,3,sqrt,none,-1,trees500_depthnone_split2_leaf3_featsqrt_cwnone_trmiss60_degmodglobal,1,0.31125129955773156,0.9987629886194953,0.9989302454181588,0.9888888888888889,0.0,0.6917524062660406,0.575098814229249,0.564858981104711,0.5555555555555556,0.0,0.0,0.0,0.0,0.0,0.0,0.0,0.0,0.0,0.0,18473,global,0.6
5,4,trees200_depth3_split2_leaf1_featsqrt_cwnone_trmiss60_degmodglobal,64,1.0,0.0,200,3,2,1,sqrt,none,-1,trees200_depth3_split2_leaf1_featsqrt_cwnone_trmiss60_degmodglobal,1,0.5032653671364427,0.9854776912618959,0.9847963397323992,0.9055555555555556,0.0,0.6709625833870906,0.6091269841269842,0.6991670200600109,0.5555555555555556,0.0,0.0,0.0,0.0,0.0,0.0,0.0,0.0,0.0,0.0,18473,global,0.6
5,4,trees200_depth3_split2_leaf3_featsqrt_cwnone_trmiss60_degmodglobal,64,1.0,0.0,200,3,2,3,sqrt,none,-1,trees200_depth3_split2_leaf3_featsqrt_cwnone_trmiss60_degmodglobal,1,0.5156365916316801,0.9763935236682734,0.9762651354212825,0.8944444444444445,0.0,0.6758836622169814,0.5456349206349207,0.6762772002987163,0.4888888888888889,0.0,0.0,0.0,0.0,0.0,0.0,0.0,0.0,0.0,0.0,18473,global,0.6
5,4,trees200_depth5_split2_leaf1_featsqrt_cwnone_trmiss60_degmodglobal,64,1.0,0.0,200,5,2,1,sqrt,none,-1,trees200_depth5_split2_leaf1_featsqrt_cwnone_trmiss60_degmodglobal,1,0.4056362470697364,0.9940674823878384,0.992627674969237,0.9222222222222223,0.0,0.6861663291477087,0.5565476190476191,0.6625112379559563,0.5111111111111111,0.0,0.0,0.0,0.0,0.0,0.0,0.0,0.0,0.0,0.0,18473,global,0.6
5,4,trees200_depth5_split2_leaf3_featsqrt_cwnone_trmiss60_degmodglobal,64,1.0,0.0,200,5,2,3,sqrt,none,-1,trees200_depth5_split2_leaf3_featsqrt_cwnone_trmiss60_degmodglobal,1,0.43241141810830863,0.9901124706463972,0.9882517786350979,0.9388888888888889,0.0,0.6754391357957032,0.5803571428571429,0.7040241745513593,0.4888888888888889,0.0,0.0,0.0,0.0,0.0,0.0,0.0,0.0,0.0,0.0,18473,global,0.6
5,4,trees200_depthnone_split2_leaf1_featsqrt_cwnone_trmiss60_degmodglobal,64,1.0,0.0,200,none,2,1,sqrt,none,-1,trees200_depthnone_split2_leaf1_featsqrt_cwnone_trmiss60_degmodglobal,1,0.19853155884567247,1.0,1.0,1.0,0.0,0.6551907099245436,0.7192460317460317,0.7982406442386992,0.6444444444444445,0.0,0.0,0.0,0.0,0.0,0.0,0.0,0.0,0.0,0.0,18473,global,0.6
5,4,trees200_depthnone_split2_leaf3_featsqrt_cwnone_trmiss60_degmodglobal,64,1.0,0.0,200,none,2,3,sqrt,none,-1,trees200_depthnone_split2_leaf3_featsqrt_cwnone_trmiss60_degmodglobal,1,0.3101881727822635,0.9995056235323199,0.9995483581916984,0.9666666666666667,0.0,0.6596429467236798,0.6448412698412699,0.723563975588167,0.5555555555555556,0.0,0.0,0.0,0.0,0.0,0.0,0.0,0.0,0.0,0.0,18473,global,0.6
5,4,trees500_depth3_split2_leaf1_featsqrt_cwnone_trmiss60_degmodglobal,64,1.0,0.0,500,3,2,1,sqrt,none,-1,trees500_depth3_split2_leaf1_featsqrt_cwnone_trmiss60_degmodglobal,1,0.5047698650464337,0.9852923000865159,0.9835492678738598,0.9,0.0,0.6805900570591618,0.5416666666666667,0.668524608788661,0.4222222222222222,0.0,0.0,0.0,0.0,0.0,0.0,0.0,0.0,0.0,0.0,18473,global,0.6
5,4,trees500_depth3_split2_leaf3_featsqrt_cwnone_trmiss60_degmodglobal,64,1.0,0.0,500,3,2,3,sqrt,none,-1,trees500_depth3_split2_leaf3_featsqrt_cwnone_trmiss60_degmodglobal,1,0.5169141784728613,0.9756519589667532,0.9774421951865255,0.8888888888888888,0.0,0.6817558751005511,0.5367063492063493,0.6409524335945403,0.5111111111111111,0.0,0.0,0.0,0.0,0.0,0.0,0.0,0.0,0.0,0.0,18473,global,0.6
5,4,trees500_depth5_split2_leaf1_featsqrt_cwnone_trmiss60_degmodglobal,64,1.0,0.0,500,5,2,1,sqrt,none,-1,trees500_depth5_split2_leaf1_featsqrt_cwnone_trmiss60_degmodglobal,1,0.4002247498579239,0.9948708441478187,0.9935406588632394,0.9388888888888889,0.0,0.6835434902462278,0.5436507936507937,0.6357546842435755,0.5111111111111111,0.0,0.0,0.0,0.0,0.0,0.0,0.0,0.0,0.0,0.0,18473,global,0.6
5,4,trees500_depth5_split2_leaf3_featsqrt_cwnone_trmiss60_degmodglobal,64,1.0,0.0,500,5,2,3,sqrt,none,-1,trees500_depth5_split2_leaf3_featsqrt_cwnone_trmiss60_degmodglobal,1,0.43214981729680046,0.9910394265232975,0.9904852789268592,0.9277777777777778,0.0,0.6840731739802532,0.5555555555555556,0.6621427058300524,0.5333333333333333,0.0,0.0,0.0,0.0,0.0,0.0,0.0,0.0,0.0,0.0,18473,global,0.6
5,4,trees500_depthnone_split2_leaf1_featsqrt_cwnone_trmiss60_degmodglobal,64,1.0,0.0,500,none,2,1,sqrt,none,-1,trees500_depthnone_split2_leaf1_featsqrt_cwnone_trmiss60_degmodglobal,1,0.20205157829115877,1.0,1.0,1.0,0.0,0.6727361648184973,0.6636904761904763,0.7333803537318014,0.6222222222222222,0.0,0.0,0.0,0.0,0.0,0.0,0.0,0.0,0.0,0.0,18473,global,0.6
5,4,trees500_depthnone_split2_leaf3_featsqrt_cwnone_trmiss60_degmodglobal,64,1.0,0.0,500,none,2,3,sqrt,none,-1,trees500_depthnone_split2_leaf3_featsqrt_cwnone_trmiss60_degmodglobal,1,0.3137556991055768,0.9992584352984798,0.9993183208498702,0.9666666666666667,0.0,0.6633850404121459,0.6130952380952381,0.6746632645029141,0.5555555555555556,0.0,0.0,0.0,0.0,0.0,0.0,0.0,0.0,0.0,0.0,18473,global,0.6
5,5,trees200_depth3_split2_leaf1_featsqrt_cwnone_trmiss60_degmodglobal,64,1.0,0.0,200,3,2,1,sqrt,none,-1,trees200_depth3_split2_leaf1_featsqrt_cwnone_trmiss60_degmodglobal,1,0.5027657681716179,0.9833147942157953,0.9814585642002136,0.9111111111111111,0.0,0.6928012418196956,0.48412698412698413,0.5671671074465611,0.4666666666666667,0.0,0.0,0.0,0.0,0.0,0.0,0.0,0.0,0.0,0.0,18473,global,0.6
5,5,trees200_depth3_split2_leaf3_featsqrt_cwnone_trmiss60_degmodglobal,64,1.0,0.0,200,3,2,3,sqrt,none,-1,trees200_depth3_split2_leaf3_featsqrt_cwnone_trmiss60_degmodglobal,1,0.5141634771609661,0.9812754912866147,0.9801481414116273,0.9222222222222223,0.0,0.6945463651371362,0.49404761904761907,0.5743927209067734,0.4666666666666667,0.0,0.0,0.0,0.0,0.0,0.0,0.0,0.0,0.0,0.0,18473,global,0.6
5,5,trees200_depth5_split2_leaf1_featsqrt_cwnone_trmiss60_degmodglobal,64,1.0,0.0,200,5,2,1,sqrt,none,-1,trees200_depth5_split2_leaf1_featsqrt_cwnone_trmiss60_degmodglobal,1,0.3964688803641596,0.9866518353726363,0.984306887532694,0.95,0.0,0.7042540117451795,0.4722222222222222,0.5613446950823,0.4666666666666667,0.0,0.0,0.0,0.0,0.0,0.0,0.0,0.0,0.0,0.0,18473,global,0.6
5,5,trees200_depth5_split2_leaf3_featsqrt_cwnone_trmiss60_degmodglobal,64,1.0,0.0,200,5,2,3,sqrt,none,-1,trees200_depth5_split2_leaf3_featsqrt_cwnone_trmiss60_degmodglobal,1,0.4299330667897247,0.9862810530218762,0.9861203138622493,0.9444444444444444,0.0,0.7056267853814534,0.45833333333333337,0.5341386550747164,0.4222222222222222,0.0,0.0,0.0,0.0,0.0,0.0,0.0,0.0,0.0,0.0,18473,global,0.6
5,5,trees200_depthnone_split2_leaf1_featsqrt_cwnone_trmiss60_degmodglobal,64,1.0,0.0,200,none,2,1,sqrt,none,-1,trees200_depthnone_split2_leaf1_featsqrt_cwnone_trmiss60_degmodglobal,1,0.19806655341694696,1.0,1.0,1.0,0.0,0.6939290623091674,0.564484126984127,0.629646521682216,0.4888888888888889,0.0,0.0,0.0,0.0,0.0,0.0,0.0,0.0,0.0,0.0,18473,global,0.6
5,5,trees200_depthnone_split2_leaf3_featsqrt_cwnone_trmiss60_degmodglobal,64,1.0,0.0,200,none,2,3,sqrt,none,-1,trees200_depthnone_split2_leaf3_featsqrt_cwnone_trmiss60_degmodglobal,1,0.31059822109377616,0.9980224941292795,0.9982171346622533,0.95,0.0,0.7131987614470909,0.47023809523809523,0.5253904907522645,0.4666666666666667,0.0,0.0,0.0,0.0,0.0,0.0,0.0,0.0,0.0,0.0,18473,global,0.6
5,5,trees500_depth3_split2_leaf1_featsqrt_cwnone_trmiss60_degmodglobal,64,1.0,0.0,500,3,2,1,sqrt,none,-1,trees500_depth3_split2_leaf1_featsqrt_cwnone_trmiss60_degmodglobal,1,0.5000369754944306,0.9851687059695959,0.9858068448316009,0.9277777777777778,0.0,0.6940948406276158,0.4583333333333333,0.5615557330439981,0.4888888888888889,0.0,0.0,0.0,0.0,0.0,0.0,0.0,0.0,0.0,0.0,18473,global,0.6
5,5,trees500_depth3_split2_leaf3_featsqrt_cwnone_trmiss60_degmodglobal,64,1.0,0.0,500,3,2,3,sqrt,none,-1,trees500_depth3_split2_leaf3_featsqrt_cwnone_trmiss60_degmodglobal,1,0.5150279713658596,0.9813990854035348,0.9804160475303529,0.9166666666666666,0.0,0.6999160297278034,0.44246031746031755,0.541705244902143,0.4,0.0,0.0,0.0,0.0,0.0,0.0,0.0,0.0,0.0,0.0,18473,global,0.6
5,5,trees500_depth5_split2_leaf1_featsqrt_cwnone_trmiss60_degmodglobal,64,1.0,0.0,500,5,2,1,sqrt,none,-1,trees500_depth5_split2_leaf1_featsqrt_cwnone_trmiss60_degmodglobal,1,0.39310153854723257,0.9895562971202572,0.9896848854920791,0.95,0.0,0.6994527305232993,0.45833333333333337,0.5624224117269679,0.4222222222222222,0.0,0.0,0.0,0.0,0.0,0.0,0.0,0.0,0.0,0.0,18473,global,0.6
5,5,trees500_depth5_split2_leaf3_featsqrt_cwnone_trmiss60_degmodglobal,64,1.0,0.0,500,5,2,3,sqrt,none,-1,trees500_depth5_split2_leaf3_featsqrt_cwnone_trmiss60_degmodglobal,1,0.42489159934879,0.9880113706587567,0.9889339079491611,0.9444444444444444,0.0,0.7074200459695614,0.43452380952380953,0.546214217034018,0.4222222222222222,0.0,0.0,0.0,0.0,0.0,0.0,0.0,0.0,0.0,0.0,18473,global,0.6
5,5,trees500_depthnone_split2_leaf1_featsqrt_cwnone_trmiss60_degmodglobal,64,1.0,0.0,500,none,2,1,sqrt,none,-1,trees500_depthnone_split2_leaf1_featsqrt_cwnone_trmiss60_degmodglobal,1,0.19631567082716625,1.0,1.0,1.0,0.0,0.709884831837436,0.5099206349206349,0.6047298818290741,0.4888888888888889,0.0,0.0,0.0,0.0,0.0,0.0,0.0,0.0,0.0,0.0,18473,global,0.6
5,5,trees500_depthnone_split2_leaf3_featsqrt_cwnone_trmiss60_degmodglobal,64,1.0,0.0,500,none,2,3,sqrt,none,-1,trees500_depthnone_split2_leaf3_featsqrt_cwnone_trmiss60_degmodglobal,1,0.3115450220424374,0.9987640588307997,0.9988681000943498,0.95,0.0,0.7088830485027952,0.4642857142857143,0.5314881463596336,0.4222222222222222,0.0,0.0,0.0,0.0,0.0,0.0,0.0,0.0,0.0,0.0,18473,global,0.6
