{"_wandb":{"runtime":0},"_runtime":0.034995568,"avg_inner_best_models/train_loss_mean":0.4272206152478854,"avg_inner_best_models/val_loss_mean":0.615690271059672,"_timestamp":1.772493824467492e+09,"_step":32}