{"avg_inner_best_models/train_loss_mean":0.4858020295699437,"avg_inner_best_models/val_loss_mean":0.6251271764437357,"avg_inner_best_models/val_auc_mean":0.7079831932773109,"_wandb":{"runtime":0},"_runtime":0.037096827,"_timestamp":1.7727939497250557e+09,"_step":29}