outer_test_LOGLOSS_mean,outer_test_LOGLOSS_std,outer_test_AUC_mean,outer_test_AUC_std,outer_test_AUCPR_mean,outer_test_AUCPR_std,outer_test_ACC_mean,outer_test_ACC_std,outer_test_SEN_mean,outer_test_SEN_std,outer_test_SP_mean,outer_test_SP_std,outer_test_MCC_mean,outer_test_MCC_std
0.6793879796011607,0.014175231303234103,0.5923640715545478,0.0545150470628551,0.7263507654168412,0.04109934718874624,0.6007435254803676,0.05625981536623497,0.6967619047619047,0.1357433142990937,0.4344285714285714,0.14405105394878248,0.13898043275518915,0.09941161824502293
