{"_step":70,"avg_inner_best_models/train_loss_mean":0.5269736548264822,"avg_inner_best_models/val_loss_mean":0.6739981174468994,"avg_inner_best_models/val_auc_mean":0.7415966386554622,"_timestamp":1.7727565261573794e+09,"_wandb":{"runtime":0},"_runtime":0.055297148}