{"avg_inner_folds/std_aucpr":0.046941275552859416,"avg_inner_curve/val_loss_mean":0.693053166071574,"avg_inner_folds/std_auc":0.06718115877832406,"avg_inner_folds/mean_acc":0.5466666666666666,"avg_inner_curve/train_loss_std":0.025391455401073793,"avg_inner_curve/folds_count":2,"_step":21,"_timestamp":1.772104755543633e+09,"avg_inner_curve/train_loss_mean":0.5683292136950926,"avg_inner_folds/std_acc":0.12139111363331258,"avg_inner_folds/mean_auc":0.43380904085772237,"avg_inner_folds/mean_aucpr":0.6223916712907974,"_runtime":0,"avg_inner_curve/val_loss_std":0.01975079377492267,"avg_inner_curve/val_auc_mean":0.47833961170675166,"avg_inner_curve/val_auc_std":0.03006374963778613,"avg_inner_curve/val_acc_std":0.0888888888888889,"avg_inner_folds/std_logloss":0.017736859968968788,"avg_inner_folds/mean_logloss":0.6899356388383442,"_wandb":{"runtime":0},"avg_inner_curve/val_acc_mean":0.5555555555555556}