{"avg_inner_best_models/train_loss_mean":0.5363880048195521,"avg_inner_best_models/val_loss_mean":0.6251531640688578,"avg_inner_best_models/val_auc_mean":0.6810344827586207,"_timestamp":1.7728160624008574e+09,"_wandb":{"runtime":0},"_runtime":0.059853963,"_step":35}