{"_runtime":0.061536077,"avg_inner_best_models/train_loss_mean":0.5009369750817617,"avg_inner_best_models/val_loss_mean":0.680038849512736,"avg_inner_best_models/val_auc_mean":0.6077586206896551,"_timestamp":1.7728264369585135e+09,"_step":31,"_wandb":{"runtime":0}}