{"_runtime":0.057562694,"_timestamp":1.772793752053137e+09,"_step":33,"avg_inner_best_models/train_loss_mean":0.5466664036115011,"avg_inner_best_models/val_loss_mean":0.6352478663126627,"avg_inner_best_models/val_auc_mean":0.7180527383367139,"_wandb":{"runtime":0}}