{"_step":41,"_wandb":{"runtime":0},"_runtime":0.040312166,"avg_inner_best_models/train_loss_mean":0.25060602525870007,"avg_inner_best_models/val_loss_mean":0.5888215452432632,"_timestamp":1.772528748401707e+09}