{"_step":33,"avg_inner_best_models/train_loss_mean":0.32491923371950787,"_wandb":{"runtime":0},"_runtime":0.034691256,"avg_inner_best_models/val_loss_mean":0.6571252048015594,"_timestamp":1.7725023007082183e+09}