{"_runtime":0.074212385,"_step":59,"avg_inner_best_models/train_loss_mean":0.48492094278335574,"avg_inner_best_models/val_loss_mean":0.6597032070159913,"_timestamp":1.772574180078618e+09,"_wandb":{"runtime":0}}