{"_step":62,"avg_inner_best_models/train_loss_mean":0.401298463344574,"_wandb":{"runtime":0},"_runtime":0.052928255,"avg_inner_best_models/val_loss_mean":0.6206904649734497,"_timestamp":1.7724975063653154e+09}