{"avg_inner_best_models/train_loss_mean":0.3459328959385554,"avg_inner_best_models/val_loss_mean":0.631142795085907,"_timestamp":1.77252225332066e+09,"_step":59,"_wandb":{"runtime":0},"_runtime":0.054339446}