outer_test_LOGLOSS_mean,outer_test_LOGLOSS_std,outer_test_AUC_mean,outer_test_AUC_std,outer_test_AUCPR_mean,outer_test_AUCPR_std,outer_test_ACC_mean,outer_test_ACC_std,outer_test_SEN_mean,outer_test_SEN_std,outer_test_SP_mean,outer_test_SP_std,outer_test_MCC_mean,outer_test_MCC_std
0.6758244995527154,0.010677478633516603,0.6199393424036281,0.0652576772848862,0.7427739158984781,0.058482313258495115,0.5879657477025898,0.06825457813433938,0.6153809523809524,0.10249193025897377,0.5416190476190474,0.08350674556106889,0.15432976064214032,0.12124097861400919
