outer_test_LOGLOSS_mean,outer_test_LOGLOSS_std,outer_test_AUC_mean,outer_test_AUC_std,outer_test_AUCPR_mean,outer_test_AUCPR_std,outer_test_ACC_mean,outer_test_ACC_std,outer_test_SEN_mean,outer_test_SEN_std,outer_test_SP_mean,outer_test_SP_std,outer_test_MCC_mean,outer_test_MCC_std
0.6807817278112818,0.006966433590794158,0.5797069790879316,0.04132101866319959,0.7173204576115292,0.031060425493478844,0.5870342522974102,0.051338717617127154,0.659962962962963,0.09347646050393098,0.4617619047619047,0.07541765592273067,0.1241479846744698,0.09336791083272683
