{"_timestamp":1.7725785481448731e+09,"_step":59,"avg_inner_best_models/train_loss_mean":0.5563437869151433,"avg_inner_best_models/val_loss_mean":0.6596473534901938,"_wandb":{"runtime":0},"_runtime":0.058902508}