outer_test_LOGLOSS_mean,outer_test_LOGLOSS_std,outer_test_AUC_mean,outer_test_AUC_std,outer_test_AUCPR_mean,outer_test_AUCPR_std,outer_test_ACC_mean,outer_test_ACC_std,outer_test_SEN_mean,outer_test_SEN_std,outer_test_SP_mean,outer_test_SP_std,outer_test_MCC_mean,outer_test_MCC_std
0.6628975219322796,0.018609416280436206,0.633413454270597,0.0601135408256875,0.7450047094599495,0.04689132664278959,0.6130137844611528,0.06965691377702991,0.6705132275132276,0.1718202328982,0.5176825396825396,0.14971510244441835,0.20141471474124292,0.11345013306949557
