outer_test_LOGLOSS_mean,outer_test_LOGLOSS_std,outer_test_AUC_mean,outer_test_AUC_std,outer_test_AUCPR_mean,outer_test_AUCPR_std,outer_test_ACC_mean,outer_test_ACC_std,outer_test_SEN_mean,outer_test_SEN_std,outer_test_SP_mean,outer_test_SP_std,outer_test_MCC_mean,outer_test_MCC_std
0.6737430964475052,0.008807674862113226,0.6035587049634669,0.03905252237324249,0.7455061672759202,0.036545158823255035,0.5965183792815372,0.0593209522848634,0.6488465608465608,0.13774291987522963,0.5086825396825397,0.13315233819319172,0.1602791704281266,0.09672946563001115
