{"_runtime":0.053175402,"_step":60,"avg_inner_best_models/train_loss_mean":0.3691711922486623,"avg_inner_best_models/val_loss_mean":0.5930865108966827,"_timestamp":1.7725128244470804e+09,"_wandb":{"runtime":0}}