outer_test_LOGLOSS_mean,outer_test_LOGLOSS_std,outer_test_AUC_mean,outer_test_AUC_std,outer_test_AUCPR_mean,outer_test_AUCPR_std,outer_test_ACC_mean,outer_test_ACC_std,outer_test_SEN_mean,outer_test_SEN_std,outer_test_SP_mean,outer_test_SP_std,outer_test_MCC_mean,outer_test_MCC_std
0.6917989516214971,0.012987880240415018,0.548934870244394,0.06271294805418144,0.6848599401090353,0.056737477560335495,0.5280179615705931,0.091113050357,0.5324973544973544,0.1787766605081646,0.5216825396825396,0.09887631563229227,0.05354435230080846,0.12662020234398721
