{"avg_inner_best_models/train_loss_mean":0.6033117522795995,"avg_inner_best_models/val_loss_mean":0.6726171970367432,"_wandb":{"runtime":0},"_runtime":0.035311445,"_timestamp":1.7725208386881871e+09,"_step":33}