{"_runtime":0.060713059,"_step":29,"avg_inner_best_models/train_loss_mean":0.5894757658243179,"avg_inner_best_models/val_loss_mean":0.7124876578648885,"_timestamp":1.7725341529017642e+09,"_wandb":{"runtime":0}}