{"_runtime":0.054843503,"avg_inner_best_models/train_loss_mean":0.5347546264529228,"avg_inner_best_models/val_loss_mean":0.6469259858131409,"_timestamp":1.7725336026572473e+09,"_step":41,"_wandb":{"runtime":0}}