{"avg_inner_best_models/train_loss_mean":0.4297485252221425,"avg_inner_best_models/val_loss_mean":0.6231738527615865,"avg_inner_best_models/val_auc_mean":0.709051724137931,"_timestamp":1.7727707798346236e+09,"_step":54,"_wandb":{"runtime":0},"_runtime":0.051986029}