{"avg_inner_best_models/train_loss_mean":0.4936073571443558,"avg_inner_best_models/val_loss_mean":0.6410882472991943,"avg_inner_best_models/val_auc_mean":0.7241379310344828,"_timestamp":1.7727851967291315e+09,"_step":38,"_runtime":0.065736468,"_wandb":{"runtime":0}}