outer_test_LOGLOSS_mean,outer_test_LOGLOSS_std,outer_test_AUC_mean,outer_test_AUC_std,outer_test_AUCPR_mean,outer_test_AUCPR_std,outer_test_ACC_mean,outer_test_ACC_std,outer_test_SEN_mean,outer_test_SEN_std,outer_test_SP_mean,outer_test_SP_std,outer_test_MCC_mean,outer_test_MCC_std
0.6850464943148394,0.019099751908059605,0.5595493827160493,0.08566233548528175,0.6940071699028161,0.06680110781417817,0.5517084377610694,0.0678080803180621,0.5963703703703704,0.11324998325109191,0.47069841269841267,0.1603168675437602,0.06697892238714687,0.14300381826459307
