outer_test_LOGLOSS_mean,outer_test_LOGLOSS_std,outer_test_AUC_mean,outer_test_AUC_std,outer_test_AUCPR_mean,outer_test_AUCPR_std,outer_test_ACC_mean,outer_test_ACC_std,outer_test_SEN_mean,outer_test_SEN_std,outer_test_SP_mean,outer_test_SP_std,outer_test_MCC_mean,outer_test_MCC_std
0.6815252977386056,0.01371335251455384,0.548076278659612,0.07171843219517438,0.6920444774063632,0.055092179988073135,0.5698162071846282,0.05359367785047691,0.702931216931217,0.07656264229083042,0.33785714285714286,0.11209609789199133,0.04214379512113427,0.12116897778413095
