outer_test_LOGLOSS_mean,outer_test_LOGLOSS_std,outer_test_AUC_mean,outer_test_AUC_std,outer_test_AUCPR_mean,outer_test_AUCPR_std,outer_test_ACC_mean,outer_test_ACC_std,outer_test_SEN_mean,outer_test_SEN_std,outer_test_SP_mean,outer_test_SP_std,outer_test_MCC_mean,outer_test_MCC_std
0.6802315898160228,0.014775987940866073,0.5637083018392542,0.07654995112365429,0.7137363650633867,0.06535169350890963,0.538890977443609,0.07069420828810721,0.5884338624338623,0.09372138159593292,0.45461904761904764,0.11753990282919109,0.042394718878515245,0.14035515870248905
