{"_wandb":{"runtime":0},"_runtime":0.03788472,"_step":34,"avg_inner_best_models/train_loss_mean":0.665117472410202,"avg_inner_best_models/val_loss_mean":0.6728428900241852,"_timestamp":1.7725215646487172e+09}