{"_step":43,"avg_inner_best_models/train_loss_mean":0.46004609763622284,"avg_inner_best_models/val_loss_mean":0.6458577513694763,"avg_inner_best_models/val_auc_mean":0.6551724137931034,"_timestamp":1.7727551350463178e+09,"_wandb":{"runtime":0},"_runtime":0.037669727}