outer_test_LOGLOSS_mean,outer_test_LOGLOSS_std,outer_test_AUC_mean,outer_test_AUC_std,outer_test_AUCPR_mean,outer_test_AUCPR_std,outer_test_ACC_mean,outer_test_ACC_std,outer_test_SEN_mean,outer_test_SEN_std,outer_test_SP_mean,outer_test_SP_std,outer_test_MCC_mean,outer_test_MCC_std
0.6707457453155804,0.024551485741787473,0.583843537414966,0.10335889503430239,0.7323454174753355,0.08613626547324253,0.5815162907268171,0.07760746579659507,0.6752380952380952,0.14526346382660196,0.41666666666666663,0.14632691012199478,0.09962723383583746,0.14539029234363263
