outer_test_LOGLOSS_mean,outer_test_LOGLOSS_std,outer_test_AUC_mean,outer_test_AUC_std,outer_test_AUCPR_mean,outer_test_AUCPR_std,outer_test_ACC_mean,outer_test_ACC_std,outer_test_SEN_mean,outer_test_SEN_std,outer_test_SP_mean,outer_test_SP_std,outer_test_MCC_mean,outer_test_MCC_std
0.6831676415624076,0.007011806664666839,0.55654119425548,0.06085111123855922,0.6911938892882536,0.03556006616167507,0.5758208020050125,0.0475499372506163,0.6664550264550265,0.09016403526199548,0.41947619047619045,0.13116765767614685,0.08524606170677657,0.10510291002377836
