{"avg_inner_best_models/val_auc_mean":0.6099137931034483,"_timestamp":1.772828029243332e+09,"_wandb":{"runtime":0},"_runtime":0.037488207,"_step":30,"avg_inner_best_models/train_loss_mean":0.45120012760162354,"avg_inner_best_models/val_loss_mean":0.6917951703071594}