{"avg_inner_best_models/val_auc_mean":0.8103448275862069,"_timestamp":1.7727621027595026e+09,"_step":80,"_wandb":{"runtime":0},"_runtime":0.061279546,"avg_inner_best_models/train_loss_mean":0.45624931156635284,"avg_inner_best_models/val_loss_mean":0.5925770103931427}