outer_test_LOGLOSS_mean,outer_test_LOGLOSS_std,outer_test_AUC_mean,outer_test_AUC_std,outer_test_AUCPR_mean,outer_test_AUCPR_std,outer_test_ACC_mean,outer_test_ACC_std,outer_test_SEN_mean,outer_test_SEN_std,outer_test_SP_mean,outer_test_SP_std,outer_test_MCC_mean,outer_test_MCC_std
0.6890545031577631,0.01837326429205534,0.5267395439657345,0.09610977674776415,0.6728801080766464,0.07790952573381209,0.5717105263157894,0.06299194304922151,0.694878306878307,0.11712479275201687,0.35826984126984124,0.11856748709844363,0.05806914538550495,0.12191599801895638
