outer_test_LOGLOSS_mean,outer_test_LOGLOSS_std,outer_test_AUC_mean,outer_test_AUC_std,outer_test_AUCPR_mean,outer_test_AUCPR_std,outer_test_ACC_mean,outer_test_ACC_std,outer_test_SEN_mean,outer_test_SEN_std,outer_test_SP_mean,outer_test_SP_std,outer_test_MCC_mean,outer_test_MCC_std
0.681051372420734,0.020297573331417247,0.5622634794658603,0.1053471383870923,0.703222822566824,0.08312635339950535,0.5912155388471177,0.06619975857352395,0.692063492063492,0.1481582174564835,0.41590476190476183,0.20826350379736597,0.11064826215039757,0.14569529530208666
