{"_step":36,"avg_inner_best_models/train_loss_mean":0.4642057766517003,"avg_inner_best_models/val_loss_mean":0.6263142228126526,"_timestamp":1.7724946845296474e+09,"_runtime":0.059016418,"_wandb":{"runtime":0}}