{"_runtime":0.054735587,"_timestamp":1.7727931044305623e+09,"_step":44,"avg_inner_best_models/train_loss_mean":0.49775902430216473,"avg_inner_best_models/val_loss_mean":0.6464460690816244,"avg_inner_best_models/val_auc_mean":0.7241379310344828,"_wandb":{"runtime":0}}