outer_test_LOGLOSS_mean,outer_test_LOGLOSS_std,outer_test_AUC_mean,outer_test_AUC_std,outer_test_AUCPR_mean,outer_test_AUCPR_std,outer_test_ACC_mean,outer_test_ACC_std,outer_test_SEN_mean,outer_test_SEN_std,outer_test_SP_mean,outer_test_SP_std,outer_test_MCC_mean,outer_test_MCC_std
0.6814322605840081,0.01732801718791032,0.5584268077601411,0.07849950792026,0.6993786333038705,0.05989545979286666,0.5589682539682539,0.07529769795780987,0.6411428571428572,0.13528207435123488,0.4155079365079365,0.11440773842371994,0.05889125733817397,0.13054840189348366
