outer_test_LOGLOSS_mean,outer_test_LOGLOSS_std,outer_test_AUC_mean,outer_test_AUC_std,outer_test_AUCPR_mean,outer_test_AUCPR_std,outer_test_ACC_mean,outer_test_ACC_std,outer_test_SEN_mean,outer_test_SEN_std,outer_test_SP_mean,outer_test_SP_std,outer_test_MCC_mean,outer_test_MCC_std
0.6825064949631255,0.010082770094937977,0.5634063366087176,0.06222800653947127,0.6994268390982117,0.05152279199189397,0.5826169590643275,0.05062734208043261,0.6648306878306879,0.07473764067666688,0.4391746031746033,0.1304523083945078,0.10254382204131282,0.11783325296067051
