outer_test_LOGLOSS_mean,outer_test_LOGLOSS_std,outer_test_AUC_mean,outer_test_AUC_std,outer_test_AUCPR_mean,outer_test_AUCPR_std,outer_test_ACC_mean,outer_test_ACC_std,outer_test_SEN_mean,outer_test_SEN_std,outer_test_SP_mean,outer_test_SP_std,outer_test_MCC_mean,outer_test_MCC_std
0.6873445627139327,0.015188422840509598,0.5658128621819097,0.08663188571028564,0.7151014574270158,0.05760750738280629,0.5624039264828737,0.07789173396816162,0.5641375661375662,0.13314027817339288,0.5571904761904761,0.15117382760646958,0.12182254427694147,0.15028797708733582
