{"_runtime":0.051622631,"avg_inner_best_models/train_loss_mean":0.5377489278713862,"avg_inner_best_models/val_loss_mean":0.6790878176689148,"avg_inner_best_models/val_auc_mean":0.6788793103448276,"_timestamp":1.7728038334498136e+09,"_step":35,"_wandb":{"runtime":0}}