{"avg_inner_best_models/val_loss_mean":0.6523985862731934,"avg_inner_best_models/val_auc_mean":0.6637931034482758,"_timestamp":1.7727629551372821e+09,"_step":28,"_wandb":{"runtime":0},"_runtime":0.087755229,"avg_inner_best_models/train_loss_mean":0.5154105126857758}