outer_test_LOGLOSS_mean,outer_test_LOGLOSS_std,outer_test_AUC_mean,outer_test_AUC_std,outer_test_AUCPR_mean,outer_test_AUCPR_std,outer_test_ACC_mean,outer_test_ACC_std,outer_test_SEN_mean,outer_test_SEN_std,outer_test_SP_mean,outer_test_SP_std,outer_test_MCC_mean,outer_test_MCC_std
0.6796543736979352,0.01711145532396356,0.6020128495842783,0.0876798439362585,0.7212508925978234,0.07476458812996176,0.6259711779448622,0.06567759933524672,0.7145978835978836,0.09222713223414769,0.4729999999999999,0.09620705156385269,0.19226193896201732,0.12912153518580297
