{"_step":49,"avg_inner_best_models/train_loss_mean":1.4532662232716878,"avg_inner_best_models/val_loss_mean":0.6549043357372284,"avg_inner_best_models/val_auc_mean":0.680672268907563,"_timestamp":1.772866812347292e+09,"_wandb":{"runtime":0},"_runtime":0.058794413}