outer_test_LOGLOSS_mean,outer_test_LOGLOSS_std,outer_test_AUC_mean,outer_test_AUC_std,outer_test_AUCPR_mean,outer_test_AUCPR_std,outer_test_ACC_mean,outer_test_ACC_std,outer_test_SEN_mean,outer_test_SEN_std,outer_test_SP_mean,outer_test_SP_std,outer_test_MCC_mean,outer_test_MCC_std
0.6824738157417154,0.010309032332138535,0.5603080120937263,0.06509088449796634,0.7091914795539913,0.04877901495133842,0.5682936507936508,0.05869079004306317,0.665021164021164,0.10259056108877151,0.4006984126984128,0.11752155354591257,0.06653104641277618,0.11554238200185783
