{"_runtime":0.048479385,"avg_inner_best_models/val_loss_mean":0.6226234436035156,"_timestamp":1.772527056421896e+09,"_step":22,"avg_inner_best_models/train_loss_mean":0.3954317222038905,"_wandb":{"runtime":0}}