{"_timestamp":1.7725066364135287e+09,"_step":26,"avg_inner_best_models/train_loss_mean":0.4719803010423978,"_wandb":{"runtime":0},"_runtime":0.050598449,"avg_inner_best_models/val_loss_mean":0.6770568490028381}