{"_step":64,"avg_inner_best_models/train_loss_mean":0.4532235364119212,"avg_inner_best_models/val_loss_mean":0.6273385584354401,"avg_inner_best_models/val_auc_mean":0.7004310344827587,"_timestamp":1.7727523356933882e+09,"_wandb":{"runtime":0},"_runtime":0.0587798}