outer_test_LOGLOSS_mean,outer_test_LOGLOSS_std,outer_test_AUC_mean,outer_test_AUC_std,outer_test_AUCPR_mean,outer_test_AUCPR_std,outer_test_ACC_mean,outer_test_ACC_std,outer_test_SEN_mean,outer_test_SEN_std,outer_test_SP_mean,outer_test_SP_std,outer_test_MCC_mean,outer_test_MCC_std
0.6658494193831946,0.021330514677497758,0.6169070294784581,0.07450334239977295,0.75065495823044,0.048989215947191404,0.5953717627401838,0.072200866428051,0.6722380952380952,0.17142389759419766,0.4657460317460317,0.17595554692103804,0.14984826740221757,0.12524415340278428
