outer_test_LOGLOSS_mean,outer_test_LOGLOSS_std,outer_test_AUC_mean,outer_test_AUC_std,outer_test_AUCPR_mean,outer_test_AUCPR_std,outer_test_ACC_mean,outer_test_ACC_std,outer_test_SEN_mean,outer_test_SEN_std,outer_test_SP_mean,outer_test_SP_std,outer_test_MCC_mean,outer_test_MCC_std
0.6595729187211838,0.01037477340831275,0.6122916981607457,0.041195132509327076,0.7473574724539177,0.03858220236177316,0.6110797827903092,0.03773152919103129,0.7414285714285714,0.11675151582789167,0.3863650793650793,0.17632104908062404,0.13480136391182218,0.09969618545579029
