{"_runtime":0.061361393,"avg_inner_best_models/train_loss_mean":0.48262761533260345,"avg_inner_best_models/val_loss_mean":0.6166969239711761,"_timestamp":1.772531511911417e+09,"_step":52,"_wandb":{"runtime":0}}