{"_step":48,"avg_inner_best_models/train_loss_mean":0.478309045235316,"avg_inner_best_models/val_loss_mean":0.6365732550621033,"_wandb":{"runtime":0},"_runtime":0.04002656,"_timestamp":1.7725448673989675e+09}