outer_test_LOGLOSS_mean,outer_test_LOGLOSS_std,outer_test_AUC_mean,outer_test_AUC_std,outer_test_AUCPR_mean,outer_test_AUCPR_std,outer_test_ACC_mean,outer_test_ACC_std,outer_test_SEN_mean,outer_test_SEN_std,outer_test_SP_mean,outer_test_SP_std,outer_test_MCC_mean,outer_test_MCC_std
0.6871628686859279,0.006203914096561437,0.5352879188712522,0.04529299993063562,0.6779888392145709,0.032821913313722834,0.5330367585630743,0.05555516202015936,0.5761481481481481,0.08520829162915927,0.45882539682539686,0.0643614521751754,0.034634354134671294,0.09709848862161063
