{"_runtime":0.051457881,"avg_inner_best_models/val_loss_mean":0.6306543350219727,"_timestamp":1.7725144346964045e+09,"_step":32,"avg_inner_best_models/train_loss_mean":0.24860242257515588,"_wandb":{"runtime":0}}