{"avg_inner_best_models/val_loss_mean":0.6275238792101542,"avg_inner_best_models/val_auc_mean":0.7079831932773109,"_timestamp":1.7728276194463744e+09,"_step":30,"_wandb":{"runtime":0},"_runtime":0.03613737,"avg_inner_best_models/train_loss_mean":0.48840782046318054}