outer_test_LOGLOSS_mean,outer_test_LOGLOSS_std,outer_test_AUC_mean,outer_test_AUC_std,outer_test_AUCPR_mean,outer_test_AUCPR_std,outer_test_ACC_mean,outer_test_ACC_std,outer_test_SEN_mean,outer_test_SEN_std,outer_test_SP_mean,outer_test_SP_std,outer_test_MCC_mean,outer_test_MCC_std
0.6773105769690553,0.016028910534964094,0.5640205971277399,0.05461210991884776,0.6989220005490248,0.03398480336511987,0.5833208020050126,0.04743438086682574,0.6822328042328043,0.08870115862647135,0.4136507936507936,0.10430683093004299,0.09719947159725936,0.09261598321433373
