{"avg_inner_best_models/val_loss_mean":0.6737186312675476,"_timestamp":1.7725040646574454e+09,"_wandb":{"runtime":0},"_runtime":0.051282994,"_step":22,"avg_inner_best_models/train_loss_mean":0.46322138607501984}