{"_step":54,"avg_inner_best_models/train_loss_mean":0.2770109822352727,"_wandb":{"runtime":0},"_runtime":0.036325747,"avg_inner_best_models/val_loss_mean":0.5678429206212362,"_timestamp":1.7724938989956086e+09}