{"_wandb":{"runtime":0},"_runtime":0.06772589,"_step":38,"avg_inner_best_models/train_loss_mean":0.48644648989041644,"avg_inner_best_models/val_loss_mean":0.6826188961664835,"avg_inner_best_models/val_auc_mean":0.646551724137931,"_timestamp":1.7728111808691802e+09}