{"avg_inner_best_models/train_loss_mean":0.3287940671046575,"avg_inner_best_models/val_loss_mean":0.6183041036128998,"_timestamp":1.772526627505029e+09,"_runtime":0.056459721,"_wandb":{"runtime":0},"_step":56}