{"_step":59,"avg_inner_best_models/train_loss_mean":0.5386269668738047,"avg_inner_best_models/val_loss_mean":0.6757062594095866,"_timestamp":1.772557797989319e+09,"_wandb":{"runtime":0},"_runtime":0.054799982}