{"_wandb":{"runtime":0},"_runtime":0.052519814,"avg_inner_best_models/val_loss_mean":0.6562783420085907,"avg_inner_best_models/val_auc_mean":0.6638655462184874,"_timestamp":1.7728065733017383e+09,"_step":30,"avg_inner_best_models/train_loss_mean":0.49760449926058453}