{"_wandb":{"runtime":0},"_runtime":0.039747172,"_step":71,"avg_inner_best_models/train_loss_mean":0.24110697706540427,"avg_inner_best_models/val_loss_mean":0.6363283097743988,"_timestamp":1.7725024599216108e+09}