outer_test_LOGLOSS_mean,outer_test_LOGLOSS_std,outer_test_AUC_mean,outer_test_AUC_std,outer_test_AUCPR_mean,outer_test_AUCPR_std,outer_test_ACC_mean,outer_test_ACC_std,outer_test_SEN_mean,outer_test_SEN_std,outer_test_SP_mean,outer_test_SP_std,outer_test_MCC_mean,outer_test_MCC_std
0.671615959519921,0.007269376469288391,0.569595742000504,0.04680591798971295,0.7081579866578455,0.037022481260791065,0.5803425229741018,0.034808138318543215,0.7324814814814815,0.12993036973624375,0.32058730158730153,0.2022989017713032,0.04971207078465665,0.11092789209343973
