outer_test_LOGLOSS_mean,outer_test_LOGLOSS_std,outer_test_AUC_mean,outer_test_AUC_std,outer_test_AUCPR_mean,outer_test_AUCPR_std,outer_test_ACC_mean,outer_test_ACC_std,outer_test_SEN_mean,outer_test_SEN_std,outer_test_SP_mean,outer_test_SP_std,outer_test_MCC_mean,outer_test_MCC_std
0.6739417162265492,0.021291015130995898,0.5967695893172085,0.06995800837805406,0.7263581290419404,0.04568256076221133,0.5759732664995824,0.07239034679722497,0.6375449735449734,0.17362721873056702,0.47441269841269834,0.19797445326544974,0.1204479331280271,0.1373596880984527
