{"_timestamp":1.7725666145644588e+09,"_step":59,"_runtime":0.055274683,"_wandb":{"runtime":0},"avg_inner_best_models/train_loss_mean":0.5336145326495171,"avg_inner_best_models/val_loss_mean":0.6777950902779898}