{"avg_inner_best_models/val_loss_mean":0.7326220671335856,"_wandb":{"runtime":0},"_runtime":0.054279623,"_timestamp":1.7725351542763286e+09,"_step":24,"avg_inner_best_models/train_loss_mean":0.7266924480597178}