outer_test_LOGLOSS_mean,outer_test_LOGLOSS_std,outer_test_AUC_mean,outer_test_AUC_std,outer_test_AUCPR_mean,outer_test_AUCPR_std,outer_test_ACC_mean,outer_test_ACC_std,outer_test_SEN_mean,outer_test_SEN_std,outer_test_SP_mean,outer_test_SP_std,outer_test_MCC_mean,outer_test_MCC_std
0.6809780191338904,0.026698460684036866,0.5855885613504661,0.10144328638571616,0.7289270396537181,0.0686892373570401,0.5806996658312449,0.10096713967141058,0.6273597883597883,0.14301855447642584,0.5003174603174603,0.10402814984838485,0.12984703777983536,0.18394425040635803
