{"_step":27,"_wandb":{"runtime":0},"_runtime":0.05137236,"avg_inner_best_models/train_loss_mean":0.544019341468811,"avg_inner_best_models/val_loss_mean":0.6258440216382344,"_timestamp":1.7725207461544092e+09}