{"_wandb":{"runtime":0},"_runtime":0.061058437,"_step":49,"avg_inner_best_models/train_loss_mean":0.41833136479059857,"avg_inner_best_models/val_loss_mean":0.6291686296463013,"avg_inner_best_models/val_auc_mean":0.6953781512605042,"_timestamp":1.7727839740279093e+09}