{"avg_inner_best_models/val_loss_mean":0.6138834754625956,"avg_inner_best_models/val_auc_mean":0.7370689655172413,"_timestamp":1.772786012953307e+09,"_step":71,"_wandb":{"runtime":0},"_runtime":0.064108454,"avg_inner_best_models/train_loss_mean":0.37510645637909573}