outer_test_LOGLOSS_mean,outer_test_LOGLOSS_std,outer_test_AUC_mean,outer_test_AUC_std,outer_test_AUCPR_mean,outer_test_AUCPR_std,outer_test_ACC_mean,outer_test_ACC_std,outer_test_SEN_mean,outer_test_SEN_std,outer_test_SP_mean,outer_test_SP_std,outer_test_MCC_mean,outer_test_MCC_std
0.6662417012998868,0.01400544922682453,0.5869288863693625,0.0705978167576078,0.7167340342681662,0.04442167772248695,0.6124979114452798,0.07319848045616349,0.7693280423280423,0.07936332887526595,0.34215873015873016,0.1783938707463541,0.10901729917649963,0.19438296392318485
