outer_test_LOGLOSS_mean,outer_test_LOGLOSS_std,outer_test_AUC_mean,outer_test_AUC_std,outer_test_AUCPR_mean,outer_test_AUCPR_std,outer_test_ACC_mean,outer_test_ACC_std,outer_test_SEN_mean,outer_test_SEN_std,outer_test_SP_mean,outer_test_SP_std,outer_test_MCC_mean,outer_test_MCC_std
0.6747360510664939,0.022801547957078346,0.6035817586293776,0.09334370879756769,0.7288756798990915,0.0633648010781162,0.5810129490392647,0.08775778261305324,0.6500052910052909,0.21846595739573396,0.4593650793650794,0.2020852400638783,0.11293404290079456,0.13040052456254966
