{"_runtime":0.054592277,"avg_inner_best_models/train_loss_mean":0.46937140077352524,"avg_inner_best_models/val_loss_mean":0.6184491912523905,"_timestamp":1.772510549471128e+09,"_step":53,"_wandb":{"runtime":0}}