{"_wandb":{"runtime":0},"_runtime":0.055872426,"_timestamp":1.7728899885721586e+09,"_step":75,"avg_inner_best_models/train_loss_mean":1.2987388372421265,"avg_inner_best_models/val_loss_mean":0.6922377347946167,"avg_inner_best_models/val_auc_mean":0.7142857142857142}