{"avg_inner_best_models/val_auc_mean":0.6530172413793103,"_wandb":{"runtime":0},"_runtime":0.085559859,"_timestamp":1.772823350394585e+09,"_step":34,"avg_inner_best_models/train_loss_mean":0.537995308637619,"avg_inner_best_models/val_loss_mean":0.6707949340343475}