outer_test_LOGLOSS_mean,outer_test_LOGLOSS_std,outer_test_AUC_mean,outer_test_AUC_std,outer_test_AUCPR_mean,outer_test_AUCPR_std,outer_test_ACC_mean,outer_test_ACC_std,outer_test_SEN_mean,outer_test_SEN_std,outer_test_SP_mean,outer_test_SP_std,outer_test_MCC_mean,outer_test_MCC_std
0.6784052573730863,0.009341523148642549,0.6023179012345679,0.0670389916447813,0.7218313819005895,0.04358592811694497,0.5788116123642439,0.0533968139422002,0.6271640211640213,0.11724962845406602,0.49617460317460305,0.15473889168491944,0.12404176238837493,0.10980967753235393
