{"_runtime":0.053703151,"avg_inner_best_models/val_loss_mean":0.6231505870819092,"_timestamp":1.772530057741957e+09,"_step":44,"avg_inner_best_models/train_loss_mean":0.4638577351967494,"_wandb":{"runtime":0}}