{"_runtime":0.068657439,"_timestamp":1.7727916788587291e+09,"_step":75,"avg_inner_best_models/train_loss_mean":0.4498732139666875,"avg_inner_best_models/val_loss_mean":0.6551615297794342,"avg_inner_best_models/val_auc_mean":0.6554621848739496,"_wandb":{"runtime":0}}