outer_test_LOGLOSS_mean,outer_test_LOGLOSS_std,outer_test_AUC_mean,outer_test_AUC_std,outer_test_AUCPR_mean,outer_test_AUCPR_std,outer_test_ACC_mean,outer_test_ACC_std,outer_test_SEN_mean,outer_test_SEN_std,outer_test_SP_mean,outer_test_SP_std,outer_test_MCC_mean,outer_test_MCC_std
0.6795040484700028,0.014159420911065737,0.6061460695389267,0.042777064036906114,0.7468523563165672,0.042465440664197315,0.5669256474519633,0.058503107404768676,0.5584603174603175,0.17437502235480215,0.5869047619047619,0.1987079033282011,0.15268687999145694,0.09358630121944919
