{"_wandb":{"runtime":0},"_runtime":0.051110225,"avg_inner_best_models/train_loss_mean":0.4135318597157796,"avg_inner_best_models/val_loss_mean":0.6337730884552002,"avg_inner_best_models/val_auc_mean":0.7205882352941176,"_timestamp":1.7727793689985855e+09,"_step":48}