{"_timestamp":1.7727794955907946e+09,"_step":64,"_wandb":{"runtime":0},"_runtime":0.062303684,"avg_inner_best_models/train_loss_mean":0.46763407935698825,"avg_inner_best_models/val_loss_mean":0.5965389609336853,"avg_inner_best_models/val_auc_mean":0.7543103448275862}