{"_runtime":0.053047888,"_step":40,"avg_inner_best_models/train_loss_mean":0.5366760641336441,"avg_inner_best_models/val_loss_mean":0.6949506402015686,"_timestamp":1.772539014029177e+09,"_wandb":{"runtime":0}}