{"avg_inner_best_models/val_loss_mean":0.6535067558288574,"_wandb":{"runtime":0},"_runtime":0.050920293,"_timestamp":1.772508874360174e+09,"_step":38,"avg_inner_best_models/train_loss_mean":0.4897313763697942}