outer_test_LOGLOSS_mean,outer_test_LOGLOSS_std,outer_test_AUC_mean,outer_test_AUC_std,outer_test_AUCPR_mean,outer_test_AUCPR_std,outer_test_ACC_mean,outer_test_ACC_std,outer_test_SEN_mean,outer_test_SEN_std,outer_test_SP_mean,outer_test_SP_std,outer_test_MCC_mean,outer_test_MCC_std
0.664367912148986,0.024070743808326366,0.5772808012093726,0.09996617349189063,0.7138322840414586,0.0754316015148013,0.6006474519632415,0.06879875175093032,0.8061322751322753,0.1498128463677242,0.24309523809523811,0.1783344011222412,0.05628836812698381,0.16091923766533564
