{"_timestamp":1.7725507877003195e+09,"_step":67,"_wandb":{"runtime":0},"_runtime":0.071963759,"avg_inner_best_models/train_loss_mean":0.6025970478852589,"avg_inner_best_models/val_loss_mean":0.680228074391683}