{"avg_inner_best_models/val_loss_mean":0.6310233771800995,"_timestamp":1.772535498545784e+09,"_wandb":{"runtime":0},"_runtime":0.041048893,"_step":80,"avg_inner_best_models/train_loss_mean":0.4024069408575694}