{"avg_inner_best_models/val_auc_mean":0.7457983193277311,"_timestamp":1.7728536265092888e+09,"_wandb":{"runtime":0},"_runtime":0.127818668,"_step":80,"avg_inner_best_models/train_loss_mean":2.5074436267217,"avg_inner_best_models/val_loss_mean":0.6511350274085999}