{"avg_inner_best_models/train_loss_mean":0.4800262947877248,"avg_inner_best_models/val_loss_mean":0.6806736886501312,"_timestamp":1.772520568468714e+09,"_step":36,"_wandb":{"runtime":0},"_runtime":0.058160138}