{"_runtime":0.061314884,"avg_inner_best_models/val_loss_mean":0.656172901391983,"avg_inner_best_models/val_auc_mean":0.707983193277311,"_timestamp":1.7728199419251318e+09,"_step":58,"avg_inner_best_models/train_loss_mean":0.49422015249729156,"_wandb":{"runtime":0}}