{"avg_inner_best_models/val_auc_mean":0.5905172413793103,"_wandb":{"runtime":0},"_runtime":0.035370811,"_timestamp":1.7728147694991996e+09,"_step":37,"avg_inner_best_models/train_loss_mean":0.5665454342961311,"avg_inner_best_models/val_loss_mean":0.6692377924919128}