outer_test_LOGLOSS_mean,outer_test_LOGLOSS_std,outer_test_AUC_mean,outer_test_AUC_std,outer_test_AUCPR_mean,outer_test_AUCPR_std,outer_test_ACC_mean,outer_test_ACC_std,outer_test_SEN_mean,outer_test_SEN_std,outer_test_SP_mean,outer_test_SP_std,outer_test_MCC_mean,outer_test_MCC_std
0.6837777945202922,0.012118686213718245,0.5773409549004787,0.06343004168121508,0.7081117235640781,0.048442097731183506,0.5629427736006684,0.04521311107623631,0.6118624338624339,0.1179116207579015,0.47533333333333333,0.1505508611572444,0.08767123741370246,0.09161548858170446
