outer_test_LOGLOSS_mean,outer_test_LOGLOSS_std,outer_test_AUC_mean,outer_test_AUC_std,outer_test_AUCPR_mean,outer_test_AUCPR_std,outer_test_ACC_mean,outer_test_ACC_std,outer_test_SEN_mean,outer_test_SEN_std,outer_test_SP_mean,outer_test_SP_std,outer_test_MCC_mean,outer_test_MCC_std
0.6772659752160212,0.01442421411003652,0.5757103804484757,0.0755968466581821,0.697927212941279,0.059530331582801785,0.5847535505430242,0.056012525583605074,0.6492910052910053,0.08677987710614393,0.4735873015873016,0.16483570511593823,0.12089469707355434,0.1386555813867987
