outer_test_LOGLOSS_mean,outer_test_LOGLOSS_std,outer_test_AUC_mean,outer_test_AUC_std,outer_test_AUCPR_mean,outer_test_AUCPR_std,outer_test_ACC_mean,outer_test_ACC_std,outer_test_SEN_mean,outer_test_SEN_std,outer_test_SP_mean,outer_test_SP_std,outer_test_MCC_mean,outer_test_MCC_std
0.6769532390090153,0.009110340888162977,0.5780884353741497,0.03671772827736814,0.7082973015636742,0.027384459793506965,0.5697953216374269,0.04072626045029181,0.6684232804232804,0.08186019216929825,0.40033333333333326,0.09542049886468584,0.07041821590349231,0.08176996375836651
