outer_test_LOGLOSS_mean,outer_test_LOGLOSS_std,outer_test_AUC_mean,outer_test_AUC_std,outer_test_AUCPR_mean,outer_test_AUCPR_std,outer_test_ACC_mean,outer_test_ACC_std,outer_test_SEN_mean,outer_test_SEN_std,outer_test_SP_mean,outer_test_SP_std,outer_test_MCC_mean,outer_test_MCC_std
0.6773599176138456,0.00956819076898765,0.5459939531368104,0.054676774656653444,0.6930540805617629,0.04500951325555033,0.5705242272347535,0.06263936172239086,0.71405291005291,0.11173153673208124,0.3192857142857143,0.08054139181440147,0.0410059683464013,0.1095361736875087
