outer_test_LOGLOSS_mean,outer_test_LOGLOSS_std,outer_test_AUC_mean,outer_test_AUC_std,outer_test_AUCPR_mean,outer_test_AUCPR_std,outer_test_ACC_mean,outer_test_ACC_std,outer_test_SEN_mean,outer_test_SEN_std,outer_test_SP_mean,outer_test_SP_std,outer_test_MCC_mean,outer_test_MCC_std
0.6766624521079717,0.021542210465930505,0.5739893550012598,0.088462937575356,0.7157125930824716,0.07154135975347002,0.5748182957393485,0.06595235224026373,0.6748518518518519,0.10634042664392784,0.4017936507936508,0.08221707600976708,0.08263713821249902,0.12094944383723676
