{"_runtime":0.057117389,"_timestamp":1.772577279422111e+09,"_step":59,"avg_inner_best_models/train_loss_mean":0.5473091686765353,"avg_inner_best_models/val_loss_mean":0.678150369723638,"_wandb":{"runtime":0}}