outer_test_LOGLOSS_mean,outer_test_LOGLOSS_std,outer_test_AUC_mean,outer_test_AUC_std,outer_test_AUCPR_mean,outer_test_AUCPR_std,outer_test_ACC_mean,outer_test_ACC_std,outer_test_SEN_mean,outer_test_SEN_std,outer_test_SP_mean,outer_test_SP_std,outer_test_MCC_mean,outer_test_MCC_std
0.6836431772195353,0.012526977040166797,0.5923313807004283,0.08847556558912233,0.7162152783606598,0.06840977919802765,0.5688011695906433,0.061309322702188127,0.6003492063492063,0.11877478340982955,0.5155079365079365,0.1783141294646449,0.11441913423921309,0.13641197686574724
