{"avg_inner_best_models/train_loss_mean":0.6214005202054977,"_wandb":{"runtime":0},"_runtime":0.055953357,"avg_inner_best_models/val_loss_mean":0.6870721181233724,"_timestamp":1.7724954950237076e+09,"_step":33}