{"avg_inner_best_models/train_loss_mean":0.46528863658507663,"avg_inner_best_models/val_loss_mean":0.6356992125511169,"_timestamp":1.7725142666475484e+09,"_step":36,"_wandb":{"runtime":0},"_runtime":0.052451456}