{"_wandb":{"runtime":0},"_runtime":0.036734602,"_step":37,"avg_inner_best_models/train_loss_mean":0.5007648890217146,"avg_inner_best_models/val_loss_mean":0.648888905843099,"_timestamp":1.7725331399345438e+09}