{"_wandb":{"runtime":0},"_runtime":0.061923948,"_timestamp":1.7725745513646088e+09,"_step":61,"avg_inner_best_models/train_loss_mean":0.44460153579711914,"avg_inner_best_models/val_loss_mean":0.6577594876289368}