{"avg_inner_best_models/val_loss_mean":0.6121155619621277,"_timestamp":1.7724996954255478e+09,"_step":23,"_wandb":{"runtime":0},"_runtime":0.035367019,"avg_inner_best_models/train_loss_mean":0.3949726422627767}