{"_runtime":0.054377897,"avg_inner_best_models/val_auc_mean":0.6764705882352942,"_timestamp":1.772764030402236e+09,"_step":64,"avg_inner_best_models/train_loss_mean":0.4475952784220378,"avg_inner_best_models/val_loss_mean":0.6448437869548798,"_wandb":{"runtime":0}}