{"avg_inner_best_models/train_loss_mean":0.5336264769236246,"avg_inner_best_models/val_loss_mean":0.7197670737902324,"_timestamp":1.7725076059207182e+09,"_step":25,"_wandb":{"runtime":0},"_runtime":0.054375997}