outer_test_LOGLOSS_mean,outer_test_LOGLOSS_std,outer_test_AUC_mean,outer_test_AUC_std,outer_test_AUCPR_mean,outer_test_AUCPR_std,outer_test_ACC_mean,outer_test_ACC_std,outer_test_SEN_mean,outer_test_SEN_std,outer_test_SP_mean,outer_test_SP_std,outer_test_MCC_mean,outer_test_MCC_std
0.6694512991032703,0.02424656961459395,0.57786470143613,0.09584617122435861,0.7242803395941044,0.06977926127416316,0.5922932330827069,0.07168423663872164,0.6807936507936508,0.10538445375850432,0.4371428571428571,0.24469774033894168,0.1115665874154208,0.19743645026319867
