{"_wandb":{"runtime":0},"_runtime":0.038107537,"_step":62,"avg_inner_best_models/train_loss_mean":0.4703892668088277,"avg_inner_best_models/val_loss_mean":0.6308953563372294,"_timestamp":1.7725429333740976e+09}