{"avg_inner_best_models/val_loss_mean":0.637709766626358,"_timestamp":1.772528983243745e+09,"_step":35,"avg_inner_best_models/train_loss_mean":0.502797544002533,"_wandb":{"runtime":0},"_runtime":0.051226064}