{"_wandb":{"runtime":0},"avg_inner_best_models/train_loss_mean":0.5603612661361694,"avg_inner_best_models/val_loss_mean":0.6816793084144592,"avg_inner_best_models/val_auc_mean":0.6596638655462185,"_timestamp":1.7728165798318489e+09,"_step":39,"_runtime":0.038016265}