{"_runtime":0.059386287,"_step":59,"avg_inner_best_models/train_loss_mean":0.5049645135800043,"avg_inner_best_models/val_loss_mean":0.6656812489032745,"_timestamp":1.772567864705114e+09,"_wandb":{"runtime":0}}