{"_timestamp":1.7727974081791759e+09,"_step":56,"avg_inner_best_models/train_loss_mean":0.4418170104424159,"avg_inner_best_models/val_loss_mean":0.6112585663795471,"_wandb":{"runtime":0},"_runtime":0.065990274,"avg_inner_best_models/val_auc_mean":0.7952586206896551}