outer_test_LOGLOSS_mean,outer_test_LOGLOSS_std,outer_test_AUC_mean,outer_test_AUC_std,outer_test_AUCPR_mean,outer_test_AUCPR_std,outer_test_ACC_mean,outer_test_ACC_std,outer_test_SEN_mean,outer_test_SEN_std,outer_test_SP_mean,outer_test_SP_std,outer_test_MCC_mean,outer_test_MCC_std
0.6663558890259499,0.013692516054372014,0.5998769211388258,0.04186315594925985,0.7257810474578528,0.03242397157089598,0.6083939014202173,0.04464213225380361,0.735904761904762,0.08771620073278077,0.3863174603174603,0.12380312772851906,0.12885419480081112,0.09766133796875467
