{"_timestamp":1.7727572432049587e+09,"_step":35,"avg_inner_best_models/train_loss_mean":0.5109062219659487,"_runtime":0.058616425,"_wandb":{"runtime":0},"avg_inner_best_models/val_loss_mean":0.6517267028490702,"avg_inner_best_models/val_auc_mean":0.6637931034482758}