{"avg_inner_best_models/train_loss_mean":0.522686096529166,"avg_inner_best_models/val_loss_mean":0.6624899506568909,"_timestamp":1.7725434914167688e+09,"_step":36,"_wandb":{"runtime":0},"_runtime":0.040576026}