outer_test_LOGLOSS_mean,outer_test_LOGLOSS_std,outer_test_AUC_mean,outer_test_AUC_std,outer_test_AUCPR_mean,outer_test_AUCPR_std,outer_test_ACC_mean,outer_test_ACC_std,outer_test_SEN_mean,outer_test_SEN_std,outer_test_SP_mean,outer_test_SP_std,outer_test_MCC_mean,outer_test_MCC_std
0.6878689831923923,0.020319894962892937,0.5603425925925927,0.10721377803343572,0.6942276947848379,0.07581431011540879,0.5470008354218882,0.08640694514054785,0.5695608465608466,0.131299005586142,0.509984126984127,0.17185542553808414,0.07584599145348676,0.17643889894443682
