outer_test_LOGLOSS_mean,outer_test_LOGLOSS_std,outer_test_AUC_mean,outer_test_AUC_std,outer_test_AUCPR_mean,outer_test_AUCPR_std,outer_test_ACC_mean,outer_test_ACC_std,outer_test_SEN_mean,outer_test_SEN_std,outer_test_SP_mean,outer_test_SP_std,outer_test_MCC_mean,outer_test_MCC_std
0.6899667341304178,0.016622973371441988,0.545613000755858,0.12572144691565365,0.6809912582822103,0.0973587039783542,0.539156223893066,0.06320719901910278,0.5675396825396826,0.11250490719187972,0.49331746031746027,0.20865378662851536,0.0639520478996891,0.16541883913979485
