outer_test_LOGLOSS_mean,outer_test_LOGLOSS_std,outer_test_AUC_mean,outer_test_AUC_std,outer_test_AUCPR_mean,outer_test_AUCPR_std,outer_test_ACC_mean,outer_test_ACC_std,outer_test_SEN_mean,outer_test_SEN_std,outer_test_SP_mean,outer_test_SP_std,outer_test_MCC_mean,outer_test_MCC_std
0.6808143737429905,0.01642891465834773,0.5506730284706475,0.07021721611765742,0.7025042096506521,0.050078626438140254,0.5728613199665831,0.059447341287753704,0.6862063492063493,0.11787349950470204,0.3766349206349206,0.13295710818890788,0.06727343531321396,0.11988384816616791
