{"avg_inner_best_models/train_loss_mean":0.4051121051112811,"avg_inner_best_models/val_loss_mean":0.6078546841939291,"avg_inner_best_models/val_auc_mean":0.7205882352941176,"_timestamp":1.7727643667139676e+09,"_wandb":{"runtime":0},"_runtime":0.060932252,"_step":80}