outer_test_LOGLOSS_mean,outer_test_LOGLOSS_std,outer_test_AUC_mean,outer_test_AUC_std,outer_test_AUCPR_mean,outer_test_AUCPR_std,outer_test_ACC_mean,outer_test_ACC_std,outer_test_SEN_mean,outer_test_SEN_std,outer_test_SP_mean,outer_test_SP_std,outer_test_MCC_mean,outer_test_MCC_std
0.6640229780355614,0.01483913497487347,0.6068527336860672,0.05976564555962653,0.735326101701134,0.04256639630652508,0.5868045112781953,0.04800321643811708,0.7117513227513228,0.13477547811830876,0.37538095238095237,0.23728639056941722,0.08253305952211767,0.15607629314118399
