{"avg_inner_best_models/train_loss_mean":0.5417715360720953,"avg_inner_best_models/val_loss_mean":0.642799993356069,"avg_inner_best_models/val_auc_mean":0.6680672268907564,"_timestamp":1.7727901692689445e+09,"_runtime":0.050692556,"_wandb":{"runtime":0},"_step":29}