{"avg_inner_best_models/train_loss_mean":0.4951061209042867,"avg_inner_best_models/val_loss_mean":0.626537024974823,"avg_inner_best_models/val_auc_mean":0.7857142857142857,"_timestamp":1.772813545540325e+09,"_step":46,"_wandb":{"runtime":0},"_runtime":0.055149993}