{"avg_inner_best_models/train_loss_mean":0.5406038711468378,"avg_inner_best_models/val_loss_mean":0.6625243822733561,"avg_inner_best_models/val_auc_mean":0.6554621848739496,"_timestamp":1.7727878869640124e+09,"_wandb":{"runtime":0},"_runtime":0.038545824,"_step":35}