outer_test_LOGLOSS_mean,outer_test_LOGLOSS_std,outer_test_AUC_mean,outer_test_AUC_std,outer_test_AUCPR_mean,outer_test_AUCPR_std,outer_test_ACC_mean,outer_test_ACC_std,outer_test_SEN_mean,outer_test_SEN_std,outer_test_SP_mean,outer_test_SP_std,outer_test_MCC_mean,outer_test_MCC_std
0.6830462638343376,0.01908283935785542,0.5377113252708493,0.10275026775920743,0.6781184937909711,0.0846076908389479,0.5877610693400167,0.07310648451044172,0.7103015873015873,0.13258531590386427,0.37787301587301586,0.1676012573241156,0.09347083323021062,0.1497594387559781
