outer_test_LOGLOSS_mean,outer_test_LOGLOSS_std,outer_test_AUC_mean,outer_test_AUC_std,outer_test_AUCPR_mean,outer_test_AUCPR_std,outer_test_ACC_mean,outer_test_ACC_std,outer_test_SEN_mean,outer_test_SEN_std,outer_test_SP_mean,outer_test_SP_std,outer_test_MCC_mean,outer_test_MCC_std
0.6818917804468183,0.022030928889884425,0.561558704963467,0.0903289196605796,0.6863604771050005,0.06493543524446661,0.5739118629908104,0.09526100011952052,0.6779999999999999,0.16907391498418334,0.3921587301587302,0.106088002394143,0.0820484843364547,0.16164677881019643
