{"_timestamp":1.7724954094118912e+09,"_step":31,"_wandb":{"runtime":0},"_runtime":0.056942051,"avg_inner_best_models/train_loss_mean":0.5950763920942942,"avg_inner_best_models/val_loss_mean":0.6400241057078043}