outer_test_LOGLOSS_mean,outer_test_LOGLOSS_std,outer_test_AUC_mean,outer_test_AUC_std,outer_test_AUCPR_mean,outer_test_AUCPR_std,outer_test_ACC_mean,outer_test_ACC_std,outer_test_SEN_mean,outer_test_SEN_std,outer_test_SP_mean,outer_test_SP_std,outer_test_MCC_mean,outer_test_MCC_std
0.6845760716264552,0.020185100676580237,0.558513101536911,0.10462422593536144,0.7071555531203428,0.08397129446292213,0.571814954051796,0.07329878527748074,0.6375873015873016,0.1509054740044597,0.4584126984126984,0.18219821141857262,0.09730474133752895,0.1426468723496446
