outer_test_LOGLOSS_mean,outer_test_LOGLOSS_std,outer_test_AUC_mean,outer_test_AUC_std,outer_test_AUCPR_mean,outer_test_AUCPR_std,outer_test_ACC_mean,outer_test_ACC_std,outer_test_SEN_mean,outer_test_SEN_std,outer_test_SP_mean,outer_test_SP_std,outer_test_MCC_mean,outer_test_MCC_std
0.675136315153189,0.01762477558556846,0.574241370622323,0.10120185220936549,0.7101000174460901,0.08117217700260806,0.5885505430242272,0.06690406685392918,0.6992962962962963,0.07418383836855062,0.39771428571428563,0.1237104970645624,0.09896257823157843,0.1474833489500541
