outer_test_LOGLOSS_mean,outer_test_LOGLOSS_std,outer_test_AUC_mean,outer_test_AUC_std,outer_test_AUCPR_mean,outer_test_AUCPR_std,outer_test_ACC_mean,outer_test_ACC_std,outer_test_SEN_mean,outer_test_SEN_std,outer_test_SP_mean,outer_test_SP_std,outer_test_MCC_mean,outer_test_MCC_std
0.6884823343552284,0.015464713002036508,0.5572205845301083,0.09792771844291832,0.6894260134761632,0.07745510555441443,0.5567397660818714,0.0593363693100484,0.5723544973544972,0.10528366992415009,0.5287460317460316,0.18207004095907758,0.09826054177783392,0.14419644176517044
