{"_step":77,"avg_inner_best_models/train_loss_mean":0.4393485387166341,"avg_inner_best_models/val_loss_mean":0.6574680507183075,"_timestamp":1.772540178702923e+09,"_wandb":{"runtime":0},"_runtime":0.040691224}