outer_test_LOGLOSS_mean,outer_test_LOGLOSS_std,outer_test_AUC_mean,outer_test_AUC_std,outer_test_AUCPR_mean,outer_test_AUCPR_std,outer_test_ACC_mean,outer_test_ACC_std,outer_test_SEN_mean,outer_test_SEN_std,outer_test_SP_mean,outer_test_SP_std,outer_test_MCC_mean,outer_test_MCC_std
0.6747226049989897,0.015797280574391136,0.5796699420508944,0.08394997555699801,0.7056713264577077,0.061516838534109476,0.58218671679198,0.06124197572363329,0.6796190476190475,0.07111880322958951,0.41252380952380946,0.1430940908070819,0.09065402610972045,0.1440409063837234
