outer_test_LOGLOSS_mean,outer_test_LOGLOSS_std,outer_test_AUC_mean,outer_test_AUC_std,outer_test_AUCPR_mean,outer_test_AUCPR_std,outer_test_ACC_mean,outer_test_ACC_std,outer_test_SEN_mean,outer_test_SEN_std,outer_test_SP_mean,outer_test_SP_std,outer_test_MCC_mean,outer_test_MCC_std
0.6869390269234247,0.0078205911022978,0.547957357016881,0.054260635985446726,0.6816235118159787,0.04707632356224062,0.554076858813701,0.04334130264097866,0.592936507936508,0.12088223619863557,0.4896031746031746,0.14619604463528932,0.08337874885239772,0.08070426153771819
