outer_test_LOGLOSS_mean,outer_test_LOGLOSS_std,outer_test_AUC_mean,outer_test_AUC_std,outer_test_AUCPR_mean,outer_test_AUCPR_std,outer_test_ACC_mean,outer_test_ACC_std,outer_test_SEN_mean,outer_test_SEN_std,outer_test_SP_mean,outer_test_SP_std,outer_test_MCC_mean,outer_test_MCC_std
0.6776461688335909,0.01825473645437151,0.570780297304107,0.06777284552411503,0.7035139642047892,0.04939464410651911,0.5742021720969089,0.055140477382791916,0.6663439153439153,0.11211398513266858,0.41533333333333333,0.11271474066124132,0.08465779034343138,0.09730056947912456
