outer_test_LOGLOSS_mean,outer_test_LOGLOSS_std,outer_test_AUC_mean,outer_test_AUC_std,outer_test_AUCPR_mean,outer_test_AUCPR_std,outer_test_ACC_mean,outer_test_ACC_std,outer_test_SEN_mean,outer_test_SEN_std,outer_test_SP_mean,outer_test_SP_std,outer_test_MCC_mean,outer_test_MCC_std
0.6699880765198135,0.02099602018606091,0.5963013983371125,0.0892513116184871,0.7285981844156773,0.0686178974442143,0.605952380952381,0.07352044021309025,0.7199576719576719,0.12244940440653654,0.4067936507936508,0.15285570087467873,0.1343842893245743,0.1567601719026777
