outer_test_LOGLOSS_mean,outer_test_LOGLOSS_std,outer_test_AUC_mean,outer_test_AUC_std,outer_test_AUCPR_mean,outer_test_AUCPR_std,outer_test_ACC_mean,outer_test_ACC_std,outer_test_SEN_mean,outer_test_SEN_std,outer_test_SP_mean,outer_test_SP_std,outer_test_MCC_mean,outer_test_MCC_std
0.6820979474645595,0.011661048257809746,0.5728362307886118,0.08276784599771636,0.6928883218832561,0.06349324377857411,0.5495321637426901,0.060946722500543546,0.6192486772486772,0.24484324783808073,0.4294285714285713,0.2903640867353697,0.04852913779946133,0.10160506235616037
