{"_step":46,"avg_inner_best_models/train_loss_mean":1.325336496035258,"avg_inner_best_models/val_loss_mean":0.6613585650920868,"_wandb":{"runtime":0},"_runtime":0.05947893,"avg_inner_best_models/val_auc_mean":0.7241379310344828,"_timestamp":1.77287505499087e+09}