{"_step":35,"_runtime":0.035640814,"_wandb":{"runtime":0},"avg_inner_best_models/train_loss_mean":0.5757328892747561,"avg_inner_best_models/val_loss_mean":0.6754140456517538,"_timestamp":1.7725069728902023e+09}