{"avg_inner_best_models/val_loss_mean":0.5800567468007406,"_timestamp":1.7725243021162934e+09,"_runtime":0.054436752,"_wandb":{"runtime":0},"_step":54,"avg_inner_best_models/train_loss_mean":0.34724489351113635}