{"_step":56,"_wandb":{"runtime":0},"_runtime":0.074516855,"avg_inner_best_models/train_loss_mean":0.3946245461702347,"avg_inner_best_models/val_loss_mean":0.6053780913352966,"avg_inner_best_models/val_auc_mean":0.7004310344827586,"_timestamp":1.772763488347135e+09}