{"_timestamp":1.7725002995050235e+09,"_step":50,"_wandb":{"runtime":0},"_runtime":0.038831341,"avg_inner_best_models/train_loss_mean":0.1858623375495275,"avg_inner_best_models/val_loss_mean":0.5903448760509491}