outer_test_LOGLOSS_mean,outer_test_LOGLOSS_std,outer_test_AUC_mean,outer_test_AUC_std,outer_test_AUCPR_mean,outer_test_AUCPR_std,outer_test_ACC_mean,outer_test_ACC_std,outer_test_SEN_mean,outer_test_SEN_std,outer_test_SP_mean,outer_test_SP_std,outer_test_MCC_mean,outer_test_MCC_std
0.6720964030932072,0.023477975621451798,0.5830216049382716,0.10444279106480622,0.7155948113162602,0.08481706451595344,0.5840956558061822,0.0671222645153306,0.6942962962962963,0.10778649308983868,0.3915714285714285,0.07465526956768846,0.09507572930858611,0.12571917397696136
