outer_test_LOGLOSS_mean,outer_test_LOGLOSS_std,outer_test_AUC_mean,outer_test_AUC_std,outer_test_AUCPR_mean,outer_test_AUCPR_std,outer_test_ACC_mean,outer_test_ACC_std,outer_test_SEN_mean,outer_test_SEN_std,outer_test_SP_mean,outer_test_SP_std,outer_test_MCC_mean,outer_test_MCC_std
0.6817238986063284,0.024272141264088398,0.6108707482993198,0.10384154703750607,0.7336158803650411,0.08202069374927284,0.5714243943191312,0.050465171831760976,0.5749047619047619,0.1861663679471691,0.5640317460317459,0.2336074574159901,0.14800953898794791,0.09395396476415442
