{"_wandb":{"runtime":0},"_runtime":0.037993692,"avg_inner_best_models/train_loss_mean":0.37648268043994904,"avg_inner_best_models/val_loss_mean":0.6067447662353516,"_timestamp":1.7725000700121546e+09,"_step":35}