{"_step":68,"_wandb":{"runtime":0},"_runtime":0.06726899,"avg_inner_best_models/train_loss_mean":0.5121276925007502,"avg_inner_best_models/val_loss_mean":0.6863714158535004,"_timestamp":1.772577490384419e+09}