{"avg_inner_best_models/val_auc_mean":0.6918103448275862,"_timestamp":1.7728262117235854e+09,"_step":40,"avg_inner_best_models/train_loss_mean":0.3967283070087433,"avg_inner_best_models/val_loss_mean":0.6441937983036041,"_wandb":{"runtime":0},"_runtime":0.059490336}