{"avg_inner_best_models/val_loss_mean":0.5872183243433634,"_wandb":{"runtime":0},"_runtime":0.054167213,"_timestamp":1.7725123407382529e+09,"_step":48,"avg_inner_best_models/train_loss_mean":0.24586473032832146}