{"_wandb":{"runtime":0},"_step":36,"avg_inner_best_models/train_loss_mean":0.646872490644455,"avg_inner_best_models/val_loss_mean":0.6783739924430847,"_timestamp":1.7725218400179653e+09,"_runtime":0.055181324}