{"_wandb":{"runtime":0},"_runtime":0.049828942,"avg_inner_best_models/train_loss_mean":0.4716616446773211,"avg_inner_best_models/val_loss_mean":0.6332580000162125,"_timestamp":1.7725115124762955e+09,"_step":33}