{"_timestamp":1.7725556632750828e+09,"_step":61,"avg_inner_best_models/train_loss_mean":0.4590072383483251,"avg_inner_best_models/val_loss_mean":0.6533161997795105,"_wandb":{"runtime":0},"_runtime":0.053725315}