{"avg_inner_best_models/train_loss_mean":1.843640774488449,"_wandb":{"runtime":0},"_runtime":0.07069488,"avg_inner_best_models/val_loss_mean":0.6380958159764608,"avg_inner_best_models/val_auc_mean":0.7467672413793103,"_timestamp":1.7728557653986106e+09,"_step":78}