{"avg_inner_best_models/val_loss_mean":0.639935702085495,"_timestamp":1.7725125135031152e+09,"_step":23,"_wandb":{"runtime":0},"_runtime":0.05608963,"avg_inner_best_models/train_loss_mean":0.5265442480643591}