{"avg_inner_best_models/train_loss_mean":0.5859910647074381,"avg_inner_best_models/val_loss_mean":0.6848326027393341,"_wandb":{"runtime":0},"_runtime":0.036541636,"_timestamp":1.7725213841888177e+09,"_step":46}