{"_step":36,"_runtime":0.060224256,"_wandb":{"runtime":0},"avg_inner_best_models/train_loss_mean":0.5027865320444107,"avg_inner_best_models/val_loss_mean":0.6505490144093832,"avg_inner_best_models/val_auc_mean":0.7133620689655172,"_timestamp":1.7728225895408733e+09}