{"_runtime":0.037567083,"avg_inner_best_models/train_loss_mean":0.4644846171140671,"avg_inner_best_models/val_loss_mean":0.6682538390159607,"_timestamp":1.7725194583757992e+09,"_step":25,"_wandb":{"runtime":0}}