{"avg_inner_best_models/val_loss_mean":0.6387035846710205,"_wandb":{"runtime":0},"_runtime":0.053281142,"_timestamp":1.7725373324456236e+09,"_step":45,"avg_inner_best_models/train_loss_mean":0.4899332523345947}