{"_runtime":0.053566575,"avg_inner_best_models/val_loss_mean":0.6297177672386169,"_timestamp":1.7725608363054433e+09,"_step":66,"avg_inner_best_models/train_loss_mean":0.4982922747731209,"_wandb":{"runtime":0}}