{"avg_inner_best_models/val_loss_mean":0.6102466285228729,"_timestamp":1.7725171161344306e+09,"_step":37,"avg_inner_best_models/train_loss_mean":0.4058163563410441,"_wandb":{"runtime":0},"_runtime":0.035810457}