{"avg_inner_best_models/val_loss_mean":0.6154241363207499,"_wandb":{"runtime":0},"_runtime":0.036949117,"_timestamp":1.772516396134964e+09,"_step":58,"avg_inner_best_models/train_loss_mean":0.3671929935614268}