{"avg_inner_best_models/val_auc_mean":0.7100840336134454,"_wandb":{"runtime":0},"_runtime":0.055087379,"_timestamp":1.772807355885347e+09,"_step":62,"avg_inner_best_models/train_loss_mean":0.43425171077251434,"avg_inner_best_models/val_loss_mean":0.6420979897181193}