outer_test_LOGLOSS_mean,outer_test_LOGLOSS_std,outer_test_AUC_mean,outer_test_AUC_std,outer_test_AUCPR_mean,outer_test_AUCPR_std,outer_test_ACC_mean,outer_test_ACC_std,outer_test_SEN_mean,outer_test_SEN_std,outer_test_SP_mean,outer_test_SP_std,outer_test_MCC_mean,outer_test_MCC_std
0.6706961290422173,0.01525803076308372,0.5828552532123961,0.0636303825907599,0.7295757481034821,0.04380232474513767,0.5850877192982457,0.0448403383965029,0.6652380952380952,0.0815906212653026,0.4480952380952381,0.08217563183280178,0.11353778210242556,0.07900757280042935
