{"_timestamp":1.7728048877913845e+09,"_wandb":{"runtime":0},"_runtime":0.057333843,"_step":38,"avg_inner_best_models/train_loss_mean":0.5327873850862185,"avg_inner_best_models/val_loss_mean":0.6387394666671753,"avg_inner_best_models/val_auc_mean":0.6734279918864098}