outer_test_LOGLOSS_mean,outer_test_LOGLOSS_std,outer_test_AUC_mean,outer_test_AUC_std,outer_test_AUCPR_mean,outer_test_AUCPR_std,outer_test_ACC_mean,outer_test_ACC_std,outer_test_SEN_mean,outer_test_SEN_std,outer_test_SP_mean,outer_test_SP_std,outer_test_MCC_mean,outer_test_MCC_std
0.672815402398716,0.010305869745889507,0.6011726505416982,0.0541003030593286,0.7425225495673016,0.05774273396456411,0.5916332497911446,0.0553720794743244,0.7281111111111112,0.11397866727522803,0.35696825396825393,0.11351680748720286,0.0944655776545634,0.1121248411130434
