outer_test_LOGLOSS_mean,outer_test_LOGLOSS_std,outer_test_AUC_mean,outer_test_AUC_std,outer_test_AUCPR_mean,outer_test_AUCPR_std,outer_test_ACC_mean,outer_test_ACC_std,outer_test_SEN_mean,outer_test_SEN_std,outer_test_SP_mean,outer_test_SP_std,outer_test_MCC_mean,outer_test_MCC_std
0.6676105279177368,0.012900295520731651,0.6109603174603173,0.030904640304173857,0.7379518474367467,0.029335458891047765,0.6030200501253133,0.04513704378254958,0.7221957671957671,0.1188577519572236,0.398015873015873,0.11662391082847276,0.13030547799073924,0.0774219301693257
