{"_timestamp":1.7728086116727757e+09,"_step":42,"avg_inner_best_models/train_loss_mean":0.463624248902003,"_wandb":{"runtime":0},"_runtime":0.06203062,"avg_inner_best_models/val_loss_mean":0.6018058260281881,"avg_inner_best_models/val_auc_mean":0.7478991596638656}