{"avg_inner_best_models/val_auc_mean":0.6293103448275862,"_timestamp":1.7727903922598207e+09,"_step":41,"_wandb":{"runtime":0},"_runtime":0.053685734,"avg_inner_best_models/train_loss_mean":0.4482417901357015,"avg_inner_best_models/val_loss_mean":0.640000601609548}