{"avg_inner_best_models/val_auc_mean":0.6400862068965516,"_timestamp":1.7728269832271416e+09,"_step":66,"avg_inner_best_models/train_loss_mean":0.4797053138415019,"_wandb":{"runtime":0},"_runtime":0.053209422,"avg_inner_best_models/val_loss_mean":0.6579236686229706}