{"_step":80,"avg_inner_best_models/train_loss_mean":0.5183684627215067,"avg_inner_best_models/val_loss_mean":0.6509136358896891,"avg_inner_best_models/val_auc_mean":0.7262931034482758,"_timestamp":1.772786481092822e+09,"_wandb":{"runtime":0},"_runtime":0.061479421}