{"avg_inner_best_models/val_loss_mean":0.6693888703982035,"avg_inner_best_models/val_auc_mean":0.6008403361344538,"_wandb":{"runtime":0},"_runtime":0.091242003,"_timestamp":1.7728218733203938e+09,"_step":80,"avg_inner_best_models/train_loss_mean":0.5140663161873817}