{"avg_inner_best_models/val_loss_mean":0.6452169418334961,"avg_inner_best_models/val_auc_mean":0.8487394957983192,"_timestamp":1.7728978326723673e+09,"_wandb":{"runtime":0},"_runtime":0.052789819,"_step":44,"avg_inner_best_models/train_loss_mean":1.0604227284590404}