{"_runtime":0.052279816,"avg_inner_best_models/train_loss_mean":0.5218536679943402,"avg_inner_best_models/val_loss_mean":0.6725802421569824,"avg_inner_best_models/val_auc_mean":0.6079668936540134,"_timestamp":1.7727735595806909e+09,"_step":26,"_wandb":{"runtime":0}}