{"avg_inner_best_models/train_loss_mean":0.6851636519034704,"avg_inner_best_models/val_loss_mean":0.7103589375813802,"_timestamp":1.7725216539721591e+09,"_runtime":0.055018086,"_wandb":{"runtime":0},"_step":39}