{"_step":70,"_wandb":{"runtime":0},"_runtime":0.06169311,"avg_inner_best_models/train_loss_mean":0.33856813609600067,"avg_inner_best_models/val_loss_mean":0.5992456376552582,"avg_inner_best_models/val_auc_mean":0.752155172413793,"_timestamp":1.7727514923573074e+09}