{"avg_inner_best_models/train_loss_mean":0.4237407644589742,"avg_inner_best_models/val_loss_mean":0.6587733328342438,"avg_inner_best_models/val_auc_mean":0.644396551724138,"_timestamp":1.7728122138376725e+09,"_step":57,"_wandb":{"runtime":0},"_runtime":0.040764282}