{"_step":41,"_wandb":{"runtime":0},"_runtime":0.060762046,"avg_inner_best_models/train_loss_mean":0.42663714786370593,"avg_inner_best_models/val_loss_mean":0.6291431486606598,"_timestamp":1.772525756719717e+09}