{"_wandb":{"runtime":0},"_runtime":0.06046602,"_step":49,"avg_inner_best_models/train_loss_mean":0.4759928459922473,"avg_inner_best_models/val_loss_mean":0.6389499306678772,"avg_inner_best_models/val_auc_mean":0.6764705882352942,"_timestamp":1.772787566456116e+09}