{"avg_inner_best_models/val_loss_mean":0.6839534342288971,"avg_inner_best_models/val_auc_mean":0.6961206896551725,"_timestamp":1.772822808940858e+09,"_step":38,"avg_inner_best_models/train_loss_mean":0.5565288166205088,"_wandb":{"runtime":0},"_runtime":0.038915014}