outer_test_LOGLOSS_mean,outer_test_LOGLOSS_std,outer_test_AUC_mean,outer_test_AUC_std,outer_test_AUCPR_mean,outer_test_AUCPR_std,outer_test_ACC_mean,outer_test_ACC_std,outer_test_SEN_mean,outer_test_SEN_std,outer_test_SP_mean,outer_test_SP_std,outer_test_MCC_mean,outer_test_MCC_std
0.6709904383011192,0.012346402157052683,0.6148032249937012,0.04411941619478902,0.7623121138293376,0.03488977893971303,0.5861382623224729,0.047727970951115646,0.6773174603174603,0.09212969475482892,0.4288730158730159,0.15484713749698725,0.10258645577154545,0.12154732255116207
