outer_test_LOGLOSS_mean,outer_test_LOGLOSS_std,outer_test_AUC_mean,outer_test_AUC_std,outer_test_AUCPR_mean,outer_test_AUCPR_std,outer_test_ACC_mean,outer_test_ACC_std,outer_test_SEN_mean,outer_test_SEN_std,outer_test_SP_mean,outer_test_SP_std,outer_test_MCC_mean,outer_test_MCC_std
0.666805887938268,0.01928141861864686,0.5931150163769213,0.07440223805224493,0.716826534688237,0.0546704754891831,0.6142126148705096,0.05252482042599262,0.7517037037037038,0.08883248538956409,0.3752063492063492,0.13192747936342797,0.13453563929783036,0.12063244855490464
