{"avg_inner_best_models/val_loss_mean":0.6215102275212606,"avg_inner_best_models/val_auc_mean":0.6918103448275862,"_timestamp":1.7728322320799983e+09,"_step":79,"_wandb":{"runtime":0},"_runtime":0.061170404,"avg_inner_best_models/train_loss_mean":0.4097541843851407}