{"_wandb":{"runtime":0},"_runtime":0.057494573,"_step":80,"avg_inner_best_models/train_loss_mean":0.5262831846872965,"avg_inner_best_models/val_loss_mean":0.730887234210968,"avg_inner_best_models/val_auc_mean":0.7241379310344827,"_timestamp":1.7727534696619036e+09}