{"avg_inner_best_models/val_loss_mean":0.6757715344429016,"avg_inner_best_models/val_auc_mean":0.6099137931034483,"_runtime":0.052036556,"_wandb":{"runtime":0},"_timestamp":1.772760298034522e+09,"_step":29,"avg_inner_best_models/train_loss_mean":0.5192425524195036}