{"avg_inner_best_models/train_loss_mean":0.5070060446858407,"avg_inner_best_models/val_loss_mean":0.6888699134190877,"_timestamp":1.7725490324543695e+09,"_step":59,"_wandb":{"runtime":0},"_runtime":0.054199279}