{"_timestamp":1.7727664437444139e+09,"_step":43,"avg_inner_best_models/train_loss_mean":0.4935208012660344,"_wandb":{"runtime":0},"_runtime":0.037300622,"avg_inner_best_models/val_loss_mean":0.6604193449020386,"avg_inner_best_models/val_auc_mean":0.7133620689655172}