{"_wandb":{"runtime":0},"_runtime":0.036107414,"_timestamp":1.772542187009327e+09,"_step":36,"avg_inner_best_models/train_loss_mean":0.4976612478494644,"avg_inner_best_models/val_loss_mean":0.6627177894115448}