{"avg_inner_best_models/val_auc_mean":0.7068965517241379,"_timestamp":1.7728014411710649e+09,"_wandb":{"runtime":0},"_runtime":0.057876196,"_step":78,"avg_inner_best_models/train_loss_mean":0.5526624048749605,"avg_inner_best_models/val_loss_mean":0.6530771851539612}