{"avg_inner_curve/val_loss_std":0,"avg_inner_folds/mean_aucpr":0.7242861447031083,"_timestamp":1.7721077651121001e+09,"avg_inner_folds/mean_acc":0.6106280193236715,"avg_inner_folds/std_aucpr":0.05115409406874189,"avg_inner_curve/train_loss_mean":0.4929488718509674,"avg_inner_curve/val_acc_mean":0.6666666666666666,"avg_inner_folds/std_auc":0.0646562525528542,"avg_inner_curve/val_auc_mean":0.6939655172413793,"_wandb":{"runtime":0},"avg_inner_curve/folds_count":1,"_runtime":0,"avg_inner_folds/std_logloss":0.016820957004808287,"avg_inner_folds/std_acc":0.09788350435226872,"avg_inner_curve/val_loss_mean":0.6472534239292145,"avg_inner_folds/mean_logloss":0.6601517498435606,"avg_inner_curve/val_acc_std":0,"_step":52,"avg_inner_folds/mean_auc":0.6091277890466531,"avg_inner_curve/train_loss_std":0,"avg_inner_curve/val_auc_std":0}