{"_step":38,"avg_inner_best_models/train_loss_mean":0.5085554669300715,"avg_inner_best_models/val_loss_mean":0.6768332719802856,"avg_inner_best_models/val_auc_mean":0.5689655172413792,"_timestamp":1.7728152127873287e+09,"_wandb":{"runtime":0},"_runtime":0.05863571}