{"_step":47,"avg_inner_best_models/train_loss_mean":0.5045394798119863,"avg_inner_best_models/val_loss_mean":0.6618925333023071,"avg_inner_best_models/val_auc_mean":0.6554621848739496,"_timestamp":1.7728161727511232e+09,"_wandb":{"runtime":0},"_runtime":0.056624308}