outer_test_LOGLOSS_mean,outer_test_LOGLOSS_std,outer_test_AUC_mean,outer_test_AUC_std,outer_test_AUCPR_mean,outer_test_AUCPR_std,outer_test_ACC_mean,outer_test_ACC_std,outer_test_SEN_mean,outer_test_SEN_std,outer_test_SP_mean,outer_test_SP_std,outer_test_MCC_mean,outer_test_MCC_std
0.6808388157868829,0.02741420736563196,0.5592278911564625,0.11251985969806114,0.6960716123780903,0.08611656995471742,0.5864515455304928,0.0744969144476513,0.6965608465608465,0.1621725546784854,0.3971428571428572,0.14734998520729334,0.10554491835981905,0.13279850941356572
