outer_test_LOGLOSS_mean,outer_test_LOGLOSS_std,outer_test_AUC_mean,outer_test_AUC_std,outer_test_AUCPR_mean,outer_test_AUCPR_std,outer_test_ACC_mean,outer_test_ACC_std,outer_test_SEN_mean,outer_test_SEN_std,outer_test_SP_mean,outer_test_SP_std,outer_test_MCC_mean,outer_test_MCC_std
0.6788944896074302,0.014795212418786478,0.5621819727891157,0.05576353796853046,0.6946374372464796,0.060870265241853266,0.5664181286549707,0.06263911943882483,0.6862328042328042,0.14346254975463024,0.36074603174603176,0.11830247356667953,0.05323550315988307,0.09672843769570094
