outer_test_LOGLOSS_mean,outer_test_LOGLOSS_std,outer_test_AUC_mean,outer_test_AUC_std,outer_test_AUCPR_mean,outer_test_AUCPR_std,outer_test_ACC_mean,outer_test_ACC_std,outer_test_SEN_mean,outer_test_SEN_std,outer_test_SP_mean,outer_test_SP_std,outer_test_MCC_mean,outer_test_MCC_std
0.676175978740907,0.014655373206549256,0.5955042202066012,0.04542976863333971,0.7379596024023158,0.03696337103694644,0.5706474519632414,0.058418333723099125,0.6075608465608466,0.18125442489204216,0.5127619047619046,0.1981713567894019,0.12862964074961672,0.09987284324225083
