outer_test_LOGLOSS_mean,outer_test_LOGLOSS_std,outer_test_AUC_mean,outer_test_AUC_std,outer_test_AUCPR_mean,outer_test_AUCPR_std,outer_test_ACC_mean,outer_test_ACC_std,outer_test_SEN_mean,outer_test_SEN_std,outer_test_SP_mean,outer_test_SP_std,outer_test_MCC_mean,outer_test_MCC_std
0.6798060132369728,0.01838303444237367,0.5733210506424792,0.07466397952800423,0.7024442561068854,0.05546664255061897,0.5671052631578947,0.11444402098444911,0.6601746031746032,0.23799120752054842,0.4057619047619048,0.13071443852406425,0.08205307703551164,0.17339757382963253
