{"_step":37,"_wandb":{"runtime":0},"_runtime":0.035511486,"avg_inner_best_models/train_loss_mean":0.46286480873823166,"avg_inner_best_models/val_loss_mean":0.6414897839228312,"_timestamp":1.7725237984666934e+09}