{"_runtime":0.051724185,"avg_inner_best_models/train_loss_mean":0.3821783612171809,"avg_inner_best_models/val_loss_mean":0.5916577577590942,"_timestamp":1.7724984226944478e+09,"_step":37,"_wandb":{"runtime":0}}