{"_runtime":0.054856232,"_wandb":{"runtime":0},"_step":50,"avg_inner_best_models/train_loss_mean":0.47061777114868164,"avg_inner_best_models/val_loss_mean":0.6606767574946085,"avg_inner_best_models/val_auc_mean":0.6142241379310345,"_timestamp":1.772771096958124e+09}