{"avg_inner_best_models/val_loss_mean":0.6694240868091583,"avg_inner_best_models/val_auc_mean":0.6616379310344828,"_timestamp":1.7728206817612987e+09,"_wandb":{"runtime":0},"_runtime":0.058957117,"_step":35,"avg_inner_best_models/train_loss_mean":0.5797267158826193}