{"_timestamp":1.7725582197305613e+09,"_step":68,"_wandb":{"runtime":0},"_runtime":0.055322532,"avg_inner_best_models/train_loss_mean":0.4509967466195424,"avg_inner_best_models/val_loss_mean":0.6140516400337219}