{"_wandb":{"runtime":0},"_runtime":0.03905549,"avg_inner_best_models/val_auc_mean":0.7436974789915967,"_timestamp":1.7727962364355378e+09,"_step":46,"avg_inner_best_models/train_loss_mean":0.4805152590076129,"avg_inner_best_models/val_loss_mean":0.6404640277226766}