{"_timestamp":1.7727694840381367e+09,"_step":36,"_wandb":{"runtime":0},"_runtime":0.052194807,"avg_inner_best_models/train_loss_mean":0.45336152613162994,"avg_inner_best_models/val_loss_mean":0.6439783970514933,"avg_inner_best_models/val_auc_mean":0.6785714285714286}