{"avg_inner_best_models/train_loss_mean":0.3911192963520686,"avg_inner_best_models/val_loss_mean":0.646350771188736,"_timestamp":1.772515334177894e+09,"_runtime":0.060002298,"_wandb":{"runtime":0},"_step":49}