{"_timestamp":1.7728119055370233e+09,"_runtime":0.057432886,"_wandb":{"runtime":0},"_step":73,"avg_inner_best_models/train_loss_mean":0.3926892876625061,"avg_inner_best_models/val_loss_mean":0.6485205888748169,"avg_inner_best_models/val_auc_mean":0.7331932773109243}