{"avg_inner_best_models/val_auc_mean":0.7205882352941176,"_timestamp":1.772818297633958e+09,"_step":40,"avg_inner_best_models/train_loss_mean":0.38385919729868573,"_wandb":{"runtime":0},"_runtime":0.053249149,"avg_inner_best_models/val_loss_mean":0.5927625596523285}