{"_runtime":0.065096624,"_timestamp":1.7729010685900502e+09,"_step":37,"avg_inner_best_models/train_loss_mean":0.9563620785872141,"avg_inner_best_models/val_loss_mean":0.6712433497111002,"avg_inner_best_models/val_auc_mean":0.6724137931034483,"_wandb":{"runtime":0}}