{"_timestamp":1.7725521352655292e+09,"_wandb":{"runtime":0},"_runtime":0.07073985,"_step":59,"avg_inner_best_models/train_loss_mean":0.6791017403205236,"avg_inner_best_models/val_loss_mean":0.7312012453873952}