{"avg_inner_best_models/train_loss_mean":0.39507177968819934,"avg_inner_best_models/val_loss_mean":0.6613552570343018,"_wandb":{"runtime":0},"_runtime":0.037548884,"_timestamp":1.7725001382301605e+09,"_step":44}