outer_test_LOGLOSS_mean,outer_test_LOGLOSS_std,outer_test_AUC_mean,outer_test_AUC_std,outer_test_AUCPR_mean,outer_test_AUCPR_std,outer_test_ACC_mean,outer_test_ACC_std,outer_test_SEN_mean,outer_test_SEN_std,outer_test_SP_mean,outer_test_SP_std,outer_test_MCC_mean,outer_test_MCC_std
0.6848117239269222,0.020340032059429886,0.5587068531116149,0.13421647791346203,0.6933432842272489,0.09518863762814206,0.5781349206349207,0.1018210315708506,0.6523809523809524,0.09480557658593625,0.4510158730158729,0.18555818325416754,0.10040494354098768,0.22640617564659957
