outer_test_LOGLOSS_mean,outer_test_LOGLOSS_std,outer_test_AUC_mean,outer_test_AUC_std,outer_test_AUCPR_mean,outer_test_AUCPR_std,outer_test_ACC_mean,outer_test_ACC_std,outer_test_SEN_mean,outer_test_SEN_std,outer_test_SP_mean,outer_test_SP_std,outer_test_MCC_mean,outer_test_MCC_std
0.6738040355183863,0.0251902539608494,0.5747779037540943,0.12615918365095255,0.696520554615692,0.1060485196966977,0.6037552213868005,0.07965195156500135,0.7311269841269841,0.1013151962435688,0.38247619047619047,0.11485201126767827,0.1220716877948793,0.16733497474056058
