{"avg_inner_best_models/val_loss_mean":0.7224931716918945,"avg_inner_best_models/val_auc_mean":0.6788793103448275,"_timestamp":1.7727861077441626e+09,"_step":35,"avg_inner_best_models/train_loss_mean":0.4807312289873759,"_wandb":{"runtime":0},"_runtime":0.052695673}