{"avg_inner_best_models/train_loss_mean":0.48319167022903764,"avg_inner_best_models/val_loss_mean":0.6350279251734416,"_timestamp":1.7725127183193526e+09,"_step":44,"_wandb":{"runtime":0},"_runtime":0.058853181}