{"_runtime":0.059838089,"_step":35,"avg_inner_best_models/train_loss_mean":0.47626042117675144,"avg_inner_best_models/val_loss_mean":0.6904230316480001,"avg_inner_best_models/val_auc_mean":0.6365546218487395,"_timestamp":1.7727844922287564e+09,"_wandb":{"runtime":0}}