{"_step":51,"avg_inner_best_models/train_loss_mean":0.5422445237636566,"avg_inner_best_models/val_loss_mean":0.6429576575756073,"avg_inner_best_models/val_auc_mean":0.7352941176470589,"_wandb":{"runtime":0},"_runtime":0.054659434,"_timestamp":1.772799434506587e+09}