{"_runtime":0.035825731,"avg_inner_best_models/train_loss_mean":0.5690634548664093,"avg_inner_best_models/val_loss_mean":0.6586236159006754,"_timestamp":1.7724956726702344e+09,"_step":33,"_wandb":{"runtime":0}}