{"avg_inner_best_models/train_loss_mean":0.458722489575545,"avg_inner_best_models/val_loss_mean":0.6477655371030172,"avg_inner_best_models/val_auc_mean":0.6743697478991597,"_runtime":0.072455821,"_wandb":{"runtime":0},"_timestamp":1.7727627467064433e+09,"_step":44}