{"_wandb":{"runtime":0},"_timestamp":1.7727508496431613e+09,"_step":29,"avg_inner_best_models/train_loss_mean":0.5447445114453634,"avg_inner_best_models/val_loss_mean":0.6412865817546844,"avg_inner_best_models/val_auc_mean":0.6336206896551724,"_runtime":0.054047695}