{"_step":54,"avg_inner_best_models/train_loss_mean":0.3854341929157575,"_wandb":{"runtime":0},"_runtime":0.053256907,"avg_inner_best_models/val_loss_mean":0.6367053389549255,"avg_inner_best_models/val_auc_mean":0.6932773109243697,"_timestamp":1.7728181901302257e+09}