outer_test_LOGLOSS_mean,outer_test_LOGLOSS_std,outer_test_AUC_mean,outer_test_AUC_std,outer_test_AUCPR_mean,outer_test_AUCPR_std,outer_test_ACC_mean,outer_test_ACC_std,outer_test_SEN_mean,outer_test_SEN_std,outer_test_SP_mean,outer_test_SP_std,outer_test_MCC_mean,outer_test_MCC_std
0.6763126164964209,0.01716472501159279,0.5852388510959938,0.07130209226984537,0.7067385395386924,0.06211071867011337,0.5996595655806183,0.061529807137142886,0.6806349206349207,0.08253804359559733,0.45809523809523817,0.10778596806263503,0.13896860377630585,0.12652035342323503
