outer_test_LOGLOSS_mean,outer_test_LOGLOSS_std,outer_test_AUC_mean,outer_test_AUC_std,outer_test_AUCPR_mean,outer_test_AUCPR_std,outer_test_ACC_mean,outer_test_ACC_std,outer_test_SEN_mean,outer_test_SEN_std,outer_test_SP_mean,outer_test_SP_std,outer_test_MCC_mean,outer_test_MCC_std
0.6828644161688333,0.01306953217872298,0.5740274628369866,0.07757784968363633,0.7034299680984294,0.0637289721221129,0.5809983291562238,0.06314383291738355,0.6365502645502645,0.07862834714915022,0.4857301587301586,0.10931083015543275,0.12048847804358104,0.12959320528777002
