{"_runtime":0.059639723,"avg_inner_best_models/val_loss_mean":0.6758573849995931,"_timestamp":1.7725781223178735e+09,"_step":68,"avg_inner_best_models/train_loss_mean":0.611635352174441,"_wandb":{"runtime":0}}