outer_test_LOGLOSS_mean,outer_test_LOGLOSS_std,outer_test_AUC_mean,outer_test_AUC_std,outer_test_AUCPR_mean,outer_test_AUCPR_std,outer_test_ACC_mean,outer_test_ACC_std,outer_test_SEN_mean,outer_test_SEN_std,outer_test_SP_mean,outer_test_SP_std,outer_test_MCC_mean,outer_test_MCC_std
0.6811896454569909,0.022402981366085532,0.5612609599395314,0.09036753279655041,0.7150995310837913,0.0719000993588706,0.5638116123642438,0.06534609045805852,0.631015873015873,0.10152988050387093,0.44861904761904764,0.1055413744578063,0.0798225401631005,0.12231821381220158
