outer_test_LOGLOSS_mean,outer_test_LOGLOSS_std,outer_test_AUC_mean,outer_test_AUC_std,outer_test_AUCPR_mean,outer_test_AUCPR_std,outer_test_ACC_mean,outer_test_ACC_std,outer_test_SEN_mean,outer_test_SEN_std,outer_test_SP_mean,outer_test_SP_std,outer_test_MCC_mean,outer_test_MCC_std
0.6768385387040813,0.016642773522323524,0.5888150667674478,0.10334366729185597,0.7220150869859775,0.06489418417736219,0.5801837928153717,0.06544240265030787,0.6585767195767196,0.1424318592054516,0.4484126984126984,0.21383188807300557,0.11274895286624576,0.1545376519135241
