{"_runtime":0.058907462,"avg_inner_best_models/train_loss_mean":0.37847620497147244,"avg_inner_best_models/val_loss_mean":0.6194993257522583,"_timestamp":1.7725113186724133e+09,"_step":34,"_wandb":{"runtime":0}}