{"_wandb":{"runtime":0},"_runtime":0.069495864,"avg_inner_best_models/val_auc_mean":0.6961206896551724,"_timestamp":1.772793426007304e+09,"_step":23,"avg_inner_best_models/train_loss_mean":0.5269073868791263,"avg_inner_best_models/val_loss_mean":0.6668731868267059}