{"_timestamp":1.772543203876169e+09,"_wandb":{"runtime":0},"_runtime":0.063452023,"_step":41,"avg_inner_best_models/train_loss_mean":0.4235654945174853,"avg_inner_best_models/val_loss_mean":0.634653757015864}