{"avg_inner_best_models/train_loss_mean":0.46417465557654697,"avg_inner_best_models/val_loss_mean":0.6193667650222778,"_timestamp":1.7725251083146882e+09,"_wandb":{"runtime":0},"_runtime":0.037105003,"_step":47}