outer_test_LOGLOSS_mean,outer_test_LOGLOSS_std,outer_test_AUC_mean,outer_test_AUC_std,outer_test_AUCPR_mean,outer_test_AUCPR_std,outer_test_ACC_mean,outer_test_ACC_std,outer_test_SEN_mean,outer_test_SEN_std,outer_test_SP_mean,outer_test_SP_std,outer_test_MCC_mean,outer_test_MCC_std
0.6774985515624176,0.007968114421279524,0.5994228395061729,0.05832909787736112,0.7380247977531378,0.036748561794169986,0.5880576441102757,0.04886969396186308,0.6924391534391534,0.14755304411502615,0.40687301587301583,0.20055727818159852,0.1041908768743741,0.10603479560038304
