outer_test_LOGLOSS_mean,outer_test_LOGLOSS_std,outer_test_AUC_mean,outer_test_AUC_std,outer_test_AUCPR_mean,outer_test_AUCPR_std,outer_test_ACC_mean,outer_test_ACC_std,outer_test_SEN_mean,outer_test_SEN_std,outer_test_SP_mean,outer_test_SP_std,outer_test_MCC_mean,outer_test_MCC_std
0.679556730323583,0.01952674429619647,0.5702665658856136,0.10416595574029129,0.7070146841262979,0.08471905614843722,0.5787218045112781,0.07572723907975944,0.6767354497354499,0.14865978081925482,0.4092063492063492,0.1271854760876077,0.09604892517643011,0.13949153243728
