{"_runtime":0.05461809,"avg_inner_best_models/val_auc_mean":0.7352941176470589,"_timestamp":1.7727745433300314e+09,"_step":57,"avg_inner_best_models/train_loss_mean":0.5092000986138979,"avg_inner_best_models/val_loss_mean":0.6135031382242838,"_wandb":{"runtime":0}}