{"_wandb":{"runtime":0},"_runtime":0.038427668,"avg_inner_best_models/val_auc_mean":0.657563025210084,"_timestamp":1.7727862061970034e+09,"_step":40,"avg_inner_best_models/train_loss_mean":0.5766952112317085,"avg_inner_best_models/val_loss_mean":0.6990237832069397}