outer_test_LOGLOSS_mean,outer_test_LOGLOSS_std,outer_test_AUC_mean,outer_test_AUC_std,outer_test_AUCPR_mean,outer_test_AUCPR_std,outer_test_ACC_mean,outer_test_ACC_std,outer_test_SEN_mean,outer_test_SEN_std,outer_test_SP_mean,outer_test_SP_std,outer_test_MCC_mean,outer_test_MCC_std
0.6705156820031739,0.017411159857750286,0.6095473670949862,0.053510478323409015,0.7204373336675935,0.03427117367973809,0.6037468671679198,0.052456110675774235,0.6959523809523809,0.17622033933551015,0.4493174603174603,0.22570010201673252,0.15636410174316487,0.11261602126714763
