{"_step":32,"avg_inner_best_models/train_loss_mean":0.46276095509529114,"avg_inner_best_models/val_loss_mean":0.5912498831748962,"_timestamp":1.7725255651436741e+09,"_wandb":{"runtime":0},"_runtime":0.05314349}