{"_runtime":0.05452077,"avg_inner_best_models/train_loss_mean":0.4038899888594945,"avg_inner_best_models/val_loss_mean":0.608406126499176,"_timestamp":1.7725751798835819e+09,"_step":65,"_wandb":{"runtime":0}}