{"_timestamp":1.7725404542969034e+09,"_step":32,"_wandb":{"runtime":0},"_runtime":0.060434714,"avg_inner_best_models/train_loss_mean":0.5563968420028687,"avg_inner_best_models/val_loss_mean":0.6495152413845062}