outer_test_LOGLOSS_mean,outer_test_LOGLOSS_std,outer_test_AUC_mean,outer_test_AUC_std,outer_test_AUCPR_mean,outer_test_AUCPR_std,outer_test_ACC_mean,outer_test_ACC_std,outer_test_SEN_mean,outer_test_SEN_std,outer_test_SP_mean,outer_test_SP_std,outer_test_MCC_mean,outer_test_MCC_std
0.6848035545373712,0.009901358245612965,0.5730765936004031,0.04707943822456486,0.7019923712923889,0.035794389199992664,0.5661758563074352,0.0697626877725965,0.6048042328042328,0.11771951148257317,0.4989365079365079,0.07135318098027014,0.10328768884288214,0.11128089925550792
