{"avg_inner_best_models/train_loss_mean":0.4137044871846835,"avg_inner_best_models/val_loss_mean":0.6053353150685629,"_timestamp":1.7725049658928275e+09,"_step":33,"_wandb":{"runtime":0},"_runtime":0.051161177}