{"_timestamp":1.7728320032490673e+09,"_wandb":{"runtime":0},"_runtime":0.065253835,"_step":75,"avg_inner_best_models/train_loss_mean":0.4766614685455958,"avg_inner_best_models/val_loss_mean":0.643682211637497,"avg_inner_best_models/val_auc_mean":0.7198275862068965}