{"_wandb":{"runtime":0},"_runtime":0.058984079,"_step":46,"avg_inner_best_models/train_loss_mean":0.43049852550029755,"avg_inner_best_models/val_loss_mean":0.6011063754558563,"_timestamp":1.7724999842639673e+09}