{"_step":63,"avg_inner_best_models/train_loss_mean":0.3401002089182536,"_wandb":{"runtime":0},"_runtime":0.03935463,"avg_inner_best_models/val_loss_mean":0.6150339643160502,"_timestamp":1.7724998852651627e+09}