{"_step":25,"_wandb":{"runtime":0},"_runtime":0.037494941,"avg_inner_best_models/train_loss_mean":0.5183811485767365,"avg_inner_best_models/val_loss_mean":0.6923292279243469,"_timestamp":1.7725305061114414e+09}