outer_test_LOGLOSS_mean,outer_test_LOGLOSS_std,outer_test_AUC_mean,outer_test_AUC_std,outer_test_AUCPR_mean,outer_test_AUCPR_std,outer_test_ACC_mean,outer_test_ACC_std,outer_test_SEN_mean,outer_test_SEN_std,outer_test_SP_mean,outer_test_SP_std,outer_test_MCC_mean,outer_test_MCC_std
0.6809216941174816,0.022848871995981276,0.5446633912824389,0.11652069459121789,0.6832313981822373,0.09502227888079236,0.5673224728487886,0.09129875091958292,0.6677460317460316,0.13005158022310598,0.3905079365079365,0.1225005747084396,0.06291282138009273,0.18447254297440147
