outer_test_LOGLOSS_mean,outer_test_LOGLOSS_std,outer_test_AUC_mean,outer_test_AUC_std,outer_test_AUCPR_mean,outer_test_AUCPR_std,outer_test_ACC_mean,outer_test_ACC_std,outer_test_SEN_mean,outer_test_SEN_std,outer_test_SP_mean,outer_test_SP_std,outer_test_MCC_mean,outer_test_MCC_std
0.6856753259265824,0.011666600346548742,0.537066263542454,0.05903616728040216,0.6705849201308286,0.04337533612639823,0.5698391812865496,0.04876018582586522,0.6591269841269839,0.16306581972840237,0.41873015873015873,0.20887247804363293,0.0860656615806029,0.10180466695955238
