outer_test_LOGLOSS_mean,outer_test_LOGLOSS_std,outer_test_AUC_mean,outer_test_AUC_std,outer_test_AUCPR_mean,outer_test_AUCPR_std,outer_test_ACC_mean,outer_test_ACC_std,outer_test_SEN_mean,outer_test_SEN_std,outer_test_SP_mean,outer_test_SP_std,outer_test_MCC_mean,outer_test_MCC_std
0.6748440327898773,0.005583936087102897,0.5949177374653566,0.05419369793751995,0.7299030079156598,0.04874218580831699,0.597673350041771,0.07536144352678856,0.6895661375661375,0.12532038975424245,0.44047619047619047,0.10377267635295352,0.1362011426419572,0.140692527417815
