{"_wandb":{"runtime":0},"_timestamp":1.772776827351288e+09,"_step":54,"avg_inner_best_models/train_loss_mean":0.5099772587418556,"avg_inner_best_models/val_loss_mean":0.678524394830068,"avg_inner_best_models/val_auc_mean":0.6637931034482758,"_runtime":0.060694412}