{"_step":38,"_wandb":{"runtime":0},"_runtime":0.066321005,"avg_inner_best_models/train_loss_mean":0.5433172881603241,"avg_inner_best_models/val_loss_mean":0.6524363160133362,"avg_inner_best_models/val_auc_mean":0.6764705882352942,"_timestamp":1.7727998568839386e+09}