{"avg_inner_best_models/val_loss_mean":0.6511364281177521,"avg_inner_best_models/val_auc_mean":0.6428571428571428,"_timestamp":1.7727728415593455e+09,"_wandb":{"runtime":0},"_runtime":0.054687078,"_step":45,"avg_inner_best_models/train_loss_mean":0.519841879606247}