{"avg_inner_best_models/val_loss_mean":0.6572684943675995,"avg_inner_best_models/val_auc_mean":0.5987394957983193,"_timestamp":1.772809236567333e+09,"_wandb":{"runtime":0},"_runtime":0.051533075,"_step":31,"avg_inner_best_models/train_loss_mean":0.5149381905794144}