{"_runtime":0.038361756,"_step":30,"avg_inner_best_models/train_loss_mean":0.5526067664225897,"avg_inner_best_models/val_loss_mean":0.6839632391929626,"_timestamp":1.7725424567344286e+09,"_wandb":{"runtime":0}}