{"_timestamp":1.7725314281432428e+09,"_wandb":{"runtime":0},"_runtime":0.038277565,"_step":42,"avg_inner_best_models/train_loss_mean":0.49725742638111115,"avg_inner_best_models/val_loss_mean":0.6408045291900635}