outer_test_LOGLOSS_mean,outer_test_LOGLOSS_std,outer_test_AUC_mean,outer_test_AUC_std,outer_test_AUCPR_mean,outer_test_AUCPR_std,outer_test_ACC_mean,outer_test_ACC_std,outer_test_SEN_mean,outer_test_SEN_std,outer_test_SP_mean,outer_test_SP_std,outer_test_MCC_mean,outer_test_MCC_std
0.6828479021092271,0.02423229548461803,0.5469227765180147,0.1352157624520757,0.6854779218422135,0.09839377889937044,0.5658688387635757,0.09836412510688579,0.6993227513227513,0.12080792188549878,0.3330634920634921,0.08739237316399603,0.04368056942765327,0.2048856693117834
