{"_runtime":0.052463112,"avg_inner_best_models/train_loss_mean":0.46825551489988965,"avg_inner_best_models/val_loss_mean":0.6452337503433228,"_timestamp":1.772514984772647e+09,"_step":39,"_wandb":{"runtime":0}}