{"_wandb":{"runtime":0},"_runtime":0.05944211,"avg_inner_best_models/train_loss_mean":0.4519815544287364,"avg_inner_best_models/val_loss_mean":0.6292836864789327,"avg_inner_best_models/val_auc_mean":0.7219827586206897,"_timestamp":1.7728310783506005e+09,"_step":58}