{"_wandb":{"runtime":0},"_runtime":0.060921617,"_step":47,"avg_inner_best_models/train_loss_mean":0.4942389527956645,"avg_inner_best_models/val_loss_mean":0.6351513266563416,"avg_inner_best_models/val_auc_mean":0.7436974789915966,"_timestamp":1.7727825207021074e+09}