{"_timestamp":1.7725343291754e+09,"_step":34,"avg_inner_best_models/train_loss_mean":0.6242410838603973,"_wandb":{"runtime":0},"_runtime":0.053512249,"avg_inner_best_models/val_loss_mean":0.7398493587970734}