{"_runtime":0.036203506,"avg_inner_best_models/val_loss_mean":0.6733068227767944,"_timestamp":1.772494410215313e+09,"_step":32,"avg_inner_best_models/train_loss_mean":0.43582909802595776,"_wandb":{"runtime":0}}