{"_step":61,"_runtime":0.065183238,"_wandb":{"runtime":0},"avg_inner_best_models/train_loss_mean":0.4841373215119044,"avg_inner_best_models/val_loss_mean":0.6458634734153748,"_timestamp":1.7725721541897104e+09}