{"_step":52,"avg_inner_best_models/train_loss_mean":0.9868090947469076,"_wandb":{"runtime":0},"_runtime":0.054336499,"avg_inner_best_models/val_loss_mean":0.642258862654368,"avg_inner_best_models/val_auc_mean":0.8073022312373225,"_timestamp":1.7728848111459265e+09}