{"_wandb":{"runtime":0},"_runtime":0.055998364,"avg_inner_best_models/train_loss_mean":0.5117821047703425,"avg_inner_best_models/val_loss_mean":0.663650115331014,"avg_inner_best_models/val_auc_mean":0.6995798319327731,"_timestamp":1.7728116877350233e+09,"_step":74}