{"avg_inner_best_models/train_loss_mean":0.45244600375493366,"_wandb":{"runtime":0},"_runtime":0.060411422,"avg_inner_best_models/val_loss_mean":0.617120107014974,"avg_inner_best_models/val_auc_mean":0.7262931034482758,"_timestamp":1.7727826349172735e+09,"_step":46}