{"_wandb":{"runtime":0},"_runtime":0.03732465,"_step":38,"avg_inner_best_models/train_loss_mean":0.4465523560841878,"avg_inner_best_models/val_loss_mean":0.656948983669281,"avg_inner_best_models/val_auc_mean":0.6853448275862069,"_timestamp":1.772773469420946e+09}