{"avg_inner_best_models/train_loss_mean":0.3007521579662959,"_wandb":{"runtime":0},"_runtime":0.059495606,"avg_inner_best_models/val_loss_mean":0.5877853631973267,"_timestamp":1.772553964599689e+09,"_step":80}