outer_test_LOGLOSS_mean,outer_test_LOGLOSS_std,outer_test_AUC_mean,outer_test_AUC_std,outer_test_AUCPR_mean,outer_test_AUCPR_std,outer_test_ACC_mean,outer_test_ACC_std,outer_test_SEN_mean,outer_test_SEN_std,outer_test_SP_mean,outer_test_SP_std,outer_test_MCC_mean,outer_test_MCC_std
0.6785892874882584,0.005848004311268421,0.606484693877551,0.08263702767819325,0.7258446508630866,0.045686182003320086,0.587046783625731,0.04511201373088482,0.662116402116402,0.10882265948828679,0.45855555555555555,0.20656837583424717,0.11610886401929259,0.1361254781809772
