{"avg_inner_best_models/train_loss_mean":0.48713896920283634,"avg_inner_best_models/val_loss_mean":0.6404413382212321,"avg_inner_best_models/val_auc_mean":0.6508620689655173,"_timestamp":1.7728064652245784e+09,"_wandb":{"runtime":0},"_runtime":0.059079796,"_step":31}