outer_test_LOGLOSS_mean,outer_test_LOGLOSS_std,outer_test_AUC_mean,outer_test_AUC_std,outer_test_AUCPR_mean,outer_test_AUCPR_std,outer_test_ACC_mean,outer_test_ACC_std,outer_test_SEN_mean,outer_test_SEN_std,outer_test_SP_mean,outer_test_SP_std,outer_test_MCC_mean,outer_test_MCC_std
0.6783769634407318,0.017400942282623195,0.5558151927437643,0.04960067770568209,0.6888729190900864,0.033223928489090324,0.6124310776942357,0.06547755280786506,0.7488571428571428,0.13929960972766905,0.38,0.16439926877167454,0.1414063001984863,0.12878685695231876
