{"avg_inner_best_models/train_loss_mean":0.4990125298500061,"avg_inner_best_models/val_loss_mean":0.6589569846789042,"avg_inner_best_models/val_auc_mean":0.6008403361344539,"_timestamp":1.7728044677535517e+09,"_wandb":{"runtime":0},"_runtime":0.063823739,"_step":31}