{"_runtime":0.06542679,"_step":69,"avg_inner_best_models/train_loss_mean":0.5056126639246941,"avg_inner_best_models/val_loss_mean":0.6475743055343628,"_timestamp":1.7725803351602893e+09,"_wandb":{"runtime":0}}