{"avg_inner_best_models/val_auc_mean":0.7457983193277311,"_wandb":{"runtime":0},"_runtime":0.060909628,"_timestamp":1.7728316638589303e+09,"_step":56,"avg_inner_best_models/train_loss_mean":0.382035364707311,"avg_inner_best_models/val_loss_mean":0.6311424771944681}