outer_test_LOGLOSS_mean,outer_test_LOGLOSS_std,outer_test_AUC_mean,outer_test_AUC_std,outer_test_AUCPR_mean,outer_test_AUCPR_std,outer_test_ACC_mean,outer_test_ACC_std,outer_test_SEN_mean,outer_test_SEN_std,outer_test_SP_mean,outer_test_SP_std,outer_test_MCC_mean,outer_test_MCC_std
0.6791131414579703,0.016448062729962916,0.5477020660115898,0.08797633010594898,0.6879240045766266,0.04470604736779723,0.5765873015873016,0.05808040735001899,0.7125661375661375,0.07518700046420693,0.34031746031746024,0.09855932608841782,0.055934632329606895,0.12430321604371874
