{"_timestamp":1.7725492522370012e+09,"_step":62,"_wandb":{"runtime":0},"_runtime":0.056519795,"avg_inner_best_models/train_loss_mean":0.561291495958964,"avg_inner_best_models/val_loss_mean":0.68509241938591}