{"_wandb":{"runtime":0},"_runtime":0.036945327,"_step":46,"avg_inner_best_models/train_loss_mean":0.24046372125546137,"avg_inner_best_models/val_loss_mean":0.6101459066073099,"_timestamp":1.7725020637475548e+09}