outer_test_LOGLOSS_mean,outer_test_LOGLOSS_std,outer_test_AUC_mean,outer_test_AUC_std,outer_test_AUCPR_mean,outer_test_AUCPR_std,outer_test_ACC_mean,outer_test_ACC_std,outer_test_SEN_mean,outer_test_SEN_std,outer_test_SP_mean,outer_test_SP_std,outer_test_MCC_mean,outer_test_MCC_std
0.6731929360363388,0.00917773017162674,0.5680102040816326,0.07221139080880061,0.7248822630203458,0.06884949960395259,0.5923558897243109,0.05840585487361963,0.6928571428571428,0.05466980983903026,0.41809523809523813,0.1217851906147099,0.11110063444950682,0.13799919295293103
