{"avg_inner_best_models/val_loss_mean":0.658324400583903,"avg_inner_best_models/val_auc_mean":0.6288032454361056,"_wandb":{"runtime":0},"_runtime":0.053520157,"_timestamp":1.7727642633428764e+09,"_step":32,"avg_inner_best_models/train_loss_mean":0.4862767681479454}