{"_step":42,"_wandb":{"runtime":0},"_runtime":0.040264852,"avg_inner_best_models/train_loss_mean":0.45994102706511814,"avg_inner_best_models/val_loss_mean":0.6111069122950236,"_timestamp":1.7725031194070096e+09}