{"avg_inner_best_models/val_auc_mean":0.6953781512605042,"_runtime":0.055123041,"_wandb":{"runtime":0},"_timestamp":1.7727744058790004e+09,"_step":63,"avg_inner_best_models/train_loss_mean":0.5191468000411987,"avg_inner_best_models/val_loss_mean":0.6369579434394836}