outer_test_LOGLOSS_mean,outer_test_LOGLOSS_std,outer_test_AUC_mean,outer_test_AUC_std,outer_test_AUCPR_mean,outer_test_AUCPR_std,outer_test_ACC_mean,outer_test_ACC_std,outer_test_SEN_mean,outer_test_SEN_std,outer_test_SP_mean,outer_test_SP_std,outer_test_MCC_mean,outer_test_MCC_std
0.6737273673834716,0.016462414843013876,0.583416477702192,0.07953245458049328,0.7332508164384869,0.0586706451453269,0.5961779448621554,0.0758462463977706,0.6546031746031746,0.15530064958379572,0.4961904761904762,0.18092574992003485,0.1530569825485267,0.1416050690562412
