{"_timestamp":1.7728104070562139e+09,"_step":73,"_wandb":{"runtime":0},"_runtime":0.062842665,"avg_inner_best_models/train_loss_mean":0.4908556093772252,"avg_inner_best_models/val_loss_mean":0.6369710763295492,"avg_inner_best_models/val_auc_mean":0.7349137931034483}