{"_runtime":0.054103417,"_timestamp":1.7728026835231285e+09,"_step":44,"avg_inner_best_models/train_loss_mean":0.5641496976216634,"avg_inner_best_models/val_loss_mean":0.6584272086620331,"avg_inner_best_models/val_auc_mean":0.6810344827586206,"_wandb":{"runtime":0}}