{"_step":29,"avg_inner_best_models/train_loss_mean":0.44173458218574524,"_wandb":{"runtime":0},"_runtime":0.034971411,"avg_inner_best_models/val_loss_mean":0.6211916208267212,"_timestamp":1.7725269654019277e+09}