{"_step":77,"avg_inner_best_models/train_loss_mean":0.4646800955136617,"avg_inner_best_models/val_loss_mean":0.6319731871287028,"avg_inner_best_models/val_auc_mean":0.7758620689655172,"_timestamp":1.7727932167861235e+09,"_wandb":{"runtime":0},"_runtime":0.071294852}