{"avg_inner_best_models/train_loss_mean":0.3689621811111768,"_wandb":{"runtime":0},"_runtime":0.059934351,"avg_inner_best_models/val_loss_mean":0.5971454580624899,"avg_inner_best_models/val_auc_mean":0.7586206896551724,"_timestamp":1.7728268733361409e+09,"_step":70}