{"_timestamp":1.7728227004213147e+09,"_step":38,"_wandb":{"runtime":0},"_runtime":0.051687551,"avg_inner_best_models/train_loss_mean":0.41241706907749176,"avg_inner_best_models/val_loss_mean":0.6467034618059794,"avg_inner_best_models/val_auc_mean":0.6995798319327731}