{"_wandb":{"runtime":0},"_runtime":0.054433865,"avg_inner_best_models/val_loss_mean":0.661993533372879,"_timestamp":1.7725445927232661e+09,"_step":34,"avg_inner_best_models/train_loss_mean":0.5405192375183105}