outer_test_LOGLOSS_mean,outer_test_LOGLOSS_std,outer_test_AUC_mean,outer_test_AUC_std,outer_test_AUCPR_mean,outer_test_AUCPR_std,outer_test_ACC_mean,outer_test_ACC_std,outer_test_SEN_mean,outer_test_SEN_std,outer_test_SP_mean,outer_test_SP_std,outer_test_MCC_mean,outer_test_MCC_std
0.6699651773958897,0.018982523837767502,0.569471907281431,0.057952173484360006,0.6948351343052942,0.046060577598800875,0.5904302422723475,0.06218914621247227,0.7667460317460317,0.12537078850693867,0.2829047619047619,0.11247232027447071,0.061058367672226756,0.11129475782886708
