outer_test_LOGLOSS_mean,outer_test_LOGLOSS_std,outer_test_AUC_mean,outer_test_AUC_std,outer_test_AUCPR_mean,outer_test_AUCPR_std,outer_test_ACC_mean,outer_test_ACC_std,outer_test_SEN_mean,outer_test_SEN_std,outer_test_SP_mean,outer_test_SP_std,outer_test_MCC_mean,outer_test_MCC_std
0.7032031316654129,0.029424071000118183,0.5049648526077098,0.12465427512444031,0.6705935280642686,0.09901890045510128,0.5042251461988304,0.09682050880446005,0.5312804232804232,0.12114983443514707,0.457206349206349,0.1875149218504806,-0.01299113302621267,0.20528307858034797
