outer_test_LOGLOSS_mean,outer_test_LOGLOSS_std,outer_test_AUC_mean,outer_test_AUC_std,outer_test_AUCPR_mean,outer_test_AUCPR_std,outer_test_ACC_mean,outer_test_ACC_std,outer_test_SEN_mean,outer_test_SEN_std,outer_test_SP_mean,outer_test_SP_std,outer_test_MCC_mean,outer_test_MCC_std
0.6900168994515342,0.02291556999912683,0.5530610355253212,0.12478847072881467,0.6837123530834378,0.10340611901518185,0.5595676691729323,0.09141710398965963,0.6115925925925926,0.12380658383403778,0.4681904761904762,0.1195856426497557,0.07994007390801694,0.17314603409207235
