{"avg_inner_best_models/train_loss_mean":0.5203674758474032,"avg_inner_best_models/val_loss_mean":0.6598993937174479,"avg_inner_best_models/val_auc_mean":0.7392241379310346,"_timestamp":1.7727900616763582e+09,"_step":45,"_wandb":{"runtime":0},"_runtime":0.065803306}