{"_wandb":{"runtime":0},"_runtime":0.037565315,"_step":48,"avg_inner_best_models/train_loss_mean":0.4276125331719716,"avg_inner_best_models/val_loss_mean":0.6439327299594879,"_timestamp":1.7725309148359528e+09}