{"avg_inner_best_models/val_loss_mean":0.6568137407302856,"_timestamp":1.7725383458759093e+09,"_step":39,"_wandb":{"runtime":0},"_runtime":0.05324904,"avg_inner_best_models/train_loss_mean":0.49426284432411194}