{"avg_inner_best_models/val_auc_mean":0.6974789915966387,"_timestamp":1.7728324535202324e+09,"_step":60,"_wandb":{"runtime":0},"_runtime":0.059795636,"avg_inner_best_models/train_loss_mean":0.38837393124898273,"avg_inner_best_models/val_loss_mean":0.6177654465039571}