outer_test_LOGLOSS_mean,outer_test_LOGLOSS_std,outer_test_AUC_mean,outer_test_AUC_std,outer_test_AUCPR_mean,outer_test_AUCPR_std,outer_test_ACC_mean,outer_test_ACC_std,outer_test_SEN_mean,outer_test_SEN_std,outer_test_SP_mean,outer_test_SP_std,outer_test_MCC_mean,outer_test_MCC_std
0.6818917836022859,0.011710015451553056,0.568056500377929,0.05559070698276832,0.6973710864639919,0.04463404057330416,0.5540497076023392,0.05573813091589385,0.6141904761904762,0.15390412803933515,0.4529682539682541,0.18713226819149972,0.06780171051840776,0.10765697831260654
