outer_test_LOGLOSS_mean,outer_test_LOGLOSS_std,outer_test_AUC_mean,outer_test_AUC_std,outer_test_AUCPR_mean,outer_test_AUCPR_std,outer_test_ACC_mean,outer_test_ACC_std,outer_test_SEN_mean,outer_test_SEN_std,outer_test_SP_mean,outer_test_SP_std,outer_test_MCC_mean,outer_test_MCC_std
0.681357356774277,0.00873901939359561,0.5463105316200555,0.06942051892632332,0.6947477127027867,0.061956321752383525,0.5674874686716792,0.06368995871575564,0.6725555555555555,0.10066034817294543,0.3855079365079365,0.1454800589046356,0.05720358607519946,0.13672149421233787
