{"avg_inner_best_models/train_loss_mean":0.4876175324122111,"_wandb":{"runtime":0},"_runtime":0.060196832,"avg_inner_best_models/val_loss_mean":0.7034008701642355,"avg_inner_best_models/val_auc_mean":0.542016806722689,"_timestamp":1.7728230118998845e+09,"_step":49}