outer_test_LOGLOSS_mean,outer_test_LOGLOSS_std,outer_test_AUC_mean,outer_test_AUC_std,outer_test_AUCPR_mean,outer_test_AUCPR_std,outer_test_ACC_mean,outer_test_ACC_std,outer_test_SEN_mean,outer_test_SEN_std,outer_test_SP_mean,outer_test_SP_std,outer_test_MCC_mean,outer_test_MCC_std
0.6763459101813404,0.03090620732785644,0.5877815570672713,0.1082078548592299,0.7180066596168369,0.07881655516006107,0.5921052631578948,0.0841467266375917,0.6360317460317461,0.11566572020672236,0.5152380952380952,0.20243416667335257,0.1469437926165596,0.18866383776357792
