{"avg_inner_best_models/train_loss_mean":0.5651033322016398,"_wandb":{"runtime":0},"_runtime":0.040434216,"avg_inner_best_models/val_loss_mean":0.6455454428990682,"avg_inner_best_models/val_auc_mean":0.6974789915966386,"_timestamp":1.7727899481590998e+09,"_step":22}