{"avg_inner_best_models/train_loss_mean":0.5493442813555399,"_wandb":{"runtime":0},"_runtime":0.03782836,"avg_inner_best_models/val_loss_mean":0.6700008511543274,"_timestamp":1.772533505314803e+09,"_step":36}