{"_timestamp":1.7727533549412932e+09,"_step":69,"_wandb":{"runtime":0},"_runtime":0.059091869,"avg_inner_best_models/train_loss_mean":0.64887701968352,"avg_inner_best_models/val_loss_mean":0.725430965423584,"avg_inner_best_models/val_auc_mean":0.5797413793103449}