{"avg_inner_best_models/train_loss_mean":0.5078411251306534,"_wandb":{"runtime":0},"_runtime":0.037312856,"avg_inner_best_models/val_loss_mean":0.6411084830760956,"_timestamp":1.772541734240177e+09,"_step":36}