{"_timestamp":1.7725206582098079e+09,"_step":36,"avg_inner_best_models/train_loss_mean":0.4715768148501714,"avg_inner_best_models/val_loss_mean":0.6326530575752258,"_wandb":{"runtime":0},"_runtime":0.035932989}