{"avg_inner_best_models/val_auc_mean":0.6724137931034483,"_timestamp":1.772766964046318e+09,"_wandb":{"runtime":0},"_runtime":0.054296613,"_step":46,"avg_inner_best_models/train_loss_mean":0.514762207865715,"avg_inner_best_models/val_loss_mean":0.6454908847808838}