{"_runtime":0.050799574,"_step":65,"avg_inner_best_models/train_loss_mean":0.47739819685618085,"avg_inner_best_models/val_loss_mean":0.6259291172027588,"avg_inner_best_models/val_auc_mean":0.7564655172413793,"_timestamp":1.7728295402654328e+09,"_wandb":{"runtime":0}}