{"avg_inner_best_models/train_loss_mean":1.4715792536735535,"avg_inner_best_models/val_loss_mean":0.6488921940326691,"avg_inner_best_models/val_auc_mean":0.8382352941176471,"_wandb":{"runtime":0},"_runtime":0.05606517,"_timestamp":1.772899575321051e+09,"_step":72}