{"_step":60,"_wandb":{"runtime":0},"_runtime":0.062296454,"avg_inner_best_models/train_loss_mean":0.5104973241686821,"avg_inner_best_models/val_loss_mean":0.6687944730122884,"_timestamp":1.772558406163142e+09}