{"avg_inner_best_models/train_loss_mean":0.4193647429347038,"avg_inner_best_models/val_loss_mean":0.622763454914093,"_timestamp":1.7725264585880544e+09,"_step":29,"_wandb":{"runtime":0},"_runtime":0.035793585}