{"_step":52,"avg_inner_best_models/train_loss_mean":0.3253018483519554,"avg_inner_best_models/val_loss_mean":0.6132797201474508,"_timestamp":1.7725064484192362e+09,"_wandb":{"runtime":0},"_runtime":0.050136573}