{"avg_inner_best_models/val_loss_mean":0.5874952971935272,"_timestamp":1.7725263803416328e+09,"_wandb":{"runtime":0},"_runtime":0.060576252,"_step":47,"avg_inner_best_models/train_loss_mean":0.30192996685703594}