outer_test_LOGLOSS_mean,outer_test_LOGLOSS_std,outer_test_AUC_mean,outer_test_AUC_std,outer_test_AUCPR_mean,outer_test_AUCPR_std,outer_test_ACC_mean,outer_test_ACC_std,outer_test_SEN_mean,outer_test_SEN_std,outer_test_SP_mean,outer_test_SP_std,outer_test_MCC_mean,outer_test_MCC_std
0.6778848861830657,0.024466772348407967,0.5429149659863945,0.09753589511153948,0.689867168276214,0.07823923661679075,0.5864870509607352,0.06379397310113445,0.7113809523809523,0.12264911392228302,0.3699682539682539,0.14781885946846268,0.09094695071507009,0.1301033229664982
