outer_test_LOGLOSS_mean,outer_test_LOGLOSS_std,outer_test_AUC_mean,outer_test_AUC_std,outer_test_AUCPR_mean,outer_test_AUCPR_std,outer_test_ACC_mean,outer_test_ACC_std,outer_test_SEN_mean,outer_test_SEN_std,outer_test_SP_mean,outer_test_SP_std,outer_test_MCC_mean,outer_test_MCC_std
0.6880180207667561,0.030531551412146696,0.5726637692113883,0.1156573742604423,0.7142194608704174,0.0940646456620285,0.567220133667502,0.09566073175837393,0.6633227513227513,0.16261324636233654,0.40538095238095234,0.19957064621649956,0.06617695309760928,0.1901508053628175
