{"avg_inner_best_models/train_loss_mean":0.5308542599280676,"avg_inner_best_models/val_loss_mean":0.666161835193634,"_wandb":{"runtime":0},"_runtime":0.052462842,"_timestamp":1.772505325946857e+09,"_step":36}