{"_step":60,"avg_inner_best_models/train_loss_mean":0.4459992324312528,"_wandb":{"runtime":0},"_runtime":0.039180383,"avg_inner_best_models/val_loss_mean":0.616300086180369,"_timestamp":1.7725433049644542e+09}