{"avg_inner_best_models/train_loss_mean":0.44607777148485184,"avg_inner_best_models/val_loss_mean":0.6193535526593527,"avg_inner_best_models/val_auc_mean":0.6939655172413793,"_timestamp":1.7727972943477504e+09,"_wandb":{"runtime":0},"_runtime":0.03727741,"_step":33}