{"_timestamp":1.7724976837433622e+09,"_step":36,"avg_inner_best_models/train_loss_mean":0.3681761821111043,"avg_inner_best_models/val_loss_mean":0.6523862481117249,"_runtime":0.052027416,"_wandb":{"runtime":0}}