{"avg_inner_best_models/val_auc_mean":0.7268907563025211,"_timestamp":1.7727818159017344e+09,"_step":29,"avg_inner_best_models/train_loss_mean":0.5429043670495352,"_wandb":{"runtime":0},"_runtime":0.055648822,"avg_inner_best_models/val_loss_mean":0.6559025049209595}