{"_runtime":0.061427944,"_step":69,"avg_inner_best_models/train_loss_mean":0.37707405785719555,"avg_inner_best_models/val_loss_mean":0.6263333757718405,"_timestamp":1.7725133731453657e+09,"_wandb":{"runtime":0}}