outer_test_LOGLOSS_mean,outer_test_LOGLOSS_std,outer_test_AUC_mean,outer_test_AUC_std,outer_test_AUCPR_mean,outer_test_AUCPR_std,outer_test_ACC_mean,outer_test_ACC_std,outer_test_SEN_mean,outer_test_SEN_std,outer_test_SP_mean,outer_test_SP_std,outer_test_MCC_mean,outer_test_MCC_std
0.6676342603767981,0.023254558759045117,0.5903174603174605,0.07523610119184788,0.7237258146420625,0.07103236098760943,0.6049832915622388,0.056036704318641585,0.705962962962963,0.08244947873314723,0.4303333333333333,0.0880619468420288,0.13992480176115052,0.109690626623573
