{"avg_inner_best_models/train_loss_mean":0.39815154174963635,"_wandb":{"runtime":0},"_runtime":0.055212621,"avg_inner_best_models/val_loss_mean":0.622316300868988,"avg_inner_best_models/val_auc_mean":0.625,"_timestamp":1.772777153154839e+09,"_step":60}