{"_timestamp":1.7728163748398643e+09,"_step":56,"_wandb":{"runtime":0},"_runtime":0.052038438,"avg_inner_best_models/train_loss_mean":0.5294908781846365,"avg_inner_best_models/val_loss_mean":0.6311107575893402,"avg_inner_best_models/val_auc_mean":0.6890756302521008}