{"_timestamp":1.772797518163917e+09,"_step":61,"avg_inner_best_models/train_loss_mean":0.5422418415546417,"avg_inner_best_models/val_loss_mean":0.6533363461494446,"avg_inner_best_models/val_auc_mean":0.680672268907563,"_wandb":{"runtime":0},"_runtime":0.054764972}