{"_wandb":{"runtime":0},"_runtime":0.054332975,"avg_inner_best_models/val_loss_mean":0.6394315659999847,"_timestamp":1.7725326540310078e+09,"_step":36,"avg_inner_best_models/train_loss_mean":0.4502001504103343}