{"avg_inner_best_models/train_loss_mean":0.49842049181461334,"avg_inner_best_models/val_loss_mean":0.6352116664250692,"_timestamp":1.7725367969275773e+09,"_step":39,"_wandb":{"runtime":0},"_runtime":0.062691191}