{"_runtime":0.035813781,"_step":34,"avg_inner_best_models/train_loss_mean":0.4540696864326795,"avg_inner_best_models/val_loss_mean":0.6252509156862894,"avg_inner_best_models/val_auc_mean":0.7542016806722689,"_timestamp":1.772813211582924e+09,"_wandb":{"runtime":0}}