{"_runtime":0.036873401,"avg_inner_best_models/val_auc_mean":0.6176470588235294,"_timestamp":1.772789088957358e+09,"_step":41,"avg_inner_best_models/train_loss_mean":0.4519692560036977,"avg_inner_best_models/val_loss_mean":0.6796693404515585,"_wandb":{"runtime":0}}