outer_test_LOGLOSS_mean,outer_test_LOGLOSS_std,outer_test_AUC_mean,outer_test_AUC_std,outer_test_AUCPR_mean,outer_test_AUCPR_std,outer_test_ACC_mean,outer_test_ACC_std,outer_test_SEN_mean,outer_test_SEN_std,outer_test_SP_mean,outer_test_SP_std,outer_test_MCC_mean,outer_test_MCC_std
0.6841246788133224,0.010521527999924266,0.5745521541950114,0.06759360872464458,0.7083367977316086,0.030479722083448398,0.5568295739348371,0.05383532883140485,0.5973015873015873,0.05540683040592687,0.4861904761904762,0.08193382651529002,0.08087886206494789,0.11001912562245755
