outer_test_LOGLOSS_mean,outer_test_LOGLOSS_std,outer_test_AUC_mean,outer_test_AUC_std,outer_test_AUCPR_mean,outer_test_AUCPR_std,outer_test_ACC_mean,outer_test_ACC_std,outer_test_SEN_mean,outer_test_SEN_std,outer_test_SP_mean,outer_test_SP_std,outer_test_MCC_mean,outer_test_MCC_std
0.6828765996043186,0.009103204223732493,0.5738909674981103,0.08053661212769579,0.6914065599917881,0.061814157665938466,0.5859356725146199,0.04865448302658112,0.6516402116402117,0.07066448957350575,0.4728412698412698,0.1375508872828466,0.12237132010373329,0.116498752502602
