outer_test_LOGLOSS_mean,outer_test_LOGLOSS_std,outer_test_AUC_mean,outer_test_AUC_std,outer_test_AUCPR_mean,outer_test_AUCPR_std,outer_test_ACC_mean,outer_test_ACC_std,outer_test_SEN_mean,outer_test_SEN_std,outer_test_SP_mean,outer_test_SP_std,outer_test_MCC_mean,outer_test_MCC_std
0.6832275687063236,0.012071431245956214,0.5880918367346938,0.05700909321466288,0.7250496454723157,0.06629720197525481,0.5300417710944026,0.05315084502628553,0.5192486772486772,0.11466475480725177,0.5526825396825397,0.13873686820992842,0.07140823523227424,0.10383334480648726
