{"avg_inner_best_models/val_loss_mean":0.6640386581420898,"_timestamp":1.7725738098106878e+09,"_step":69,"_wandb":{"runtime":0},"_runtime":0.06327248,"avg_inner_best_models/train_loss_mean":0.5478321214516958}