{"_wandb":{"runtime":0},"_runtime":0.036497611,"avg_inner_best_models/train_loss_mean":0.2741032938162486,"avg_inner_best_models/val_loss_mean":0.6128220558166504,"_timestamp":1.7725198729459522e+09,"_step":36}