outer_test_LOGLOSS_mean,outer_test_LOGLOSS_std,outer_test_AUC_mean,outer_test_AUC_std,outer_test_AUCPR_mean,outer_test_AUCPR_std,outer_test_ACC_mean,outer_test_ACC_std,outer_test_SEN_mean,outer_test_SEN_std,outer_test_SP_mean,outer_test_SP_std,outer_test_MCC_mean,outer_test_MCC_std
0.6696492218412871,0.018319332998273718,0.5978533635676493,0.078218384128623,0.7282434786271266,0.05326057928264272,0.6027568922305765,0.028229407334298358,0.7039682539682539,0.08439422960981166,0.4261904761904762,0.1449646137132264,0.1330814743652555,0.08170387895929367
