{"avg_inner_best_models/val_loss_mean":0.5946588814258575,"avg_inner_best_models/val_auc_mean":0.7262931034482759,"_timestamp":1.7728179215708826e+09,"_step":65,"_wandb":{"runtime":0},"_runtime":0.077023205,"avg_inner_best_models/train_loss_mean":0.33070219059785205}