{"avg_inner_best_models/val_loss_mean":0.6428464353084564,"avg_inner_best_models/val_auc_mean":0.6764705882352942,"_wandb":{"runtime":0},"_runtime":0.057694861,"_timestamp":1.7727749122148812e+09,"_step":46,"avg_inner_best_models/train_loss_mean":0.4424216647942861}