outer_test_LOGLOSS_mean,outer_test_LOGLOSS_std,outer_test_AUC_mean,outer_test_AUC_std,outer_test_AUCPR_mean,outer_test_AUCPR_std,outer_test_ACC_mean,outer_test_ACC_std,outer_test_SEN_mean,outer_test_SEN_std,outer_test_SP_mean,outer_test_SP_std,outer_test_MCC_mean,outer_test_MCC_std
0.681148087542365,0.023255587021822854,0.5438483245149912,0.07855240374879625,0.6870713439477862,0.06431722106121404,0.5703299916457812,0.06252474244361496,0.655047619047619,0.12233676748802817,0.41928571428571426,0.15478114048168845,0.07402862230405645,0.13226474423312082
