outer_test_LOGLOSS_mean,outer_test_LOGLOSS_std,outer_test_AUC_mean,outer_test_AUC_std,outer_test_AUCPR_mean,outer_test_AUCPR_std,outer_test_ACC_mean,outer_test_ACC_std,outer_test_SEN_mean,outer_test_SEN_std,outer_test_SP_mean,outer_test_SP_std,outer_test_MCC_mean,outer_test_MCC_std
0.6799678368224804,0.020223098884526877,0.5738924162257497,0.12761724229356858,0.7100164979717083,0.09665347631398918,0.5820091896407686,0.06859697872289948,0.6612751322751322,0.07741823838388884,0.44690476190476186,0.22573624303743903,0.10450719285412186,0.18910850889064662
