{"_timestamp":1.7725014636659813e+09,"_runtime":0.03620665,"_wandb":{"runtime":0},"_step":33,"avg_inner_best_models/train_loss_mean":0.48558691143989563,"avg_inner_best_models/val_loss_mean":0.6867009401321411}