{"_wandb":{"runtime":0},"_runtime":0.056426716,"_step":59,"avg_inner_best_models/train_loss_mean":0.49278840670982993,"avg_inner_best_models/val_loss_mean":0.6742524166901906,"_timestamp":1.7725560903525295e+09}