outer_test_LOGLOSS_mean,outer_test_LOGLOSS_std,outer_test_AUC_mean,outer_test_AUC_std,outer_test_AUCPR_mean,outer_test_AUCPR_std,outer_test_ACC_mean,outer_test_ACC_std,outer_test_SEN_mean,outer_test_SEN_std,outer_test_SP_mean,outer_test_SP_std,outer_test_MCC_mean,outer_test_MCC_std
0.6896457249705404,0.010142990195467976,0.5265596497858404,0.06814648666898435,0.6688135850603935,0.04122476424665358,0.5536069340016708,0.06592595460198777,0.633973544973545,0.10778274005656496,0.4129523809523809,0.1517708804687961,0.046700662016883124,0.14221467179850636
