{"avg_inner_best_models/val_loss_mean":0.6642987529436747,"_timestamp":1.77256515025391e+09,"_step":65,"avg_inner_best_models/train_loss_mean":0.5447062949339548,"_wandb":{"runtime":0},"_runtime":0.061462858}