{"avg_inner_best_models/val_auc_mean":0.6594827586206896,"_timestamp":1.7728041458637006e+09,"_step":36,"avg_inner_best_models/train_loss_mean":0.5269574796160063,"avg_inner_best_models/val_loss_mean":0.6441417733828226,"_wandb":{"runtime":0},"_runtime":0.037609756}