{"avg_inner_best_models/val_loss_mean":0.6364163607358932,"avg_inner_best_models/val_auc_mean":0.71875,"_wandb":{"runtime":0},"_runtime":0.05127412,"_timestamp":1.7727887664223933e+09,"_step":44,"avg_inner_best_models/train_loss_mean":0.4246627862254778}