{"_timestamp":1.7727769380721958e+09,"_step":38,"avg_inner_best_models/train_loss_mean":0.4408559749523799,"avg_inner_best_models/val_loss_mean":0.6351845661799113,"_wandb":{"runtime":0},"_runtime":0.050421142,"avg_inner_best_models/val_auc_mean":0.7306034482758621}