{"avg_inner_best_models/train_loss_mean":0.4853717163205147,"avg_inner_best_models/val_loss_mean":0.6711905201276144,"_timestamp":1.7725706793216524e+09,"_wandb":{"runtime":0},"_runtime":0.062103552,"_step":69}