{"_timestamp":1.7724987904902277e+09,"_step":38,"_wandb":{"runtime":0},"_runtime":0.037579284,"avg_inner_best_models/train_loss_mean":0.5237551008661588,"avg_inner_best_models/val_loss_mean":0.6348571379979452}