{"avg_inner_best_models/train_loss_mean":0.5084715435902277,"_wandb":{"runtime":0},"_runtime":0.051202284,"avg_inner_best_models/val_loss_mean":0.6574127078056335,"_timestamp":1.7725170206630993e+09,"_step":21}