{"_wandb":{"runtime":0},"_runtime":0.054009507,"_step":59,"avg_inner_best_models/train_loss_mean":0.4832630107800166,"avg_inner_best_models/val_loss_mean":0.6534065246582031,"_timestamp":1.7725653621831753e+09}