outer_test_LOGLOSS_mean,outer_test_LOGLOSS_std,outer_test_AUC_mean,outer_test_AUC_std,outer_test_AUCPR_mean,outer_test_AUCPR_std,outer_test_ACC_mean,outer_test_ACC_std,outer_test_SEN_mean,outer_test_SEN_std,outer_test_SP_mean,outer_test_SP_std,outer_test_MCC_mean,outer_test_MCC_std
0.6759352854819403,0.011846859484937878,0.597161186696901,0.04164836727613522,0.7345625112391925,0.04520202644575671,0.5747368421052632,0.04562851916169401,0.6117354497354497,0.1522801476552261,0.5157777777777777,0.169919753592764,0.13174045818278335,0.06945948330627776
