outer_test_LOGLOSS_mean,outer_test_LOGLOSS_std,outer_test_AUC_mean,outer_test_AUC_std,outer_test_AUCPR_mean,outer_test_AUCPR_std,outer_test_ACC_mean,outer_test_ACC_std,outer_test_SEN_mean,outer_test_SEN_std,outer_test_SP_mean,outer_test_SP_std,outer_test_MCC_mean,outer_test_MCC_std
0.681782596244163,0.009219983523708,0.5723505291005293,0.05204790819643376,0.7151515845245776,0.049385348237099176,0.5528320802005013,0.06239468418644734,0.58994708994709,0.11643617287190965,0.4914126984126984,0.09314898564727926,0.08272192426252088,0.1064334735790468
