{"_step":66,"avg_inner_best_models/train_loss_mean":0.5364201863606771,"_wandb":{"runtime":0},"_runtime":0.067864622,"avg_inner_best_models/val_loss_mean":0.6529359519481659,"_timestamp":1.7725755955285647e+09}