{"_wandb":{"runtime":0},"_runtime":0.035425529,"avg_inner_best_models/val_loss_mean":0.6586150228977203,"avg_inner_best_models/val_auc_mean":0.6092436974789915,"_timestamp":1.7728246153477836e+09,"_step":32,"avg_inner_best_models/train_loss_mean":0.5136858969926834}