{"_step":46,"avg_inner_best_models/train_loss_mean":0.5153338139255842,"avg_inner_best_models/val_loss_mean":0.6570244034131368,"avg_inner_best_models/val_auc_mean":0.6176470588235294,"_timestamp":1.7727874492924833e+09,"_wandb":{"runtime":0},"_runtime":0.061531889}