{"_timestamp":1.7725727829155822e+09,"_wandb":{"runtime":0},"_runtime":0.059469868,"_step":59,"avg_inner_best_models/train_loss_mean":0.5013030136624972,"avg_inner_best_models/val_loss_mean":0.6983649154504141}