{"_timestamp":1.7724986189001439e+09,"_wandb":{"runtime":0},"_runtime":0.038673501,"_step":79,"avg_inner_best_models/train_loss_mean":0.3303459783395131,"avg_inner_best_models/val_loss_mean":0.5644692778587341}