{"avg_inner_best_models/val_loss_mean":0.6245763897895813,"_timestamp":1.7725325625456724e+09,"_wandb":{"runtime":0},"_runtime":0.036769215,"_step":44,"avg_inner_best_models/train_loss_mean":0.5432720879713694}