{"_timestamp":1.7727550351795979e+09,"_runtime":0.056230257,"_wandb":{"runtime":0},"_step":24,"avg_inner_best_models/train_loss_mean":0.5426342984040579,"avg_inner_best_models/val_loss_mean":0.6720578968524933,"avg_inner_best_models/val_auc_mean":0.6008403361344538}