{"avg_inner_best_models/train_loss_mean":0.4671149005492528,"_wandb":{"runtime":0},"_runtime":0.059716863,"avg_inner_best_models/val_loss_mean":0.634205679098765,"avg_inner_best_models/val_auc_mean":0.7542016806722689,"_timestamp":1.772758766579332e+09,"_step":65}