outer_test_LOGLOSS_mean,outer_test_LOGLOSS_std,outer_test_AUC_mean,outer_test_AUC_std,outer_test_AUCPR_mean,outer_test_AUCPR_std,outer_test_ACC_mean,outer_test_ACC_std,outer_test_SEN_mean,outer_test_SEN_std,outer_test_SP_mean,outer_test_SP_std,outer_test_MCC_mean,outer_test_MCC_std
0.6751400437250901,0.012875881931546235,0.5610243134290753,0.051447124803757564,0.6883445733270218,0.055277693084411016,0.5972932330827069,0.04563410561240937,0.7330634920634922,0.10127133193179112,0.3594603174603174,0.11039744477960614,0.10195989248307677,0.08835070927792926
