outer_test_LOGLOSS_mean,outer_test_LOGLOSS_std,outer_test_AUC_mean,outer_test_AUC_std,outer_test_AUCPR_mean,outer_test_AUCPR_std,outer_test_ACC_mean,outer_test_ACC_std,outer_test_SEN_mean,outer_test_SEN_std,outer_test_SP_mean,outer_test_SP_std,outer_test_MCC_mean,outer_test_MCC_std
0.6901493475953867,0.021520182441582533,0.5133075081884605,0.12538280198770893,0.6805352111257258,0.09935967222410053,0.5292272347535504,0.08027036119171475,0.6246296296296298,0.16342506538568669,0.3645555555555556,0.1766592057982783,-0.019239856903584276,0.15799305247325057
