outer_fold,split,patient,eval_missing_location,eval_missing_prop,inner_model_1_logit,inner_model_1_pred_label,inner_model_2_logit,inner_model_2_pred_label,inner_model_3_logit,inner_model_3_pred_label,inner_model_4_logit,inner_model_4_pred_label,inner_model_5_logit,inner_model_5_pred_label,seed,missing_location,train_missing_prop
1,train_outer,16000430,,,,,,,,,,,,,22,path,0.2
1,train_outer,374909,,,,,,,,,,,,,22,path,0.2
1,train_outer,13256558,,,,,,,,,,,,,22,path,0.2
1,train_outer,15563805,,,,,,,,,,,,,22,path,0.2
1,train_outer,16471324,,,,,,,,,,,,,22,path,0.2
1,train_outer,20363213,,,,,,,,,,,,,22,path,0.2
1,train_outer,20416158,,,,,,,,,,,,,22,path,0.2
1,train_outer,10651619,,,,,,,,,,,,,22,path,0.2
1,train_outer,14748740,,,,,,,,,,,,,22,path,0.2
1,train_outer,20159853,,,,,,,,,,,,,22,path,0.2
1,train_outer,11818229,,,,,,,,,,,,,22,path,0.2
1,train_outer,10012210,,,,,,,,,,,,,22,path,0.2
1,train_outer,192787,,,,,,,,,,,,,22,path,0.2
1,train_outer,20360194,,,,,,,,,,,,,22,path,0.2
1,train_outer,20677961,,,,,,,,,,,,,22,path,0.2
1,train_outer,14653930,,,,,,,,,,,,,22,path,0.2
1,train_outer,20710769,,,,,,,,,,,,,22,path,0.2
1,train_outer,12419489,,,,,,,,,,,,,22,path,0.2
1,train_outer,11972396,,,,,,,,,,,,,22,path,0.2
1,train_outer,11932685,,,,,,,,,,,,,22,path,0.2
1,train_outer,586698,,,,,,,,,,,,,22,path,0.2
1,train_outer,16830390,,,,,,,,,,,,,22,path,0.2
1,train_outer,16808905,,,,,,,,,,,,,22,path,0.2
1,train_outer,16398336,,,,,,,,,,,,,22,path,0.2
1,train_outer,20810268,,,,,,,,,,,,,22,path,0.2
1,train_outer,10680627,,,,,,,,,,,,,22,path,0.2
1,train_outer,310824,,,,,,,,,,,,,22,path,0.2
1,train_outer,15263444,,,,,,,,,,,,,22,path,0.2
1,train_outer,17280160,,,,,,,,,,,,,22,path,0.2
1,train_outer,10548249,,,,,,,,,,,,,22,path,0.2
1,train_outer,14279650,,,,,,,,,,,,,22,path,0.2
1,train_outer,21068674,,,,,,,,,,,,,22,path,0.2
1,train_outer,21078397,,,,,,,,,,,,,22,path,0.2
1,train_outer,10148300,,,,,,,,,,,,,22,path,0.2
1,train_outer,18241909,,,,,,,,,,,,,22,path,0.2
1,train_outer,15876887,,,,,,,,,,,,,22,path,0.2
1,train_outer,21200783,,,,,,,,,,,,,22,path,0.2
1,train_outer,10262640,,,,,,,,,,,,,22,path,0.2
1,train_outer,11822030,,,,,,,,,,,,,22,path,0.2
1,train_outer,12224103,,,,,,,,,,,,,22,path,0.2
1,train_outer,12527217,,,,,,,,,,,,,22,path,0.2
1,train_outer,12540915,,,,,,,,,,,,,22,path,0.2
1,train_outer,12818978,,,,,,,,,,,,,22,path,0.2
1,train_outer,12834264,,,,,,,,,,,,,22,path,0.2
1,train_outer,14246141,,,,,,,,,,,,,22,path,0.2
1,train_outer,14826120,,,,,,,,,,,,,22,path,0.2
1,train_outer,15329974,,,,,,,,,,,,,22,path,0.2
1,train_outer,15907405,,,,,,,,,,,,,22,path,0.2
1,train_outer,16186433,,,,,,,,,,,,,22,path,0.2
1,train_outer,16220376,,,,,,,,,,,,,22,path,0.2
1,train_outer,16470184,,,,,,,,,,,,,22,path,0.2
1,train_outer,17290521,,,,,,,,,,,,,22,path,0.2
1,train_outer,17626540,,,,,,,,,,,,,22,path,0.2
1,train_outer,17815997,,,,,,,,,,,,,22,path,0.2
1,train_outer,17923173,,,,,,,,,,,,,22,path,0.2
1,train_outer,18242610,,,,,,,,,,,,,22,path,0.2
1,train_outer,18486672,,,,,,,,,,,,,22,path,0.2
1,train_outer,18711589,,,,,,,,,,,,,22,path,0.2
1,train_outer,18982916,,,,,,,,,,,,,22,path,0.2
1,train_outer,19032437,,,,,,,,,,,,,22,path,0.2
1,train_outer,19316184,,,,,,,,,,,,,22,path,0.2
1,train_outer,10905401,,,,,,,,,,,,,22,path,0.2
1,train_outer,11721931,,,,,,,,,,,,,22,path,0.2
1,train_outer,11834621,,,,,,,,,,,,,22,path,0.2
1,train_outer,11963103,,,,,,,,,,,,,22,path,0.2
1,train_outer,12379146,,,,,,,,,,,,,22,path,0.2
1,train_outer,12614791,,,,,,,,,,,,,22,path,0.2
1,train_outer,15162605,,,,,,,,,,,,,22,path,0.2
1,train_outer,15366427,,,,,,,,,,,,,22,path,0.2
1,train_outer,15423946,,,,,,,,,,,,,22,path,0.2
1,train_outer,15697092,,,,,,,,,,,,,22,path,0.2
1,train_outer,15955689,,,,,,,,,,,,,22,path,0.2
1,train_outer,17370457,,,,,,,,,,,,,22,path,0.2
1,train_outer,18622263,,,,,,,,,,,,,22,path,0.2
1,train_outer,15141193,,,,,,,,,,,,,22,path,0.2
1,train_outer,412386,,,,,,,,,,,,,22,path,0.2
1,train_outer,577697,,,,,,,,,,,,,22,path,0.2
1,train_outer,10044748,,,,,,,,,,,,,22,path,0.2
1,train_outer,10095373,,,,,,,,,,,,,22,path,0.2
1,train_outer,10603027,,,,,,,,,,,,,22,path,0.2
1,train_outer,10848834,,,,,,,,,,,,,22,path,0.2
1,train_outer,11411793,,,,,,,,,,,,,22,path,0.2
1,train_outer,11622567,,,,,,,,,,,,,22,path,0.2
1,train_outer,11653088,,,,,,,,,,,,,22,path,0.2
1,train_outer,11800552,,,,,,,,,,,,,22,path,0.2
1,train_outer,11821945,,,,,,,,,,,,,22,path,0.2
1,train_outer,12148955,,,,,,,,,,,,,22,path,0.2
1,train_outer,12386307,,,,,,,,,,,,,22,path,0.2
1,train_outer,12583361,,,,,,,,,,,,,22,path,0.2
1,train_outer,13691299,,,,,,,,,,,,,22,path,0.2
1,train_outer,13793534,,,,,,,,,,,,,22,path,0.2
1,train_outer,13848180,,,,,,,,,,,,,22,path,0.2
1,train_outer,14035251,,,,,,,,,,,,,22,path,0.2
1,train_outer,14125716,,,,,,,,,,,,,22,path,0.2
1,train_outer,14524333,,,,,,,,,,,,,22,path,0.2
1,train_outer,14741794,,,,,,,,,,,,,22,path,0.2
1,train_outer,14785724,,,,,,,,,,,,,22,path,0.2
1,train_outer,15031324,,,,,,,,,,,,,22,path,0.2
1,train_outer,15088329,,,,,,,,,,,,,22,path,0.2
1,train_outer,15221964,,,,,,,,,,,,,22,path,0.2
1,train_outer,15253580,,,,,,,,,,,,,22,path,0.2
1,train_outer,15256029,,,,,,,,,,,,,22,path,0.2
1,train_outer,15293082,,,,,,,,,,,,,22,path,0.2
1,train_outer,15388458,,,,,,,,,,,,,22,path,0.2
1,train_outer,16010363,,,,,,,,,,,,,22,path,0.2
1,train_outer,16170980,,,,,,,,,,,,,22,path,0.2
1,train_outer,16915450,,,,,,,,,,,,,22,path,0.2
1,train_outer,16999701,,,,,,,,,,,,,22,path,0.2
1,train_outer,17194838,,,,,,,,,,,,,22,path,0.2
1,train_outer,17843402,,,,,,,,,,,,,22,path,0.2
1,train_outer,17861159,,,,,,,,,,,,,22,path,0.2
1,train_outer,18653723,,,,,,,,,,,,,22,path,0.2
1,train_outer,18661809,,,,,,,,,,,,,22,path,0.2
1,train_outer,18664964,,,,,,,,,,,,,22,path,0.2
1,train_outer,18793699,,,,,,,,,,,,,22,path,0.2
1,train_outer,18808752,,,,,,,,,,,,,22,path,0.2
1,train_outer,18895067,,,,,,,,,,,,,22,path,0.2
1,train_outer,19171757,,,,,,,,,,,,,22,path,0.2
1,train_outer,19309727,,,,,,,,,,,,,22,path,0.2
1,train_outer,11180416,,,,,,,,,,,,,22,path,0.2
1,train_outer,11401016,,,,,,,,,,,,,22,path,0.2
1,train_outer,11489340,,,,,,,,,,,,,22,path,0.2
1,train_outer,11594412,,,,,,,,,,,,,22,path,0.2
1,train_outer,11681499,,,,,,,,,,,,,22,path,0.2
1,train_outer,11717194,,,,,,,,,,,,,22,path,0.2
1,train_outer,11814382,,,,,,,,,,,,,22,path,0.2
1,train_outer,11824012,,,,,,,,,,,,,22,path,0.2
1,train_outer,11906931,,,,,,,,,,,,,22,path,0.2
1,train_outer,12041667,,,,,,,,,,,,,22,path,0.2
1,train_outer,13985997,,,,,,,,,,,,,22,path,0.2
1,train_outer,14040222,,,,,,,,,,,,,22,path,0.2
1,train_outer,14341918,,,,,,,,,,,,,22,path,0.2
1,train_outer,14732179,,,,,,,,,,,,,22,path,0.2
1,train_outer,15299004,,,,,,,,,,,,,22,path,0.2
1,train_outer,16671380,,,,,,,,,,,,,22,path,0.2
1,train_outer,17137601,,,,,,,,,,,,,22,path,0.2
1,train_outer,18199507,,,,,,,,,,,,,22,path,0.2
1,train_outer,18543332,,,,,,,,,,,,,22,path,0.2
1,train_outer,12093400,,,,,,,,,,,,,22,path,0.2
1,train_outer,13908208,,,,,,,,,,,,,22,path,0.2
1,train_outer,14210746,,,,,,,,,,,,,22,path,0.2
1,train_outer,14988315,,,,,,,,,,,,,22,path,0.2
1,train_outer,15127997,,,,,,,,,,,,,22,path,0.2
1,train_outer,16261957,,,,,,,,,,,,,22,path,0.2
1,train_outer,18562866,,,,,,,,,,,,,22,path,0.2
1,train_outer,535583,,,,,,,,,,,,,22,path,0.2
1,train_outer,11630247,,,,,,,,,,,,,22,path,0.2
1,train_outer,12082209,,,,,,,,,,,,,22,path,0.2
1,train_outer,12436441,,,,,,,,,,,,,22,path,0.2
1,train_outer,12501269,,,,,,,,,,,,,22,path,0.2
1,train_outer,22582,,,,,,,,,,,,,22,path,0.2
1,train_outer,15539004,,,,,,,,,,,,,22,path,0.2
1,train_outer,17823068,,,,,,,,,,,,,22,path,0.2
1,train_outer,246847,,,,,,,,,,,,,22,path,0.2
1,train_outer,10899706,,,,,,,,,,,,,22,path,0.2
1,train_outer,11465065,,,,,,,,,,,,,22,path,0.2
1,train_outer,11717014,,,,,,,,,,,,,22,path,0.2
1,train_outer,12169842,,,,,,,,,,,,,22,path,0.2
1,train_outer,12235737,,,,,,,,,,,,,22,path,0.2
1,train_outer,12482927,,,,,,,,,,,,,22,path,0.2
1,train_outer,13182560,,,,,,,,,,,,,22,path,0.2
1,train_outer,13286264,,,,,,,,,,,,,22,path,0.2
1,train_outer,13872185,,,,,,,,,,,,,22,path,0.2
1,train_outer,14181060,,,,,,,,,,,,,22,path,0.2
1,train_outer,14425577,,,,,,,,,,,,,22,path,0.2
1,train_outer,14599508,,,,,,,,,,,,,22,path,0.2
1,train_outer,14888869,,,,,,,,,,,,,22,path,0.2
1,train_outer,15034276,,,,,,,,,,,,,22,path,0.2
1,train_outer,15905520,,,,,,,,,,,,,22,path,0.2
1,train_outer,16340744,,,,,,,,,,,,,22,path,0.2
1,train_outer,16628950,,,,,,,,,,,,,22,path,0.2
1,train_outer,17083115,,,,,,,,,,,,,22,path,0.2
1,train_outer,17299110,,,,,,,,,,,,,22,path,0.2
1,train_outer,17932422,,,,,,,,,,,,,22,path,0.2
1,train_outer,18612626,,,,,,,,,,,,,22,path,0.2
1,train_outer,18728195,,,,,,,,,,,,,22,path,0.2
1,train_outer,18819128,,,,,,,,,,,,,22,path,0.2
1,train_outer,10168570,,,,,,,,,,,,,22,path,0.2
1,train_outer,20060,,,,,,,,,,,,,22,path,0.2
1,train_outer,290115,,,,,,,,,,,,,22,path,0.2
1,train_outer,10318835,,,,,,,,,,,,,22,path,0.2
1,train_outer,10475956,,,,,,,,,,,,,22,path,0.2
1,train_outer,10603871,,,,,,,,,,,,,22,path,0.2
1,train_outer,10749133,,,,,,,,,,,,,22,path,0.2
1,train_outer,11761851,,,,,,,,,,,,,22,path,0.2
1,train_outer,11805660,,,,,,,,,,,,,22,path,0.2
1,train_outer,11837091,,,,,,,,,,,,,22,path,0.2
1,train_outer,11860755,,,,,,,,,,,,,22,path,0.2
1,train_outer,12098139,,,,,,,,,,,,,22,path,0.2
1,train_outer,12110141,,,,,,,,,,,,,22,path,0.2
1,train_outer,12230847,,,,,,,,,,,,,22,path,0.2
1,train_outer,12753678,,,,,,,,,,,,,22,path,0.2
1,train_outer,12963363,,,,,,,,,,,,,22,path,0.2
1,train_outer,13238594,,,,,,,,,,,,,22,path,0.2
1,train_outer,13446892,,,,,,,,,,,,,22,path,0.2
1,train_outer,13474070,,,,,,,,,,,,,22,path,0.2
1,train_outer,13885532,,,,,,,,,,,,,22,path,0.2
1,train_outer,14261879,,,,,,,,,,,,,22,path,0.2
1,train_outer,14353000,,,,,,,,,,,,,22,path,0.2
1,train_outer,14450517,,,,,,,,,,,,,22,path,0.2
1,train_outer,14850910,,,,,,,,,,,,,22,path,0.2
1,train_outer,15004749,,,,,,,,,,,,,22,path,0.2
1,train_outer,15058011,,,,,,,,,,,,,22,path,0.2
1,train_outer,15191395,,,,,,,,,,,,,22,path,0.2
1,train_outer,15434959,,,,,,,,,,,,,22,path,0.2
1,train_outer,15593227,,,,,,,,,,,,,22,path,0.2
1,train_outer,15646198,,,,,,,,,,,,,22,path,0.2
1,train_outer,16302547,,,,,,,,,,,,,22,path,0.2
1,train_outer,16569846,,,,,,,,,,,,,22,path,0.2
1,train_outer,16577332,,,,,,,,,,,,,22,path,0.2
1,train_outer,16815727,,,,,,,,,,,,,22,path,0.2
1,train_outer,16884084,,,,,,,,,,,,,22,path,0.2
1,train_outer,17095334,,,,,,,,,,,,,22,path,0.2
1,train_outer,17097216,,,,,,,,,,,,,22,path,0.2
1,train_outer,17621600,,,,,,,,,,,,,22,path,0.2
1,train_outer,17648478,,,,,,,,,,,,,22,path,0.2
1,train_outer,17782775,,,,,,,,,,,,,22,path,0.2
1,train_outer,19176559,,,,,,,,,,,,,22,path,0.2
1,train_outer,19477357,,,,,,,,,,,,,22,path,0.2
1,train_outer,19704765,,,,,,,,,,,,,22,path,0.2
1,train_outer,20047967,,,,,,,,,,,,,22,path,0.2
1,train_outer,20094842,,,,,,,,,,,,,22,path,0.2
1,train_outer,20110902,,,,,,,,,,,,,22,path,0.2
1,train_outer,20185477,,,,,,,,,,,,,22,path,0.2
1,train_outer,20494005,,,,,,,,,,,,,22,path,0.2
1,test_outer,14169967,,,,,,,,,,,,,22,path,0.2
1,test_outer,18900473,,,,,,,,,,,,,22,path,0.2
1,test_outer,20411050,,,,,,,,,,,,,22,path,0.2
1,test_outer,10584350,,,,,,,,,,,,,22,path,0.2
1,test_outer,17261908,,,,,,,,,,,,,22,path,0.2
1,test_outer,20598191,,,,,,,,,,,,,22,path,0.2
1,test_outer,16784223,,,,,,,,,,,,,22,path,0.2
1,test_outer,13161584,,,,,,,,,,,,,22,path,0.2
1,test_outer,13787273,,,,,,,,,,,,,22,path,0.2
1,test_outer,13643696,,,,,,,,,,,,,22,path,0.2
1,test_outer,14947437,,,,,,,,,,,,,22,path,0.2
1,test_outer,15398979,,,,,,,,,,,,,22,path,0.2
1,test_outer,15970864,,,,,,,,,,,,,22,path,0.2
1,test_outer,19052019,,,,,,,,,,,,,22,path,0.2
1,test_outer,14375972,,,,,,,,,,,,,22,path,0.2
1,test_outer,15001347,,,,,,,,,,,,,22,path,0.2
1,test_outer,10013509,,,,,,,,,,,,,22,path,0.2
1,test_outer,12069946,,,,,,,,,,,,,22,path,0.2
1,test_outer,12492026,,,,,,,,,,,,,22,path,0.2
1,test_outer,13282934,,,,,,,,,,,,,22,path,0.2
1,test_outer,17959052,,,,,,,,,,,,,22,path,0.2
1,test_outer,18799499,,,,,,,,,,,,,22,path,0.2
1,test_outer,18809106,,,,,,,,,,,,,22,path,0.2
1,test_outer,18818037,,,,,,,,,,,,,22,path,0.2
1,test_outer,18880707,,,,,,,,,,,,,22,path,0.2
1,test_outer,11385096,,,,,,,,,,,,,22,path,0.2
1,test_outer,11794273,,,,,,,,,,,,,22,path,0.2
1,test_outer,12636815,,,,,,,,,,,,,22,path,0.2
1,test_outer,11608198,,,,,,,,,,,,,22,path,0.2
1,test_outer,11769891,,,,,,,,,,,,,22,path,0.2
1,test_outer,12587577,,,,,,,,,,,,,22,path,0.2
1,test_outer,13092509,,,,,,,,,,,,,22,path,0.2
1,test_outer,14221623,,,,,,,,,,,,,22,path,0.2
1,test_outer,16722519,,,,,,,,,,,,,22,path,0.2
1,test_outer,17103105,,,,,,,,,,,,,22,path,0.2
1,test_outer,17215866,,,,,,,,,,,,,22,path,0.2
1,test_outer,18781715,,,,,,,,,,,,,22,path,0.2
1,test_outer,18864853,,,,,,,,,,,,,22,path,0.2
1,test_outer,18901461,,,,,,,,,,,,,22,path,0.2
1,test_outer,79508,,,,,,,,,,,,,22,path,0.2
1,test_outer,11322813,,,,,,,,,,,,,22,path,0.2
1,test_outer,11857407,,,,,,,,,,,,,22,path,0.2
1,test_outer,13041746,,,,,,,,,,,,,22,path,0.2
1,test_outer,13770286,,,,,,,,,,,,,22,path,0.2
1,test_outer,13925217,,,,,,,,,,,,,22,path,0.2
1,test_outer,14869784,,,,,,,,,,,,,22,path,0.2
1,test_outer,14976505,,,,,,,,,,,,,22,path,0.2
1,test_outer,15238591,,,,,,,,,,,,,22,path,0.2
1,test_outer,16227637,,,,,,,,,,,,,22,path,0.2
1,test_outer,17921940,,,,,,,,,,,,,22,path,0.2
1,test_outer,17958182,,,,,,,,,,,,,22,path,0.2
1,test_outer,18592113,,,,,,,,,,,,,22,path,0.2
1,test_outer,19754814,,,,,,,,,,,,,22,path,0.2
1,test_outer,19797325,,,,,,,,,,,,,22,path,0.2
1,test_outer,20004272,,,,,,,,,,,,,22,path,0.2
1,test_outer,20037187,,,,,,,,,,,,,22,path,0.2
1,test_outer,20126228,,,,,,,,,,,,,22,path,0.2
1,test_outer_eval,79508,path,0.0,0.2260260283946991,1.0,-0.24933305382728577,0.0,-0.21101757884025574,0.0,-0.08803753554821014,0.0,-0.072217658162117,0.0,22,path,0.2
1,test_outer_eval,10013509,path,0.0,0.1811114251613617,1.0,0.10644754767417908,1.0,-0.09350045025348663,0.0,-0.048090189695358276,0.0,0.0051460713148117065,1.0,22,path,0.2
1,test_outer_eval,10584350,path,0.0,-0.15322245657444,0.0,0.013205401599407196,1.0,-0.0012693563476204872,0.0,-0.2842845320701599,0.0,-0.1307370960712433,0.0,22,path,0.2
1,test_outer_eval,11322813,path,0.0,0.09723423421382904,1.0,-0.07100386917591095,0.0,-0.00701496284455061,0.0,-0.2501389980316162,0.0,0.09385320544242859,1.0,22,path,0.2
1,test_outer_eval,11385096,path,0.0,0.31176328659057617,1.0,-0.1680382341146469,0.0,-0.16016092896461487,0.0,-0.29464709758758545,0.0,0.04470020532608032,1.0,22,path,0.2
1,test_outer_eval,11608198,path,0.0,0.4103791117668152,1.0,0.2403099238872528,1.0,-0.1448047161102295,0.0,-0.289995014667511,0.0,0.09519563615322113,1.0,22,path,0.2
1,test_outer_eval,11769891,path,0.0,0.42987507581710815,1.0,-0.1922154426574707,0.0,-0.1968589723110199,0.0,-0.4415269196033478,0.0,0.029157299548387527,1.0,22,path,0.2
1,test_outer_eval,11794273,path,0.0,0.2816387414932251,1.0,0.03401920199394226,1.0,0.016579098999500275,1.0,-0.12510636448860168,0.0,0.2453986257314682,1.0,22,path,0.2
1,test_outer_eval,11857407,path,0.0,0.15179596841335297,1.0,0.02626599743962288,1.0,0.09689565747976303,1.0,-0.11762465536594391,0.0,0.21526959538459778,1.0,22,path,0.2
1,test_outer_eval,12069946,path,0.0,0.01567799597978592,1.0,-0.10839363187551498,0.0,-0.11876523494720459,0.0,-0.04180546849966049,0.0,-0.06719201803207397,0.0,22,path,0.2
1,test_outer_eval,12492026,path,0.0,0.12428785115480423,1.0,-0.0195646733045578,0.0,0.05396494269371033,1.0,-0.10509055852890015,0.0,0.1978055238723755,1.0,22,path,0.2
1,test_outer_eval,12587577,path,0.0,0.19835422933101654,1.0,0.027481835335493088,1.0,-0.0057388655841350555,0.0,-0.1499670445919037,0.0,-0.06359510868787766,0.0,22,path,0.2
1,test_outer_eval,12636815,path,0.0,0.27037757635116577,1.0,-0.03408251702785492,0.0,0.03426729142665863,1.0,-0.10972560942173004,0.0,0.05037350952625275,1.0,22,path,0.2
1,test_outer_eval,13041746,path,0.0,-0.16060391068458557,0.0,-0.17628222703933716,0.0,-0.05905300751328468,0.0,-0.2829740047454834,0.0,-0.2649182975292206,0.0,22,path,0.2
1,test_outer_eval,13092509,path,0.0,-0.13252446055412292,0.0,-0.061405688524246216,0.0,0.029877278953790665,1.0,-0.12979257106781006,0.0,-0.2917517423629761,0.0,22,path,0.2
1,test_outer_eval,13161584,path,0.0,0.024868115782737732,1.0,0.17954938113689423,1.0,-0.1212143748998642,0.0,-0.3518769443035126,0.0,0.06060850992798805,1.0,22,path,0.2
1,test_outer_eval,13282934,path,0.0,0.14897947013378143,1.0,0.1444288045167923,1.0,-0.2026745080947876,0.0,-0.25433826446533203,0.0,0.04920688644051552,1.0,22,path,0.2
1,test_outer_eval,13643696,path,0.0,0.0775468721985817,1.0,-0.03129780292510986,0.0,-0.11504308879375458,0.0,-0.23405078053474426,0.0,0.0004327334463596344,1.0,22,path,0.2
1,test_outer_eval,13770286,path,0.0,0.26343315839767456,1.0,-0.15781155228614807,0.0,-0.1187816858291626,0.0,-0.31664544343948364,0.0,0.059532273560762405,1.0,22,path,0.2
1,test_outer_eval,13787273,path,0.0,0.13415753841400146,1.0,-0.2960105538368225,0.0,-0.2818804383277893,0.0,-0.4885260760784149,0.0,-0.13282495737075806,0.0,22,path,0.2
1,test_outer_eval,13925217,path,0.0,0.1725808084011078,1.0,-0.2648753225803375,0.0,0.014912273734807968,1.0,-0.21020683646202087,0.0,0.12635588645935059,1.0,22,path,0.2
1,test_outer_eval,14169967,path,0.0,-0.01805548369884491,0.0,0.1834930032491684,1.0,-0.22024846076965332,0.0,-0.23723430931568146,0.0,-0.22538936138153076,0.0,22,path,0.2
1,test_outer_eval,14221623,path,0.0,0.1018495038151741,1.0,0.17675457894802094,1.0,-0.09550550580024719,0.0,-0.28373217582702637,0.0,0.13237860798835754,1.0,22,path,0.2
1,test_outer_eval,14375972,path,0.0,0.7486780881881714,1.0,-0.12732788920402527,0.0,0.05189858376979828,1.0,-0.22214838862419128,0.0,0.25181451439857483,1.0,22,path,0.2
1,test_outer_eval,14869784,path,0.0,0.2425347864627838,1.0,0.21440105140209198,1.0,-0.13648082315921783,0.0,0.06416493654251099,1.0,0.3837801516056061,1.0,22,path,0.2
1,test_outer_eval,14947437,path,0.0,0.06348387897014618,1.0,0.35539230704307556,1.0,0.2663867175579071,1.0,-0.19229695200920105,0.0,0.20679029822349548,1.0,22,path,0.2
1,test_outer_eval,14976505,path,0.0,0.2100869119167328,1.0,0.02042875438928604,1.0,-0.12670111656188965,0.0,-0.15695644915103912,0.0,0.08485235273838043,1.0,22,path,0.2
1,test_outer_eval,15001347,path,0.0,0.4270250201225281,1.0,-0.03360406681895256,0.0,-0.22266337275505066,0.0,-0.19218406081199646,0.0,0.32472220063209534,1.0,22,path,0.2
1,test_outer_eval,15238591,path,0.0,0.3653334975242615,1.0,0.15862081944942474,1.0,-0.2646911144256592,0.0,-0.4674396514892578,0.0,0.1023285984992981,1.0,22,path,0.2
1,test_outer_eval,15398979,path,0.0,0.4254342019557953,1.0,-0.22548210620880127,0.0,-0.1599096804857254,0.0,-0.1488104611635208,0.0,-0.04696071147918701,0.0,22,path,0.2
1,test_outer_eval,15970864,path,0.0,-0.1972731351852417,0.0,-0.1217837780714035,0.0,-0.15343040227890015,0.0,-0.25533121824264526,0.0,-0.3385090231895447,0.0,22,path,0.2
1,test_outer_eval,16227637,path,0.0,0.14197885990142822,1.0,-0.12598013877868652,0.0,0.0019166436977684498,1.0,0.03644774854183197,1.0,-0.5366564989089966,0.0,22,path,0.2
1,test_outer_eval,16722519,path,0.0,-0.12718738615512848,0.0,-0.1262693703174591,0.0,-0.2999090254306793,0.0,-0.05652238428592682,0.0,-0.11204794049263,0.0,22,path,0.2
1,test_outer_eval,16784223,path,0.0,0.20327752828598022,1.0,-0.35594552755355835,0.0,0.019149299710989,1.0,-0.1928405463695526,0.0,-0.18851350247859955,0.0,22,path,0.2
1,test_outer_eval,17103105,path,0.0,0.028852060437202454,1.0,0.13341857492923737,1.0,0.1631254255771637,1.0,-0.11784961819648743,0.0,0.023512542247772217,1.0,22,path,0.2
1,test_outer_eval,17215866,path,0.0,0.36718446016311646,1.0,-0.07975795120000839,0.0,-0.10866911709308624,0.0,-0.48652908205986023,0.0,0.10654526203870773,1.0,22,path,0.2
1,test_outer_eval,17261908,path,0.0,0.28368252515792847,1.0,-0.06544432044029236,0.0,0.054626625031232834,1.0,-0.263944536447525,0.0,0.05093348026275635,1.0,22,path,0.2
1,test_outer_eval,17921940,path,0.0,0.015068224631249905,1.0,-0.08007830381393433,0.0,-0.0011565722525119781,0.0,-0.3232347369194031,0.0,-0.03246988356113434,0.0,22,path,0.2
1,test_outer_eval,17958182,path,0.0,-0.05912608653306961,0.0,-0.12109788507223129,0.0,-0.01654278114438057,0.0,-0.03662308678030968,0.0,0.08097440004348755,1.0,22,path,0.2
1,test_outer_eval,17959052,path,0.0,0.09195894002914429,1.0,0.0646706074476242,1.0,-0.06683467328548431,0.0,-0.31029877066612244,0.0,-0.05603781342506409,0.0,22,path,0.2
1,test_outer_eval,18592113,path,0.0,0.1856888085603714,1.0,-0.11846515536308289,0.0,-0.24045215547084808,0.0,-0.13302308320999146,0.0,0.07015548646450043,1.0,22,path,0.2
1,test_outer_eval,18781715,path,0.0,0.32216888666152954,1.0,-0.05066196620464325,0.0,0.5408389568328857,1.0,-0.03632344305515289,0.0,0.5279766917228699,1.0,22,path,0.2
1,test_outer_eval,18799499,path,0.0,-0.1751912236213684,0.0,-0.048121362924575806,0.0,0.03969966992735863,1.0,-0.06399894505739212,0.0,0.027680817991495132,1.0,22,path,0.2
1,test_outer_eval,18809106,path,0.0,0.195164293050766,1.0,-0.16879534721374512,0.0,-0.4442729353904724,0.0,-0.332719624042511,0.0,-0.1260879933834076,0.0,22,path,0.2
1,test_outer_eval,18818037,path,0.0,0.35916590690612793,1.0,0.2267148792743683,1.0,-0.057274118065834045,0.0,-0.09159128367900848,0.0,-0.025295644998550415,0.0,22,path,0.2
1,test_outer_eval,18864853,path,0.0,-0.020323127508163452,0.0,-0.03714371845126152,0.0,-0.18583771586418152,0.0,-0.16737130284309387,0.0,-0.15803879499435425,0.0,22,path,0.2
1,test_outer_eval,18880707,path,0.0,0.3314858078956604,1.0,-0.009851410984992981,0.0,-0.040648482739925385,0.0,-0.15125030279159546,0.0,0.09521225094795227,1.0,22,path,0.2
1,test_outer_eval,18900473,path,0.0,0.1999540627002716,1.0,-0.10089172422885895,0.0,-0.28156745433807373,0.0,-0.1018117368221283,0.0,-0.17842881381511688,0.0,22,path,0.2
1,test_outer_eval,18901461,path,0.0,0.15962491929531097,1.0,0.19348442554473877,1.0,-0.036081597208976746,0.0,-0.12344854325056076,0.0,0.04430050402879715,1.0,22,path,0.2
1,test_outer_eval,19052019,path,0.0,0.025980740785598755,1.0,0.2668561339378357,1.0,-0.03841133415699005,0.0,-0.27290287613868713,0.0,0.11015419661998749,1.0,22,path,0.2
1,test_outer_eval,19754814,path,0.0,0.2963142991065979,1.0,-0.28574851155281067,0.0,-0.15903586149215698,0.0,-0.3604554831981659,0.0,-0.20007246732711792,0.0,22,path,0.2
1,test_outer_eval,19797325,path,0.0,0.3002946078777313,1.0,0.13125553727149963,1.0,0.007604867219924927,1.0,-0.11589778959751129,0.0,0.15365976095199585,1.0,22,path,0.2
1,test_outer_eval,20004272,path,0.0,0.1399976909160614,1.0,0.13995608687400818,1.0,-0.1153772622346878,0.0,-0.16489540040493011,0.0,-0.03257650136947632,0.0,22,path,0.2
1,test_outer_eval,20037187,path,0.0,0.2932778596878052,1.0,-0.12123318016529083,0.0,-0.07745098322629929,0.0,-0.19688332080841064,0.0,-0.2363978624343872,0.0,22,path,0.2
1,test_outer_eval,20126228,path,0.0,0.20650619268417358,1.0,-0.12466298043727875,0.0,0.08873927593231201,1.0,-0.002756834030151367,0.0,0.15059882402420044,1.0,22,path,0.2
1,test_outer_eval,20411050,path,0.0,0.10401575267314911,1.0,-0.1317725032567978,0.0,-0.011827667243778706,0.0,-0.1278747022151947,0.0,-0.03869660943746567,0.0,22,path,0.2
1,test_outer_eval,20598191,path,0.0,0.3307701647281647,1.0,-0.011481359601020813,0.0,-0.24237488210201263,0.0,-0.1858195662498474,0.0,0.1470944732427597,1.0,22,path,0.2
2,train_outer,14169967,,,,,,,,,,,,,22,path,0.2
2,train_outer,16000430,,,,,,,,,,,,,22,path,0.2
2,train_outer,374909,,,,,,,,,,,,,22,path,0.2
2,train_outer,15563805,,,,,,,,,,,,,22,path,0.2
2,train_outer,18900473,,,,,,,,,,,,,22,path,0.2
2,train_outer,20416158,,,,,,,,,,,,,22,path,0.2
2,train_outer,20411050,,,,,,,,,,,,,22,path,0.2
2,train_outer,10584350,,,,,,,,,,,,,22,path,0.2
2,train_outer,10651619,,,,,,,,,,,,,22,path,0.2
2,train_outer,20159853,,,,,,,,,,,,,22,path,0.2
2,train_outer,11818229,,,,,,,,,,,,,22,path,0.2
2,train_outer,17261908,,,,,,,,,,,,,22,path,0.2
2,train_outer,10012210,,,,,,,,,,,,,22,path,0.2
2,train_outer,192787,,,,,,,,,,,,,22,path,0.2
2,train_outer,20360194,,,,,,,,,,,,,22,path,0.2
2,train_outer,20710769,,,,,,,,,,,,,22,path,0.2
2,train_outer,12419489,,,,,,,,,,,,,22,path,0.2
2,train_outer,11972396,,,,,,,,,,,,,22,path,0.2
2,train_outer,11932685,,,,,,,,,,,,,22,path,0.2
2,train_outer,586698,,,,,,,,,,,,,22,path,0.2
2,train_outer,16830390,,,,,,,,,,,,,22,path,0.2
2,train_outer,20810268,,,,,,,,,,,,,22,path,0.2
2,train_outer,310824,,,,,,,,,,,,,22,path,0.2
2,train_outer,15263444,,,,,,,,,,,,,22,path,0.2
2,train_outer,17280160,,,,,,,,,,,,,22,path,0.2
2,train_outer,10548249,,,,,,,,,,,,,22,path,0.2
2,train_outer,21068674,,,,,,,,,,,,,22,path,0.2
2,train_outer,20598191,,,,,,,,,,,,,22,path,0.2
2,train_outer,21078397,,,,,,,,,,,,,22,path,0.2
2,train_outer,10148300,,,,,,,,,,,,,22,path,0.2
2,train_outer,18241909,,,,,,,,,,,,,22,path,0.2
2,train_outer,16784223,,,,,,,,,,,,,22,path,0.2
2,train_outer,21200783,,,,,,,,,,,,,22,path,0.2
2,train_outer,13161584,,,,,,,,,,,,,22,path,0.2
2,train_outer,13787273,,,,,,,,,,,,,22,path,0.2
2,train_outer,10262640,,,,,,,,,,,,,22,path,0.2
2,train_outer,11822030,,,,,,,,,,,,,22,path,0.2
2,train_outer,12224103,,,,,,,,,,,,,22,path,0.2
2,train_outer,12527217,,,,,,,,,,,,,22,path,0.2
2,train_outer,12540915,,,,,,,,,,,,,22,path,0.2
2,train_outer,12818978,,,,,,,,,,,,,22,path,0.2
2,train_outer,13643696,,,,,,,,,,,,,22,path,0.2
2,train_outer,14246141,,,,,,,,,,,,,22,path,0.2
2,train_outer,14826120,,,,,,,,,,,,,22,path,0.2
2,train_outer,14947437,,,,,,,,,,,,,22,path,0.2
2,train_outer,15398979,,,,,,,,,,,,,22,path,0.2
2,train_outer,15907405,,,,,,,,,,,,,22,path,0.2
2,train_outer,15970864,,,,,,,,,,,,,22,path,0.2
2,train_outer,16186433,,,,,,,,,,,,,22,path,0.2
2,train_outer,16220376,,,,,,,,,,,,,22,path,0.2
2,train_outer,17626540,,,,,,,,,,,,,22,path,0.2
2,train_outer,17815997,,,,,,,,,,,,,22,path,0.2
2,train_outer,17923173,,,,,,,,,,,,,22,path,0.2
2,train_outer,18242610,,,,,,,,,,,,,22,path,0.2
2,train_outer,18711589,,,,,,,,,,,,,22,path,0.2
2,train_outer,19032437,,,,,,,,,,,,,22,path,0.2
2,train_outer,19052019,,,,,,,,,,,,,22,path,0.2
2,train_outer,19316184,,,,,,,,,,,,,22,path,0.2
2,train_outer,10905401,,,,,,,,,,,,,22,path,0.2
2,train_outer,11834621,,,,,,,,,,,,,22,path,0.2
2,train_outer,11963103,,,,,,,,,,,,,22,path,0.2
2,train_outer,12379146,,,,,,,,,,,,,22,path,0.2
2,train_outer,14375972,,,,,,,,,,,,,22,path,0.2
2,train_outer,15001347,,,,,,,,,,,,,22,path,0.2
2,train_outer,15162605,,,,,,,,,,,,,22,path,0.2
2,train_outer,15366427,,,,,,,,,,,,,22,path,0.2
2,train_outer,15697092,,,,,,,,,,,,,22,path,0.2
2,train_outer,17370457,,,,,,,,,,,,,22,path,0.2
2,train_outer,18622263,,,,,,,,,,,,,22,path,0.2
2,train_outer,15141193,,,,,,,,,,,,,22,path,0.2
2,train_outer,412386,,,,,,,,,,,,,22,path,0.2
2,train_outer,577697,,,,,,,,,,,,,22,path,0.2
2,train_outer,10013509,,,,,,,,,,,,,22,path,0.2
2,train_outer,10044748,,,,,,,,,,,,,22,path,0.2
2,train_outer,10095373,,,,,,,,,,,,,22,path,0.2
2,train_outer,10603027,,,,,,,,,,,,,22,path,0.2
2,train_outer,10848834,,,,,,,,,,,,,22,path,0.2
2,train_outer,11411793,,,,,,,,,,,,,22,path,0.2
2,train_outer,11653088,,,,,,,,,,,,,22,path,0.2
2,train_outer,11821945,,,,,,,,,,,,,22,path,0.2
2,train_outer,12069946,,,,,,,,,,,,,22,path,0.2
2,train_outer,12386307,,,,,,,,,,,,,22,path,0.2
2,train_outer,12492026,,,,,,,,,,,,,22,path,0.2
2,train_outer,12583361,,,,,,,,,,,,,22,path,0.2
2,train_outer,13282934,,,,,,,,,,,,,22,path,0.2
2,train_outer,13691299,,,,,,,,,,,,,22,path,0.2
2,train_outer,13793534,,,,,,,,,,,,,22,path,0.2
2,train_outer,13848180,,,,,,,,,,,,,22,path,0.2
2,train_outer,14035251,,,,,,,,,,,,,22,path,0.2
2,train_outer,14125716,,,,,,,,,,,,,22,path,0.2
2,train_outer,14741794,,,,,,,,,,,,,22,path,0.2
2,train_outer,14785724,,,,,,,,,,,,,22,path,0.2
2,train_outer,15031324,,,,,,,,,,,,,22,path,0.2
2,train_outer,15088329,,,,,,,,,,,,,22,path,0.2
2,train_outer,15221964,,,,,,,,,,,,,22,path,0.2
2,train_outer,15256029,,,,,,,,,,,,,22,path,0.2
2,train_outer,15293082,,,,,,,,,,,,,22,path,0.2
2,train_outer,15388458,,,,,,,,,,,,,22,path,0.2
2,train_outer,16010363,,,,,,,,,,,,,22,path,0.2
2,train_outer,16170980,,,,,,,,,,,,,22,path,0.2
2,train_outer,16915450,,,,,,,,,,,,,22,path,0.2
2,train_outer,16999701,,,,,,,,,,,,,22,path,0.2
2,train_outer,17194838,,,,,,,,,,,,,22,path,0.2
2,train_outer,17843402,,,,,,,,,,,,,22,path,0.2
2,train_outer,17861159,,,,,,,,,,,,,22,path,0.2
2,train_outer,17959052,,,,,,,,,,,,,22,path,0.2
2,train_outer,18664964,,,,,,,,,,,,,22,path,0.2
2,train_outer,18793699,,,,,,,,,,,,,22,path,0.2
2,train_outer,18799499,,,,,,,,,,,,,22,path,0.2
2,train_outer,18808752,,,,,,,,,,,,,22,path,0.2
2,train_outer,18809106,,,,,,,,,,,,,22,path,0.2
2,train_outer,18818037,,,,,,,,,,,,,22,path,0.2
2,train_outer,18880707,,,,,,,,,,,,,22,path,0.2
2,train_outer,18895067,,,,,,,,,,,,,22,path,0.2
2,train_outer,19309727,,,,,,,,,,,,,22,path,0.2
2,train_outer,11180416,,,,,,,,,,,,,22,path,0.2
2,train_outer,11385096,,,,,,,,,,,,,22,path,0.2
2,train_outer,11401016,,,,,,,,,,,,,22,path,0.2
2,train_outer,11489340,,,,,,,,,,,,,22,path,0.2
2,train_outer,11717194,,,,,,,,,,,,,22,path,0.2
2,train_outer,11794273,,,,,,,,,,,,,22,path,0.2
2,train_outer,11814382,,,,,,,,,,,,,22,path,0.2
2,train_outer,12041667,,,,,,,,,,,,,22,path,0.2
2,train_outer,12636815,,,,,,,,,,,,,22,path,0.2
2,train_outer,14040222,,,,,,,,,,,,,22,path,0.2
2,train_outer,14341918,,,,,,,,,,,,,22,path,0.2
2,train_outer,14732179,,,,,,,,,,,,,22,path,0.2
2,train_outer,16671380,,,,,,,,,,,,,22,path,0.2
2,train_outer,17137601,,,,,,,,,,,,,22,path,0.2
2,train_outer,18199507,,,,,,,,,,,,,22,path,0.2
2,train_outer,18543332,,,,,,,,,,,,,22,path,0.2
2,train_outer,12093400,,,,,,,,,,,,,22,path,0.2
2,train_outer,13908208,,,,,,,,,,,,,22,path,0.2
2,train_outer,14210746,,,,,,,,,,,,,22,path,0.2
2,train_outer,16261957,,,,,,,,,,,,,22,path,0.2
2,train_outer,18562866,,,,,,,,,,,,,22,path,0.2
2,train_outer,11608198,,,,,,,,,,,,,22,path,0.2
2,train_outer,11630247,,,,,,,,,,,,,22,path,0.2
2,train_outer,12082209,,,,,,,,,,,,,22,path,0.2
2,train_outer,12501269,,,,,,,,,,,,,22,path,0.2
2,train_outer,22582,,,,,,,,,,,,,22,path,0.2
2,train_outer,15539004,,,,,,,,,,,,,22,path,0.2
2,train_outer,17823068,,,,,,,,,,,,,22,path,0.2
2,train_outer,246847,,,,,,,,,,,,,22,path,0.2
2,train_outer,10899706,,,,,,,,,,,,,22,path,0.2
2,train_outer,11465065,,,,,,,,,,,,,22,path,0.2
2,train_outer,11717014,,,,,,,,,,,,,22,path,0.2
2,train_outer,11769891,,,,,,,,,,,,,22,path,0.2
2,train_outer,12169842,,,,,,,,,,,,,22,path,0.2
2,train_outer,12235737,,,,,,,,,,,,,22,path,0.2
2,train_outer,12482927,,,,,,,,,,,,,22,path,0.2
2,train_outer,12587577,,,,,,,,,,,,,22,path,0.2
2,train_outer,13092509,,,,,,,,,,,,,22,path,0.2
2,train_outer,13182560,,,,,,,,,,,,,22,path,0.2
2,train_outer,13286264,,,,,,,,,,,,,22,path,0.2
2,train_outer,13872185,,,,,,,,,,,,,22,path,0.2
2,train_outer,14181060,,,,,,,,,,,,,22,path,0.2
2,train_outer,14221623,,,,,,,,,,,,,22,path,0.2
2,train_outer,14425577,,,,,,,,,,,,,22,path,0.2
2,train_outer,14599508,,,,,,,,,,,,,22,path,0.2
2,train_outer,14888869,,,,,,,,,,,,,22,path,0.2
2,train_outer,15034276,,,,,,,,,,,,,22,path,0.2
2,train_outer,16340744,,,,,,,,,,,,,22,path,0.2
2,train_outer,16628950,,,,,,,,,,,,,22,path,0.2
2,train_outer,16722519,,,,,,,,,,,,,22,path,0.2
2,train_outer,17083115,,,,,,,,,,,,,22,path,0.2
2,train_outer,17103105,,,,,,,,,,,,,22,path,0.2
2,train_outer,17215866,,,,,,,,,,,,,22,path,0.2
2,train_outer,17299110,,,,,,,,,,,,,22,path,0.2
2,train_outer,17932422,,,,,,,,,,,,,22,path,0.2
2,train_outer,18612626,,,,,,,,,,,,,22,path,0.2
2,train_outer,18728195,,,,,,,,,,,,,22,path,0.2
2,train_outer,18781715,,,,,,,,,,,,,22,path,0.2
2,train_outer,18819128,,,,,,,,,,,,,22,path,0.2
2,train_outer,18864853,,,,,,,,,,,,,22,path,0.2
2,train_outer,18901461,,,,,,,,,,,,,22,path,0.2
2,train_outer,10168570,,,,,,,,,,,,,22,path,0.2
2,train_outer,79508,,,,,,,,,,,,,22,path,0.2
2,train_outer,10318835,,,,,,,,,,,,,22,path,0.2
2,train_outer,10475956,,,,,,,,,,,,,22,path,0.2
2,train_outer,10603871,,,,,,,,,,,,,22,path,0.2
2,train_outer,11322813,,,,,,,,,,,,,22,path,0.2
2,train_outer,11761851,,,,,,,,,,,,,22,path,0.2
2,train_outer,11837091,,,,,,,,,,,,,22,path,0.2
2,train_outer,11857407,,,,,,,,,,,,,22,path,0.2
2,train_outer,11860755,,,,,,,,,,,,,22,path,0.2
2,train_outer,12110141,,,,,,,,,,,,,22,path,0.2
2,train_outer,12753678,,,,,,,,,,,,,22,path,0.2
2,train_outer,12963363,,,,,,,,,,,,,22,path,0.2
2,train_outer,13041746,,,,,,,,,,,,,22,path,0.2
2,train_outer,13446892,,,,,,,,,,,,,22,path,0.2
2,train_outer,13474070,,,,,,,,,,,,,22,path,0.2
2,train_outer,13770286,,,,,,,,,,,,,22,path,0.2
2,train_outer,13925217,,,,,,,,,,,,,22,path,0.2
2,train_outer,14353000,,,,,,,,,,,,,22,path,0.2
2,train_outer,14850910,,,,,,,,,,,,,22,path,0.2
2,train_outer,14869784,,,,,,,,,,,,,22,path,0.2
2,train_outer,14976505,,,,,,,,,,,,,22,path,0.2
2,train_outer,15238591,,,,,,,,,,,,,22,path,0.2
2,train_outer,15434959,,,,,,,,,,,,,22,path,0.2
2,train_outer,15646198,,,,,,,,,,,,,22,path,0.2
2,train_outer,16227637,,,,,,,,,,,,,22,path,0.2
2,train_outer,16302547,,,,,,,,,,,,,22,path,0.2
2,train_outer,16569846,,,,,,,,,,,,,22,path,0.2
2,train_outer,16577332,,,,,,,,,,,,,22,path,0.2
2,train_outer,16815727,,,,,,,,,,,,,22,path,0.2
2,train_outer,16884084,,,,,,,,,,,,,22,path,0.2
2,train_outer,17621600,,,,,,,,,,,,,22,path,0.2
2,train_outer,17648478,,,,,,,,,,,,,22,path,0.2
2,train_outer,17921940,,,,,,,,,,,,,22,path,0.2
2,train_outer,17958182,,,,,,,,,,,,,22,path,0.2
2,train_outer,18592113,,,,,,,,,,,,,22,path,0.2
2,train_outer,19176559,,,,,,,,,,,,,22,path,0.2
2,train_outer,19477357,,,,,,,,,,,,,22,path,0.2
2,train_outer,19704765,,,,,,,,,,,,,22,path,0.2
2,train_outer,19754814,,,,,,,,,,,,,22,path,0.2
2,train_outer,19797325,,,,,,,,,,,,,22,path,0.2
2,train_outer,20004272,,,,,,,,,,,,,22,path,0.2
2,train_outer,20037187,,,,,,,,,,,,,22,path,0.2
2,train_outer,20047967,,,,,,,,,,,,,22,path,0.2
2,train_outer,20094842,,,,,,,,,,,,,22,path,0.2
2,train_outer,20110902,,,,,,,,,,,,,22,path,0.2
2,train_outer,20126228,,,,,,,,,,,,,22,path,0.2
2,train_outer,20185477,,,,,,,,,,,,,22,path,0.2
2,train_outer,20494005,,,,,,,,,,,,,22,path,0.2
2,test_outer,13256558,,,,,,,,,,,,,22,path,0.2
2,test_outer,16471324,,,,,,,,,,,,,22,path,0.2
2,test_outer,20363213,,,,,,,,,,,,,22,path,0.2
2,test_outer,14748740,,,,,,,,,,,,,22,path,0.2
2,test_outer,20677961,,,,,,,,,,,,,22,path,0.2
2,test_outer,14653930,,,,,,,,,,,,,22,path,0.2
2,test_outer,16808905,,,,,,,,,,,,,22,path,0.2
2,test_outer,16398336,,,,,,,,,,,,,22,path,0.2
2,test_outer,10680627,,,,,,,,,,,,,22,path,0.2
2,test_outer,14279650,,,,,,,,,,,,,22,path,0.2
2,test_outer,15876887,,,,,,,,,,,,,22,path,0.2
2,test_outer,12834264,,,,,,,,,,,,,22,path,0.2
2,test_outer,15329974,,,,,,,,,,,,,22,path,0.2
2,test_outer,16470184,,,,,,,,,,,,,22,path,0.2
2,test_outer,17290521,,,,,,,,,,,,,22,path,0.2
2,test_outer,18486672,,,,,,,,,,,,,22,path,0.2
2,test_outer,18982916,,,,,,,,,,,,,22,path,0.2
2,test_outer,11721931,,,,,,,,,,,,,22,path,0.2
2,test_outer,12614791,,,,,,,,,,,,,22,path,0.2
2,test_outer,15423946,,,,,,,,,,,,,22,path,0.2
2,test_outer,15955689,,,,,,,,,,,,,22,path,0.2
2,test_outer,11622567,,,,,,,,,,,,,22,path,0.2
2,test_outer,11800552,,,,,,,,,,,,,22,path,0.2
2,test_outer,12148955,,,,,,,,,,,,,22,path,0.2
2,test_outer,14524333,,,,,,,,,,,,,22,path,0.2
2,test_outer,15253580,,,,,,,,,,,,,22,path,0.2
2,test_outer,18653723,,,,,,,,,,,,,22,path,0.2
2,test_outer,18661809,,,,,,,,,,,,,22,path,0.2
2,test_outer,19171757,,,,,,,,,,,,,22,path,0.2
2,test_outer,11594412,,,,,,,,,,,,,22,path,0.2
2,test_outer,11681499,,,,,,,,,,,,,22,path,0.2
2,test_outer,11824012,,,,,,,,,,,,,22,path,0.2
2,test_outer,11906931,,,,,,,,,,,,,22,path,0.2
2,test_outer,13985997,,,,,,,,,,,,,22,path,0.2
2,test_outer,15299004,,,,,,,,,,,,,22,path,0.2
2,test_outer,14988315,,,,,,,,,,,,,22,path,0.2
2,test_outer,15127997,,,,,,,,,,,,,22,path,0.2
2,test_outer,535583,,,,,,,,,,,,,22,path,0.2
2,test_outer,12436441,,,,,,,,,,,,,22,path,0.2
2,test_outer,15905520,,,,,,,,,,,,,22,path,0.2
2,test_outer,20060,,,,,,,,,,,,,22,path,0.2
2,test_outer,290115,,,,,,,,,,,,,22,path,0.2
2,test_outer,10749133,,,,,,,,,,,,,22,path,0.2
2,test_outer,11805660,,,,,,,,,,,,,22,path,0.2
2,test_outer,12098139,,,,,,,,,,,,,22,path,0.2
2,test_outer,12230847,,,,,,,,,,,,,22,path,0.2
2,test_outer,13238594,,,,,,,,,,,,,22,path,0.2
2,test_outer,13885532,,,,,,,,,,,,,22,path,0.2
2,test_outer,14261879,,,,,,,,,,,,,22,path,0.2
2,test_outer,14450517,,,,,,,,,,,,,22,path,0.2
2,test_outer,15004749,,,,,,,,,,,,,22,path,0.2
2,test_outer,15058011,,,,,,,,,,,,,22,path,0.2
2,test_outer,15191395,,,,,,,,,,,,,22,path,0.2
2,test_outer,15593227,,,,,,,,,,,,,22,path,0.2
2,test_outer,17095334,,,,,,,,,,,,,22,path,0.2
2,test_outer,17097216,,,,,,,,,,,,,22,path,0.2
2,test_outer,17782775,,,,,,,,,,,,,22,path,0.2
2,test_outer_eval,20060,path,0.0,-0.06203391030430794,0.0,0.15447615087032318,1.0,-0.06375984847545624,0.0,-0.03971584141254425,0.0,0.022058943286538124,1.0,22,path,0.2
2,test_outer_eval,290115,path,0.0,-0.11406181752681732,0.0,-0.03704985976219177,0.0,0.2419457733631134,1.0,-0.11930141597986221,0.0,-0.10576743632555008,0.0,22,path,0.2
2,test_outer_eval,535583,path,0.0,-0.41821134090423584,0.0,-0.022701339796185493,0.0,0.16505393385887146,1.0,-0.41503673791885376,0.0,0.40011700987815857,1.0,22,path,0.2
2,test_outer_eval,10680627,path,0.0,-0.5238915681838989,0.0,0.24833570420742035,1.0,0.02280881255865097,1.0,-0.44866055250167847,0.0,0.08053916692733765,1.0,22,path,0.2
2,test_outer_eval,10749133,path,0.0,-0.09646877646446228,0.0,0.07265584170818329,1.0,0.2655022144317627,1.0,-0.06744110584259033,0.0,0.16693173348903656,1.0,22,path,0.2
2,test_outer_eval,11594412,path,0.0,-0.07240639626979828,0.0,0.002901405096054077,1.0,0.5763317346572876,1.0,-0.0008623115718364716,0.0,0.04488234966993332,1.0,22,path,0.2
2,test_outer_eval,11622567,path,0.0,0.060251858085393906,1.0,-0.012108676135540009,0.0,0.09620443731546402,1.0,0.2993636727333069,1.0,0.05612514913082123,1.0,22,path,0.2
2,test_outer_eval,11681499,path,0.0,0.16094261407852173,1.0,0.09847366809844971,1.0,0.20200319588184357,1.0,0.21820999681949615,1.0,0.10550730675458908,1.0,22,path,0.2
2,test_outer_eval,11721931,path,0.0,0.060036081820726395,1.0,0.03901313245296478,1.0,0.23080076277256012,1.0,0.21860074996948242,1.0,0.0858495756983757,1.0,22,path,0.2
2,test_outer_eval,11800552,path,0.0,-0.06649178266525269,0.0,0.07300875335931778,1.0,0.22299319505691528,1.0,-0.44888755679130554,0.0,-0.25614115595817566,0.0,22,path,0.2
2,test_outer_eval,11805660,path,0.0,0.07500135898590088,1.0,0.02879571169614792,1.0,0.15169364213943481,1.0,0.09290200471878052,1.0,0.07507693767547607,1.0,22,path,0.2
2,test_outer_eval,11824012,path,0.0,-0.06117671728134155,0.0,-0.014939263463020325,0.0,0.3911411762237549,1.0,-0.037590041756629944,0.0,0.03148861974477768,1.0,22,path,0.2
2,test_outer_eval,11906931,path,0.0,-0.06967537850141525,0.0,0.11426500976085663,1.0,0.13741189241409302,1.0,0.11665156483650208,1.0,0.19125720858573914,1.0,22,path,0.2
2,test_outer_eval,12098139,path,0.0,0.10775108635425568,1.0,0.0028212890028953552,1.0,0.3008614182472229,1.0,0.2514587938785553,1.0,0.37568819522857666,1.0,22,path,0.2
2,test_outer_eval,12148955,path,0.0,0.1373840570449829,1.0,0.001778978854417801,1.0,0.26735544204711914,1.0,0.35202479362487793,1.0,0.3106037378311157,1.0,22,path,0.2
2,test_outer_eval,12230847,path,0.0,0.21120087802410126,1.0,-0.00434325635433197,0.0,0.24317842721939087,1.0,0.17894494533538818,1.0,0.1482861042022705,1.0,22,path,0.2
2,test_outer_eval,12436441,path,0.0,0.12981325387954712,1.0,0.1223771870136261,1.0,0.21433153748512268,1.0,0.005556020885705948,1.0,0.20526857674121857,1.0,22,path,0.2
2,test_outer_eval,12614791,path,0.0,0.3325110077857971,1.0,0.05914252996444702,1.0,0.3802691102027893,1.0,0.2731441855430603,1.0,0.2485777735710144,1.0,22,path,0.2
2,test_outer_eval,12834264,path,0.0,-0.1404527723789215,0.0,0.14318931102752686,1.0,0.03421471267938614,1.0,-0.14411726593971252,0.0,-0.0786447823047638,0.0,22,path,0.2
2,test_outer_eval,13238594,path,0.0,0.19078460335731506,1.0,-0.0625426322221756,0.0,-0.21826037764549255,0.0,-0.09225742518901825,0.0,0.14400088787078857,1.0,22,path,0.2
2,test_outer_eval,13256558,path,0.0,-0.0009161690250039101,0.0,0.11746077239513397,1.0,0.37998905777931213,1.0,0.14571508765220642,1.0,0.07255862653255463,1.0,22,path,0.2
2,test_outer_eval,13885532,path,0.0,0.1727002114057541,1.0,-0.08755767345428467,0.0,0.2968186140060425,1.0,0.049278825521469116,1.0,0.040841229259967804,1.0,22,path,0.2
2,test_outer_eval,13985997,path,0.0,0.35486873984336853,1.0,0.05006523057818413,1.0,0.4357064664363861,1.0,0.17766399681568146,1.0,0.2590842843055725,1.0,22,path,0.2
2,test_outer_eval,14261879,path,0.0,-0.2009095847606659,0.0,0.03931059688329697,1.0,-0.185861736536026,0.0,-0.46623843908309937,0.0,-0.19213435053825378,0.0,22,path,0.2
2,test_outer_eval,14279650,path,0.0,-0.33428311347961426,0.0,0.040156133472919464,1.0,0.17184369266033173,1.0,0.21399569511413574,1.0,0.05515379458665848,1.0,22,path,0.2
2,test_outer_eval,14450517,path,0.0,-0.15162542462348938,0.0,-0.13580255210399628,0.0,0.0791085958480835,1.0,-0.0994996726512909,0.0,0.07273021340370178,1.0,22,path,0.2
2,test_outer_eval,14524333,path,0.0,0.09706590324640274,1.0,0.018955141305923462,1.0,0.05450290068984032,1.0,-0.21011507511138916,0.0,0.06814398616552353,1.0,22,path,0.2
2,test_outer_eval,14653930,path,0.0,-0.060295380651950836,0.0,0.10556623339653015,1.0,0.37197446823120117,1.0,-0.021319925785064697,0.0,0.013159193098545074,1.0,22,path,0.2
2,test_outer_eval,14748740,path,0.0,0.3308415412902832,1.0,0.15028712153434753,1.0,0.2345104217529297,1.0,0.2928514778614044,1.0,0.2543032169342041,1.0,22,path,0.2
2,test_outer_eval,14988315,path,0.0,-0.08641412854194641,0.0,0.0860200971364975,1.0,0.13216367363929749,1.0,0.029625875875353813,1.0,0.06444446742534637,1.0,22,path,0.2
2,test_outer_eval,15004749,path,0.0,0.10258588194847107,1.0,0.03475829213857651,1.0,-0.015615971758961678,0.0,0.2285872995853424,1.0,0.02344074845314026,1.0,22,path,0.2
2,test_outer_eval,15058011,path,0.0,0.4024260640144348,1.0,0.05805154889822006,1.0,0.09523575752973557,1.0,0.08368616551160812,1.0,0.26911768317222595,1.0,22,path,0.2
2,test_outer_eval,15127997,path,0.0,0.29618749022483826,1.0,0.13245654106140137,1.0,0.16551364958286285,1.0,0.22401931881904602,1.0,0.3433610498905182,1.0,22,path,0.2
2,test_outer_eval,15191395,path,0.0,-0.10952514410018921,0.0,0.1238982155919075,1.0,-0.09630298614501953,0.0,-0.16099868714809418,0.0,0.14781442284584045,1.0,22,path,0.2
2,test_outer_eval,15253580,path,0.0,-0.24962608516216278,0.0,-0.023413490504026413,0.0,0.4694516360759735,1.0,-0.37327805161476135,0.0,-0.16216838359832764,0.0,22,path,0.2
2,test_outer_eval,15299004,path,0.0,-0.297035813331604,0.0,0.06408701837062836,1.0,0.22532303631305695,1.0,-0.095685675740242,0.0,0.13650868833065033,1.0,22,path,0.2
2,test_outer_eval,15329974,path,0.0,0.06141965463757515,1.0,0.1560967117547989,1.0,0.30365246534347534,1.0,0.3658839762210846,1.0,-0.04666248708963394,0.0,22,path,0.2
2,test_outer_eval,15423946,path,0.0,0.0630730614066124,1.0,0.07419686764478683,1.0,0.424850195646286,1.0,0.061353035271167755,1.0,0.2175891399383545,1.0,22,path,0.2
2,test_outer_eval,15593227,path,0.0,-0.05699048563838005,0.0,0.1746249943971634,1.0,0.6025596261024475,1.0,0.19419577717781067,1.0,0.051314547657966614,1.0,22,path,0.2
2,test_outer_eval,15876887,path,0.0,0.1569291353225708,1.0,0.13188044726848602,1.0,0.210397407412529,1.0,0.22515486180782318,1.0,0.05384111404418945,1.0,22,path,0.2
2,test_outer_eval,15905520,path,0.0,-0.07235655188560486,0.0,0.0070572420954704285,1.0,0.1634824275970459,1.0,-0.28358200192451477,0.0,-0.18756958842277527,0.0,22,path,0.2
2,test_outer_eval,15955689,path,0.0,0.08566823601722717,1.0,0.14695727825164795,1.0,0.6217124462127686,1.0,0.10524804890155792,1.0,-0.14491713047027588,0.0,22,path,0.2
2,test_outer_eval,16398336,path,0.0,0.017513304948806763,1.0,-0.04791005328297615,0.0,0.38359713554382324,1.0,0.030514542013406754,1.0,0.02510225400328636,1.0,22,path,0.2
2,test_outer_eval,16470184,path,0.0,-0.03322974592447281,0.0,-0.024533767253160477,0.0,0.2787071466445923,1.0,0.01020890474319458,1.0,0.2151711881160736,1.0,22,path,0.2
2,test_outer_eval,16471324,path,0.0,-0.039531100541353226,0.0,0.07269042730331421,1.0,0.10536625981330872,1.0,-0.06299757212400436,0.0,0.4176086485385895,1.0,22,path,0.2
2,test_outer_eval,16808905,path,0.0,-0.10634049773216248,0.0,0.15237993001937866,1.0,0.09317091107368469,1.0,-0.041269171983003616,0.0,0.03272387757897377,1.0,22,path,0.2
2,test_outer_eval,17095334,path,0.0,-0.422428697347641,0.0,-0.04799734801054001,0.0,0.05259738117456436,1.0,0.0117567777633667,1.0,-0.17715999484062195,0.0,22,path,0.2
2,test_outer_eval,17097216,path,0.0,0.15409813821315765,1.0,0.24912124872207642,1.0,0.08149109780788422,1.0,0.012283071875572205,1.0,0.17206695675849915,1.0,22,path,0.2
2,test_outer_eval,17290521,path,0.0,-0.0028544850647449493,0.0,0.15342962741851807,1.0,0.05197210982441902,1.0,-0.14521737396717072,0.0,0.039390742778778076,1.0,22,path,0.2
2,test_outer_eval,17782775,path,0.0,-0.11358211189508438,0.0,-0.02325001358985901,0.0,0.1539561152458191,1.0,-0.049038928002119064,0.0,0.11335206031799316,1.0,22,path,0.2
2,test_outer_eval,18486672,path,0.0,-0.06831535696983337,0.0,0.0240571741014719,1.0,0.12346728146076202,1.0,-0.2658747434616089,0.0,0.16347737610340118,1.0,22,path,0.2
2,test_outer_eval,18653723,path,0.0,0.481003999710083,1.0,-0.008191600441932678,0.0,0.33269450068473816,1.0,0.27453508973121643,1.0,0.25698527693748474,1.0,22,path,0.2
2,test_outer_eval,18661809,path,0.0,0.5091423988342285,1.0,0.0646568164229393,1.0,0.6034925580024719,1.0,-0.07067450135946274,0.0,0.23695243895053864,1.0,22,path,0.2
2,test_outer_eval,18982916,path,0.0,0.14223603904247284,1.0,0.18842105567455292,1.0,0.149348646402359,1.0,0.026615319773554802,1.0,0.04366373270750046,1.0,22,path,0.2
2,test_outer_eval,19171757,path,0.0,0.10204099118709564,1.0,0.1459789276123047,1.0,0.18991707265377045,1.0,0.19472096860408783,1.0,0.13947224617004395,1.0,22,path,0.2
2,test_outer_eval,20363213,path,0.0,0.09097231924533844,1.0,0.09284768998622894,1.0,0.22888971865177155,1.0,0.05547518655657768,1.0,0.03250911086797714,1.0,22,path,0.2
2,test_outer_eval,20677961,path,0.0,0.3128349184989929,1.0,0.08314403891563416,1.0,0.14979399740695953,1.0,0.2848619818687439,1.0,0.16030947864055634,1.0,22,path,0.2
3,train_outer,14169967,,,,,,,,,,,,,22,path,0.2
3,train_outer,374909,,,,,,,,,,,,,22,path,0.2
3,train_outer,13256558,,,,,,,,,,,,,22,path,0.2
3,train_outer,15563805,,,,,,,,,,,,,22,path,0.2
3,train_outer,18900473,,,,,,,,,,,,,22,path,0.2
3,train_outer,16471324,,,,,,,,,,,,,22,path,0.2
3,train_outer,20363213,,,,,,,,,,,,,22,path,0.2
3,train_outer,20416158,,,,,,,,,,,,,22,path,0.2
3,train_outer,20411050,,,,,,,,,,,,,22,path,0.2
3,train_outer,10584350,,,,,,,,,,,,,22,path,0.2
3,train_outer,10651619,,,,,,,,,,,,,22,path,0.2
3,train_outer,14748740,,,,,,,,,,,,,22,path,0.2
3,train_outer,11818229,,,,,,,,,,,,,22,path,0.2
3,train_outer,17261908,,,,,,,,,,,,,22,path,0.2
3,train_outer,10012210,,,,,,,,,,,,,22,path,0.2
3,train_outer,192787,,,,,,,,,,,,,22,path,0.2
3,train_outer,20360194,,,,,,,,,,,,,22,path,0.2
3,train_outer,20677961,,,,,,,,,,,,,22,path,0.2
3,train_outer,14653930,,,,,,,,,,,,,22,path,0.2
3,train_outer,20710769,,,,,,,,,,,,,22,path,0.2
3,train_outer,12419489,,,,,,,,,,,,,22,path,0.2
3,train_outer,16808905,,,,,,,,,,,,,22,path,0.2
3,train_outer,16398336,,,,,,,,,,,,,22,path,0.2
3,train_outer,20810268,,,,,,,,,,,,,22,path,0.2
3,train_outer,10680627,,,,,,,,,,,,,22,path,0.2
3,train_outer,310824,,,,,,,,,,,,,22,path,0.2
3,train_outer,15263444,,,,,,,,,,,,,22,path,0.2
3,train_outer,17280160,,,,,,,,,,,,,22,path,0.2
3,train_outer,14279650,,,,,,,,,,,,,22,path,0.2
3,train_outer,20598191,,,,,,,,,,,,,22,path,0.2
3,train_outer,21078397,,,,,,,,,,,,,22,path,0.2
3,train_outer,18241909,,,,,,,,,,,,,22,path,0.2
3,train_outer,16784223,,,,,,,,,,,,,22,path,0.2
3,train_outer,15876887,,,,,,,,,,,,,22,path,0.2
3,train_outer,13161584,,,,,,,,,,,,,22,path,0.2
3,train_outer,13787273,,,,,,,,,,,,,22,path,0.2
3,train_outer,10262640,,,,,,,,,,,,,22,path,0.2
3,train_outer,11822030,,,,,,,,,,,,,22,path,0.2
3,train_outer,12224103,,,,,,,,,,,,,22,path,0.2
3,train_outer,12527217,,,,,,,,,,,,,22,path,0.2
3,train_outer,12540915,,,,,,,,,,,,,22,path,0.2
3,train_outer,12834264,,,,,,,,,,,,,22,path,0.2
3,train_outer,13643696,,,,,,,,,,,,,22,path,0.2
3,train_outer,14947437,,,,,,,,,,,,,22,path,0.2
3,train_outer,15329974,,,,,,,,,,,,,22,path,0.2
3,train_outer,15398979,,,,,,,,,,,,,22,path,0.2
3,train_outer,15907405,,,,,,,,,,,,,22,path,0.2
3,train_outer,15970864,,,,,,,,,,,,,22,path,0.2
3,train_outer,16220376,,,,,,,,,,,,,22,path,0.2
3,train_outer,16470184,,,,,,,,,,,,,22,path,0.2
3,train_outer,17290521,,,,,,,,,,,,,22,path,0.2
3,train_outer,17626540,,,,,,,,,,,,,22,path,0.2
3,train_outer,17815997,,,,,,,,,,,,,22,path,0.2
3,train_outer,18242610,,,,,,,,,,,,,22,path,0.2
3,train_outer,18486672,,,,,,,,,,,,,22,path,0.2
3,train_outer,18982916,,,,,,,,,,,,,22,path,0.2
3,train_outer,19032437,,,,,,,,,,,,,22,path,0.2
3,train_outer,19052019,,,,,,,,,,,,,22,path,0.2
3,train_outer,10905401,,,,,,,,,,,,,22,path,0.2
3,train_outer,11721931,,,,,,,,,,,,,22,path,0.2
3,train_outer,11963103,,,,,,,,,,,,,22,path,0.2
3,train_outer,12379146,,,,,,,,,,,,,22,path,0.2
3,train_outer,12614791,,,,,,,,,,,,,22,path,0.2
3,train_outer,14375972,,,,,,,,,,,,,22,path,0.2
3,train_outer,15001347,,,,,,,,,,,,,22,path,0.2
3,train_outer,15366427,,,,,,,,,,,,,22,path,0.2
3,train_outer,15423946,,,,,,,,,,,,,22,path,0.2
3,train_outer,15697092,,,,,,,,,,,,,22,path,0.2
3,train_outer,15955689,,,,,,,,,,,,,22,path,0.2
3,train_outer,18622263,,,,,,,,,,,,,22,path,0.2
3,train_outer,15141193,,,,,,,,,,,,,22,path,0.2
3,train_outer,412386,,,,,,,,,,,,,22,path,0.2
3,train_outer,577697,,,,,,,,,,,,,22,path,0.2
3,train_outer,10013509,,,,,,,,,,,,,22,path,0.2
3,train_outer,10044748,,,,,,,,,,,,,22,path,0.2
3,train_outer,10095373,,,,,,,,,,,,,22,path,0.2
3,train_outer,11411793,,,,,,,,,,,,,22,path,0.2
3,train_outer,11622567,,,,,,,,,,,,,22,path,0.2
3,train_outer,11653088,,,,,,,,,,,,,22,path,0.2
3,train_outer,11800552,,,,,,,,,,,,,22,path,0.2
3,train_outer,11821945,,,,,,,,,,,,,22,path,0.2
3,train_outer,12069946,,,,,,,,,,,,,22,path,0.2
3,train_outer,12148955,,,,,,,,,,,,,22,path,0.2
3,train_outer,12386307,,,,,,,,,,,,,22,path,0.2
3,train_outer,12492026,,,,,,,,,,,,,22,path,0.2
3,train_outer,12583361,,,,,,,,,,,,,22,path,0.2
3,train_outer,13282934,,,,,,,,,,,,,22,path,0.2
3,train_outer,13848180,,,,,,,,,,,,,22,path,0.2
3,train_outer,14035251,,,,,,,,,,,,,22,path,0.2
3,train_outer,14125716,,,,,,,,,,,,,22,path,0.2
3,train_outer,14524333,,,,,,,,,,,,,22,path,0.2
3,train_outer,14785724,,,,,,,,,,,,,22,path,0.2
3,train_outer,15031324,,,,,,,,,,,,,22,path,0.2
3,train_outer,15088329,,,,,,,,,,,,,22,path,0.2
3,train_outer,15221964,,,,,,,,,,,,,22,path,0.2
3,train_outer,15253580,,,,,,,,,,,,,22,path,0.2
3,train_outer,15293082,,,,,,,,,,,,,22,path,0.2
3,train_outer,16010363,,,,,,,,,,,,,22,path,0.2
3,train_outer,16915450,,,,,,,,,,,,,22,path,0.2
3,train_outer,16999701,,,,,,,,,,,,,22,path,0.2
3,train_outer,17194838,,,,,,,,,,,,,22,path,0.2
3,train_outer,17843402,,,,,,,,,,,,,22,path,0.2
3,train_outer,17959052,,,,,,,,,,,,,22,path,0.2
3,train_outer,18653723,,,,,,,,,,,,,22,path,0.2
3,train_outer,18661809,,,,,,,,,,,,,22,path,0.2
3,train_outer,18799499,,,,,,,,,,,,,22,path,0.2
3,train_outer,18808752,,,,,,,,,,,,,22,path,0.2
3,train_outer,18809106,,,,,,,,,,,,,22,path,0.2
3,train_outer,18818037,,,,,,,,,,,,,22,path,0.2
3,train_outer,18880707,,,,,,,,,,,,,22,path,0.2
3,train_outer,18895067,,,,,,,,,,,,,22,path,0.2
3,train_outer,19171757,,,,,,,,,,,,,22,path,0.2
3,train_outer,19309727,,,,,,,,,,,,,22,path,0.2
3,train_outer,11180416,,,,,,,,,,,,,22,path,0.2
3,train_outer,11385096,,,,,,,,,,,,,22,path,0.2
3,train_outer,11489340,,,,,,,,,,,,,22,path,0.2
3,train_outer,11594412,,,,,,,,,,,,,22,path,0.2
3,train_outer,11681499,,,,,,,,,,,,,22,path,0.2
3,train_outer,11717194,,,,,,,,,,,,,22,path,0.2
3,train_outer,11794273,,,,,,,,,,,,,22,path,0.2
3,train_outer,11814382,,,,,,,,,,,,,22,path,0.2
3,train_outer,11824012,,,,,,,,,,,,,22,path,0.2
3,train_outer,11906931,,,,,,,,,,,,,22,path,0.2
3,train_outer,12041667,,,,,,,,,,,,,22,path,0.2
3,train_outer,12636815,,,,,,,,,,,,,22,path,0.2
3,train_outer,13985997,,,,,,,,,,,,,22,path,0.2
3,train_outer,14341918,,,,,,,,,,,,,22,path,0.2
3,train_outer,14732179,,,,,,,,,,,,,22,path,0.2
3,train_outer,15299004,,,,,,,,,,,,,22,path,0.2
3,train_outer,16671380,,,,,,,,,,,,,22,path,0.2
3,train_outer,17137601,,,,,,,,,,,,,22,path,0.2
3,train_outer,18199507,,,,,,,,,,,,,22,path,0.2
3,train_outer,12093400,,,,,,,,,,,,,22,path,0.2
3,train_outer,13908208,,,,,,,,,,,,,22,path,0.2
3,train_outer,14988315,,,,,,,,,,,,,22,path,0.2
3,train_outer,15127997,,,,,,,,,,,,,22,path,0.2
3,train_outer,16261957,,,,,,,,,,,,,22,path,0.2
3,train_outer,535583,,,,,,,,,,,,,22,path,0.2
3,train_outer,11608198,,,,,,,,,,,,,22,path,0.2
3,train_outer,11630247,,,,,,,,,,,,,22,path,0.2
3,train_outer,12082209,,,,,,,,,,,,,22,path,0.2
3,train_outer,12436441,,,,,,,,,,,,,22,path,0.2
3,train_outer,12501269,,,,,,,,,,,,,22,path,0.2
3,train_outer,15539004,,,,,,,,,,,,,22,path,0.2
3,train_outer,10899706,,,,,,,,,,,,,22,path,0.2
3,train_outer,11717014,,,,,,,,,,,,,22,path,0.2
3,train_outer,11769891,,,,,,,,,,,,,22,path,0.2
3,train_outer,12587577,,,,,,,,,,,,,22,path,0.2
3,train_outer,13092509,,,,,,,,,,,,,22,path,0.2
3,train_outer,13286264,,,,,,,,,,,,,22,path,0.2
3,train_outer,13872185,,,,,,,,,,,,,22,path,0.2
3,train_outer,14181060,,,,,,,,,,,,,22,path,0.2
3,train_outer,14221623,,,,,,,,,,,,,22,path,0.2
3,train_outer,14425577,,,,,,,,,,,,,22,path,0.2
3,train_outer,14599508,,,,,,,,,,,,,22,path,0.2
3,train_outer,14888869,,,,,,,,,,,,,22,path,0.2
3,train_outer,15034276,,,,,,,,,,,,,22,path,0.2
3,train_outer,15905520,,,,,,,,,,,,,22,path,0.2
3,train_outer,16340744,,,,,,,,,,,,,22,path,0.2
3,train_outer,16722519,,,,,,,,,,,,,22,path,0.2
3,train_outer,17103105,,,,,,,,,,,,,22,path,0.2
3,train_outer,17215866,,,,,,,,,,,,,22,path,0.2
3,train_outer,17932422,,,,,,,,,,,,,22,path,0.2
3,train_outer,18728195,,,,,,,,,,,,,22,path,0.2
3,train_outer,18781715,,,,,,,,,,,,,22,path,0.2
3,train_outer,18819128,,,,,,,,,,,,,22,path,0.2
3,train_outer,18864853,,,,,,,,,,,,,22,path,0.2
3,train_outer,18901461,,,,,,,,,,,,,22,path,0.2
3,train_outer,20060,,,,,,,,,,,,,22,path,0.2
3,train_outer,79508,,,,,,,,,,,,,22,path,0.2
3,train_outer,290115,,,,,,,,,,,,,22,path,0.2
3,train_outer,10475956,,,,,,,,,,,,,22,path,0.2
3,train_outer,10603871,,,,,,,,,,,,,22,path,0.2
3,train_outer,10749133,,,,,,,,,,,,,22,path,0.2
3,train_outer,11322813,,,,,,,,,,,,,22,path,0.2
3,train_outer,11761851,,,,,,,,,,,,,22,path,0.2
3,train_outer,11805660,,,,,,,,,,,,,22,path,0.2
3,train_outer,11857407,,,,,,,,,,,,,22,path,0.2
3,train_outer,11860755,,,,,,,,,,,,,22,path,0.2
3,train_outer,12098139,,,,,,,,,,,,,22,path,0.2
3,train_outer,12110141,,,,,,,,,,,,,22,path,0.2
3,train_outer,12230847,,,,,,,,,,,,,22,path,0.2
3,train_outer,12753678,,,,,,,,,,,,,22,path,0.2
3,train_outer,12963363,,,,,,,,,,,,,22,path,0.2
3,train_outer,13041746,,,,,,,,,,,,,22,path,0.2
3,train_outer,13238594,,,,,,,,,,,,,22,path,0.2
3,train_outer,13446892,,,,,,,,,,,,,22,path,0.2
3,train_outer,13474070,,,,,,,,,,,,,22,path,0.2
3,train_outer,13770286,,,,,,,,,,,,,22,path,0.2
3,train_outer,13885532,,,,,,,,,,,,,22,path,0.2
3,train_outer,13925217,,,,,,,,,,,,,22,path,0.2
3,train_outer,14261879,,,,,,,,,,,,,22,path,0.2
3,train_outer,14353000,,,,,,,,,,,,,22,path,0.2
3,train_outer,14450517,,,,,,,,,,,,,22,path,0.2
3,train_outer,14850910,,,,,,,,,,,,,22,path,0.2
3,train_outer,14869784,,,,,,,,,,,,,22,path,0.2
3,train_outer,14976505,,,,,,,,,,,,,22,path,0.2
3,train_outer,15004749,,,,,,,,,,,,,22,path,0.2
3,train_outer,15058011,,,,,,,,,,,,,22,path,0.2
3,train_outer,15191395,,,,,,,,,,,,,22,path,0.2
3,train_outer,15238591,,,,,,,,,,,,,22,path,0.2
3,train_outer,15434959,,,,,,,,,,,,,22,path,0.2
3,train_outer,15593227,,,,,,,,,,,,,22,path,0.2
3,train_outer,16227637,,,,,,,,,,,,,22,path,0.2
3,train_outer,16302547,,,,,,,,,,,,,22,path,0.2
3,train_outer,16569846,,,,,,,,,,,,,22,path,0.2
3,train_outer,16884084,,,,,,,,,,,,,22,path,0.2
3,train_outer,17095334,,,,,,,,,,,,,22,path,0.2
3,train_outer,17097216,,,,,,,,,,,,,22,path,0.2
3,train_outer,17621600,,,,,,,,,,,,,22,path,0.2
3,train_outer,17782775,,,,,,,,,,,,,22,path,0.2
3,train_outer,17921940,,,,,,,,,,,,,22,path,0.2
3,train_outer,17958182,,,,,,,,,,,,,22,path,0.2
3,train_outer,18592113,,,,,,,,,,,,,22,path,0.2
3,train_outer,19176559,,,,,,,,,,,,,22,path,0.2
3,train_outer,19477357,,,,,,,,,,,,,22,path,0.2
3,train_outer,19704765,,,,,,,,,,,,,22,path,0.2
3,train_outer,19754814,,,,,,,,,,,,,22,path,0.2
3,train_outer,19797325,,,,,,,,,,,,,22,path,0.2
3,train_outer,20004272,,,,,,,,,,,,,22,path,0.2
3,train_outer,20037187,,,,,,,,,,,,,22,path,0.2
3,train_outer,20047967,,,,,,,,,,,,,22,path,0.2
3,train_outer,20094842,,,,,,,,,,,,,22,path,0.2
3,train_outer,20126228,,,,,,,,,,,,,22,path,0.2
3,train_outer,20185477,,,,,,,,,,,,,22,path,0.2
3,train_outer,20494005,,,,,,,,,,,,,22,path,0.2
3,test_outer,16000430,,,,,,,,,,,,,22,path,0.2
3,test_outer,20159853,,,,,,,,,,,,,22,path,0.2
3,test_outer,11972396,,,,,,,,,,,,,22,path,0.2
3,test_outer,11932685,,,,,,,,,,,,,22,path,0.2
3,test_outer,586698,,,,,,,,,,,,,22,path,0.2
3,test_outer,16830390,,,,,,,,,,,,,22,path,0.2
3,test_outer,10548249,,,,,,,,,,,,,22,path,0.2
3,test_outer,21068674,,,,,,,,,,,,,22,path,0.2
3,test_outer,10148300,,,,,,,,,,,,,22,path,0.2
3,test_outer,21200783,,,,,,,,,,,,,22,path,0.2
3,test_outer,12818978,,,,,,,,,,,,,22,path,0.2
3,test_outer,14246141,,,,,,,,,,,,,22,path,0.2
3,test_outer,14826120,,,,,,,,,,,,,22,path,0.2
3,test_outer,16186433,,,,,,,,,,,,,22,path,0.2
3,test_outer,17923173,,,,,,,,,,,,,22,path,0.2
3,test_outer,18711589,,,,,,,,,,,,,22,path,0.2
3,test_outer,19316184,,,,,,,,,,,,,22,path,0.2
3,test_outer,11834621,,,,,,,,,,,,,22,path,0.2
3,test_outer,15162605,,,,,,,,,,,,,22,path,0.2
3,test_outer,17370457,,,,,,,,,,,,,22,path,0.2
3,test_outer,10603027,,,,,,,,,,,,,22,path,0.2
3,test_outer,10848834,,,,,,,,,,,,,22,path,0.2
3,test_outer,13691299,,,,,,,,,,,,,22,path,0.2
3,test_outer,13793534,,,,,,,,,,,,,22,path,0.2
3,test_outer,14741794,,,,,,,,,,,,,22,path,0.2
3,test_outer,15256029,,,,,,,,,,,,,22,path,0.2
3,test_outer,15388458,,,,,,,,,,,,,22,path,0.2
3,test_outer,16170980,,,,,,,,,,,,,22,path,0.2
3,test_outer,17861159,,,,,,,,,,,,,22,path,0.2
3,test_outer,18664964,,,,,,,,,,,,,22,path,0.2
3,test_outer,18793699,,,,,,,,,,,,,22,path,0.2
3,test_outer,11401016,,,,,,,,,,,,,22,path,0.2
3,test_outer,14040222,,,,,,,,,,,,,22,path,0.2
3,test_outer,18543332,,,,,,,,,,,,,22,path,0.2
3,test_outer,14210746,,,,,,,,,,,,,22,path,0.2
3,test_outer,18562866,,,,,,,,,,,,,22,path,0.2
3,test_outer,22582,,,,,,,,,,,,,22,path,0.2
3,test_outer,17823068,,,,,,,,,,,,,22,path,0.2
3,test_outer,246847,,,,,,,,,,,,,22,path,0.2
3,test_outer,11465065,,,,,,,,,,,,,22,path,0.2
3,test_outer,12169842,,,,,,,,,,,,,22,path,0.2
3,test_outer,12235737,,,,,,,,,,,,,22,path,0.2
3,test_outer,12482927,,,,,,,,,,,,,22,path,0.2
3,test_outer,13182560,,,,,,,,,,,,,22,path,0.2
3,test_outer,16628950,,,,,,,,,,,,,22,path,0.2
3,test_outer,17083115,,,,,,,,,,,,,22,path,0.2
3,test_outer,17299110,,,,,,,,,,,,,22,path,0.2
3,test_outer,18612626,,,,,,,,,,,,,22,path,0.2
3,test_outer,10168570,,,,,,,,,,,,,22,path,0.2
3,test_outer,10318835,,,,,,,,,,,,,22,path,0.2
3,test_outer,11837091,,,,,,,,,,,,,22,path,0.2
3,test_outer,15646198,,,,,,,,,,,,,22,path,0.2
3,test_outer,16577332,,,,,,,,,,,,,22,path,0.2
3,test_outer,16815727,,,,,,,,,,,,,22,path,0.2
3,test_outer,17648478,,,,,,,,,,,,,22,path,0.2
3,test_outer,20110902,,,,,,,,,,,,,22,path,0.2
3,test_outer_eval,22582,path,0.0,0.10313519835472107,1.0,-0.04940579831600189,0.0,-0.16433565318584442,0.0,-0.09238980710506439,0.0,-0.27186015248298645,0.0,22,path,0.2
3,test_outer_eval,246847,path,0.0,-0.03633145987987518,0.0,0.00018271058797836304,1.0,0.0007906891405582428,1.0,0.025849126279354095,1.0,-0.22039958834648132,0.0,22,path,0.2
3,test_outer_eval,586698,path,0.0,0.010127663612365723,1.0,0.14070935547351837,1.0,-0.2536969482898712,0.0,0.091713547706604,1.0,-0.09015081822872162,0.0,22,path,0.2
3,test_outer_eval,10148300,path,0.0,0.123903289437294,1.0,0.13703204691410065,1.0,0.18702591955661774,1.0,-0.01787007413804531,0.0,-0.00394824892282486,0.0,22,path,0.2
3,test_outer_eval,10168570,path,0.0,-0.07875508815050125,0.0,-0.1289728730916977,0.0,0.3371942937374115,1.0,-0.15205612778663635,0.0,-0.11517069488763809,0.0,22,path,0.2
3,test_outer_eval,10318835,path,0.0,0.2656250596046448,1.0,0.07268865406513214,1.0,0.1615833342075348,1.0,0.21645237505435944,1.0,-0.06949508190155029,0.0,22,path,0.2
3,test_outer_eval,10548249,path,0.0,0.30022677779197693,1.0,0.39722925424575806,1.0,0.16738149523735046,1.0,-0.29868462681770325,0.0,0.22577211260795593,1.0,22,path,0.2
3,test_outer_eval,10603027,path,0.0,0.1083625853061676,1.0,0.05925513058900833,1.0,0.09250371903181076,1.0,0.04676591977477074,1.0,-0.06557920575141907,0.0,22,path,0.2
3,test_outer_eval,10848834,path,0.0,0.2703855335712433,1.0,-0.2989378571510315,0.0,0.13604681193828583,1.0,-0.027313729748129845,0.0,0.09161530435085297,1.0,22,path,0.2
3,test_outer_eval,11401016,path,0.0,0.3165549635887146,1.0,0.029636196792125702,1.0,0.10108400881290436,1.0,-0.07942034304141998,0.0,-0.17349952459335327,0.0,22,path,0.2
3,test_outer_eval,11465065,path,0.0,-0.04485189914703369,0.0,0.009226620197296143,1.0,0.24384456872940063,1.0,-0.19863666594028473,0.0,-0.023417077958583832,0.0,22,path,0.2
3,test_outer_eval,11834621,path,0.0,0.210132896900177,1.0,-0.02132313698530197,0.0,0.05519063025712967,1.0,0.07580338418483734,1.0,-0.01558653637766838,0.0,22,path,0.2
3,test_outer_eval,11837091,path,0.0,-0.2598481774330139,0.0,-0.20113858580589294,0.0,-0.1917235255241394,0.0,-0.03286755457520485,0.0,-0.054136089980602264,0.0,22,path,0.2
3,test_outer_eval,11932685,path,0.0,0.15450331568717957,1.0,-0.16359993815422058,0.0,0.45802855491638184,1.0,0.2644893527030945,1.0,0.08070411533117294,1.0,22,path,0.2
3,test_outer_eval,11972396,path,0.0,-0.09201635420322418,0.0,-0.11401275545358658,0.0,0.1701253205537796,1.0,-0.1711895912885666,0.0,-0.13067969679832458,0.0,22,path,0.2
3,test_outer_eval,12169842,path,0.0,-0.09217441082000732,0.0,-0.07574577629566193,0.0,0.33741119503974915,1.0,-0.12349770218133926,0.0,-0.3033178150653839,0.0,22,path,0.2
3,test_outer_eval,12235737,path,0.0,0.288779079914093,1.0,0.02013554237782955,1.0,-0.1506948322057724,0.0,0.018210161477327347,1.0,-0.20599426329135895,0.0,22,path,0.2
3,test_outer_eval,12482927,path,0.0,0.21633364260196686,1.0,0.35215380787849426,1.0,0.1579206883907318,1.0,0.10992853343486786,1.0,-0.008902709931135178,0.0,22,path,0.2
3,test_outer_eval,12818978,path,0.0,0.1525626927614212,1.0,-0.25632143020629883,0.0,0.5324894785881042,1.0,-0.06551861763000488,0.0,0.045971065759658813,1.0,22,path,0.2
3,test_outer_eval,13182560,path,0.0,-0.18142804503440857,0.0,-0.18636789917945862,0.0,-0.20340858399868011,0.0,-0.12050636112689972,0.0,-0.24417734146118164,0.0,22,path,0.2
3,test_outer_eval,13691299,path,0.0,0.28317153453826904,1.0,0.10683994740247726,1.0,-0.06502825766801834,0.0,0.3047778904438019,1.0,0.06667278707027435,1.0,22,path,0.2
3,test_outer_eval,13793534,path,0.0,0.2841915786266327,1.0,0.0038745421916246414,1.0,0.056234512478113174,1.0,0.029061362147331238,1.0,0.10980387032032013,1.0,22,path,0.2
3,test_outer_eval,14040222,path,0.0,0.31705763936042786,1.0,0.1550428569316864,1.0,0.028112776577472687,1.0,-0.0847124233841896,0.0,-0.16039836406707764,0.0,22,path,0.2
3,test_outer_eval,14210746,path,0.0,-0.028662187978625298,0.0,-0.07471993565559387,0.0,0.02831367775797844,1.0,-0.004500493407249451,0.0,-0.04255183786153793,0.0,22,path,0.2
3,test_outer_eval,14246141,path,0.0,0.239657461643219,1.0,-0.3984414339065552,0.0,0.15239638090133667,1.0,-0.020372092723846436,0.0,-0.27860015630722046,0.0,22,path,0.2
3,test_outer_eval,14741794,path,0.0,-0.022563397884368896,0.0,0.5454064011573792,1.0,0.015144005417823792,1.0,0.1427985280752182,1.0,-0.248654305934906,0.0,22,path,0.2
3,test_outer_eval,14826120,path,0.0,0.31080764532089233,1.0,0.11756740510463715,1.0,0.03204987198114395,1.0,0.07416358590126038,1.0,-0.19985847175121307,0.0,22,path,0.2
3,test_outer_eval,15162605,path,0.0,0.2348545342683792,1.0,0.14785829186439514,1.0,0.07198448479175568,1.0,0.1293252855539322,1.0,0.02186524122953415,1.0,22,path,0.2
3,test_outer_eval,15256029,path,0.0,0.21527260541915894,1.0,0.8786312937736511,1.0,0.3840923309326172,1.0,-0.2208833396434784,0.0,-0.22102370858192444,0.0,22,path,0.2
3,test_outer_eval,15388458,path,0.0,-0.4528561532497406,0.0,0.17100730538368225,1.0,0.0767570212483406,1.0,0.13561636209487915,1.0,-0.13330596685409546,0.0,22,path,0.2
3,test_outer_eval,15646198,path,0.0,0.3903053402900696,1.0,0.07640837132930756,1.0,-0.022053802385926247,0.0,0.047293733805418015,1.0,0.11308963596820831,1.0,22,path,0.2
3,test_outer_eval,16000430,path,0.0,0.07036501914262772,1.0,0.10461719334125519,1.0,0.13653704524040222,1.0,-0.14225302636623383,0.0,-0.036841247230768204,0.0,22,path,0.2
3,test_outer_eval,16170980,path,0.0,0.19455307722091675,1.0,0.08809873461723328,1.0,0.15241050720214844,1.0,0.05649133399128914,1.0,-0.3263886272907257,0.0,22,path,0.2
3,test_outer_eval,16186433,path,0.0,0.10822531580924988,1.0,0.08808019757270813,1.0,0.05371834337711334,1.0,0.12193121016025543,1.0,-0.2381589412689209,0.0,22,path,0.2
3,test_outer_eval,16577332,path,0.0,0.0682259127497673,1.0,0.09766709059476852,1.0,0.08996748924255371,1.0,0.0648479014635086,1.0,-0.004230353981256485,0.0,22,path,0.2
3,test_outer_eval,16628950,path,0.0,0.48634886741638184,1.0,0.03047710657119751,1.0,0.2114524245262146,1.0,0.08476698398590088,1.0,-0.21946917474269867,0.0,22,path,0.2
3,test_outer_eval,16815727,path,0.0,-0.3198900818824768,0.0,0.04421572387218475,1.0,-0.0017656628042459488,0.0,0.06662803143262863,1.0,-0.24541723728179932,0.0,22,path,0.2
3,test_outer_eval,16830390,path,0.0,-0.05996376648545265,0.0,0.03745574504137039,1.0,-0.07082406431436539,0.0,-0.15124788880348206,0.0,-0.24118202924728394,0.0,22,path,0.2
3,test_outer_eval,17083115,path,0.0,0.4425175189971924,1.0,0.16787129640579224,1.0,0.24177774786949158,1.0,0.018892601132392883,1.0,-0.1180841326713562,0.0,22,path,0.2
3,test_outer_eval,17299110,path,0.0,-0.009476995095610619,0.0,-0.029048260301351547,0.0,0.23716846108436584,1.0,-0.02259230986237526,0.0,-0.16393142938613892,0.0,22,path,0.2
3,test_outer_eval,17370457,path,0.0,-0.5022065043449402,0.0,-0.09628620743751526,0.0,-0.16035780310630798,0.0,0.17054355144500732,1.0,-0.018692679703235626,0.0,22,path,0.2
3,test_outer_eval,17648478,path,0.0,0.19518974423408508,1.0,0.4680178463459015,1.0,0.4323793649673462,1.0,-0.16533786058425903,0.0,-0.0026166439056396484,0.0,22,path,0.2
3,test_outer_eval,17823068,path,0.0,0.16261476278305054,1.0,-0.029549118131399155,0.0,0.3323821723461151,1.0,0.04892563819885254,1.0,-0.12237463891506195,0.0,22,path,0.2
3,test_outer_eval,17861159,path,0.0,0.09191520512104034,1.0,0.12057693302631378,1.0,0.18130728602409363,1.0,-0.04644555225968361,0.0,-0.11921533942222595,0.0,22,path,0.2
3,test_outer_eval,17923173,path,0.0,-0.2713968753814697,0.0,-0.20102128386497498,0.0,0.2554473280906677,1.0,-0.006142675876617432,0.0,-0.1374853551387787,0.0,22,path,0.2
3,test_outer_eval,18543332,path,0.0,0.7364532351493835,1.0,0.531399667263031,1.0,0.4122953414916992,1.0,-0.0769878476858139,0.0,0.11207818984985352,1.0,22,path,0.2
3,test_outer_eval,18562866,path,0.0,0.2767045497894287,1.0,-0.018721505999565125,0.0,0.15882527828216553,1.0,-0.24559742212295532,0.0,-0.5420499444007874,0.0,22,path,0.2
3,test_outer_eval,18612626,path,0.0,0.15845723450183868,1.0,0.4329984486103058,1.0,0.1480543613433838,1.0,0.10205449163913727,1.0,-0.10897856950759888,0.0,22,path,0.2
3,test_outer_eval,18664964,path,0.0,0.4591525197029114,1.0,0.19436608254909515,1.0,0.020215146243572235,1.0,0.02203216403722763,1.0,-0.17149339616298676,0.0,22,path,0.2
3,test_outer_eval,18711589,path,0.0,0.05300912633538246,1.0,0.09959596395492554,1.0,0.27334341406822205,1.0,-0.02400953508913517,0.0,-0.05374924838542938,0.0,22,path,0.2
3,test_outer_eval,18793699,path,0.0,0.10759842395782471,1.0,0.0016347318887710571,1.0,0.1378338634967804,1.0,0.029411867260932922,1.0,0.0741540715098381,1.0,22,path,0.2
3,test_outer_eval,19316184,path,0.0,-0.22235575318336487,0.0,-0.21397817134857178,0.0,-0.10599637031555176,0.0,0.15870864689350128,1.0,-0.3549518585205078,0.0,22,path,0.2
3,test_outer_eval,20110902,path,0.0,0.13611963391304016,1.0,-0.02842595800757408,0.0,0.1860196441411972,1.0,-0.04983513057231903,0.0,-0.046706199645996094,0.0,22,path,0.2
3,test_outer_eval,20159853,path,0.0,-0.07907203584909439,0.0,-0.04380156844854355,0.0,0.2228262722492218,1.0,0.05694182589650154,1.0,0.012206226587295532,1.0,22,path,0.2
3,test_outer_eval,21068674,path,0.0,-0.37934502959251404,0.0,-0.028520673513412476,0.0,-0.41034287214279175,0.0,-0.20202259719371796,0.0,-0.4510851800441742,0.0,22,path,0.2
3,test_outer_eval,21200783,path,0.0,-0.08488491177558899,0.0,0.008859029039740562,1.0,0.44383504986763,1.0,-0.09328421950340271,0.0,-0.018575962632894516,0.0,22,path,0.2
4,train_outer,14169967,,,,,,,,,,,,,22,path,0.2
4,train_outer,16000430,,,,,,,,,,,,,22,path,0.2
4,train_outer,374909,,,,,,,,,,,,,22,path,0.2
4,train_outer,13256558,,,,,,,,,,,,,22,path,0.2
4,train_outer,15563805,,,,,,,,,,,,,22,path,0.2
4,train_outer,18900473,,,,,,,,,,,,,22,path,0.2
4,train_outer,16471324,,,,,,,,,,,,,22,path,0.2
4,train_outer,20363213,,,,,,,,,,,,,22,path,0.2
4,train_outer,20416158,,,,,,,,,,,,,22,path,0.2
4,train_outer,20411050,,,,,,,,,,,,,22,path,0.2
4,train_outer,10584350,,,,,,,,,,,,,22,path,0.2
4,train_outer,10651619,,,,,,,,,,,,,22,path,0.2
4,train_outer,14748740,,,,,,,,,,,,,22,path,0.2
4,train_outer,20159853,,,,,,,,,,,,,22,path,0.2
4,train_outer,11818229,,,,,,,,,,,,,22,path,0.2
4,train_outer,17261908,,,,,,,,,,,,,22,path,0.2
4,train_outer,192787,,,,,,,,,,,,,22,path,0.2
4,train_outer,20677961,,,,,,,,,,,,,22,path,0.2
4,train_outer,14653930,,,,,,,,,,,,,22,path,0.2
4,train_outer,11972396,,,,,,,,,,,,,22,path,0.2
4,train_outer,11932685,,,,,,,,,,,,,22,path,0.2
4,train_outer,586698,,,,,,,,,,,,,22,path,0.2
4,train_outer,16830390,,,,,,,,,,,,,22,path,0.2
4,train_outer,16808905,,,,,,,,,,,,,22,path,0.2
4,train_outer,16398336,,,,,,,,,,,,,22,path,0.2
4,train_outer,20810268,,,,,,,,,,,,,22,path,0.2
4,train_outer,10680627,,,,,,,,,,,,,22,path,0.2
4,train_outer,310824,,,,,,,,,,,,,22,path,0.2
4,train_outer,17280160,,,,,,,,,,,,,22,path,0.2
4,train_outer,10548249,,,,,,,,,,,,,22,path,0.2
4,train_outer,14279650,,,,,,,,,,,,,22,path,0.2
4,train_outer,21068674,,,,,,,,,,,,,22,path,0.2
4,train_outer,20598191,,,,,,,,,,,,,22,path,0.2
4,train_outer,10148300,,,,,,,,,,,,,22,path,0.2
4,train_outer,16784223,,,,,,,,,,,,,22,path,0.2
4,train_outer,15876887,,,,,,,,,,,,,22,path,0.2
4,train_outer,21200783,,,,,,,,,,,,,22,path,0.2
4,train_outer,13161584,,,,,,,,,,,,,22,path,0.2
4,train_outer,13787273,,,,,,,,,,,,,22,path,0.2
4,train_outer,11822030,,,,,,,,,,,,,22,path,0.2
4,train_outer,12224103,,,,,,,,,,,,,22,path,0.2
4,train_outer,12818978,,,,,,,,,,,,,22,path,0.2
4,train_outer,12834264,,,,,,,,,,,,,22,path,0.2
4,train_outer,13643696,,,,,,,,,,,,,22,path,0.2
4,train_outer,14246141,,,,,,,,,,,,,22,path,0.2
4,train_outer,14826120,,,,,,,,,,,,,22,path,0.2
4,train_outer,14947437,,,,,,,,,,,,,22,path,0.2
4,train_outer,15329974,,,,,,,,,,,,,22,path,0.2
4,train_outer,15398979,,,,,,,,,,,,,22,path,0.2
4,train_outer,15907405,,,,,,,,,,,,,22,path,0.2
4,train_outer,15970864,,,,,,,,,,,,,22,path,0.2
4,train_outer,16186433,,,,,,,,,,,,,22,path,0.2
4,train_outer,16470184,,,,,,,,,,,,,22,path,0.2
4,train_outer,17290521,,,,,,,,,,,,,22,path,0.2
4,train_outer,17626540,,,,,,,,,,,,,22,path,0.2
4,train_outer,17815997,,,,,,,,,,,,,22,path,0.2
4,train_outer,17923173,,,,,,,,,,,,,22,path,0.2
4,train_outer,18242610,,,,,,,,,,,,,22,path,0.2
4,train_outer,18486672,,,,,,,,,,,,,22,path,0.2
4,train_outer,18711589,,,,,,,,,,,,,22,path,0.2
4,train_outer,18982916,,,,,,,,,,,,,22,path,0.2
4,train_outer,19052019,,,,,,,,,,,,,22,path,0.2
4,train_outer,19316184,,,,,,,,,,,,,22,path,0.2
4,train_outer,10905401,,,,,,,,,,,,,22,path,0.2
4,train_outer,11721931,,,,,,,,,,,,,22,path,0.2
4,train_outer,11834621,,,,,,,,,,,,,22,path,0.2
4,train_outer,11963103,,,,,,,,,,,,,22,path,0.2
4,train_outer,12614791,,,,,,,,,,,,,22,path,0.2
4,train_outer,14375972,,,,,,,,,,,,,22,path,0.2
4,train_outer,15001347,,,,,,,,,,,,,22,path,0.2
4,train_outer,15162605,,,,,,,,,,,,,22,path,0.2
4,train_outer,15423946,,,,,,,,,,,,,22,path,0.2
4,train_outer,15955689,,,,,,,,,,,,,22,path,0.2
4,train_outer,17370457,,,,,,,,,,,,,22,path,0.2
4,train_outer,18622263,,,,,,,,,,,,,22,path,0.2
4,train_outer,412386,,,,,,,,,,,,,22,path,0.2
4,train_outer,10013509,,,,,,,,,,,,,22,path,0.2
4,train_outer,10603027,,,,,,,,,,,,,22,path,0.2
4,train_outer,10848834,,,,,,,,,,,,,22,path,0.2
4,train_outer,11622567,,,,,,,,,,,,,22,path,0.2
4,train_outer,11800552,,,,,,,,,,,,,22,path,0.2
4,train_outer,12069946,,,,,,,,,,,,,22,path,0.2
4,train_outer,12148955,,,,,,,,,,,,,22,path,0.2
4,train_outer,12492026,,,,,,,,,,,,,22,path,0.2
4,train_outer,13282934,,,,,,,,,,,,,22,path,0.2
4,train_outer,13691299,,,,,,,,,,,,,22,path,0.2
4,train_outer,13793534,,,,,,,,,,,,,22,path,0.2
4,train_outer,13848180,,,,,,,,,,,,,22,path,0.2
4,train_outer,14125716,,,,,,,,,,,,,22,path,0.2
4,train_outer,14524333,,,,,,,,,,,,,22,path,0.2
4,train_outer,14741794,,,,,,,,,,,,,22,path,0.2
4,train_outer,15088329,,,,,,,,,,,,,22,path,0.2
4,train_outer,15221964,,,,,,,,,,,,,22,path,0.2
4,train_outer,15253580,,,,,,,,,,,,,22,path,0.2
4,train_outer,15256029,,,,,,,,,,,,,22,path,0.2
4,train_outer,15293082,,,,,,,,,,,,,22,path,0.2
4,train_outer,15388458,,,,,,,,,,,,,22,path,0.2
4,train_outer,16010363,,,,,,,,,,,,,22,path,0.2
4,train_outer,16170980,,,,,,,,,,,,,22,path,0.2
4,train_outer,16999701,,,,,,,,,,,,,22,path,0.2
4,train_outer,17843402,,,,,,,,,,,,,22,path,0.2
4,train_outer,17861159,,,,,,,,,,,,,22,path,0.2
4,train_outer,17959052,,,,,,,,,,,,,22,path,0.2
4,train_outer,18653723,,,,,,,,,,,,,22,path,0.2
4,train_outer,18661809,,,,,,,,,,,,,22,path,0.2
4,train_outer,18664964,,,,,,,,,,,,,22,path,0.2
4,train_outer,18793699,,,,,,,,,,,,,22,path,0.2
4,train_outer,18799499,,,,,,,,,,,,,22,path,0.2
4,train_outer,18809106,,,,,,,,,,,,,22,path,0.2
4,train_outer,18818037,,,,,,,,,,,,,22,path,0.2
4,train_outer,18880707,,,,,,,,,,,,,22,path,0.2
4,train_outer,18895067,,,,,,,,,,,,,22,path,0.2
4,train_outer,19171757,,,,,,,,,,,,,22,path,0.2
4,train_outer,11385096,,,,,,,,,,,,,22,path,0.2
4,train_outer,11401016,,,,,,,,,,,,,22,path,0.2
4,train_outer,11594412,,,,,,,,,,,,,22,path,0.2
4,train_outer,11681499,,,,,,,,,,,,,22,path,0.2
4,train_outer,11717194,,,,,,,,,,,,,22,path,0.2
4,train_outer,11794273,,,,,,,,,,,,,22,path,0.2
4,train_outer,11824012,,,,,,,,,,,,,22,path,0.2
4,train_outer,11906931,,,,,,,,,,,,,22,path,0.2
4,train_outer,12041667,,,,,,,,,,,,,22,path,0.2
4,train_outer,12636815,,,,,,,,,,,,,22,path,0.2
4,train_outer,13985997,,,,,,,,,,,,,22,path,0.2
4,train_outer,14040222,,,,,,,,,,,,,22,path,0.2
4,train_outer,14341918,,,,,,,,,,,,,22,path,0.2
4,train_outer,15299004,,,,,,,,,,,,,22,path,0.2
4,train_outer,16671380,,,,,,,,,,,,,22,path,0.2
4,train_outer,18543332,,,,,,,,,,,,,22,path,0.2
4,train_outer,14210746,,,,,,,,,,,,,22,path,0.2
4,train_outer,14988315,,,,,,,,,,,,,22,path,0.2
4,train_outer,15127997,,,,,,,,,,,,,22,path,0.2
4,train_outer,16261957,,,,,,,,,,,,,22,path,0.2
4,train_outer,18562866,,,,,,,,,,,,,22,path,0.2
4,train_outer,535583,,,,,,,,,,,,,22,path,0.2
4,train_outer,11608198,,,,,,,,,,,,,22,path,0.2
4,train_outer,11630247,,,,,,,,,,,,,22,path,0.2
4,train_outer,12082209,,,,,,,,,,,,,22,path,0.2
4,train_outer,12436441,,,,,,,,,,,,,22,path,0.2
4,train_outer,12501269,,,,,,,,,,,,,22,path,0.2
4,train_outer,22582,,,,,,,,,,,,,22,path,0.2
4,train_outer,17823068,,,,,,,,,,,,,22,path,0.2
4,train_outer,246847,,,,,,,,,,,,,22,path,0.2
4,train_outer,10899706,,,,,,,,,,,,,22,path,0.2
4,train_outer,11465065,,,,,,,,,,,,,22,path,0.2
4,train_outer,11769891,,,,,,,,,,,,,22,path,0.2
4,train_outer,12169842,,,,,,,,,,,,,22,path,0.2
4,train_outer,12235737,,,,,,,,,,,,,22,path,0.2
4,train_outer,12482927,,,,,,,,,,,,,22,path,0.2
4,train_outer,12587577,,,,,,,,,,,,,22,path,0.2
4,train_outer,13092509,,,,,,,,,,,,,22,path,0.2
4,train_outer,13182560,,,,,,,,,,,,,22,path,0.2
4,train_outer,13286264,,,,,,,,,,,,,22,path,0.2
4,train_outer,13872185,,,,,,,,,,,,,22,path,0.2
4,train_outer,14181060,,,,,,,,,,,,,22,path,0.2
4,train_outer,14221623,,,,,,,,,,,,,22,path,0.2
4,train_outer,14599508,,,,,,,,,,,,,22,path,0.2
4,train_outer,15034276,,,,,,,,,,,,,22,path,0.2
4,train_outer,15905520,,,,,,,,,,,,,22,path,0.2
4,train_outer,16340744,,,,,,,,,,,,,22,path,0.2
4,train_outer,16628950,,,,,,,,,,,,,22,path,0.2
4,train_outer,16722519,,,,,,,,,,,,,22,path,0.2
4,train_outer,17083115,,,,,,,,,,,,,22,path,0.2
4,train_outer,17103105,,,,,,,,,,,,,22,path,0.2
4,train_outer,17215866,,,,,,,,,,,,,22,path,0.2
4,train_outer,17299110,,,,,,,,,,,,,22,path,0.2
4,train_outer,18612626,,,,,,,,,,,,,22,path,0.2
4,train_outer,18781715,,,,,,,,,,,,,22,path,0.2
4,train_outer,18819128,,,,,,,,,,,,,22,path,0.2
4,train_outer,18864853,,,,,,,,,,,,,22,path,0.2
4,train_outer,18901461,,,,,,,,,,,,,22,path,0.2
4,train_outer,10168570,,,,,,,,,,,,,22,path,0.2
4,train_outer,20060,,,,,,,,,,,,,22,path,0.2
4,train_outer,79508,,,,,,,,,,,,,22,path,0.2
4,train_outer,290115,,,,,,,,,,,,,22,path,0.2
4,train_outer,10318835,,,,,,,,,,,,,22,path,0.2
4,train_outer,10475956,,,,,,,,,,,,,22,path,0.2
4,train_outer,10749133,,,,,,,,,,,,,22,path,0.2
4,train_outer,11322813,,,,,,,,,,,,,22,path,0.2
4,train_outer,11805660,,,,,,,,,,,,,22,path,0.2
4,train_outer,11837091,,,,,,,,,,,,,22,path,0.2
4,train_outer,11857407,,,,,,,,,,,,,22,path,0.2
4,train_outer,11860755,,,,,,,,,,,,,22,path,0.2
4,train_outer,12098139,,,,,,,,,,,,,22,path,0.2
4,train_outer,12230847,,,,,,,,,,,,,22,path,0.2
4,train_outer,12963363,,,,,,,,,,,,,22,path,0.2
4,train_outer,13041746,,,,,,,,,,,,,22,path,0.2
4,train_outer,13238594,,,,,,,,,,,,,22,path,0.2
4,train_outer,13446892,,,,,,,,,,,,,22,path,0.2
4,train_outer,13770286,,,,,,,,,,,,,22,path,0.2
4,train_outer,13885532,,,,,,,,,,,,,22,path,0.2
4,train_outer,13925217,,,,,,,,,,,,,22,path,0.2
4,train_outer,14261879,,,,,,,,,,,,,22,path,0.2
4,train_outer,14353000,,,,,,,,,,,,,22,path,0.2
4,train_outer,14450517,,,,,,,,,,,,,22,path,0.2
4,train_outer,14850910,,,,,,,,,,,,,22,path,0.2
4,train_outer,14869784,,,,,,,,,,,,,22,path,0.2
4,train_outer,14976505,,,,,,,,,,,,,22,path,0.2
4,train_outer,15004749,,,,,,,,,,,,,22,path,0.2
4,train_outer,15058011,,,,,,,,,,,,,22,path,0.2
4,train_outer,15191395,,,,,,,,,,,,,22,path,0.2
4,train_outer,15238591,,,,,,,,,,,,,22,path,0.2
4,train_outer,15593227,,,,,,,,,,,,,22,path,0.2
4,train_outer,15646198,,,,,,,,,,,,,22,path,0.2
4,train_outer,16227637,,,,,,,,,,,,,22,path,0.2
4,train_outer,16569846,,,,,,,,,,,,,22,path,0.2
4,train_outer,16577332,,,,,,,,,,,,,22,path,0.2
4,train_outer,16815727,,,,,,,,,,,,,22,path,0.2
4,train_outer,16884084,,,,,,,,,,,,,22,path,0.2
4,train_outer,17095334,,,,,,,,,,,,,22,path,0.2
4,train_outer,17097216,,,,,,,,,,,,,22,path,0.2
4,train_outer,17621600,,,,,,,,,,,,,22,path,0.2
4,train_outer,17648478,,,,,,,,,,,,,22,path,0.2
4,train_outer,17782775,,,,,,,,,,,,,22,path,0.2
4,train_outer,17921940,,,,,,,,,,,,,22,path,0.2
4,train_outer,17958182,,,,,,,,,,,,,22,path,0.2
4,train_outer,18592113,,,,,,,,,,,,,22,path,0.2
4,train_outer,19176559,,,,,,,,,,,,,22,path,0.2
4,train_outer,19704765,,,,,,,,,,,,,22,path,0.2
4,train_outer,19754814,,,,,,,,,,,,,22,path,0.2
4,train_outer,19797325,,,,,,,,,,,,,22,path,0.2
4,train_outer,20004272,,,,,,,,,,,,,22,path,0.2
4,train_outer,20037187,,,,,,,,,,,,,22,path,0.2
4,train_outer,20047967,,,,,,,,,,,,,22,path,0.2
4,train_outer,20110902,,,,,,,,,,,,,22,path,0.2
4,train_outer,20126228,,,,,,,,,,,,,22,path,0.2
4,test_outer,10012210,,,,,,,,,,,,,22,path,0.2
4,test_outer,20360194,,,,,,,,,,,,,22,path,0.2
4,test_outer,20710769,,,,,,,,,,,,,22,path,0.2
4,test_outer,12419489,,,,,,,,,,,,,22,path,0.2
4,test_outer,15263444,,,,,,,,,,,,,22,path,0.2
4,test_outer,21078397,,,,,,,,,,,,,22,path,0.2
4,test_outer,18241909,,,,,,,,,,,,,22,path,0.2
4,test_outer,10262640,,,,,,,,,,,,,22,path,0.2
4,test_outer,12527217,,,,,,,,,,,,,22,path,0.2
4,test_outer,12540915,,,,,,,,,,,,,22,path,0.2
4,test_outer,16220376,,,,,,,,,,,,,22,path,0.2
4,test_outer,19032437,,,,,,,,,,,,,22,path,0.2
4,test_outer,12379146,,,,,,,,,,,,,22,path,0.2
4,test_outer,15366427,,,,,,,,,,,,,22,path,0.2
4,test_outer,15697092,,,,,,,,,,,,,22,path,0.2
4,test_outer,15141193,,,,,,,,,,,,,22,path,0.2
4,test_outer,577697,,,,,,,,,,,,,22,path,0.2
4,test_outer,10044748,,,,,,,,,,,,,22,path,0.2
4,test_outer,10095373,,,,,,,,,,,,,22,path,0.2
4,test_outer,11411793,,,,,,,,,,,,,22,path,0.2
4,test_outer,11653088,,,,,,,,,,,,,22,path,0.2
4,test_outer,11821945,,,,,,,,,,,,,22,path,0.2
4,test_outer,12386307,,,,,,,,,,,,,22,path,0.2
4,test_outer,12583361,,,,,,,,,,,,,22,path,0.2
4,test_outer,14035251,,,,,,,,,,,,,22,path,0.2
4,test_outer,14785724,,,,,,,,,,,,,22,path,0.2
4,test_outer,15031324,,,,,,,,,,,,,22,path,0.2
4,test_outer,16915450,,,,,,,,,,,,,22,path,0.2
4,test_outer,17194838,,,,,,,,,,,,,22,path,0.2
4,test_outer,18808752,,,,,,,,,,,,,22,path,0.2
4,test_outer,19309727,,,,,,,,,,,,,22,path,0.2
4,test_outer,11180416,,,,,,,,,,,,,22,path,0.2
4,test_outer,11489340,,,,,,,,,,,,,22,path,0.2
4,test_outer,11814382,,,,,,,,,,,,,22,path,0.2
4,test_outer,14732179,,,,,,,,,,,,,22,path,0.2
4,test_outer,17137601,,,,,,,,,,,,,22,path,0.2
4,test_outer,18199507,,,,,,,,,,,,,22,path,0.2
4,test_outer,12093400,,,,,,,,,,,,,22,path,0.2
4,test_outer,13908208,,,,,,,,,,,,,22,path,0.2
4,test_outer,15539004,,,,,,,,,,,,,22,path,0.2
4,test_outer,11717014,,,,,,,,,,,,,22,path,0.2
4,test_outer,14425577,,,,,,,,,,,,,22,path,0.2
4,test_outer,14888869,,,,,,,,,,,,,22,path,0.2
4,test_outer,17932422,,,,,,,,,,,,,22,path,0.2
4,test_outer,18728195,,,,,,,,,,,,,22,path,0.2
4,test_outer,10603871,,,,,,,,,,,,,22,path,0.2
4,test_outer,11761851,,,,,,,,,,,,,22,path,0.2
4,test_outer,12110141,,,,,,,,,,,,,22,path,0.2
4,test_outer,12753678,,,,,,,,,,,,,22,path,0.2
4,test_outer,13474070,,,,,,,,,,,,,22,path,0.2
4,test_outer,15434959,,,,,,,,,,,,,22,path,0.2
4,test_outer,16302547,,,,,,,,,,,,,22,path,0.2
4,test_outer,19477357,,,,,,,,,,,,,22,path,0.2
4,test_outer,20094842,,,,,,,,,,,,,22,path,0.2
4,test_outer,20185477,,,,,,,,,,,,,22,path,0.2
4,test_outer,20494005,,,,,,,,,,,,,22,path,0.2
4,test_outer_eval,577697,path,0.0,0.24414484202861786,1.0,-0.025678448379039764,0.0,-0.07835891097784042,0.0,0.03068259358406067,1.0,0.39758414030075073,1.0,22,path,0.2
4,test_outer_eval,10012210,path,0.0,0.1498488485813141,1.0,-0.18582755327224731,0.0,-0.16546984016895294,0.0,0.010735727846622467,1.0,-0.20638611912727356,0.0,22,path,0.2
4,test_outer_eval,10044748,path,0.0,0.2848857641220093,1.0,0.3051978349685669,1.0,0.06829146295785904,1.0,-0.11563193798065186,0.0,0.2544754445552826,1.0,22,path,0.2
4,test_outer_eval,10095373,path,0.0,0.1130903884768486,1.0,0.14643914997577667,1.0,0.10815464705228806,1.0,0.1660120189189911,1.0,-0.050385721027851105,0.0,22,path,0.2
4,test_outer_eval,10262640,path,0.0,0.01983921229839325,1.0,0.15451672673225403,1.0,0.11201611161231995,1.0,0.038885585963726044,1.0,-0.09782331436872482,0.0,22,path,0.2
4,test_outer_eval,10603871,path,0.0,0.16309237480163574,1.0,-0.005409590899944305,0.0,-0.2134893536567688,0.0,0.10837537050247192,1.0,-0.10356637835502625,0.0,22,path,0.2
4,test_outer_eval,11180416,path,0.0,0.12263648211956024,1.0,-0.03780420124530792,0.0,-0.2014615535736084,0.0,0.06314188241958618,1.0,-0.17908090353012085,0.0,22,path,0.2
4,test_outer_eval,11411793,path,0.0,0.30236315727233887,1.0,-0.10962866246700287,0.0,0.01741407811641693,1.0,-0.038525357842445374,0.0,-0.06639080494642258,0.0,22,path,0.2
4,test_outer_eval,11489340,path,0.0,0.06271077692508698,1.0,-0.2151637226343155,0.0,-0.26755568385124207,0.0,0.00913599506020546,1.0,-0.1503065824508667,0.0,22,path,0.2
4,test_outer_eval,11653088,path,0.0,0.33683332800865173,1.0,0.20020243525505066,1.0,-0.02786647528409958,0.0,-0.2361193150281906,0.0,0.05560673028230667,1.0,22,path,0.2
4,test_outer_eval,11717014,path,0.0,0.27487489581108093,1.0,0.028929926455020905,1.0,-0.05649383366107941,0.0,-0.10972221940755844,0.0,0.2754371166229248,1.0,22,path,0.2
4,test_outer_eval,11761851,path,0.0,0.2774454951286316,1.0,0.3994120955467224,1.0,0.04701421409845352,1.0,0.00779327005147934,1.0,0.23278401792049408,1.0,22,path,0.2
4,test_outer_eval,11814382,path,0.0,0.03590293228626251,1.0,-0.0334126353263855,0.0,0.004128104075789452,1.0,0.10166890174150467,1.0,0.18256311118602753,1.0,22,path,0.2
4,test_outer_eval,11821945,path,0.0,0.15169048309326172,1.0,-0.04701049625873566,0.0,0.045501820743083954,1.0,0.16682790219783783,1.0,0.0823865532875061,1.0,22,path,0.2
4,test_outer_eval,12093400,path,0.0,-0.07635029405355453,0.0,-0.048459649085998535,0.0,-0.05141887068748474,0.0,0.05879192054271698,1.0,0.03839418664574623,1.0,22,path,0.2
4,test_outer_eval,12110141,path,0.0,0.0635625347495079,1.0,0.3287128806114197,1.0,0.12174272537231445,1.0,0.18337799608707428,1.0,0.4129282832145691,1.0,22,path,0.2
4,test_outer_eval,12379146,path,0.0,-0.00978168100118637,0.0,0.07590439915657043,1.0,0.005531564354896545,1.0,0.0755339115858078,1.0,0.1822032928466797,1.0,22,path,0.2
4,test_outer_eval,12386307,path,0.0,0.20109310746192932,1.0,-0.06527433544397354,0.0,-0.21213507652282715,0.0,0.36771392822265625,1.0,0.3528391122817993,1.0,22,path,0.2
4,test_outer_eval,12419489,path,0.0,-0.05550112575292587,0.0,0.16747790575027466,1.0,-0.09720107913017273,0.0,-0.015368238091468811,0.0,-0.11568157374858856,0.0,22,path,0.2
4,test_outer_eval,12527217,path,0.0,0.16883552074432373,1.0,0.2596563696861267,1.0,0.2740629017353058,1.0,0.28769561648368835,1.0,0.16770002245903015,1.0,22,path,0.2
4,test_outer_eval,12540915,path,0.0,0.009717857465147972,1.0,-0.5994698405265808,0.0,-0.015953004360198975,0.0,0.20047849416732788,1.0,-0.17510735988616943,0.0,22,path,0.2
4,test_outer_eval,12583361,path,0.0,-0.0010276250541210175,0.0,0.005551815032958984,1.0,-0.08852184563875198,0.0,0.3928992450237274,1.0,-0.18296754360198975,0.0,22,path,0.2
4,test_outer_eval,12753678,path,0.0,0.01711231842637062,1.0,0.2130812406539917,1.0,-0.0874144583940506,0.0,0.07288327813148499,1.0,-0.10276877880096436,0.0,22,path,0.2
4,test_outer_eval,13474070,path,0.0,0.18653604388237,1.0,0.25694572925567627,1.0,0.053245555609464645,1.0,0.247359499335289,1.0,-0.1568065881729126,0.0,22,path,0.2
4,test_outer_eval,13908208,path,0.0,0.16031654179096222,1.0,0.22514764964580536,1.0,0.07738203555345535,1.0,0.141513392329216,1.0,-0.007604645565152168,0.0,22,path,0.2
4,test_outer_eval,14035251,path,0.0,0.14855808019638062,1.0,0.0102759450674057,1.0,-0.026165897026658058,0.0,0.21434302628040314,1.0,0.007439743727445602,1.0,22,path,0.2
4,test_outer_eval,14425577,path,0.0,-0.11145003139972687,0.0,0.2617068290710449,1.0,-0.07453863322734833,0.0,0.3420088291168213,1.0,0.36519932746887207,1.0,22,path,0.2
4,test_outer_eval,14732179,path,0.0,0.15127965807914734,1.0,0.11800327897071838,1.0,-0.02143939398229122,0.0,0.2458595335483551,1.0,0.13048005104064941,1.0,22,path,0.2
4,test_outer_eval,14785724,path,0.0,0.1882203221321106,1.0,0.08938024938106537,1.0,0.001442302018404007,1.0,0.05144847556948662,1.0,0.03309622406959534,1.0,22,path,0.2
4,test_outer_eval,14888869,path,0.0,0.026492467150092125,1.0,0.3035796880722046,1.0,-0.05650537833571434,0.0,0.12359915673732758,1.0,0.35278722643852234,1.0,22,path,0.2
4,test_outer_eval,15031324,path,0.0,0.11386619508266449,1.0,-0.023021787405014038,0.0,0.0026230625808238983,1.0,0.09488612413406372,1.0,-0.0889635756611824,0.0,22,path,0.2
4,test_outer_eval,15141193,path,0.0,-0.0400378480553627,0.0,0.16961570084095,1.0,-0.16498883068561554,0.0,-0.05673431605100632,0.0,0.1499984860420227,1.0,22,path,0.2
4,test_outer_eval,15263444,path,0.0,0.042695607990026474,1.0,-0.18874108791351318,0.0,-0.12556061148643494,0.0,-0.12322269380092621,0.0,-0.211763396859169,0.0,22,path,0.2
4,test_outer_eval,15366427,path,0.0,0.041930049657821655,1.0,0.3790214955806732,1.0,0.17036491632461548,1.0,-0.4544437527656555,0.0,-0.057573940604925156,0.0,22,path,0.2
4,test_outer_eval,15434959,path,0.0,-0.021377798169851303,0.0,0.0021735429763793945,1.0,0.10151883959770203,1.0,-0.13466575741767883,0.0,0.006426457315683365,1.0,22,path,0.2
4,test_outer_eval,15539004,path,0.0,-0.0056534563191235065,0.0,0.3114436864852905,1.0,-0.08930281549692154,0.0,0.3040614426136017,1.0,-0.03166818246245384,0.0,22,path,0.2
4,test_outer_eval,15697092,path,0.0,0.09353527426719666,1.0,0.17356082797050476,1.0,0.10765668749809265,1.0,-0.18588830530643463,0.0,0.2005629539489746,1.0,22,path,0.2
4,test_outer_eval,16220376,path,0.0,0.08048796653747559,1.0,0.0006014592945575714,1.0,0.07456483691930771,1.0,0.033703990280628204,1.0,-0.01386529952287674,0.0,22,path,0.2
4,test_outer_eval,16302547,path,0.0,0.2114107310771942,1.0,0.04792393743991852,1.0,-0.08520615100860596,0.0,0.02882431447505951,1.0,-0.1852242797613144,0.0,22,path,0.2
4,test_outer_eval,16915450,path,0.0,0.18226183950901031,1.0,-0.03073953092098236,0.0,-0.17308959364891052,0.0,0.0637592077255249,1.0,-0.19985376298427582,0.0,22,path,0.2
4,test_outer_eval,17137601,path,0.0,0.16048476099967957,1.0,0.14490054547786713,1.0,-0.07315938919782639,0.0,0.17858447134494781,1.0,-0.05683121830224991,0.0,22,path,0.2
4,test_outer_eval,17194838,path,0.0,0.01631130650639534,1.0,-0.0508236289024353,0.0,-0.15075115859508514,0.0,-0.006419595330953598,0.0,-0.20459109544754028,0.0,22,path,0.2
4,test_outer_eval,17932422,path,0.0,-0.1463431715965271,0.0,-0.08215796202421188,0.0,-0.061606474220752716,0.0,0.09501489996910095,1.0,0.08003976941108704,1.0,22,path,0.2
4,test_outer_eval,18199507,path,0.0,0.0827338770031929,1.0,0.38907891511917114,1.0,-0.3796202540397644,0.0,-0.14797243475914001,0.0,-0.35500913858413696,0.0,22,path,0.2
4,test_outer_eval,18241909,path,0.0,0.024741247296333313,1.0,-0.05814093351364136,0.0,-0.11241976916790009,0.0,0.009519696235656738,1.0,0.31533533334732056,1.0,22,path,0.2
4,test_outer_eval,18728195,path,0.0,0.11102665215730667,1.0,-0.027397919446229935,0.0,0.0300765261054039,1.0,0.16221749782562256,1.0,-0.0199122354388237,0.0,22,path,0.2
4,test_outer_eval,18808752,path,0.0,-0.025533899664878845,0.0,-0.38268181681632996,0.0,-0.0800178274512291,0.0,0.0430268794298172,1.0,-0.02794155478477478,0.0,22,path,0.2
4,test_outer_eval,19032437,path,0.0,-0.10319950431585312,0.0,0.07416977733373642,1.0,-0.11830614507198334,0.0,0.11636427789926529,1.0,0.1633625328540802,1.0,22,path,0.2
4,test_outer_eval,19309727,path,0.0,0.029452335089445114,1.0,0.1109268069267273,1.0,0.060598671436309814,1.0,0.03474823385477066,1.0,0.04853520542383194,1.0,22,path,0.2
4,test_outer_eval,19477357,path,0.0,0.181269571185112,1.0,0.16597360372543335,1.0,-0.024586837738752365,0.0,0.11440960317850113,1.0,0.2970862090587616,1.0,22,path,0.2
4,test_outer_eval,20094842,path,0.0,0.04289953410625458,1.0,0.007627528160810471,1.0,0.05815929174423218,1.0,0.05723530799150467,1.0,0.20530356466770172,1.0,22,path,0.2
4,test_outer_eval,20185477,path,0.0,0.028004951775074005,1.0,0.19936756789684296,1.0,-0.012269720435142517,0.0,0.11531081795692444,1.0,-0.122319795191288,0.0,22,path,0.2
4,test_outer_eval,20360194,path,0.0,0.10855865478515625,1.0,0.14710253477096558,1.0,-0.11725655198097229,0.0,-0.07208947837352753,0.0,-0.08821974694728851,0.0,22,path,0.2
4,test_outer_eval,20494005,path,0.0,-0.05981831252574921,0.0,-0.22701013088226318,0.0,-0.0019424669444561005,0.0,0.0768856555223465,1.0,0.06866328418254852,1.0,22,path,0.2
4,test_outer_eval,20710769,path,0.0,0.18758735060691833,1.0,-0.24215275049209595,0.0,-0.19170328974723816,0.0,-0.05057322978973389,0.0,0.19524776935577393,1.0,22,path,0.2
4,test_outer_eval,21078397,path,0.0,0.16427026689052582,1.0,0.31114137172698975,1.0,0.1645970493555069,1.0,0.16336923837661743,1.0,-0.06647512316703796,0.0,22,path,0.2
5,train_outer,14169967,,,,,,,,,,,,,22,path,0.2
5,train_outer,16000430,,,,,,,,,,,,,22,path,0.2
5,train_outer,13256558,,,,,,,,,,,,,22,path,0.2
5,train_outer,18900473,,,,,,,,,,,,,22,path,0.2
5,train_outer,16471324,,,,,,,,,,,,,22,path,0.2
5,train_outer,20363213,,,,,,,,,,,,,22,path,0.2
5,train_outer,20411050,,,,,,,,,,,,,22,path,0.2
5,train_outer,10584350,,,,,,,,,,,,,22,path,0.2
5,train_outer,14748740,,,,,,,,,,,,,22,path,0.2
5,train_outer,20159853,,,,,,,,,,,,,22,path,0.2
5,train_outer,17261908,,,,,,,,,,,,,22,path,0.2
5,train_outer,10012210,,,,,,,,,,,,,22,path,0.2
5,train_outer,20360194,,,,,,,,,,,,,22,path,0.2
5,train_outer,20677961,,,,,,,,,,,,,22,path,0.2
5,train_outer,14653930,,,,,,,,,,,,,22,path,0.2
5,train_outer,20710769,,,,,,,,,,,,,22,path,0.2
5,train_outer,12419489,,,,,,,,,,,,,22,path,0.2
5,train_outer,11972396,,,,,,,,,,,,,22,path,0.2
5,train_outer,11932685,,,,,,,,,,,,,22,path,0.2
5,train_outer,586698,,,,,,,,,,,,,22,path,0.2
5,train_outer,16830390,,,,,,,,,,,,,22,path,0.2
5,train_outer,16808905,,,,,,,,,,,,,22,path,0.2
5,train_outer,16398336,,,,,,,,,,,,,22,path,0.2
5,train_outer,10680627,,,,,,,,,,,,,22,path,0.2
5,train_outer,15263444,,,,,,,,,,,,,22,path,0.2
5,train_outer,10548249,,,,,,,,,,,,,22,path,0.2
5,train_outer,14279650,,,,,,,,,,,,,22,path,0.2
5,train_outer,21068674,,,,,,,,,,,,,22,path,0.2
5,train_outer,20598191,,,,,,,,,,,,,22,path,0.2
5,train_outer,21078397,,,,,,,,,,,,,22,path,0.2
5,train_outer,10148300,,,,,,,,,,,,,22,path,0.2
5,train_outer,18241909,,,,,,,,,,,,,22,path,0.2
5,train_outer,16784223,,,,,,,,,,,,,22,path,0.2
5,train_outer,15876887,,,,,,,,,,,,,22,path,0.2
5,train_outer,21200783,,,,,,,,,,,,,22,path,0.2
5,train_outer,13161584,,,,,,,,,,,,,22,path,0.2
5,train_outer,13787273,,,,,,,,,,,,,22,path,0.2
5,train_outer,10262640,,,,,,,,,,,,,22,path,0.2
5,train_outer,12527217,,,,,,,,,,,,,22,path,0.2
5,train_outer,12540915,,,,,,,,,,,,,22,path,0.2
5,train_outer,12818978,,,,,,,,,,,,,22,path,0.2
5,train_outer,12834264,,,,,,,,,,,,,22,path,0.2
5,train_outer,13643696,,,,,,,,,,,,,22,path,0.2
5,train_outer,14246141,,,,,,,,,,,,,22,path,0.2
5,train_outer,14826120,,,,,,,,,,,,,22,path,0.2
5,train_outer,14947437,,,,,,,,,,,,,22,path,0.2
5,train_outer,15329974,,,,,,,,,,,,,22,path,0.2
5,train_outer,15398979,,,,,,,,,,,,,22,path,0.2
5,train_outer,15970864,,,,,,,,,,,,,22,path,0.2
5,train_outer,16186433,,,,,,,,,,,,,22,path,0.2
5,train_outer,16220376,,,,,,,,,,,,,22,path,0.2
5,train_outer,16470184,,,,,,,,,,,,,22,path,0.2
5,train_outer,17290521,,,,,,,,,,,,,22,path,0.2
5,train_outer,17923173,,,,,,,,,,,,,22,path,0.2
5,train_outer,18486672,,,,,,,,,,,,,22,path,0.2
5,train_outer,18711589,,,,,,,,,,,,,22,path,0.2
5,train_outer,18982916,,,,,,,,,,,,,22,path,0.2
5,train_outer,19032437,,,,,,,,,,,,,22,path,0.2
5,train_outer,19052019,,,,,,,,,,,,,22,path,0.2
5,train_outer,19316184,,,,,,,,,,,,,22,path,0.2
5,train_outer,11721931,,,,,,,,,,,,,22,path,0.2
5,train_outer,11834621,,,,,,,,,,,,,22,path,0.2
5,train_outer,12379146,,,,,,,,,,,,,22,path,0.2
5,train_outer,12614791,,,,,,,,,,,,,22,path,0.2
5,train_outer,14375972,,,,,,,,,,,,,22,path,0.2
5,train_outer,15001347,,,,,,,,,,,,,22,path,0.2
5,train_outer,15162605,,,,,,,,,,,,,22,path,0.2
5,train_outer,15366427,,,,,,,,,,,,,22,path,0.2
5,train_outer,15423946,,,,,,,,,,,,,22,path,0.2
5,train_outer,15697092,,,,,,,,,,,,,22,path,0.2
5,train_outer,15955689,,,,,,,,,,,,,22,path,0.2
5,train_outer,17370457,,,,,,,,,,,,,22,path,0.2
5,train_outer,15141193,,,,,,,,,,,,,22,path,0.2
5,train_outer,577697,,,,,,,,,,,,,22,path,0.2
5,train_outer,10013509,,,,,,,,,,,,,22,path,0.2
5,train_outer,10044748,,,,,,,,,,,,,22,path,0.2
5,train_outer,10095373,,,,,,,,,,,,,22,path,0.2
5,train_outer,10603027,,,,,,,,,,,,,22,path,0.2
5,train_outer,10848834,,,,,,,,,,,,,22,path,0.2
5,train_outer,11411793,,,,,,,,,,,,,22,path,0.2
5,train_outer,11622567,,,,,,,,,,,,,22,path,0.2
5,train_outer,11653088,,,,,,,,,,,,,22,path,0.2
5,train_outer,11800552,,,,,,,,,,,,,22,path,0.2
5,train_outer,11821945,,,,,,,,,,,,,22,path,0.2
5,train_outer,12069946,,,,,,,,,,,,,22,path,0.2
5,train_outer,12148955,,,,,,,,,,,,,22,path,0.2
5,train_outer,12386307,,,,,,,,,,,,,22,path,0.2
5,train_outer,12492026,,,,,,,,,,,,,22,path,0.2
5,train_outer,12583361,,,,,,,,,,,,,22,path,0.2
5,train_outer,13282934,,,,,,,,,,,,,22,path,0.2
5,train_outer,13691299,,,,,,,,,,,,,22,path,0.2
5,train_outer,13793534,,,,,,,,,,,,,22,path,0.2
5,train_outer,14035251,,,,,,,,,,,,,22,path,0.2
5,train_outer,14524333,,,,,,,,,,,,,22,path,0.2
5,train_outer,14741794,,,,,,,,,,,,,22,path,0.2
5,train_outer,14785724,,,,,,,,,,,,,22,path,0.2
5,train_outer,15031324,,,,,,,,,,,,,22,path,0.2
5,train_outer,15253580,,,,,,,,,,,,,22,path,0.2
5,train_outer,15256029,,,,,,,,,,,,,22,path,0.2
5,train_outer,15388458,,,,,,,,,,,,,22,path,0.2
5,train_outer,16170980,,,,,,,,,,,,,22,path,0.2
5,train_outer,16915450,,,,,,,,,,,,,22,path,0.2
5,train_outer,17194838,,,,,,,,,,,,,22,path,0.2
5,train_outer,17861159,,,,,,,,,,,,,22,path,0.2
5,train_outer,17959052,,,,,,,,,,,,,22,path,0.2
5,train_outer,18653723,,,,,,,,,,,,,22,path,0.2
5,train_outer,18661809,,,,,,,,,,,,,22,path,0.2
5,train_outer,18664964,,,,,,,,,,,,,22,path,0.2
5,train_outer,18793699,,,,,,,,,,,,,22,path,0.2
5,train_outer,18799499,,,,,,,,,,,,,22,path,0.2
5,train_outer,18808752,,,,,,,,,,,,,22,path,0.2
5,train_outer,18809106,,,,,,,,,,,,,22,path,0.2
5,train_outer,18818037,,,,,,,,,,,,,22,path,0.2
5,train_outer,18880707,,,,,,,,,,,,,22,path,0.2
5,train_outer,19171757,,,,,,,,,,,,,22,path,0.2
5,train_outer,19309727,,,,,,,,,,,,,22,path,0.2
5,train_outer,11180416,,,,,,,,,,,,,22,path,0.2
5,train_outer,11385096,,,,,,,,,,,,,22,path,0.2
5,train_outer,11401016,,,,,,,,,,,,,22,path,0.2
5,train_outer,11489340,,,,,,,,,,,,,22,path,0.2
5,train_outer,11594412,,,,,,,,,,,,,22,path,0.2
5,train_outer,11681499,,,,,,,,,,,,,22,path,0.2
5,train_outer,11794273,,,,,,,,,,,,,22,path,0.2
5,train_outer,11814382,,,,,,,,,,,,,22,path,0.2
5,train_outer,11824012,,,,,,,,,,,,,22,path,0.2
5,train_outer,11906931,,,,,,,,,,,,,22,path,0.2
5,train_outer,12636815,,,,,,,,,,,,,22,path,0.2
5,train_outer,13985997,,,,,,,,,,,,,22,path,0.2
5,train_outer,14040222,,,,,,,,,,,,,22,path,0.2
5,train_outer,14732179,,,,,,,,,,,,,22,path,0.2
5,train_outer,15299004,,,,,,,,,,,,,22,path,0.2
5,train_outer,17137601,,,,,,,,,,,,,22,path,0.2
5,train_outer,18199507,,,,,,,,,,,,,22,path,0.2
5,train_outer,18543332,,,,,,,,,,,,,22,path,0.2
5,train_outer,12093400,,,,,,,,,,,,,22,path,0.2
5,train_outer,13908208,,,,,,,,,,,,,22,path,0.2
5,train_outer,14210746,,,,,,,,,,,,,22,path,0.2
5,train_outer,14988315,,,,,,,,,,,,,22,path,0.2
5,train_outer,15127997,,,,,,,,,,,,,22,path,0.2
5,train_outer,18562866,,,,,,,,,,,,,22,path,0.2
5,train_outer,535583,,,,,,,,,,,,,22,path,0.2
5,train_outer,11608198,,,,,,,,,,,,,22,path,0.2
5,train_outer,12436441,,,,,,,,,,,,,22,path,0.2
5,train_outer,22582,,,,,,,,,,,,,22,path,0.2
5,train_outer,15539004,,,,,,,,,,,,,22,path,0.2
5,train_outer,17823068,,,,,,,,,,,,,22,path,0.2
5,train_outer,246847,,,,,,,,,,,,,22,path,0.2
5,train_outer,11465065,,,,,,,,,,,,,22,path,0.2
5,train_outer,11717014,,,,,,,,,,,,,22,path,0.2
5,train_outer,11769891,,,,,,,,,,,,,22,path,0.2
5,train_outer,12169842,,,,,,,,,,,,,22,path,0.2
5,train_outer,12235737,,,,,,,,,,,,,22,path,0.2
5,train_outer,12482927,,,,,,,,,,,,,22,path,0.2
5,train_outer,12587577,,,,,,,,,,,,,22,path,0.2
5,train_outer,13092509,,,,,,,,,,,,,22,path,0.2
5,train_outer,13182560,,,,,,,,,,,,,22,path,0.2
5,train_outer,14221623,,,,,,,,,,,,,22,path,0.2
5,train_outer,14425577,,,,,,,,,,,,,22,path,0.2
5,train_outer,14888869,,,,,,,,,,,,,22,path,0.2
5,train_outer,15905520,,,,,,,,,,,,,22,path,0.2
5,train_outer,16628950,,,,,,,,,,,,,22,path,0.2
5,train_outer,16722519,,,,,,,,,,,,,22,path,0.2
5,train_outer,17083115,,,,,,,,,,,,,22,path,0.2
5,train_outer,17103105,,,,,,,,,,,,,22,path,0.2
5,train_outer,17215866,,,,,,,,,,,,,22,path,0.2
5,train_outer,17299110,,,,,,,,,,,,,22,path,0.2
5,train_outer,17932422,,,,,,,,,,,,,22,path,0.2
5,train_outer,18612626,,,,,,,,,,,,,22,path,0.2
5,train_outer,18728195,,,,,,,,,,,,,22,path,0.2
5,train_outer,18781715,,,,,,,,,,,,,22,path,0.2
5,train_outer,18864853,,,,,,,,,,,,,22,path,0.2
5,train_outer,18901461,,,,,,,,,,,,,22,path,0.2
5,train_outer,10168570,,,,,,,,,,,,,22,path,0.2
5,train_outer,20060,,,,,,,,,,,,,22,path,0.2
5,train_outer,79508,,,,,,,,,,,,,22,path,0.2
5,train_outer,290115,,,,,,,,,,,,,22,path,0.2
5,train_outer,10318835,,,,,,,,,,,,,22,path,0.2
5,train_outer,10603871,,,,,,,,,,,,,22,path,0.2
5,train_outer,10749133,,,,,,,,,,,,,22,path,0.2
5,train_outer,11322813,,,,,,,,,,,,,22,path,0.2
5,train_outer,11761851,,,,,,,,,,,,,22,path,0.2
5,train_outer,11805660,,,,,,,,,,,,,22,path,0.2
5,train_outer,11837091,,,,,,,,,,,,,22,path,0.2
5,train_outer,11857407,,,,,,,,,,,,,22,path,0.2
5,train_outer,12098139,,,,,,,,,,,,,22,path,0.2
5,train_outer,12110141,,,,,,,,,,,,,22,path,0.2
5,train_outer,12230847,,,,,,,,,,,,,22,path,0.2
5,train_outer,12753678,,,,,,,,,,,,,22,path,0.2
5,train_outer,13041746,,,,,,,,,,,,,22,path,0.2
5,train_outer,13238594,,,,,,,,,,,,,22,path,0.2
5,train_outer,13474070,,,,,,,,,,,,,22,path,0.2
5,train_outer,13770286,,,,,,,,,,,,,22,path,0.2
5,train_outer,13885532,,,,,,,,,,,,,22,path,0.2
5,train_outer,13925217,,,,,,,,,,,,,22,path,0.2
5,train_outer,14261879,,,,,,,,,,,,,22,path,0.2
5,train_outer,14450517,,,,,,,,,,,,,22,path,0.2
5,train_outer,14869784,,,,,,,,,,,,,22,path,0.2
5,train_outer,14976505,,,,,,,,,,,,,22,path,0.2
5,train_outer,15004749,,,,,,,,,,,,,22,path,0.2
5,train_outer,15058011,,,,,,,,,,,,,22,path,0.2
5,train_outer,15191395,,,,,,,,,,,,,22,path,0.2
5,train_outer,15238591,,,,,,,,,,,,,22,path,0.2
5,train_outer,15434959,,,,,,,,,,,,,22,path,0.2
5,train_outer,15593227,,,,,,,,,,,,,22,path,0.2
5,train_outer,15646198,,,,,,,,,,,,,22,path,0.2
5,train_outer,16227637,,,,,,,,,,,,,22,path,0.2
5,train_outer,16302547,,,,,,,,,,,,,22,path,0.2
5,train_outer,16577332,,,,,,,,,,,,,22,path,0.2
5,train_outer,16815727,,,,,,,,,,,,,22,path,0.2
5,train_outer,17095334,,,,,,,,,,,,,22,path,0.2
5,train_outer,17097216,,,,,,,,,,,,,22,path,0.2
5,train_outer,17648478,,,,,,,,,,,,,22,path,0.2
5,train_outer,17782775,,,,,,,,,,,,,22,path,0.2
5,train_outer,17921940,,,,,,,,,,,,,22,path,0.2
5,train_outer,17958182,,,,,,,,,,,,,22,path,0.2
5,train_outer,18592113,,,,,,,,,,,,,22,path,0.2
5,train_outer,19477357,,,,,,,,,,,,,22,path,0.2
5,train_outer,19754814,,,,,,,,,,,,,22,path,0.2
5,train_outer,19797325,,,,,,,,,,,,,22,path,0.2
5,train_outer,20004272,,,,,,,,,,,,,22,path,0.2
5,train_outer,20037187,,,,,,,,,,,,,22,path,0.2
5,train_outer,20094842,,,,,,,,,,,,,22,path,0.2
5,train_outer,20110902,,,,,,,,,,,,,22,path,0.2
5,train_outer,20126228,,,,,,,,,,,,,22,path,0.2
5,train_outer,20185477,,,,,,,,,,,,,22,path,0.2
5,train_outer,20494005,,,,,,,,,,,,,22,path,0.2
5,test_outer,374909,,,,,,,,,,,,,22,path,0.2
5,test_outer,15563805,,,,,,,,,,,,,22,path,0.2
5,test_outer,20416158,,,,,,,,,,,,,22,path,0.2
5,test_outer,10651619,,,,,,,,,,,,,22,path,0.2
5,test_outer,11818229,,,,,,,,,,,,,22,path,0.2
5,test_outer,192787,,,,,,,,,,,,,22,path,0.2
5,test_outer,20810268,,,,,,,,,,,,,22,path,0.2
5,test_outer,310824,,,,,,,,,,,,,22,path,0.2
5,test_outer,17280160,,,,,,,,,,,,,22,path,0.2
5,test_outer,11822030,,,,,,,,,,,,,22,path,0.2
5,test_outer,12224103,,,,,,,,,,,,,22,path,0.2
5,test_outer,15907405,,,,,,,,,,,,,22,path,0.2
5,test_outer,17626540,,,,,,,,,,,,,22,path,0.2
5,test_outer,17815997,,,,,,,,,,,,,22,path,0.2
5,test_outer,18242610,,,,,,,,,,,,,22,path,0.2
5,test_outer,10905401,,,,,,,,,,,,,22,path,0.2
5,test_outer,11963103,,,,,,,,,,,,,22,path,0.2
5,test_outer,18622263,,,,,,,,,,,,,22,path,0.2
5,test_outer,412386,,,,,,,,,,,,,22,path,0.2
5,test_outer,13848180,,,,,,,,,,,,,22,path,0.2
5,test_outer,14125716,,,,,,,,,,,,,22,path,0.2
5,test_outer,15088329,,,,,,,,,,,,,22,path,0.2
5,test_outer,15221964,,,,,,,,,,,,,22,path,0.2
5,test_outer,15293082,,,,,,,,,,,,,22,path,0.2
5,test_outer,16010363,,,,,,,,,,,,,22,path,0.2
5,test_outer,16999701,,,,,,,,,,,,,22,path,0.2
5,test_outer,17843402,,,,,,,,,,,,,22,path,0.2
5,test_outer,18895067,,,,,,,,,,,,,22,path,0.2
5,test_outer,11717194,,,,,,,,,,,,,22,path,0.2
5,test_outer,12041667,,,,,,,,,,,,,22,path,0.2
5,test_outer,14341918,,,,,,,,,,,,,22,path,0.2
5,test_outer,16671380,,,,,,,,,,,,,22,path,0.2
5,test_outer,16261957,,,,,,,,,,,,,22,path,0.2
5,test_outer,11630247,,,,,,,,,,,,,22,path,0.2
5,test_outer,12082209,,,,,,,,,,,,,22,path,0.2
5,test_outer,12501269,,,,,,,,,,,,,22,path,0.2
5,test_outer,10899706,,,,,,,,,,,,,22,path,0.2
5,test_outer,13286264,,,,,,,,,,,,,22,path,0.2
5,test_outer,13872185,,,,,,,,,,,,,22,path,0.2
5,test_outer,14181060,,,,,,,,,,,,,22,path,0.2
5,test_outer,14599508,,,,,,,,,,,,,22,path,0.2
5,test_outer,15034276,,,,,,,,,,,,,22,path,0.2
5,test_outer,16340744,,,,,,,,,,,,,22,path,0.2
5,test_outer,18819128,,,,,,,,,,,,,22,path,0.2
5,test_outer,10475956,,,,,,,,,,,,,22,path,0.2
5,test_outer,11860755,,,,,,,,,,,,,22,path,0.2
5,test_outer,12963363,,,,,,,,,,,,,22,path,0.2
5,test_outer,13446892,,,,,,,,,,,,,22,path,0.2
5,test_outer,14353000,,,,,,,,,,,,,22,path,0.2
5,test_outer,14850910,,,,,,,,,,,,,22,path,0.2
5,test_outer,16569846,,,,,,,,,,,,,22,path,0.2
5,test_outer,16884084,,,,,,,,,,,,,22,path,0.2
5,test_outer,17621600,,,,,,,,,,,,,22,path,0.2
5,test_outer,19176559,,,,,,,,,,,,,22,path,0.2
5,test_outer,19704765,,,,,,,,,,,,,22,path,0.2
5,test_outer,20047967,,,,,,,,,,,,,22,path,0.2
5,test_outer_eval,192787,path,0.0,-0.05386601388454437,0.0,0.07594817876815796,1.0,-0.26160141825675964,0.0,0.11350669711828232,1.0,-0.2775331139564514,0.0,22,path,0.2
5,test_outer_eval,310824,path,0.0,-0.11825887113809586,0.0,-0.0499870665371418,0.0,0.026425357908010483,1.0,0.1379825472831726,1.0,-0.2015528678894043,0.0,22,path,0.2
5,test_outer_eval,374909,path,0.0,-0.08022518455982208,0.0,-0.4923827052116394,0.0,0.05044334754347801,1.0,0.08433591574430466,1.0,-0.14008617401123047,0.0,22,path,0.2
5,test_outer_eval,412386,path,0.0,0.10871461033821106,1.0,0.09689183533191681,1.0,0.1850520670413971,1.0,0.049391843378543854,1.0,0.19452090561389923,1.0,22,path,0.2
5,test_outer_eval,10475956,path,0.0,0.07840427756309509,1.0,0.7663005590438843,1.0,0.15636804699897766,1.0,0.03149416297674179,1.0,0.0023951660841703415,1.0,22,path,0.2
5,test_outer_eval,10651619,path,0.0,-0.2887161374092102,0.0,-0.5434954166412354,0.0,-0.16444575786590576,0.0,0.11820012331008911,1.0,0.003930255770683289,1.0,22,path,0.2
5,test_outer_eval,10899706,path,0.0,-0.21004945039749146,0.0,0.9299776554107666,1.0,0.27215176820755005,1.0,0.12797462940216064,1.0,0.008299686014652252,1.0,22,path,0.2
5,test_outer_eval,10905401,path,0.0,-0.1068093329668045,0.0,0.3521267771720886,1.0,0.16447371244430542,1.0,0.06265582144260406,1.0,0.050657108426094055,1.0,22,path,0.2
5,test_outer_eval,11630247,path,0.0,0.02099710702896118,1.0,1.3908209800720215,1.0,-0.09561536461114883,0.0,-0.08754222095012665,0.0,0.1872316151857376,1.0,22,path,0.2
5,test_outer_eval,11717194,path,0.0,-0.10796858370304108,0.0,0.6191042065620422,1.0,-0.023051317781209946,0.0,0.09051497280597687,1.0,0.05920131504535675,1.0,22,path,0.2
5,test_outer_eval,11818229,path,0.0,0.0034157857298851013,1.0,0.5570944547653198,1.0,0.15203963220119476,1.0,0.04851003363728523,1.0,0.03647864609956741,1.0,22,path,0.2
5,test_outer_eval,11822030,path,0.0,-0.11935603618621826,0.0,0.3144005537033081,1.0,-0.3211226761341095,0.0,0.024879375472664833,1.0,0.010478613898158073,1.0,22,path,0.2
5,test_outer_eval,11860755,path,0.0,-0.15970256924629211,0.0,0.02292504534125328,1.0,-0.32137537002563477,0.0,0.19942928850650787,1.0,0.07334987819194794,1.0,22,path,0.2
5,test_outer_eval,11963103,path,0.0,-0.143090158700943,0.0,0.22141431272029877,1.0,-0.162027508020401,0.0,-0.04010481387376785,0.0,-0.127407968044281,0.0,22,path,0.2
5,test_outer_eval,12041667,path,0.0,0.11591959744691849,1.0,0.5100746154785156,1.0,0.4127378463745117,1.0,-0.023016035556793213,0.0,0.303739994764328,1.0,22,path,0.2
5,test_outer_eval,12082209,path,0.0,0.04360141605138779,1.0,0.17727968096733093,1.0,0.2784184217453003,1.0,-0.0629061758518219,0.0,-0.23994305729866028,0.0,22,path,0.2
5,test_outer_eval,12224103,path,0.0,0.26047536730766296,1.0,0.14309003949165344,1.0,-0.2886428236961365,0.0,-0.0009446367621421814,0.0,-0.008449055254459381,0.0,22,path,0.2
5,test_outer_eval,12501269,path,0.0,-0.0326852947473526,0.0,-0.08972574770450592,0.0,0.02454020455479622,1.0,0.09054841846227646,1.0,-0.20972682535648346,0.0,22,path,0.2
5,test_outer_eval,12963363,path,0.0,-0.0387677326798439,0.0,0.47431397438049316,1.0,0.1723949909210205,1.0,0.06425358355045319,1.0,0.1517598032951355,1.0,22,path,0.2
5,test_outer_eval,13286264,path,0.0,0.0483451709151268,1.0,0.1757132112979889,1.0,0.2824685573577881,1.0,0.12862156331539154,1.0,-0.06963714212179184,0.0,22,path,0.2
5,test_outer_eval,13446892,path,0.0,0.034617941826581955,1.0,0.2974405884742737,1.0,0.14610286056995392,1.0,0.010559216141700745,1.0,0.11009061336517334,1.0,22,path,0.2
5,test_outer_eval,13848180,path,0.0,-0.010244660079479218,0.0,-0.14598891139030457,0.0,-0.1276150941848755,0.0,0.011348988860845566,1.0,0.1545705646276474,1.0,22,path,0.2
5,test_outer_eval,13872185,path,0.0,0.08868476748466492,1.0,0.1929571032524109,1.0,0.08811153471469879,1.0,-0.0028817877173423767,0.0,-0.019244132563471794,0.0,22,path,0.2
5,test_outer_eval,14125716,path,0.0,-0.10672580450773239,0.0,0.9656657576560974,1.0,0.30837637186050415,1.0,0.1500225067138672,1.0,0.22721204161643982,1.0,22,path,0.2
5,test_outer_eval,14181060,path,0.0,-0.025137558579444885,0.0,-0.30902373790740967,0.0,0.29071053862571716,1.0,0.08657971024513245,1.0,-0.03702925145626068,0.0,22,path,0.2
5,test_outer_eval,14341918,path,0.0,-0.33336925506591797,0.0,0.7183966636657715,1.0,-1.7435272932052612,0.0,-0.057174764573574066,0.0,0.1139809638261795,1.0,22,path,0.2
5,test_outer_eval,14353000,path,0.0,-0.25734683871269226,0.0,0.23648491501808167,1.0,0.13262459635734558,1.0,0.11718153953552246,1.0,0.0737839788198471,1.0,22,path,0.2
5,test_outer_eval,14599508,path,0.0,0.06563174724578857,1.0,0.03951701894402504,1.0,-0.1743943840265274,0.0,0.0006118491291999817,1.0,0.1588669717311859,1.0,22,path,0.2
5,test_outer_eval,14850910,path,0.0,-0.2719360589981079,0.0,0.18702708184719086,1.0,-0.12052781134843826,0.0,0.1601136475801468,1.0,0.07884634286165237,1.0,22,path,0.2
5,test_outer_eval,15034276,path,0.0,-0.11146079003810883,0.0,-0.039567980915308,0.0,-0.3271501362323761,0.0,0.24367347359657288,1.0,0.13197414577007294,1.0,22,path,0.2
5,test_outer_eval,15088329,path,0.0,0.0823795348405838,1.0,0.4878198504447937,1.0,0.26166656613349915,1.0,0.037443019449710846,1.0,0.1472320854663849,1.0,22,path,0.2
5,test_outer_eval,15221964,path,0.0,-0.27080315351486206,0.0,0.3344898521900177,1.0,0.1232466921210289,1.0,0.03203432261943817,1.0,0.007546067237854004,1.0,22,path,0.2
5,test_outer_eval,15293082,path,0.0,-0.10791037231683731,0.0,1.2301925420761108,1.0,0.1858185976743698,1.0,0.07146228849887848,1.0,-0.08897140622138977,0.0,22,path,0.2
5,test_outer_eval,15563805,path,0.0,0.14202570915222168,1.0,-0.2921752333641052,0.0,0.02607821673154831,1.0,-0.15829329192638397,0.0,-0.21164368093013763,0.0,22,path,0.2
5,test_outer_eval,15907405,path,0.0,0.12816978991031647,1.0,0.6968857049942017,1.0,0.20621442794799805,1.0,0.020538482815027237,1.0,0.12918180227279663,1.0,22,path,0.2
5,test_outer_eval,16010363,path,0.0,-0.01830672100186348,0.0,0.8447105884552002,1.0,0.23559024930000305,1.0,-0.09824369102716446,0.0,-0.1243547648191452,0.0,22,path,0.2
5,test_outer_eval,16261957,path,0.0,0.16517570614814758,1.0,1.1242495775222778,1.0,0.3761743903160095,1.0,0.032872796058654785,1.0,0.3131048083305359,1.0,22,path,0.2
5,test_outer_eval,16340744,path,0.0,-0.20044508576393127,0.0,-0.07669126987457275,0.0,0.10385532677173615,1.0,0.10064716637134552,1.0,0.06854252517223358,1.0,22,path,0.2
5,test_outer_eval,16569846,path,0.0,-0.12811332941055298,0.0,-0.27114102244377136,0.0,-0.01032010093331337,0.0,0.16708815097808838,1.0,-0.06861971318721771,0.0,22,path,0.2
5,test_outer_eval,16671380,path,0.0,0.01212986744940281,1.0,0.8058782815933228,1.0,0.2599460184574127,1.0,0.008017897605895996,1.0,0.007410012185573578,1.0,22,path,0.2
5,test_outer_eval,16884084,path,0.0,-0.019816089421510696,0.0,0.1345292329788208,1.0,0.3098471760749817,1.0,-0.014023564755916595,0.0,-0.04969307780265808,0.0,22,path,0.2
5,test_outer_eval,16999701,path,0.0,0.07229815423488617,1.0,-0.5592038631439209,0.0,-0.24971109628677368,0.0,0.12730732560157776,1.0,-0.09174580127000809,0.0,22,path,0.2
5,test_outer_eval,17280160,path,0.0,0.04532423987984657,1.0,0.2638111114501953,1.0,0.16794361174106598,1.0,0.01698055863380432,1.0,-0.0991610735654831,0.0,22,path,0.2
5,test_outer_eval,17621600,path,0.0,-0.14678417146205902,0.0,-0.2630684971809387,0.0,-0.31725072860717773,0.0,0.024346627295017242,1.0,-0.17755484580993652,0.0,22,path,0.2
5,test_outer_eval,17626540,path,0.0,-0.04951363429427147,0.0,-0.5588666200637817,0.0,0.010814212262630463,1.0,0.13996519148349762,1.0,-0.4210243225097656,0.0,22,path,0.2
5,test_outer_eval,17815997,path,0.0,-0.10311992466449738,0.0,0.17166297137737274,1.0,-0.11039434373378754,0.0,-0.07422272861003876,0.0,-0.07025688886642456,0.0,22,path,0.2
5,test_outer_eval,17843402,path,0.0,-0.034346818923950195,0.0,0.12182663381099701,1.0,0.25630053877830505,1.0,0.09050232172012329,1.0,-0.03744503855705261,0.0,22,path,0.2
5,test_outer_eval,18242610,path,0.0,0.013060100376605988,1.0,0.08921420574188232,1.0,-0.04757649451494217,0.0,0.0403447151184082,1.0,0.07863806188106537,1.0,22,path,0.2
5,test_outer_eval,18622263,path,0.0,0.027451395988464355,1.0,1.123854637145996,1.0,-0.25848978757858276,0.0,-0.006187327206134796,0.0,0.06871681660413742,1.0,22,path,0.2
5,test_outer_eval,18819128,path,0.0,-0.15071356296539307,0.0,0.14072243869304657,1.0,0.17422065138816833,1.0,0.09371745586395264,1.0,0.09873125702142715,1.0,22,path,0.2
5,test_outer_eval,18895067,path,0.0,0.25721392035484314,1.0,0.3375363349914551,1.0,0.2250317484140396,1.0,-0.16220754384994507,0.0,-0.16234661638736725,0.0,22,path,0.2
5,test_outer_eval,19176559,path,0.0,-0.055871136486530304,0.0,-0.14460863173007965,0.0,-0.17623913288116455,0.0,0.08071858435869217,1.0,-0.1626313179731369,0.0,22,path,0.2
5,test_outer_eval,19704765,path,0.0,-0.05444135144352913,0.0,0.04901029169559479,1.0,0.15899640321731567,1.0,0.17588622868061066,1.0,0.06318318098783493,1.0,22,path,0.2
5,test_outer_eval,20047967,path,0.0,-0.09191067516803741,0.0,0.2889167070388794,1.0,-0.016817068681120872,0.0,0.06241404265165329,1.0,-0.03362772613763809,0.0,22,path,0.2
5,test_outer_eval,20416158,path,0.0,0.11341962218284607,1.0,-0.47980692982673645,0.0,-0.1818775087594986,0.0,0.004313550889492035,1.0,-0.18713173270225525,0.0,22,path,0.2
5,test_outer_eval,20810268,path,0.0,-0.23583850264549255,0.0,0.2615498900413513,1.0,0.278299480676651,1.0,0.10070796310901642,1.0,0.08403205871582031,1.0,22,path,0.2
