outer_test_LOGLOSS_mean,outer_test_LOGLOSS_std,outer_test_AUC_mean,outer_test_AUC_std,outer_test_AUCPR_mean,outer_test_AUCPR_std,outer_test_ACC_mean,outer_test_ACC_std,outer_test_SEN_mean,outer_test_SEN_std,outer_test_SP_mean,outer_test_SP_std,outer_test_MCC_mean,outer_test_MCC_std
0.6784077321984378,0.012819558179444723,0.5298453010833963,0.052337905386191375,0.6644987432210945,0.04278325959848973,0.5772639933166248,0.03827405276560651,0.712010582010582,0.156133486874777,0.342047619047619,0.19779346152080915,0.043932262274991855,0.08783409194022883
