outer_test_LOGLOSS_mean,outer_test_LOGLOSS_std,outer_test_AUC_mean,outer_test_AUC_std,outer_test_AUCPR_mean,outer_test_AUCPR_std,outer_test_ACC_mean,outer_test_ACC_std,outer_test_SEN_mean,outer_test_SEN_std,outer_test_SP_mean,outer_test_SP_std,outer_test_MCC_mean,outer_test_MCC_std
0.6753878930216423,0.01435867952284405,0.5723960695389267,0.04278603197890626,0.6905734378943712,0.036478728038873844,0.5912155388471177,0.04581996826859892,0.7107460317460317,0.18580512451803385,0.38485714285714284,0.2205767144536532,0.11004732809771667,0.0771468360456915
