{"avg_inner_best_models/val_auc_mean":0.6724137931034483,"_wandb":{"runtime":0},"_runtime":0.096070401,"_timestamp":1.772825898146125e+09,"_step":49,"avg_inner_best_models/train_loss_mean":0.5043705155452093,"avg_inner_best_models/val_loss_mean":0.6943219900131226}