{"_runtime":0.05383606,"avg_inner_best_models/train_loss_mean":0.42126086354255676,"avg_inner_best_models/val_loss_mean":0.5942280093828837,"_timestamp":1.772497336036249e+09,"_step":33,"_wandb":{"runtime":0}}