{"_runtime":0.060905204,"_timestamp":1.7725623168687406e+09,"_step":63,"avg_inner_best_models/train_loss_mean":0.4873643492658933,"avg_inner_best_models/val_loss_mean":0.6492009361584982,"_wandb":{"runtime":0}}