{"_wandb":{"runtime":0},"_runtime":0.040961105,"avg_inner_best_models/val_loss_mean":0.6181056698163351,"_timestamp":1.772543964464457e+09,"_step":60,"avg_inner_best_models/train_loss_mean":0.42585258682568866}