{"_wandb":{"runtime":0},"_runtime":0.051184471,"avg_inner_best_models/val_auc_mean":0.6286221385105766,"_timestamp":1.7728229015771446e+09,"_step":23,"avg_inner_best_models/train_loss_mean":0.5888079479336739,"avg_inner_best_models/val_loss_mean":0.6517486025889714}