{"_runtime":0.037374316,"_timestamp":1.772540551599368e+09,"_step":51,"avg_inner_best_models/train_loss_mean":0.47640370825926465,"avg_inner_best_models/val_loss_mean":0.6459354758262634,"_wandb":{"runtime":0}}