{"_step":31,"avg_inner_best_models/train_loss_mean":0.5473627348740895,"avg_inner_best_models/val_loss_mean":0.655698870619138,"_wandb":{"runtime":0},"_runtime":0.058243186,"avg_inner_best_models/val_auc_mean":0.6245200666473486,"_timestamp":1.7727649701130092e+09}