{"_timestamp":1.772522490349371e+09,"_step":33,"avg_inner_best_models/train_loss_mean":0.28681838512420654,"avg_inner_best_models/val_loss_mean":0.6653475165367126,"_wandb":{"runtime":0},"_runtime":0.051099773}