{"avg_inner_best_models/val_auc_mean":0.6953781512605042,"_runtime":0.057638435,"_wandb":{"runtime":0},"_timestamp":1.7727897463736737e+09,"_step":62,"avg_inner_best_models/train_loss_mean":0.4886517922083537,"avg_inner_best_models/val_loss_mean":0.6599093377590179}