outer_test_LOGLOSS_mean,outer_test_LOGLOSS_std,outer_test_AUC_mean,outer_test_AUC_std,outer_test_AUCPR_mean,outer_test_AUCPR_std,outer_test_ACC_mean,outer_test_ACC_std,outer_test_SEN_mean,outer_test_SEN_std,outer_test_SP_mean,outer_test_SP_std,outer_test_MCC_mean,outer_test_MCC_std
0.6799439356649195,0.013570718929096533,0.5549445704207608,0.05966805051714384,0.6922734511227352,0.05739492860316853,0.5761507936507936,0.06777891506403555,0.7066666666666667,0.16196605744958364,0.3488730158730159,0.13150416787196897,0.0683713327938069,0.10024100907245903
