outer_test_LOGLOSS_mean,outer_test_LOGLOSS_std,outer_test_AUC_mean,outer_test_AUC_std,outer_test_AUCPR_mean,outer_test_AUCPR_std,outer_test_ACC_mean,outer_test_ACC_std,outer_test_SEN_mean,outer_test_SEN_std,outer_test_SP_mean,outer_test_SP_std,outer_test_MCC_mean,outer_test_MCC_std
0.6721678262787775,0.015619129912566523,0.5571174099269336,0.062136744233621824,0.6943001348287188,0.055990881090641945,0.5959502923976608,0.047861703792981915,0.7571904761904762,0.04625201502303666,0.3165873015873016,0.11341196056304688,0.07727704442960286,0.12216456885345114
