{"_timestamp":1.7727688033029547e+09,"_step":80,"_wandb":{"runtime":0},"_runtime":0.060834129,"avg_inner_best_models/train_loss_mean":0.3560115148623784,"avg_inner_best_models/val_loss_mean":0.5847984254360199,"avg_inner_best_models/val_auc_mean":0.7823275862068966}