{"_timestamp":1.7725306682940917e+09,"_step":38,"avg_inner_best_models/train_loss_mean":0.25842143471042317,"avg_inner_best_models/val_loss_mean":0.6130689382553101,"_wandb":{"runtime":0},"_runtime":0.051788485}