{"_timestamp":1.772524549229712e+09,"_wandb":{"runtime":0},"_runtime":0.037128604,"_step":30,"avg_inner_best_models/train_loss_mean":0.39184439927339554,"avg_inner_best_models/val_loss_mean":0.6482137640317281}