{"avg_inner_best_models/val_loss_mean":0.6733130514621735,"avg_inner_best_models/val_auc_mean":0.6961206896551724,"_timestamp":1.772862650851983e+09,"_step":42,"_runtime":0.059797745,"_wandb":{"runtime":0},"avg_inner_best_models/train_loss_mean":1.0029216905434926}