{"_wandb":{"runtime":0},"_runtime":0.060060619,"avg_inner_best_models/train_loss_mean":0.5833061734835306,"avg_inner_best_models/val_loss_mean":0.6593555510044098,"_timestamp":1.7725760161765037e+09,"_step":62}