{"_wandb":{"runtime":0},"_runtime":0.04188291,"_step":54,"avg_inner_best_models/train_loss_mean":0.38552308827638626,"avg_inner_best_models/val_loss_mean":0.5997296571731567,"_timestamp":1.7725190320769079e+09}