{"_timestamp":1.7727542752456143e+09,"_step":29,"avg_inner_best_models/train_loss_mean":0.49927376210689545,"avg_inner_best_models/val_loss_mean":0.6749142408370972,"_wandb":{"runtime":0},"_runtime":0.057330229,"avg_inner_best_models/val_auc_mean":0.5775862068965517}