{"_timestamp":1.7724962166882315e+09,"_step":30,"_wandb":{"runtime":0},"_runtime":0.037463857,"avg_inner_best_models/train_loss_mean":0.47704702864090603,"avg_inner_best_models/val_loss_mean":0.636536439259847}