outer_test_LOGLOSS_mean,outer_test_LOGLOSS_std,outer_test_AUC_mean,outer_test_AUC_std,outer_test_AUCPR_mean,outer_test_AUCPR_std,outer_test_ACC_mean,outer_test_ACC_std,outer_test_SEN_mean,outer_test_SEN_std,outer_test_SP_mean,outer_test_SP_std,outer_test_MCC_mean,outer_test_MCC_std
0.6690210257926806,0.01155214805154032,0.587747480473671,0.044487110090824844,0.7120364756874791,0.04399836234454431,0.6096365914786968,0.05775929247017531,0.7323968253968254,0.10757715600673214,0.39438095238095233,0.09215250836588804,0.13672975703373236,0.10181559901368191
