outer_test_LOGLOSS_mean,outer_test_LOGLOSS_std,outer_test_AUC_mean,outer_test_AUC_std,outer_test_AUCPR_mean,outer_test_AUCPR_std,outer_test_ACC_mean,outer_test_ACC_std,outer_test_SEN_mean,outer_test_SEN_std,outer_test_SP_mean,outer_test_SP_std,outer_test_MCC_mean,outer_test_MCC_std
0.6761214949021359,0.016633690334626538,0.5629345553036029,0.04389473563366119,0.6965465654467107,0.047533831416657735,0.575062656641604,0.05774843598807642,0.6718465608465609,0.1234233534384051,0.4103015873015872,0.12116948800706907,0.08691583932136773,0.10705482430351164
