{"_runtime":0.062448509,"avg_inner_best_models/val_loss_mean":0.6897245943546295,"_timestamp":1.772527647794081e+09,"_step":36,"avg_inner_best_models/train_loss_mean":0.48134735226631165,"_wandb":{"runtime":0}}