{"_timestamp":1.7725344093468149e+09,"_step":30,"avg_inner_best_models/train_loss_mean":0.5852815409501394,"_wandb":{"runtime":0},"_runtime":0.039435463,"avg_inner_best_models/val_loss_mean":0.6962101260821024}