{"_step":59,"avg_inner_best_models/train_loss_mean":0.4213416650891304,"avg_inner_best_models/val_loss_mean":0.6128148039182028,"_timestamp":1.7725260253012736e+09,"_wandb":{"runtime":0},"_runtime":0.055558318}