{"_runtime":0.036367575,"_timestamp":1.7725431146769211e+09,"_step":26,"avg_inner_best_models/train_loss_mean":0.5922812322775522,"avg_inner_best_models/val_loss_mean":0.6766697466373444,"_wandb":{"runtime":0}}