{"_runtime":0.05100791,"_wandb":{"runtime":0},"avg_inner_best_models/val_loss_mean":0.6880759398142496,"avg_inner_best_models/val_auc_mean":0.7342799188640974,"_timestamp":1.7727522059351816e+09,"_step":32,"avg_inner_best_models/train_loss_mean":0.5407640660802523}