{"avg_inner_best_models/val_loss_mean":0.6466700881719589,"avg_inner_best_models/val_auc_mean":0.6772402926687917,"_timestamp":1.772802566431265e+09,"_step":25,"_wandb":{"runtime":0},"_runtime":0.067801146,"avg_inner_best_models/train_loss_mean":0.5391501362125078}