{"avg_inner_best_models/train_loss_mean":0.4510123481353124,"_wandb":{"runtime":0},"_runtime":0.070225778,"avg_inner_best_models/val_loss_mean":0.6419927775859833,"_timestamp":1.7725736260908275e+09,"_step":63}