{"_wandb":{"runtime":0},"_runtime":0.06831575,"avg_inner_best_models/train_loss_mean":0.52789303312699,"avg_inner_best_models/val_loss_mean":0.6604242742061615,"_timestamp":1.7725552350072799e+09,"_step":59}