outer_test_LOGLOSS_mean,outer_test_LOGLOSS_std,outer_test_AUC_mean,outer_test_AUC_std,outer_test_AUCPR_mean,outer_test_AUCPR_std,outer_test_ACC_mean,outer_test_ACC_std,outer_test_SEN_mean,outer_test_SEN_std,outer_test_SP_mean,outer_test_SP_std,outer_test_MCC_mean,outer_test_MCC_std
0.67850838940287,0.015505488152404599,0.5547541572184429,0.07430418126066544,0.7134802457747371,0.05105507374955286,0.5592272347535505,0.062048186377577655,0.6710846560846561,0.1557418833240158,0.36974603174603177,0.20532071374869917,0.04811613071554324,0.1377287608249038
