{"_timestamp":1.7727985233861196e+09,"_step":29,"avg_inner_best_models/train_loss_mean":0.5217843130230904,"_runtime":0.065550982,"_wandb":{"runtime":0},"avg_inner_best_models/val_loss_mean":0.6646576722462972,"avg_inner_best_models/val_auc_mean":0.6508620689655172}