{"_step":70,"_wandb":{"runtime":0},"_runtime":0.10764727,"avg_inner_best_models/train_loss_mean":1.474652220805486,"avg_inner_best_models/val_loss_mean":0.6255309383074442,"avg_inner_best_models/val_auc_mean":0.742393509127789,"_timestamp":1.7728488439064233e+09}