{"avg_inner_best_models/train_loss_mean":0.4942936400572459,"avg_inner_best_models/val_loss_mean":0.6649067103862762,"_wandb":{"runtime":0},"_runtime":0.146833836,"avg_inner_best_models/val_auc_mean":0.7016806722689076,"_timestamp":1.772825345160531e+09,"_step":44}