{"_timestamp":1.7727641477986183e+09,"_wandb":{"runtime":0},"_runtime":0.057776187,"_step":47,"avg_inner_best_models/train_loss_mean":0.5307496587435404,"avg_inner_best_models/val_loss_mean":0.6403120458126068,"avg_inner_best_models/val_auc_mean":0.6932773109243697}