{"avg_inner_best_models/val_auc_mean":0.680672268907563,"_timestamp":1.772791058331566e+09,"_step":37,"_wandb":{"runtime":0},"_runtime":0.054865229,"avg_inner_best_models/train_loss_mean":0.514072835445404,"avg_inner_best_models/val_loss_mean":0.6655692458152771}