{"avg_inner_best_models/val_loss_mean":0.6909392674763998,"_timestamp":1.772557370128985e+09,"_step":64,"avg_inner_best_models/train_loss_mean":0.5325684895118078,"_wandb":{"runtime":0},"_runtime":0.070204282}