{"avg_inner_best_models/train_loss_mean":0.4634588174521923,"avg_inner_best_models/val_loss_mean":0.645639975865682,"_timestamp":1.7725310688339307e+09,"_step":45,"_wandb":{"runtime":0},"_runtime":0.056216745}