{"_wandb":{"runtime":0},"_runtime":0.053357589,"_step":42,"avg_inner_best_models/train_loss_mean":0.3352135320504506,"avg_inner_best_models/val_loss_mean":0.6244292855262756,"_timestamp":1.7724996180822153e+09}