{"_step":63,"_wandb":{"runtime":0},"_runtime":0.056246075,"avg_inner_best_models/train_loss_mean":0.5290903846422831,"avg_inner_best_models/val_loss_mean":0.6511910855770111,"_timestamp":1.7725580078486795e+09}