outer_test_LOGLOSS_mean,outer_test_LOGLOSS_std,outer_test_AUC_mean,outer_test_AUC_std,outer_test_AUCPR_mean,outer_test_AUCPR_std,outer_test_ACC_mean,outer_test_ACC_std,outer_test_SEN_mean,outer_test_SEN_std,outer_test_SP_mean,outer_test_SP_std,outer_test_MCC_mean,outer_test_MCC_std
0.6824980624379561,0.015984099936326556,0.5831097883597884,0.06486424255496967,0.7224107454360292,0.04887405562567163,0.5645405179615707,0.06298349578230088,0.6409206349206349,0.0842075708822383,0.4339365079365079,0.15047955490842843,0.07319311510996362,0.15069058521244352
