{"avg_inner_best_models/val_loss_mean":0.6642625331878662,"_timestamp":1.7724936584866853e+09,"_step":27,"_runtime":0.072294963,"_wandb":{"runtime":0},"avg_inner_best_models/train_loss_mean":0.4282669648528099}