{"_wandb":{"runtime":0},"_runtime":0.036766357,"_step":37,"avg_inner_best_models/train_loss_mean":0.49510062485933304,"avg_inner_best_models/val_loss_mean":0.6296882232030233,"avg_inner_best_models/val_auc_mean":0.6939655172413792,"_timestamp":1.772771856456311e+09}