outer_test_LOGLOSS_mean,outer_test_LOGLOSS_std,outer_test_AUC_mean,outer_test_AUC_std,outer_test_AUCPR_mean,outer_test_AUCPR_std,outer_test_ACC_mean,outer_test_ACC_std,outer_test_SEN_mean,outer_test_SEN_std,outer_test_SP_mean,outer_test_SP_std,outer_test_MCC_mean,outer_test_MCC_std
0.6774903787098826,0.011960083546851404,0.5746009700176367,0.0622363110849141,0.7227936822754778,0.04500243382662324,0.5598684210526316,0.07106106611828543,0.6431481481481481,0.16099367287198013,0.4146666666666667,0.215551829315967,0.057643195054311175,0.15359221573006546
