outer_test_LOGLOSS_mean,outer_test_LOGLOSS_std,outer_test_AUC_mean,outer_test_AUC_std,outer_test_AUCPR_mean,outer_test_AUCPR_std,outer_test_ACC_mean,outer_test_ACC_std,outer_test_SEN_mean,outer_test_SEN_std,outer_test_SP_mean,outer_test_SP_std,outer_test_MCC_mean,outer_test_MCC_std
0.6799141449900981,0.024742466564567283,0.5783008944318468,0.08972370638257422,0.7109441559035171,0.05960363184386465,0.5724498746867167,0.09420312737465887,0.6413333333333333,0.22302936935300954,0.45360317460317456,0.20723086125842563,0.10240366398093338,0.14494972717931617
