{"avg_inner_best_models/val_auc_mean":0.7931034482758621,"_wandb":{"runtime":0},"_runtime":0.06394095,"_timestamp":1.7727599721496923e+09,"_step":71,"avg_inner_best_models/train_loss_mean":0.5068282236655554,"avg_inner_best_models/val_loss_mean":0.6426470577716827}