{"_runtime":0.05523006,"avg_inner_best_models/val_loss_mean":0.6470921337604523,"avg_inner_best_models/val_auc_mean":0.7737068965517242,"_timestamp":1.772821648159003e+09,"_step":80,"avg_inner_best_models/train_loss_mean":0.43077582617600757,"_wandb":{"runtime":0}}