{"avg_inner_best_models/val_auc_mean":0.6616379310344828,"_timestamp":1.772799308880042e+09,"_step":25,"_wandb":{"runtime":0},"_runtime":0.053750638,"avg_inner_best_models/train_loss_mean":0.5679708371559778,"avg_inner_best_models/val_loss_mean":0.6646758715311686}