{"_wandb":{"runtime":0},"_runtime":0.04488598,"_step":64,"avg_inner_best_models/train_loss_mean":0.3966725716988246,"avg_inner_best_models/val_loss_mean":0.6277782917022705,"_timestamp":1.772526700074914e+09}