{"_wandb":{"runtime":0},"_runtime":0.055756443,"avg_inner_best_models/train_loss_mean":0.17575010905663171,"avg_inner_best_models/val_loss_mean":0.5782165229320526,"_timestamp":1.7725226788526318e+09,"_step":53}