{"avg_inner_best_models/train_loss_mean":0.586571991443634,"avg_inner_best_models/val_loss_mean":0.6962737639745077,"_wandb":{"runtime":0},"_runtime":0.036982996,"_timestamp":1.7725017968989105e+09,"_step":29}