{"_wandb":{"runtime":0},"_runtime":0.054914108,"avg_inner_best_models/val_loss_mean":0.644476056098938,"_timestamp":1.7725083358822334e+09,"_step":35,"avg_inner_best_models/train_loss_mean":0.6520279000202814}