{"avg_inner_best_models/train_loss_mean":1.4609884520371754,"avg_inner_best_models/val_loss_mean":0.6444602608680725,"avg_inner_best_models/val_auc_mean":0.7584033613445378,"_timestamp":1.772874252867217e+09,"_step":50,"_wandb":{"runtime":0},"_runtime":0.066999779}