{"_runtime":0.039749246,"_wandb":{"runtime":0},"avg_inner_best_models/train_loss_mean":0.47735728323459625,"avg_inner_best_models/val_loss_mean":0.6018118858337402,"_timestamp":1.7725169486701696e+09,"_step":55}