{"avg_inner_best_models/train_loss_mean":0.33578307429949444,"avg_inner_best_models/val_loss_mean":0.6053458750247955,"avg_inner_best_models/val_auc_mean":0.7415966386554622,"_timestamp":1.7727807294202487e+09,"_step":63,"_wandb":{"runtime":0},"_runtime":0.057406347}