outer_test_LOGLOSS_mean,outer_test_LOGLOSS_std,outer_test_AUC_mean,outer_test_AUC_std,outer_test_AUCPR_mean,outer_test_AUCPR_std,outer_test_ACC_mean,outer_test_ACC_std,outer_test_SEN_mean,outer_test_SEN_std,outer_test_SP_mean,outer_test_SP_std,outer_test_MCC_mean,outer_test_MCC_std
0.6772383042270588,0.013752132398347248,0.5718065003779289,0.05321992994880048,0.7112420299374383,0.04254580286386676,0.5808980785296575,0.04844575078304722,0.6714867724867725,0.10789193211714192,0.4248571428571429,0.15445084653143798,0.09738953345879164,0.10684189995447699
