outer_test_LOGLOSS_mean,outer_test_LOGLOSS_std,outer_test_AUC_mean,outer_test_AUC_std,outer_test_AUCPR_mean,outer_test_AUCPR_std,outer_test_ACC_mean,outer_test_ACC_std,outer_test_SEN_mean,outer_test_SEN_std,outer_test_SP_mean,outer_test_SP_std,outer_test_MCC_mean,outer_test_MCC_std
0.6891654714127428,0.015190997125141997,0.5594154698916604,0.06935654735518224,0.6890451718952761,0.0561276608506961,0.5356432748538011,0.0766866931776805,0.5284708994708995,0.11957909476261615,0.5455555555555555,0.10567697432743624,0.07060640937729212,0.13873821454071317
