outer_test_LOGLOSS_mean,outer_test_LOGLOSS_std,outer_test_AUC_mean,outer_test_AUC_std,outer_test_AUCPR_mean,outer_test_AUCPR_std,outer_test_ACC_mean,outer_test_ACC_std,outer_test_SEN_mean,outer_test_SEN_std,outer_test_SP_mean,outer_test_SP_std,outer_test_MCC_mean,outer_test_MCC_std
0.6849257526656362,0.007701383050596299,0.5770662005542958,0.08585064450012332,0.7158771499126545,0.07508294920206751,0.5619047619047618,0.056099426389044915,0.6125820105820106,0.14748299803304224,0.47826984126984123,0.23007228974492827,0.08427679022440748,0.15193724408365378
