outer_test_LOGLOSS_mean,outer_test_LOGLOSS_std,outer_test_AUC_mean,outer_test_AUC_std,outer_test_AUCPR_mean,outer_test_AUCPR_std,outer_test_ACC_mean,outer_test_ACC_std,outer_test_SEN_mean,outer_test_SEN_std,outer_test_SP_mean,outer_test_SP_std,outer_test_MCC_mean,outer_test_MCC_std
0.6739033573521376,0.030686907360952684,0.576468253968254,0.09441839339553419,0.722153453611309,0.08270746335908545,0.5742481203007519,0.05532753526106447,0.6874603174603175,0.12400955554498656,0.37857142857142856,0.12553739358537208,0.06838435738090101,0.09122396163840824
