{"_wandb":{"runtime":0},"_runtime":0.054184894,"_step":69,"avg_inner_best_models/train_loss_mean":0.39452867209911346,"avg_inner_best_models/val_loss_mean":0.6050585508346558,"_timestamp":1.7725690490642166e+09}