{"avg_inner_best_models/val_loss_mean":0.6350063482920328,"_wandb":{"runtime":0},"_runtime":0.057667993,"_timestamp":1.7725395299463704e+09,"_step":31,"avg_inner_best_models/train_loss_mean":0.5256099899609884}