outer_test_LOGLOSS_mean,outer_test_LOGLOSS_std,outer_test_AUC_mean,outer_test_AUC_std,outer_test_AUCPR_mean,outer_test_AUCPR_std,outer_test_ACC_mean,outer_test_ACC_std,outer_test_SEN_mean,outer_test_SEN_std,outer_test_SP_mean,outer_test_SP_std,outer_test_MCC_mean,outer_test_MCC_std
0.6742185203591614,0.013022635062303993,0.5616964600655077,0.03866784059415488,0.6879971638789855,0.03291668327875362,0.5734941520467836,0.041267791832083525,0.6857936507936508,0.11549640109458346,0.3814603174603175,0.13785660238496183,0.06833192244272888,0.07762079728630167
