outer_test_LOGLOSS_mean,outer_test_LOGLOSS_std,outer_test_AUC_mean,outer_test_AUC_std,outer_test_AUCPR_mean,outer_test_AUCPR_std,outer_test_ACC_mean,outer_test_ACC_std,outer_test_SEN_mean,outer_test_SEN_std,outer_test_SP_mean,outer_test_SP_std,outer_test_MCC_mean,outer_test_MCC_std
0.6868159484168181,0.017535521434979155,0.5377828798185941,0.05051091886933454,0.6691645706159183,0.02679169769875571,0.556984126984127,0.11821447636016746,0.613904761904762,0.2580103019055986,0.4527301587301587,0.17963609041710585,0.08654981253196095,0.1959541969632678
