outer_test_LOGLOSS_mean,outer_test_LOGLOSS_std,outer_test_AUC_mean,outer_test_AUC_std,outer_test_AUCPR_mean,outer_test_AUCPR_std,outer_test_ACC_mean,outer_test_ACC_std,outer_test_SEN_mean,outer_test_SEN_std,outer_test_SP_mean,outer_test_SP_std,outer_test_MCC_mean,outer_test_MCC_std
0.6698636231726242,0.01947592430038836,0.6388490173847317,0.08480058093675114,0.7600487121670131,0.07306708143460795,0.621762740183793,0.058434736483770566,0.6597089947089948,0.1472044409720429,0.5548571428571428,0.2151972516023411,0.21814055719428196,0.1299870743603221
