outer_test_LOGLOSS_mean,outer_test_LOGLOSS_std,outer_test_AUC_mean,outer_test_AUC_std,outer_test_AUCPR_mean,outer_test_AUCPR_std,outer_test_ACC_mean,outer_test_ACC_std,outer_test_SEN_mean,outer_test_SEN_std,outer_test_SP_mean,outer_test_SP_std,outer_test_MCC_mean,outer_test_MCC_std
0.6830317259147552,0.010771326661758774,0.5158706223230033,0.061177734571106555,0.6679509381718872,0.047985501292028776,0.5689035087719299,0.04851610434353175,0.7156931216931216,0.10115159650818092,0.3153809523809523,0.1084874018142303,0.03414656579627647,0.09904843216293181
