{"avg_inner_best_models/train_loss_mean":0.5637492736180624,"avg_inner_best_models/val_loss_mean":0.6902977228164673,"avg_inner_best_models/val_auc_mean":0.6767241379310346,"_timestamp":1.7727894364075036e+09,"_step":31,"_wandb":{"runtime":0},"_runtime":0.06217901}