outer_test_LOGLOSS_mean,outer_test_LOGLOSS_std,outer_test_AUC_mean,outer_test_AUC_std,outer_test_AUCPR_mean,outer_test_AUCPR_std,outer_test_ACC_mean,outer_test_ACC_std,outer_test_SEN_mean,outer_test_SEN_std,outer_test_SP_mean,outer_test_SP_std,outer_test_MCC_mean,outer_test_MCC_std
0.6659590064688709,0.012791595623943414,0.5838058075081886,0.10997015405177728,0.7152880366535164,0.09181573912673871,0.6188387635756057,0.05292586302572095,0.7874391534391534,0.07836591391278112,0.3290476190476191,0.2207664923192398,0.11713685413303052,0.16584694415415988
