outer_test_LOGLOSS_mean,outer_test_LOGLOSS_std,outer_test_AUC_mean,outer_test_AUC_std,outer_test_AUCPR_mean,outer_test_AUCPR_std,outer_test_ACC_mean,outer_test_ACC_std,outer_test_SEN_mean,outer_test_SEN_std,outer_test_SP_mean,outer_test_SP_std,outer_test_MCC_mean,outer_test_MCC_std
0.6793954347454305,0.02655028003398507,0.5753447971781306,0.09643819750487147,0.7091835517081402,0.0767860683765267,0.5767690058479532,0.06522161471860052,0.6635925925925926,0.10109056709860083,0.4252222222222223,0.10988902683347153,0.09007700378059257,0.12493648674612595
