{"avg_inner_best_models/train_loss_mean":0.48511841396490735,"avg_inner_best_models/val_loss_mean":0.6537888447443644,"_timestamp":1.7725411986011117e+09,"_wandb":{"runtime":0},"_runtime":0.037775927,"_step":36}