outer_test_LOGLOSS_mean,outer_test_LOGLOSS_std,outer_test_AUC_mean,outer_test_AUC_std,outer_test_AUCPR_mean,outer_test_AUCPR_std,outer_test_ACC_mean,outer_test_ACC_std,outer_test_SEN_mean,outer_test_SEN_std,outer_test_SP_mean,outer_test_SP_std,outer_test_MCC_mean,outer_test_MCC_std
0.6803792838370211,0.005418825528529825,0.5888631267321743,0.05178896715214466,0.7220267930753175,0.046749040233727425,0.5895760233918128,0.030208212098134835,0.6564338624338625,0.07597278492519724,0.47274603174603175,0.13120404553587878,0.12775982957780654,0.08021627910941463
