{"_wandb":{"runtime":0},"_runtime":0.074704859,"avg_inner_best_models/train_loss_mean":0.5290660560131073,"avg_inner_best_models/val_loss_mean":0.6632585724194845,"_timestamp":1.772556299924902e+09,"_step":68}