outer_test_LOGLOSS_mean,outer_test_LOGLOSS_std,outer_test_AUC_mean,outer_test_AUC_std,outer_test_AUCPR_mean,outer_test_AUCPR_std,outer_test_ACC_mean,outer_test_ACC_std,outer_test_SEN_mean,outer_test_SEN_std,outer_test_SP_mean,outer_test_SP_std,outer_test_MCC_mean,outer_test_MCC_std
0.6814353915632678,0.0076308376846673425,0.5802660619803478,0.06636477563581218,0.709519086589016,0.058841440874117114,0.5951879699248119,0.05291330894979385,0.6581375661375661,0.06572837931206667,0.4885238095238096,0.1414407438755295,0.14404033281658077,0.12678031043616544
