outer_test_LOGLOSS_mean,outer_test_LOGLOSS_std,outer_test_AUC_mean,outer_test_AUC_std,outer_test_AUCPR_mean,outer_test_AUCPR_std,outer_test_ACC_mean,outer_test_ACC_std,outer_test_SEN_mean,outer_test_SEN_std,outer_test_SP_mean,outer_test_SP_std,outer_test_MCC_mean,outer_test_MCC_std
0.6790454659894615,0.007401652628536971,0.5970170697908793,0.05427429431125977,0.7126271726418429,0.04900542040235226,0.6007978279030912,0.05209819188092115,0.6633862433862434,0.07147469993927161,0.4914126984126985,0.08592880752024902,0.15380006158301646,0.10307523098850938
