outer_test_LOGLOSS_mean,outer_test_LOGLOSS_std,outer_test_AUC_mean,outer_test_AUC_std,outer_test_AUCPR_mean,outer_test_AUCPR_std,outer_test_ACC_mean,outer_test_ACC_std,outer_test_SEN_mean,outer_test_SEN_std,outer_test_SP_mean,outer_test_SP_std,outer_test_MCC_mean,outer_test_MCC_std
0.6859745669298385,0.017737673981982727,0.5703177752582516,0.07007946987788058,0.7081906223805982,0.05864624274511776,0.5716750208855472,0.061793622367417644,0.617031746031746,0.11747667844041175,0.49280952380952375,0.09954716062353872,0.1114649851644321,0.10290044299467074
