{"_runtime":0.039026505,"_timestamp":1.772509024583519e+09,"_step":78,"avg_inner_best_models/train_loss_mean":0.43526948740084964,"avg_inner_best_models/val_loss_mean":0.6472605665524801,"_wandb":{"runtime":0}}