{"avg_inner_best_models/train_loss_mean":0.3870413973927498,"avg_inner_best_models/val_loss_mean":0.6113538146018982,"_timestamp":1.7724941390268292e+09,"_step":29,"_wandb":{"runtime":0},"_runtime":0.034991355}