{"_wandb":{"runtime":0},"avg_inner_best_models/val_auc_mean":0.6827731092436974,"_timestamp":1.7728120105657065e+09,"_step":59,"avg_inner_best_models/train_loss_mean":0.4287293155988057,"avg_inner_best_models/val_loss_mean":0.630622128645579,"_runtime":0.062551387}