{"_wandb":{"runtime":0},"avg_inner_best_models/train_loss_mean":0.40611634651819867,"avg_inner_best_models/val_loss_mean":0.6098608175913492,"avg_inner_best_models/val_auc_mean":0.7605042016806722,"_timestamp":1.7727729381973004e+09,"_step":50,"_runtime":0.060200724}