{"_timestamp":1.7725017239821403e+09,"_step":31,"_wandb":{"runtime":0},"_runtime":0.049631199,"avg_inner_best_models/train_loss_mean":0.474978968501091,"avg_inner_best_models/val_loss_mean":0.6405351161956787}