{"avg_inner_best_models/train_loss_mean":0.5206525524457296,"_wandb":{"runtime":0},"_runtime":0.06501349,"avg_inner_best_models/val_loss_mean":0.6897979378700256,"avg_inner_best_models/val_auc_mean":0.667342799188641,"_timestamp":1.7727942682051892e+09,"_step":26}