{"avg_inner_best_models/val_loss_mean":0.6541609366734823,"avg_inner_best_models/val_auc_mean":0.6637931034482758,"_wandb":{"runtime":0},"_runtime":0.052881043,"_timestamp":1.7727714082590444e+09,"_step":42,"avg_inner_best_models/train_loss_mean":0.46849654366572696}