{"_timestamp":1.7725388332965038e+09,"_wandb":{"runtime":0},"_runtime":0.056006208,"_step":38,"avg_inner_best_models/train_loss_mean":0.47867659231026966,"avg_inner_best_models/val_loss_mean":0.661398708820343}