{"avg_inner_best_models/train_loss_mean":0.46895894408226013,"avg_inner_best_models/val_loss_mean":0.6175997654596964,"_timestamp":1.7725032142030878e+09,"_step":37,"_runtime":0.05240421,"_wandb":{"runtime":0}}