{"_timestamp":1.7725224030740972e+09,"_step":43,"avg_inner_best_models/train_loss_mean":0.40075234572092694,"avg_inner_best_models/val_loss_mean":0.598881185054779,"_wandb":{"runtime":0},"_runtime":0.035539895}