{"_timestamp":1.772818967138913e+09,"_step":45,"_wandb":{"runtime":0},"_runtime":0.059839779,"avg_inner_best_models/train_loss_mean":0.5189623087644577,"avg_inner_best_models/val_loss_mean":0.6756766438484192,"avg_inner_best_models/val_auc_mean":0.646551724137931}