{"avg_inner_best_models/val_loss_mean":0.6821665565172831,"_timestamp":1.772566407919771e+09,"_wandb":{"runtime":0},"_runtime":0.059633381,"_step":59,"avg_inner_best_models/train_loss_mean":0.5429636508226394}