{"_runtime":0.035739661,"_step":26,"avg_inner_best_models/train_loss_mean":0.5462905851503213,"avg_inner_best_models/val_loss_mean":0.6574841638406117,"avg_inner_best_models/val_auc_mean":0.6942915097073312,"_timestamp":1.7728082929442818e+09,"_wandb":{"runtime":0}}