{"avg_inner_best_models/train_loss_mean":0.49655188123385113,"_wandb":{"runtime":0},"_runtime":0.053033308,"avg_inner_best_models/val_loss_mean":0.6702080965042114,"avg_inner_best_models/val_auc_mean":0.6443965517241379,"_timestamp":1.7728317713752568e+09,"_step":56}