{"avg_inner_best_models/train_loss_mean":0.4983414312203725,"avg_inner_best_models/val_loss_mean":0.6562556028366089,"_timestamp":1.7725409146883829e+09,"_step":21,"_wandb":{"runtime":0},"_runtime":0.051194865}