outer_test_LOGLOSS_mean,outer_test_LOGLOSS_std,outer_test_AUC_mean,outer_test_AUC_std,outer_test_AUCPR_mean,outer_test_AUCPR_std,outer_test_ACC_mean,outer_test_ACC_std,outer_test_SEN_mean,outer_test_SEN_std,outer_test_SP_mean,outer_test_SP_std,outer_test_MCC_mean,outer_test_MCC_std
0.686783666417441,0.006338400391999886,0.5769046989166037,0.05886427542753563,0.7136049463132539,0.04202831419311939,0.5792147034252298,0.060284652535904176,0.6351005291005289,0.10439251932878663,0.4806349206349207,0.09195552089476627,0.1164769979324695,0.10615454860813647
