{"_timestamp":1.7728123204468422e+09,"_step":38,"_wandb":{"runtime":0},"_runtime":0.052564777,"avg_inner_best_models/train_loss_mean":0.5126189788182577,"avg_inner_best_models/val_loss_mean":0.637075662612915,"avg_inner_best_models/val_auc_mean":0.6400862068965517}