{"avg_inner_best_models/val_auc_mean":0.754201680672269,"_timestamp":1.7728232341726696e+09,"_wandb":{"runtime":0},"_runtime":0.056854105,"_step":38,"avg_inner_best_models/train_loss_mean":0.3931511739889781,"avg_inner_best_models/val_loss_mean":0.6170222163200378}