{"_step":51,"_runtime":0.066137522,"_wandb":{"runtime":0},"avg_inner_best_models/train_loss_mean":0.5309685145815214,"avg_inner_best_models/val_loss_mean":0.6473550796508789,"avg_inner_best_models/val_auc_mean":0.6449579831932774,"_timestamp":1.772803941860399e+09}