{"_step":34,"avg_inner_best_models/train_loss_mean":0.5644734551509222,"_wandb":{"runtime":0},"_runtime":0.05077336,"avg_inner_best_models/val_loss_mean":0.6525915066401163,"avg_inner_best_models/val_auc_mean":0.6490872210953347,"_timestamp":1.7728283458443074e+09}