outer_test_LOGLOSS_mean,outer_test_LOGLOSS_std,outer_test_AUC_mean,outer_test_AUC_std,outer_test_AUCPR_mean,outer_test_AUCPR_std,outer_test_ACC_mean,outer_test_ACC_std,outer_test_SEN_mean,outer_test_SEN_std,outer_test_SP_mean,outer_test_SP_std,outer_test_MCC_mean,outer_test_MCC_std
0.6777176898691532,0.007029433840976122,0.5904279415469892,0.03693947595307055,0.7204161621307031,0.0345719339450868,0.5518421052631578,0.05723560626991903,0.5816666666666667,0.12382402576414069,0.49950793650793646,0.10999499042502209,0.08222028601225469,0.09321095997711247
