outer_test_LOGLOSS_mean,outer_test_LOGLOSS_std,outer_test_AUC_mean,outer_test_AUC_std,outer_test_AUCPR_mean,outer_test_AUCPR_std,outer_test_ACC_mean,outer_test_ACC_std,outer_test_SEN_mean,outer_test_SEN_std,outer_test_SP_mean,outer_test_SP_std,outer_test_MCC_mean,outer_test_MCC_std
0.6667892390453753,0.018407806493862318,0.5815522171831695,0.0718272781386664,0.7244268581532086,0.05677780143293216,0.5981056808688386,0.07996893114753431,0.7094867724867726,0.1734112774745896,0.4086031746031746,0.16004843225437304,0.13258907452793145,0.1450890025139536
