{"_timestamp":1.7727856865124137e+09,"_step":45,"avg_inner_best_models/train_loss_mean":0.5898098647594452,"avg_inner_best_models/val_loss_mean":0.8001548051834106,"_wandb":{"runtime":0},"_runtime":0.052766693,"avg_inner_best_models/val_auc_mean":0.6357758620689655}