outer_test_LOGLOSS_mean,outer_test_LOGLOSS_std,outer_test_AUC_mean,outer_test_AUC_std,outer_test_AUCPR_mean,outer_test_AUCPR_std,outer_test_ACC_mean,outer_test_ACC_std,outer_test_SEN_mean,outer_test_SEN_std,outer_test_SP_mean,outer_test_SP_std,outer_test_MCC_mean,outer_test_MCC_std
0.6818122434805597,0.013167147683363361,0.5887683295540439,0.05607461335715436,0.7274986553941584,0.032158634965644806,0.5616019214703425,0.07929232446575826,0.5892222222222222,0.17054820696238443,0.5173809523809524,0.11319279740247726,0.11275057903912171,0.11931154523405797
