{"_wandb":{"runtime":0},"_runtime":0.056271736,"_timestamp":1.7725131969841816e+09,"_step":36,"avg_inner_best_models/train_loss_mean":0.3480162223180135,"avg_inner_best_models/val_loss_mean":0.6126393675804138}