outer_test_LOGLOSS_mean,outer_test_LOGLOSS_std,outer_test_AUC_mean,outer_test_AUC_std,outer_test_AUCPR_mean,outer_test_AUCPR_std,outer_test_ACC_mean,outer_test_ACC_std,outer_test_SEN_mean,outer_test_SEN_std,outer_test_SP_mean,outer_test_SP_std,outer_test_MCC_mean,outer_test_MCC_std
0.6767032128267771,0.006172729235594979,0.5506737213403881,0.0695622584771678,0.6941874868468536,0.04776557723350477,0.5773600668337509,0.03361451540710029,0.6948518518518519,0.11971531575237114,0.3768412698412698,0.1924780741452597,0.07105668859642819,0.10355814442394586
