outer_test_LOGLOSS_mean,outer_test_LOGLOSS_std,outer_test_AUC_mean,outer_test_AUC_std,outer_test_AUCPR_mean,outer_test_AUCPR_std,outer_test_ACC_mean,outer_test_ACC_std,outer_test_SEN_mean,outer_test_SEN_std,outer_test_SP_mean,outer_test_SP_std,outer_test_MCC_mean,outer_test_MCC_std
0.6801169576555801,0.01803770001542393,0.5909465230536659,0.06063072771656548,0.7135259743379341,0.04924196181644366,0.5803049289891397,0.05038675211528509,0.6258783068783068,0.07177430718207603,0.5012063492063492,0.10392059797591106,0.12504844017400263,0.10593539506644972
