outer_test_LOGLOSS_mean,outer_test_LOGLOSS_std,outer_test_AUC_mean,outer_test_AUC_std,outer_test_AUCPR_mean,outer_test_AUCPR_std,outer_test_ACC_mean,outer_test_ACC_std,outer_test_SEN_mean,outer_test_SEN_std,outer_test_SP_mean,outer_test_SP_std,outer_test_MCC_mean,outer_test_MCC_std
0.6829318707512063,0.014025701070034282,0.5752592592592592,0.0825783928958244,0.7148773871311295,0.06478602375993561,0.550841687552214,0.07464154384429007,0.5894708994708994,0.1429517952434635,0.47998412698412696,0.189707239956605,0.067866408954467,0.1570765567210876
