outer_test_LOGLOSS_mean,outer_test_LOGLOSS_std,outer_test_AUC_mean,outer_test_AUC_std,outer_test_AUCPR_mean,outer_test_AUCPR_std,outer_test_ACC_mean,outer_test_ACC_std,outer_test_SEN_mean,outer_test_SEN_std,outer_test_SP_mean,outer_test_SP_std,outer_test_MCC_mean,outer_test_MCC_std
0.6786449685407736,0.01669374360609438,0.5758893298059964,0.1044867672209781,0.708374445925366,0.08314683455257631,0.590701754385965,0.05861067131458206,0.6824497354497354,0.09466240267303419,0.43338095238095237,0.14799215469864946,0.11464486117967804,0.13267169238832233
