outer_test_LOGLOSS_mean,outer_test_LOGLOSS_std,outer_test_AUC_mean,outer_test_AUC_std,outer_test_AUCPR_mean,outer_test_AUCPR_std,outer_test_ACC_mean,outer_test_ACC_std,outer_test_SEN_mean,outer_test_SEN_std,outer_test_SP_mean,outer_test_SP_std,outer_test_MCC_mean,outer_test_MCC_std
0.6686611362048394,0.02337103659553486,0.5818537414965987,0.12144011930054943,0.7100467633176161,0.09076340943483754,0.6222723475355053,0.08958314260105078,0.7695502645502644,0.08444403878059656,0.36711111111111117,0.11802223367816267,0.14872301059195522,0.2021414440871258
