{"avg_inner_best_models/val_auc_mean":0.7184873949579832,"_timestamp":1.7727913116933074e+09,"_step":48,"avg_inner_best_models/train_loss_mean":0.5081391458710035,"avg_inner_best_models/val_loss_mean":0.6478774150212606,"_runtime":0.080724712,"_wandb":{"runtime":0}}