outer_test_LOGLOSS_mean,outer_test_LOGLOSS_std,outer_test_AUC_mean,outer_test_AUC_std,outer_test_AUCPR_mean,outer_test_AUCPR_std,outer_test_ACC_mean,outer_test_ACC_std,outer_test_SEN_mean,outer_test_SEN_std,outer_test_SP_mean,outer_test_SP_std,outer_test_MCC_mean,outer_test_MCC_std
0.6743412309967063,0.01895681497887954,0.5953393172083649,0.10299980132575359,0.7247209168640671,0.07572221593516777,0.5948141186299082,0.07444332867340293,0.6753333333333333,0.12324988035142424,0.4535238095238096,0.17098939696871496,0.13121986687002352,0.15679662034810546
