outer_test_LOGLOSS_mean,outer_test_LOGLOSS_std,outer_test_AUC_mean,outer_test_AUC_std,outer_test_AUCPR_mean,outer_test_AUCPR_std,outer_test_ACC_mean,outer_test_ACC_std,outer_test_SEN_mean,outer_test_SEN_std,outer_test_SP_mean,outer_test_SP_std,outer_test_MCC_mean,outer_test_MCC_std
0.6939103625289079,0.017001727177872423,0.5386962711010329,0.03940668981840566,0.6880421885073451,0.03300562875584328,0.52328111946533,0.05390676149478832,0.5171058201058202,0.17435166756278112,0.5297142857142857,0.18902103156023442,0.04929329324222613,0.07997822693172378
