{"_timestamp":1.7725043815279467e+09,"_step":31,"_wandb":{"runtime":0},"_runtime":0.034779937,"avg_inner_best_models/train_loss_mean":0.3170494983593623,"avg_inner_best_models/val_loss_mean":0.6235087811946869}