{"avg_inner_best_models/val_loss_mean":0.6972989837328593,"_timestamp":1.7724962982956495e+09,"_wandb":{"runtime":0},"_runtime":0.03693732,"_step":35,"avg_inner_best_models/train_loss_mean":0.4400899012883504}