{"_step":52,"avg_inner_best_models/train_loss_mean":0.45421167214711505,"avg_inner_best_models/val_loss_mean":0.6440615653991699,"_timestamp":1.7725355862642817e+09,"_runtime":0.055836328,"_wandb":{"runtime":0}}