{"avg_inner_best_models/val_loss_mean":0.5684821605682373,"_timestamp":1.7725114155215678e+09,"_step":48,"_wandb":{"runtime":0},"_runtime":0.04062159,"avg_inner_best_models/train_loss_mean":0.22839950894316038}