{"avg_inner_best_models/val_loss_mean":0.6540215412775675,"_wandb":{"runtime":0},"_runtime":0.057921065,"_timestamp":1.7725081569290066e+09,"_step":50,"avg_inner_best_models/train_loss_mean":0.5399807617068291}