{"avg_inner_best_models/val_auc_mean":0.6099137931034483,"_timestamp":1.7728093500603037e+09,"_step":31,"avg_inner_best_models/train_loss_mean":0.46514658133188885,"avg_inner_best_models/val_loss_mean":0.6964378356933594,"_wandb":{"runtime":0},"_runtime":0.061396342}