{"avg_inner_best_models/train_loss_mean":0.4591040809949239,"avg_inner_best_models/val_loss_mean":0.6881726086139679,"_timestamp":1.7725354047113245e+09,"_wandb":{"runtime":0},"_runtime":0.05612772,"_step":66}