{"_timestamp":1.7725004563127465e+09,"_runtime":0.054284974,"_wandb":{"runtime":0},"_step":40,"avg_inner_best_models/train_loss_mean":0.49563776950041455,"avg_inner_best_models/val_loss_mean":0.6550585925579071}