{"_wandb":{"runtime":0},"_runtime":0.058440263,"avg_inner_best_models/train_loss_mean":0.4169054652253787,"avg_inner_best_models/val_loss_mean":0.6411036252975464,"avg_inner_best_models/val_auc_mean":0.6554621848739495,"_timestamp":1.7728284636268325e+09,"_step":80}