outer_test_LOGLOSS_mean,outer_test_LOGLOSS_std,outer_test_AUC_mean,outer_test_AUC_std,outer_test_AUCPR_mean,outer_test_AUCPR_std,outer_test_ACC_mean,outer_test_ACC_std,outer_test_SEN_mean,outer_test_SEN_std,outer_test_SP_mean,outer_test_SP_std,outer_test_MCC_mean,outer_test_MCC_std
0.6849183198476978,0.010019078599597449,0.5517759511211893,0.05030063525749786,0.691551769342692,0.02785321849218845,0.5471491228070178,0.06278059963702197,0.5918465608465608,0.12174661080933336,0.46695238095238095,0.1148296950381768,0.05945653778789357,0.1092698408333536
