{"_step":57,"avg_inner_best_models/train_loss_mean":1.168632611632347,"avg_inner_best_models/val_loss_mean":0.6054026087125143,"avg_inner_best_models/val_auc_mean":0.73109243697479,"_timestamp":1.7728521652059088e+09,"_wandb":{"runtime":0},"_runtime":0.074926243}