{"_runtime":0.051914476,"_step":56,"avg_inner_best_models/train_loss_mean":0.2987573593854904,"avg_inner_best_models/val_loss_mean":0.6260364651679993,"_timestamp":1.772511217458576e+09,"_wandb":{"runtime":0}}