{"avg_inner_best_models/train_loss_mean":0.5101246486107508,"avg_inner_best_models/val_loss_mean":0.683035284280777,"_wandb":{"runtime":0},"_runtime":0.060015605,"avg_inner_best_models/val_auc_mean":0.5801217038539555,"_timestamp":1.7727759408148303e+09,"_step":34}