{"avg_inner_best_models/train_loss_mean":0.5737803081671397,"_wandb":{"runtime":0},"_runtime":0.036451545,"avg_inner_best_models/val_loss_mean":0.6470659673213959,"_timestamp":1.7725456376441023e+09,"_step":29}