{"avg_inner_best_models/train_loss_mean":0.584806859989961,"_wandb":{"runtime":0},"_runtime":0.063828833,"avg_inner_best_models/val_loss_mean":0.7296942154566447,"_timestamp":1.7725519105418842e+09,"_step":59}