{"_wandb":{"runtime":0},"_runtime":0.054872372,"_step":27,"avg_inner_best_models/train_loss_mean":0.5406574234366417,"avg_inner_best_models/val_loss_mean":0.6775553027788798,"_timestamp":1.7725412839595666e+09}