outer_test_LOGLOSS_mean,outer_test_LOGLOSS_std,outer_test_AUC_mean,outer_test_AUC_std,outer_test_AUCPR_mean,outer_test_AUCPR_std,outer_test_ACC_mean,outer_test_ACC_std,outer_test_SEN_mean,outer_test_SEN_std,outer_test_SP_mean,outer_test_SP_std,outer_test_MCC_mean,outer_test_MCC_std
0.683346606346084,0.029720518454238676,0.5629722852103805,0.09558999844844232,0.6899084194718513,0.05389218143259482,0.5662719298245614,0.07660815766142288,0.606095238095238,0.10659034812812565,0.4977936507936508,0.14411323161654813,0.1031633881626455,0.15700888355754525
