outer_test_LOGLOSS_mean,outer_test_LOGLOSS_std,outer_test_AUC_mean,outer_test_AUC_std,outer_test_AUCPR_mean,outer_test_AUCPR_std,outer_test_ACC_mean,outer_test_ACC_std,outer_test_SEN_mean,outer_test_SEN_std,outer_test_SP_mean,outer_test_SP_std,outer_test_MCC_mean,outer_test_MCC_std
0.6655823923110084,0.02663494216923722,0.5830765936004031,0.09759171194419024,0.7142593403306864,0.07608840003190444,0.5929741019214703,0.062055058338585135,0.7302804232804234,0.10206103656282209,0.3554444444444444,0.129040589231679,0.09214410293766406,0.13409873148334972
