{"avg_inner_best_models/val_loss_mean":0.6563289761543274,"avg_inner_best_models/val_auc_mean":0.7394957983193278,"_timestamp":1.7727693671305106e+09,"_wandb":{"runtime":0},"_runtime":0.06635743,"_step":80,"avg_inner_best_models/train_loss_mean":0.539186621705691}