{"avg_inner_best_models/val_loss_mean":0.6166023015975952,"avg_inner_best_models/val_auc_mean":0.7564655172413793,"_timestamp":1.7727907137164001e+09,"_runtime":0.085333627,"_wandb":{"runtime":0},"_step":35,"avg_inner_best_models/train_loss_mean":0.470852866768837}