outer_test_LOGLOSS_mean,outer_test_LOGLOSS_std,outer_test_AUC_mean,outer_test_AUC_std,outer_test_AUCPR_mean,outer_test_AUCPR_std,outer_test_ACC_mean,outer_test_ACC_std,outer_test_SEN_mean,outer_test_SEN_std,outer_test_SP_mean,outer_test_SP_std,outer_test_MCC_mean,outer_test_MCC_std
0.6712218137598878,0.009731141192971577,0.6019065885613505,0.06097485853268402,0.7392936017341984,0.057475775626545045,0.5939014202172097,0.041104718177465784,0.667941798941799,0.12484796731169504,0.4612063492063492,0.20687342595258185,0.12871242061544014,0.12017071386386786
