outer_test_LOGLOSS_mean,outer_test_LOGLOSS_std,outer_test_AUC_mean,outer_test_AUC_std,outer_test_AUCPR_mean,outer_test_AUCPR_std,outer_test_ACC_mean,outer_test_ACC_std,outer_test_SEN_mean,outer_test_SEN_std,outer_test_SP_mean,outer_test_SP_std,outer_test_MCC_mean,outer_test_MCC_std
0.6806977535127834,0.018454439235807776,0.5829407911312673,0.04430279065356578,0.7161373715829338,0.04830911942556151,0.541938178780284,0.06958288070020022,0.5902751322751323,0.22435093042916476,0.46258730158730144,0.23813923158064487,0.06052865463704669,0.09551681801180421
