{"_step":45,"avg_inner_best_models/train_loss_mean":0.40378654251496,"avg_inner_best_models/val_loss_mean":0.6480985681215922,"_wandb":{"runtime":0},"_runtime":0.057513967,"avg_inner_best_models/val_auc_mean":0.646551724137931,"_timestamp":1.7728154225530574e+09}