{"_wandb":{"runtime":0},"_runtime":0.057020007,"avg_inner_best_models/val_loss_mean":0.6435414751370748,"_timestamp":1.772546696119592e+09,"_step":60,"avg_inner_best_models/train_loss_mean":0.46735915541648865}