{"_wandb":{"runtime":0},"_runtime":0.064393237,"_step":72,"avg_inner_best_models/train_loss_mean":0.5117361396551132,"avg_inner_best_models/val_loss_mean":0.6439312696456909,"_timestamp":1.7725621059477813e+09}