{"_wandb":{"runtime":0},"_runtime":0.056860486,"avg_inner_best_models/val_loss_mean":0.621207594871521,"avg_inner_best_models/val_auc_mean":0.7016806722689075,"_timestamp":1.7727638249638145e+09,"_step":80,"avg_inner_best_models/train_loss_mean":0.3875855853160222}