outer_test_LOGLOSS_mean,outer_test_LOGLOSS_std,outer_test_AUC_mean,outer_test_AUC_std,outer_test_AUCPR_mean,outer_test_AUCPR_std,outer_test_ACC_mean,outer_test_ACC_std,outer_test_SEN_mean,outer_test_SEN_std,outer_test_SP_mean,outer_test_SP_std,outer_test_MCC_mean,outer_test_MCC_std
0.6871216365655041,0.0080344942911596,0.544867472915092,0.09529641093824005,0.6831536735772685,0.07961665854115936,0.5549456975772765,0.05623803907490789,0.6318412698412699,0.08528045382025169,0.4228730158730159,0.12743657643613432,0.05284670499519141,0.12175918108559165
