outer_test_LOGLOSS_mean,outer_test_LOGLOSS_std,outer_test_AUC_mean,outer_test_AUC_std,outer_test_AUCPR_mean,outer_test_AUCPR_std,outer_test_ACC_mean,outer_test_ACC_std,outer_test_SEN_mean,outer_test_SEN_std,outer_test_SP_mean,outer_test_SP_std,outer_test_MCC_mean,outer_test_MCC_std
0.6898511406418514,0.011967235444936214,0.5518340262030738,0.04703089615505529,0.6790867043568426,0.034049939832760064,0.5507330827067669,0.044205454005243734,0.5769100529100529,0.09682912298594357,0.502936507936508,0.10676932033473144,0.07883965149059598,0.07784670898818517
