outer_test_LOGLOSS_mean,outer_test_LOGLOSS_std,outer_test_AUC_mean,outer_test_AUC_std,outer_test_AUCPR_mean,outer_test_AUCPR_std,outer_test_ACC_mean,outer_test_ACC_std,outer_test_SEN_mean,outer_test_SEN_std,outer_test_SP_mean,outer_test_SP_std,outer_test_MCC_mean,outer_test_MCC_std
0.6860306386599947,0.00988413866524585,0.531253338372386,0.04203600843884718,0.6781099733047753,0.03301970293096364,0.5302443609022557,0.057857305675306496,0.5828306878306878,0.20229635625035067,0.43917460317460316,0.2489276926538745,0.015241211614501189,0.11469253341313798
