{"avg_inner_best_models/train_loss_mean":0.503874937693278,"avg_inner_best_models/val_loss_mean":0.6734764873981476,"_timestamp":1.7725120373826804e+09,"_wandb":{"runtime":0},"_runtime":0.054986146,"_step":23}