{"_step":36,"avg_inner_best_models/train_loss_mean":1.4372859795888264,"avg_inner_best_models/val_loss_mean":0.6400840083758036,"_wandb":{"runtime":0},"_runtime":0.066675291,"avg_inner_best_models/val_auc_mean":0.7370689655172413,"_timestamp":1.7728987095289693e+09}