{"avg_inner_best_models/train_loss_mean":0.46171465516090393,"avg_inner_best_models/val_loss_mean":0.641321063041687,"avg_inner_best_models/val_auc_mean":0.7155172413793104,"_wandb":{"runtime":0},"_runtime":0.037041585,"_timestamp":1.772806675123412e+09,"_step":31}