{"avg_inner_best_models/val_auc_mean":0.7289915966386554,"_wandb":{"runtime":0},"_runtime":0.064440041,"_timestamp":1.7728463438623471e+09,"_step":62,"avg_inner_best_models/train_loss_mean":1.4422136942545574,"avg_inner_best_models/val_loss_mean":0.6570218503475189}