{"_runtime":0.038166591,"avg_inner_best_models/train_loss_mean":0.3715147525072098,"avg_inner_best_models/val_loss_mean":0.599370002746582,"_timestamp":1.7725225854455166e+09,"_step":58,"_wandb":{"runtime":0}}