{"_timestamp":1.7725312521094146e+09,"_step":65,"avg_inner_best_models/train_loss_mean":0.3819540739059448,"avg_inner_best_models/val_loss_mean":0.6236017147699991,"_wandb":{"runtime":0},"_runtime":0.055147552}