{"_step":60,"avg_inner_best_models/train_loss_mean":0.42408900956312817,"avg_inner_best_models/val_loss_mean":0.6467188894748688,"_timestamp":1.7725423659891021e+09,"_wandb":{"runtime":0},"_runtime":0.05501676}