{"_step":80,"avg_inner_best_models/train_loss_mean":0.4665176123380661,"avg_inner_best_models/val_loss_mean":0.6567381322383881,"avg_inner_best_models/val_auc_mean":0.7184873949579832,"_wandb":{"runtime":0},"_runtime":0.055497894,"_timestamp":1.7728158684106483e+09}