{"avg_inner_best_models/train_loss_mean":0.5087670137484869,"avg_inner_best_models/val_loss_mean":0.6534069180488586,"avg_inner_best_models/val_auc_mean":0.6554621848739495,"_timestamp":1.772763921970073e+09,"_step":29,"_runtime":0.036618509,"_wandb":{"runtime":0}}