outer_test_LOGLOSS_mean,outer_test_LOGLOSS_std,outer_test_AUC_mean,outer_test_AUC_std,outer_test_AUCPR_mean,outer_test_AUCPR_std,outer_test_ACC_mean,outer_test_ACC_std,outer_test_SEN_mean,outer_test_SEN_std,outer_test_SP_mean,outer_test_SP_std,outer_test_MCC_mean,outer_test_MCC_std
0.6891266525722567,0.01568989825532606,0.5594284454522549,0.07951343713701971,0.6875360807474037,0.05781134020108856,0.5495154553049291,0.08719344417059394,0.5877619047619046,0.1724101866349253,0.4805238095238096,0.11966286210070563,0.07942999373219534,0.14481474674755815
