outer_test_LOGLOSS_mean,outer_test_LOGLOSS_std,outer_test_AUC_mean,outer_test_AUC_std,outer_test_AUCPR_mean,outer_test_AUCPR_std,outer_test_ACC_mean,outer_test_ACC_std,outer_test_SEN_mean,outer_test_SEN_std,outer_test_SP_mean,outer_test_SP_std,outer_test_MCC_mean,outer_test_MCC_std
0.6804270329125164,0.02366285676669426,0.5909668052406147,0.07842609502409324,0.7162679722094574,0.06440018167655912,0.5768567251461989,0.06243949538924274,0.6247460317460317,0.12201237347902764,0.49485714285714283,0.1445271199108261,0.11939005262656165,0.1196754024866643
