{"_wandb":{"runtime":0},"avg_inner_best_models/train_loss_mean":0.9427110900481542,"avg_inner_best_models/val_loss_mean":0.6648948192596436,"avg_inner_best_models/val_auc_mean":0.7457983193277311,"_timestamp":1.7729084222383766e+09,"_step":40,"_runtime":0.06910425}