{"_step":80,"avg_inner_best_models/train_loss_mean":0.45988502105077106,"avg_inner_best_models/val_loss_mean":0.6451214849948883,"avg_inner_best_models/val_auc_mean":0.7025862068965517,"_timestamp":1.7727520798556936e+09,"_wandb":{"runtime":0},"_runtime":0.061689609}