{"avg_inner_best_models/val_auc_mean":0.6357758620689655,"_timestamp":1.772821535010739e+09,"_step":36,"_wandb":{"runtime":0},"_runtime":0.058356698,"avg_inner_best_models/train_loss_mean":0.5299669578671455,"avg_inner_best_models/val_loss_mean":0.655910869439443}