outer_test_LOGLOSS_mean,outer_test_LOGLOSS_std,outer_test_AUC_mean,outer_test_AUC_std,outer_test_AUCPR_mean,outer_test_AUCPR_std,outer_test_ACC_mean,outer_test_ACC_std,outer_test_SEN_mean,outer_test_SEN_std,outer_test_SP_mean,outer_test_SP_std,outer_test_MCC_mean,outer_test_MCC_std
0.6832992473152473,0.006959657527519982,0.5576058830939783,0.05521678391987258,0.7006457832809768,0.03247664841511884,0.5538324979114452,0.05111007004848965,0.6079735449735449,0.15739634377152095,0.46331746031746035,0.1945110551329219,0.07063691176690533,0.09430841410249034
