outer_test_LOGLOSS_mean,outer_test_LOGLOSS_std,outer_test_AUC_mean,outer_test_AUC_std,outer_test_AUCPR_mean,outer_test_AUCPR_std,outer_test_ACC_mean,outer_test_ACC_std,outer_test_SEN_mean,outer_test_SEN_std,outer_test_SP_mean,outer_test_SP_std,outer_test_MCC_mean,outer_test_MCC_std
0.6875995886276823,0.01257460598835992,0.5719686318972034,0.09844545409018597,0.7019148635787658,0.0883264682737253,0.5584482038429407,0.046102250098568075,0.5763703703703704,0.09235956269460065,0.5307142857142857,0.18023709150026618,0.10761093855713787,0.13168109272416118
