{"_step":59,"avg_inner_best_models/train_loss_mean":0.5127321779727936,"avg_inner_best_models/val_loss_mean":0.6564506888389587,"avg_inner_best_models/val_auc_mean":0.7121848739495799,"_timestamp":1.772773670733488e+09,"_wandb":{"runtime":0},"_runtime":0.058088555}