outer_test_LOGLOSS_mean,outer_test_LOGLOSS_std,outer_test_AUC_mean,outer_test_AUC_std,outer_test_AUCPR_mean,outer_test_AUCPR_std,outer_test_ACC_mean,outer_test_ACC_std,outer_test_SEN_mean,outer_test_SEN_std,outer_test_SP_mean,outer_test_SP_std,outer_test_MCC_mean,outer_test_MCC_std
0.689979237831657,0.027216034338330884,0.621189846308894,0.07721394392841803,0.7318472293321712,0.06886414680491411,0.546232247284879,0.07205705158620436,0.4980687830687831,0.21983913377643402,0.6360793650793651,0.2193851417198828,0.14795476118506107,0.09549531712157272
