{"avg_inner_best_models/val_loss_mean":0.6035735905170441,"_wandb":{"runtime":0},"_runtime":0.052385881,"_timestamp":1.7725268742409737e+09,"_step":37,"avg_inner_best_models/train_loss_mean":0.40851330757141113}