{"avg_inner_best_models/val_loss_mean":0.6139961878458658,"avg_inner_best_models/val_auc_mean":0.75,"_timestamp":1.7727577170606391e+09,"_wandb":{"runtime":0},"_runtime":0.057829169,"_step":73,"avg_inner_best_models/train_loss_mean":0.4543123245239258}