{"_step":43,"avg_inner_best_models/train_loss_mean":0.5319633285204569,"avg_inner_best_models/val_loss_mean":0.6861473619937897,"_timestamp":1.772510455769232e+09,"_runtime":0.036995585,"_wandb":{"runtime":0}}