outer_test_LOGLOSS_mean,outer_test_LOGLOSS_std,outer_test_AUC_mean,outer_test_AUC_std,outer_test_AUCPR_mean,outer_test_AUCPR_std,outer_test_ACC_mean,outer_test_ACC_std,outer_test_SEN_mean,outer_test_SEN_std,outer_test_SP_mean,outer_test_SP_std,outer_test_MCC_mean,outer_test_MCC_std
0.6885882949134334,0.007462332941492105,0.5450818216175359,0.06268986979732881,0.6855578209049664,0.04294318933373745,0.5461445279866333,0.05385909033216461,0.6245026455026456,0.09191111471240847,0.41220634920634924,0.09759636052293078,0.03734631305707211,0.10339219352605947
