{"_timestamp":1.7725777005963137e+09,"_step":59,"avg_inner_best_models/train_loss_mean":0.5562770227591197,"_wandb":{"runtime":0},"_runtime":0.060992644,"avg_inner_best_models/val_loss_mean":0.6631476998329163}