{"avg_inner_best_models/train_loss_mean":0.38686201473077136,"avg_inner_best_models/val_loss_mean":0.6529663801193237,"_timestamp":1.772510021790918e+09,"_wandb":{"runtime":0},"_runtime":0.052972072,"_step":38}