outer_test_LOGLOSS_mean,outer_test_LOGLOSS_std,outer_test_AUC_mean,outer_test_AUC_std,outer_test_AUCPR_mean,outer_test_AUCPR_std,outer_test_ACC_mean,outer_test_ACC_std,outer_test_SEN_mean,outer_test_SEN_std,outer_test_SP_mean,outer_test_SP_std,outer_test_MCC_mean,outer_test_MCC_std
0.676783476892283,0.017182223467235285,0.5528963844797179,0.059329885044738497,0.7042044680514791,0.04534605199931045,0.5780680868838762,0.04804021285779969,0.7061904761904763,0.13798018028798384,0.3529206349206349,0.16010056978182413,0.06410318230422257,0.0899321536559488
