outer_test_LOGLOSS_mean,outer_test_LOGLOSS_std,outer_test_AUC_mean,outer_test_AUC_std,outer_test_AUCPR_mean,outer_test_AUCPR_std,outer_test_ACC_mean,outer_test_ACC_std,outer_test_SEN_mean,outer_test_SEN_std,outer_test_SP_mean,outer_test_SP_std,outer_test_MCC_mean,outer_test_MCC_std
0.678108092735867,0.022169237082777304,0.5833301209372638,0.08352801443353716,0.7204132619368121,0.0689034073216238,0.5919611528822056,0.04624593611602492,0.7101481481481481,0.14950189305756242,0.3908888888888889,0.2222282091448774,0.1092814929802504,0.1253849281129369
