{"avg_inner_best_models/val_auc_mean":0.6323529411764706,"_wandb":{"runtime":0},"_runtime":0.052591388,"_timestamp":1.772770980447999e+09,"_step":33,"avg_inner_best_models/train_loss_mean":0.5300816719730695,"avg_inner_best_models/val_loss_mean":0.6728523770968119}