outer_test_LOGLOSS_mean,outer_test_LOGLOSS_std,outer_test_AUC_mean,outer_test_AUC_std,outer_test_AUCPR_mean,outer_test_AUCPR_std,outer_test_ACC_mean,outer_test_ACC_std,outer_test_SEN_mean,outer_test_SEN_std,outer_test_SP_mean,outer_test_SP_std,outer_test_MCC_mean,outer_test_MCC_std
0.6715799714703902,0.011529087573259782,0.6001388259007308,0.07253003267161334,0.7281653006171868,0.06529740159899791,0.6183479532163743,0.05629985564637852,0.7368465608465609,0.07284199533404757,0.41271428571428564,0.13785335766742474,0.15343256533962407,0.13184964652740774
