outer_test_LOGLOSS_mean,outer_test_LOGLOSS_std,outer_test_AUC_mean,outer_test_AUC_std,outer_test_AUCPR_mean,outer_test_AUCPR_std,outer_test_ACC_mean,outer_test_ACC_std,outer_test_SEN_mean,outer_test_SEN_std,outer_test_SP_mean,outer_test_SP_std,outer_test_MCC_mean,outer_test_MCC_std
0.6595257914088268,0.013230351095890318,0.6241368732678256,0.04419137669332315,0.744933586122392,0.04059848995944012,0.5993107769423559,0.056828762340937915,0.6933862433862433,0.10195286950399006,0.4363015873015873,0.07895180724153958,0.13478000648247992,0.09788633727076367
