{"avg_inner_best_models/val_auc_mean":0.7155172413793104,"_timestamp":1.7727969923603156e+09,"_step":39,"avg_inner_best_models/train_loss_mean":0.4084209551413854,"avg_inner_best_models/val_loss_mean":0.6301734447479248,"_wandb":{"runtime":0},"_runtime":0.057866708}