{"avg_inner_best_models/val_loss_mean":0.6482750773429871,"_timestamp":1.7725021492611644e+09,"_step":38,"_wandb":{"runtime":0},"_runtime":0.053656563,"avg_inner_best_models/train_loss_mean":0.32530076056718826}