outer_test_LOGLOSS_mean,outer_test_LOGLOSS_std,outer_test_AUC_mean,outer_test_AUC_std,outer_test_AUCPR_mean,outer_test_AUCPR_std,outer_test_ACC_mean,outer_test_ACC_std,outer_test_SEN_mean,outer_test_SEN_std,outer_test_SP_mean,outer_test_SP_std,outer_test_MCC_mean,outer_test_MCC_std
0.6797363077123888,0.017906517859495007,0.5781045603426556,0.0908928195016991,0.7094049453713697,0.06551017493421911,0.5884168755221387,0.08977015059976523,0.6832380952380953,0.1152454846241902,0.4243333333333334,0.11750708898958269,0.1121084811568777,0.17883565538970508
