outer_test_LOGLOSS_mean,outer_test_LOGLOSS_std,outer_test_AUC_mean,outer_test_AUC_std,outer_test_AUCPR_mean,outer_test_AUCPR_std,outer_test_ACC_mean,outer_test_ACC_std,outer_test_SEN_mean,outer_test_SEN_std,outer_test_SP_mean,outer_test_SP_std,outer_test_MCC_mean,outer_test_MCC_std
0.6695498721484303,0.023847879339385276,0.5817500629881582,0.08385238144925099,0.7135061953809232,0.07254441375004077,0.5981474519632415,0.05565571950961525,0.7613121693121694,0.09859908683231403,0.3153333333333333,0.07550097486696586,0.0892024487714829,0.10439025717497592
