{"avg_inner_best_models/train_loss_mean":0.5236638685067495,"avg_inner_best_models/val_loss_mean":0.671329915523529,"avg_inner_best_models/val_auc_mean":0.7435344827586208,"_timestamp":1.7727657721400504e+09,"_wandb":{"runtime":0},"_runtime":0.058734484,"_step":36}