{"avg_inner_best_models/train_loss_mean":0.3971475213766098,"avg_inner_best_models/val_loss_mean":0.6412135163942972,"_timestamp":1.7725135278372016e+09,"_step":68,"_wandb":{"runtime":0},"_runtime":0.03804955}