{"avg_inner_best_models/val_loss_mean":0.6478844483693441,"_timestamp":1.7725285830187762e+09,"_wandb":{"runtime":0},"_runtime":0.041942454,"_step":60,"avg_inner_best_models/train_loss_mean":0.4461403737465541}