{"avg_inner_best_models/val_loss_mean":0.6384077370166779,"_timestamp":1.7725298690832155e+09,"_step":41,"_wandb":{"runtime":0},"_runtime":0.053269995,"avg_inner_best_models/train_loss_mean":0.4116424272457759}