{"_wandb":{"runtime":0},"_runtime":0.065385976,"avg_inner_best_models/val_auc_mean":0.6875,"_timestamp":1.7727928915504985e+09,"_step":38,"avg_inner_best_models/train_loss_mean":0.5441499451796213,"avg_inner_best_models/val_loss_mean":0.6464464664459229}