{"_timestamp":1.7727773920074363e+09,"_step":73,"avg_inner_best_models/train_loss_mean":0.3674369851748149,"avg_inner_best_models/val_loss_mean":0.6867390871047974,"_wandb":{"runtime":0},"_runtime":0.04015019,"avg_inner_best_models/val_auc_mean":0.6637931034482759}