{"avg_inner_best_models/val_loss_mean":0.6285724341869354,"_timestamp":1.7725796861086662e+09,"_step":67,"_wandb":{"runtime":0},"_runtime":0.063432524,"avg_inner_best_models/train_loss_mean":0.5096035103003184}