outer_test_LOGLOSS_mean,outer_test_LOGLOSS_std,outer_test_AUC_mean,outer_test_AUC_std,outer_test_AUCPR_mean,outer_test_AUCPR_std,outer_test_ACC_mean,outer_test_ACC_std,outer_test_SEN_mean,outer_test_SEN_std,outer_test_SP_mean,outer_test_SP_std,outer_test_MCC_mean,outer_test_MCC_std
0.6806838007776721,0.011575945366405905,0.572630574452003,0.07134385201134638,0.7207696210311777,0.059686705737984784,0.5770530492898913,0.046073364230350966,0.6193227513227513,0.0761885334671771,0.504015873015873,0.17573493160514705,0.1197491815099384,0.13154519435536802
