{"_wandb":{"runtime":0},"_runtime":0.03723562,"avg_inner_best_models/val_loss_mean":0.6250093579292297,"_timestamp":1.7725099244240155e+09,"_step":57,"avg_inner_best_models/train_loss_mean":0.36153434465328854}