outer_test_LOGLOSS_mean,outer_test_LOGLOSS_std,outer_test_AUC_mean,outer_test_AUC_std,outer_test_AUCPR_mean,outer_test_AUCPR_std,outer_test_ACC_mean,outer_test_ACC_std,outer_test_SEN_mean,outer_test_SEN_std,outer_test_SP_mean,outer_test_SP_std,outer_test_MCC_mean,outer_test_MCC_std
0.6794061111886316,0.01456362824606558,0.5776171579743009,0.059833506238102255,0.7207402292570325,0.04512686663476628,0.556704260651629,0.03335105385721682,0.6198412698412697,0.05649712309591872,0.44761904761904764,0.1589096207713559,0.06378267641783512,0.1132457979638657
