{"avg_inner_best_models/val_loss_mean":0.6627090414365133,"_timestamp":1.7725488117135298e+09,"_wandb":{"runtime":0},"_runtime":0.076769201,"_step":59,"avg_inner_best_models/train_loss_mean":0.5704080874721209}