{"avg_inner_best_models/val_loss_mean":0.6553303897380829,"_wandb":{"runtime":0},"_runtime":0.081649693,"avg_inner_best_models/val_auc_mean":0.6961206896551725,"_timestamp":1.77279590117217e+09,"_step":61,"avg_inner_best_models/train_loss_mean":0.4679112533728282}