{"_step":51,"avg_inner_best_models/train_loss_mean":0.39204686383406323,"avg_inner_best_models/val_loss_mean":0.6133505403995514,"avg_inner_best_models/val_auc_mean":0.7306034482758621,"_timestamp":1.7727944695025713e+09,"_wandb":{"runtime":0},"_runtime":0.057939633}