outer_test_LOGLOSS_mean,outer_test_LOGLOSS_std,outer_test_AUC_mean,outer_test_AUC_std,outer_test_AUCPR_mean,outer_test_AUCPR_std,outer_test_ACC_mean,outer_test_ACC_std,outer_test_SEN_mean,outer_test_SEN_std,outer_test_SP_mean,outer_test_SP_std,outer_test_MCC_mean,outer_test_MCC_std
0.6803728021316241,0.0069250146317292,0.6003718820861679,0.07623796122955111,0.7217855388894266,0.06669880481083723,0.588297827903091,0.02987657803379502,0.6326455026455026,0.11663514417244551,0.5130634920634921,0.18457908257137184,0.14811848717743645,0.09246266307679221
