{"_wandb":{"runtime":0},"_step":28,"avg_inner_best_models/train_loss_mean":0.3687322288751602,"avg_inner_best_models/val_loss_mean":0.6660304268201193,"_timestamp":1.7724964783665023e+09,"_runtime":0.034907603}