outer_train_LOGLOSS_mean,outer_train_LOGLOSS_std,outer_train_AUC_mean,outer_train_AUC_std,outer_train_AUCPR_mean,outer_train_AUCPR_std,outer_train_ACC_mean,outer_train_ACC_std,outer_train_SEN_mean,outer_train_SEN_std,outer_train_SP_mean,outer_train_SP_std,outer_train_MCC_mean,outer_train_MCC_std
0.5273840382662195,0.043190141950481514,0.9953114179385116,0.005978593203126919,0.9973538861746715,0.003300863481657118,0.954780727630285,0.0395164318650645,0.9664335664335664,0.07121202583552988,0.9342638848075229,0.05895446155989908,0.9087923878088329,0.0744583076832386
