{"_runtime":0.035639589,"avg_inner_best_models/val_loss_mean":0.6439352929592133,"_timestamp":1.7725026920825167e+09,"_step":29,"avg_inner_best_models/train_loss_mean":0.4447264224290848,"_wandb":{"runtime":0}}