outer_test_LOGLOSS_mean,outer_test_LOGLOSS_std,outer_test_AUC_mean,outer_test_AUC_std,outer_test_AUCPR_mean,outer_test_AUCPR_std,outer_test_ACC_mean,outer_test_ACC_std,outer_test_SEN_mean,outer_test_SEN_std,outer_test_SP_mean,outer_test_SP_std,outer_test_MCC_mean,outer_test_MCC_std
0.6839083456999504,0.015810807641626352,0.5845964348702444,0.10083965180449374,0.7025218315659109,0.060724299829959534,0.570016708437761,0.06263336966122117,0.5869470899470899,0.12477869153054756,0.5407936507936508,0.1573518242831464,0.12516471950292798,0.12171529178592734
