{"avg_inner_best_models/val_loss_mean":0.6698424220085144,"_timestamp":1.772568493014008e+09,"_wandb":{"runtime":0},"_runtime":0.056025568,"_step":63,"avg_inner_best_models/train_loss_mean":0.5822835465272268}