{"_step":57,"avg_inner_best_models/train_loss_mean":0.4433075537284215,"avg_inner_best_models/val_loss_mean":0.6656207144260406,"avg_inner_best_models/val_auc_mean":0.7155172413793103,"_timestamp":1.7727561102298543e+09,"_wandb":{"runtime":0},"_runtime":0.052603359}