{"_wandb":{"runtime":0},"_runtime":0.036124247,"_timestamp":1.772516760665182e+09,"_step":49,"avg_inner_best_models/train_loss_mean":0.22474554926156998,"avg_inner_best_models/val_loss_mean":0.559396356344223}