{"_wandb":{"runtime":0},"_runtime":0.044742617,"avg_inner_best_models/train_loss_mean":0.31895193209250766,"avg_inner_best_models/val_loss_mean":0.5967274109522501,"_timestamp":1.772515741900177e+09,"_step":50}