{"_step":59,"avg_inner_best_models/train_loss_mean":0.5377971092859903,"_wandb":{"runtime":0},"_runtime":0.059990148,"avg_inner_best_models/val_loss_mean":0.6600107053915659,"_timestamp":1.772561048011218e+09}