{"_runtime":0.061581461,"_wandb":{"runtime":0},"avg_inner_best_models/train_loss_mean":0.5324516445398331,"avg_inner_best_models/val_loss_mean":0.6409082412719727,"_timestamp":1.7725418300464447e+09,"_step":52}