outer_test_LOGLOSS_mean,outer_test_LOGLOSS_std,outer_test_AUC_mean,outer_test_AUC_std,outer_test_AUCPR_mean,outer_test_AUCPR_std,outer_test_ACC_mean,outer_test_ACC_std,outer_test_SEN_mean,outer_test_SEN_std,outer_test_SP_mean,outer_test_SP_std,outer_test_MCC_mean,outer_test_MCC_std
0.6987143885503555,0.016922172177530892,0.5297848954396573,0.10174248607327002,0.6735398235103842,0.08033410703775425,0.5320258980785297,0.08402817534339296,0.5543068783068783,0.1524806073795453,0.49061904761904773,0.09430924082872387,0.04983580920387358,0.1348451650094983
