outer_test_LOGLOSS_mean,outer_test_LOGLOSS_std,outer_test_AUC_mean,outer_test_AUC_std,outer_test_AUCPR_mean,outer_test_AUCPR_std,outer_test_ACC_mean,outer_test_ACC_std,outer_test_SEN_mean,outer_test_SEN_std,outer_test_SP_mean,outer_test_SP_std,outer_test_MCC_mean,outer_test_MCC_std
0.6759262865370866,0.023757417339262014,0.5549489795918368,0.09291009578139665,0.6863341859464993,0.07987875689431297,0.5922305764411029,0.0762568267557839,0.7488888888888889,0.08006555955690624,0.3223809523809524,0.1856501720832971,0.07419164380791642,0.18854503567756534
