outer_test_LOGLOSS_mean,outer_test_LOGLOSS_std,outer_test_AUC_mean,outer_test_AUC_std,outer_test_AUCPR_mean,outer_test_AUCPR_std,outer_test_ACC_mean,outer_test_ACC_std,outer_test_SEN_mean,outer_test_SEN_std,outer_test_SP_mean,outer_test_SP_std,outer_test_MCC_mean,outer_test_MCC_std
0.6818592814424195,0.01201136367607349,0.5580118417737465,0.0563521940986351,0.7068266609867024,0.04515207799441412,0.5640852130325815,0.04102692062633244,0.6632010582010582,0.11142893171389487,0.39076190476190475,0.14657979106587019,0.053536357252077484,0.08993294522993703
