outer_test_LOGLOSS_mean,outer_test_LOGLOSS_std,outer_test_AUC_mean,outer_test_AUC_std,outer_test_AUCPR_mean,outer_test_AUCPR_std,outer_test_ACC_mean,outer_test_ACC_std,outer_test_SEN_mean,outer_test_SEN_std,outer_test_SP_mean,outer_test_SP_std,outer_test_MCC_mean,outer_test_MCC_std
0.6775290271033033,0.007083306124663213,0.554346623834719,0.027830385391971336,0.6929499115084133,0.026010250630387678,0.5592418546365914,0.03884835134025005,0.6518201058201057,0.0801569395154361,0.399015873015873,0.08932216648740982,0.051367853669443804,0.07493556082835927
