outer_test_LOGLOSS_mean,outer_test_LOGLOSS_std,outer_test_AUC_mean,outer_test_AUC_std,outer_test_AUCPR_mean,outer_test_AUCPR_std,outer_test_ACC_mean,outer_test_ACC_std,outer_test_SEN_mean,outer_test_SEN_std,outer_test_SP_mean,outer_test_SP_std,outer_test_MCC_mean,outer_test_MCC_std
0.6731325340848139,0.02104837076416507,0.5600805618543714,0.09845154199441195,0.7059111068803209,0.061933931346117486,0.5850125313283209,0.059350995940894845,0.7251322751322751,0.07723900257207947,0.3419206349206349,0.1324150271559886,0.06868753316899866,0.1452377289753589
