outer_test_LOGLOSS_mean,outer_test_LOGLOSS_std,outer_test_AUC_mean,outer_test_AUC_std,outer_test_AUCPR_mean,outer_test_AUCPR_std,outer_test_ACC_mean,outer_test_ACC_std,outer_test_SEN_mean,outer_test_SEN_std,outer_test_SP_mean,outer_test_SP_std,outer_test_MCC_mean,outer_test_MCC_std
0.6925076691925154,0.010294005085702898,0.5462649911816578,0.05731235948830448,0.6762474496755551,0.036242993791821894,0.5053884711779449,0.055788986803517265,0.5061798941798942,0.18153117142985445,0.4998253968253968,0.2082883066288503,0.007314098000747704,0.09065648347086411
