{"_runtime":0.068003404,"_wandb":{"runtime":0},"_timestamp":1.7725516892161245e+09,"_step":59,"avg_inner_best_models/train_loss_mean":0.5870439211527507,"avg_inner_best_models/val_loss_mean":0.6890155990918478}