{"avg_inner_best_models/val_loss_mean":0.6532229582468669,"_wandb":{"runtime":0},"_runtime":0.055031729,"_timestamp":1.7725482180748158e+09,"_step":59,"avg_inner_best_models/train_loss_mean":0.5071913997332256}