{"_wandb":{"runtime":0},"_runtime":0.037019826,"avg_inner_best_models/train_loss_mean":0.35604289422432583,"avg_inner_best_models/val_loss_mean":0.581953247388204,"_timestamp":1.7725199562215245e+09,"_step":40}