{"_wandb":{"runtime":0},"_runtime":0.052367451,"_step":34,"avg_inner_best_models/train_loss_mean":0.5428309738636017,"avg_inner_best_models/val_loss_mean":0.6707389652729034,"_timestamp":1.7725079761581707e+09}