{"_wandb":{"runtime":0},"_runtime":0.055644774,"_timestamp":1.7725380365035658e+09,"_step":34,"avg_inner_best_models/train_loss_mean":0.5724247793356577,"avg_inner_best_models/val_loss_mean":0.6504604816436768}