{"avg_inner_best_models/val_loss_mean":0.6625045537948608,"_timestamp":1.772541011703432e+09,"_step":53,"_wandb":{"runtime":0},"_runtime":0.040527834,"avg_inner_best_models/train_loss_mean":0.521851658821106}