outer_test_LOGLOSS_mean,outer_test_LOGLOSS_std,outer_test_AUC_mean,outer_test_AUC_std,outer_test_AUCPR_mean,outer_test_AUCPR_std,outer_test_ACC_mean,outer_test_ACC_std,outer_test_SEN_mean,outer_test_SEN_std,outer_test_SP_mean,outer_test_SP_std,outer_test_MCC_mean,outer_test_MCC_std
0.6752336637226791,0.017003621123891918,0.5583057445200302,0.10404144506811906,0.7033802409589051,0.07778010691661072,0.5840893901420217,0.07556827611704436,0.7322539682539684,0.11209540134504727,0.3263809523809523,0.09529501335286086,0.069269018905309,0.15263006872274343
