outer_test_LOGLOSS_mean,outer_test_LOGLOSS_std,outer_test_AUC_mean,outer_test_AUC_std,outer_test_AUCPR_mean,outer_test_AUCPR_std,outer_test_ACC_mean,outer_test_ACC_std,outer_test_SEN_mean,outer_test_SEN_std,outer_test_SP_mean,outer_test_SP_std,outer_test_MCC_mean,outer_test_MCC_std
0.6850156723423295,0.01922528682456632,0.5589535777273871,0.10533020723250883,0.6887824426222909,0.07682374724032694,0.5743984962406015,0.09620268778602031,0.6197513227513227,0.16486564208334592,0.4922698412698412,0.19834170307548707,0.11470780707325066,0.18900222118040835
