{"avg_inner_best_models/val_loss_mean":0.6223514278729757,"avg_inner_best_models/val_auc_mean":0.7112068965517241,"_timestamp":1.7727524520094962e+09,"_step":53,"_wandb":{"runtime":0},"_runtime":0.05513668,"avg_inner_best_models/train_loss_mean":0.47221899777650833}