{"_wandb":{"runtime":0},"_runtime":0.051875059,"avg_inner_best_models/val_auc_mean":0.73109243697479,"_timestamp":1.7727763895295928e+09,"_step":38,"avg_inner_best_models/train_loss_mean":0.5322266841928164,"avg_inner_best_models/val_loss_mean":0.6378592848777771}