{"_wandb":{"runtime":0},"_runtime":0.037905321,"avg_inner_best_models/train_loss_mean":0.30254900455474854,"avg_inner_best_models/val_loss_mean":0.642026960849762,"_timestamp":1.772524134752652e+09,"_step":36}