{"_wandb":{"runtime":0},"_runtime":0.051532567,"_timestamp":1.7727519431569617e+09,"_step":35,"avg_inner_best_models/train_loss_mean":0.53153857588768,"avg_inner_best_models/val_loss_mean":0.6937738656997681,"avg_inner_best_models/val_auc_mean":0.6379310344827586}