{"_timestamp":1.7725259307343636e+09,"_wandb":{"runtime":0},"_runtime":0.038511278,"_step":50,"avg_inner_best_models/train_loss_mean":0.38003061215082806,"avg_inner_best_models/val_loss_mean":0.6301032900810242}