{"_timestamp":1.772537501293399e+09,"_wandb":{"runtime":0},"_runtime":0.054642891,"_step":31,"avg_inner_best_models/train_loss_mean":0.5248929436008135,"avg_inner_best_models/val_loss_mean":0.6882778207461039}