{"avg_inner_best_models/train_loss_mean":0.5150802880525589,"avg_inner_best_models/val_loss_mean":0.6624484956264496,"avg_inner_best_models/val_auc_mean":0.6875,"_timestamp":1.7728307596401405e+09,"_step":36,"_wandb":{"runtime":0},"_runtime":0.052636023}