{"_step":80,"avg_inner_best_models/train_loss_mean":0.4755801409482956,"avg_inner_best_models/val_loss_mean":0.6554502050081888,"avg_inner_best_models/val_auc_mean":0.6443965517241379,"_timestamp":1.7727596253236191e+09,"_wandb":{"runtime":0},"_runtime":0.064909486}