{"avg_inner_best_models/train_loss_mean":0.4533769538005193,"avg_inner_best_models/val_loss_mean":0.6394507884979248,"avg_inner_best_models/val_auc_mean":0.7327586206896552,"_timestamp":1.772781933773262e+09,"_wandb":{"runtime":0},"_runtime":0.059216226,"_step":69}