{"_wandb":{"runtime":0},"_runtime":0.055035831,"_step":39,"avg_inner_best_models/train_loss_mean":0.578781376282374,"avg_inner_best_models/val_loss_mean":0.6760297119617462,"_timestamp":1.7725452528832173e+09}