{"_wandb":{"runtime":0},"_runtime":0.093826487,"_step":60,"avg_inner_best_models/train_loss_mean":1.4979578256607056,"avg_inner_best_models/val_loss_mean":0.6557949483394623,"avg_inner_best_models/val_auc_mean":0.7219827586206897,"_timestamp":1.7728479512625203e+09}