{"avg_inner_best_models/val_auc_mean":0.6369168356997971,"_timestamp":1.7728022622378173e+09,"_step":38,"avg_inner_best_models/train_loss_mean":0.4334844301144282,"_runtime":0.065936375,"_wandb":{"runtime":0},"avg_inner_best_models/val_loss_mean":0.6590296626091003}