{"avg_inner_best_models/val_auc_mean":0.7465589684149522,"_timestamp":1.7727800557702959e+09,"_step":80,"avg_inner_best_models/train_loss_mean":0.43776852265000343,"_wandb":{"runtime":0},"_runtime":0.05364512,"avg_inner_best_models/val_loss_mean":0.6330807109673817}