outer_test_LOGLOSS_mean,outer_test_LOGLOSS_std,outer_test_AUC_mean,outer_test_AUC_std,outer_test_AUCPR_mean,outer_test_AUCPR_std,outer_test_ACC_mean,outer_test_ACC_std,outer_test_SEN_mean,outer_test_SEN_std,outer_test_SP_mean,outer_test_SP_std,outer_test_MCC_mean,outer_test_MCC_std
0.6930421713855872,0.01760366129325271,0.5020135424540186,0.08917367364637997,0.6450125440781794,0.06692177742992124,0.537454051796157,0.08125054366251656,0.6456349206349207,0.09888005357495672,0.3502857142857143,0.09398177442687682,-0.001760806961257129,0.15881463294427314
