outer_test_LOGLOSS_mean,outer_test_LOGLOSS_std,outer_test_AUC_mean,outer_test_AUC_std,outer_test_AUCPR_mean,outer_test_AUCPR_std,outer_test_ACC_mean,outer_test_ACC_std,outer_test_SEN_mean,outer_test_SEN_std,outer_test_SP_mean,outer_test_SP_std,outer_test_MCC_mean,outer_test_MCC_std
0.6800238729346694,0.0223256998225015,0.5723046107331823,0.10634933933466485,0.7065110193248768,0.08234625622196322,0.5829657477025898,0.08477040277555394,0.6316666666666667,0.16151199677975164,0.4960476190476191,0.17141810228676632,0.1287653286788296,0.1547214034275869
