outer_test_LOGLOSS_mean,outer_test_LOGLOSS_std,outer_test_AUC_mean,outer_test_AUC_std,outer_test_AUCPR_mean,outer_test_AUCPR_std,outer_test_ACC_mean,outer_test_ACC_std,outer_test_SEN_mean,outer_test_SEN_std,outer_test_SP_mean,outer_test_SP_std,outer_test_MCC_mean,outer_test_MCC_std
0.6833211666781704,0.022167453347141333,0.5584882842025699,0.08907561018390275,0.6980408252166812,0.057404060631723736,0.5846491228070174,0.06445888604588544,0.6644444444444445,0.08066085072391793,0.4471428571428572,0.07412375507055508,0.11280868702754225,0.12629602914549448
