{"_wandb":{"runtime":0},"_runtime":0.03827354,"avg_inner_best_models/train_loss_mean":0.4978628158569336,"avg_inner_best_models/val_loss_mean":0.7345146139462789,"avg_inner_best_models/val_auc_mean":0.6012931034482758,"_timestamp":1.772802471693849e+09,"_step":56}