{"_timestamp":1.7725704700613146e+09,"_step":69,"avg_inner_best_models/train_loss_mean":0.5389895141124725,"_runtime":0.057745391,"_wandb":{"runtime":0},"avg_inner_best_models/val_loss_mean":0.6577928364276886}