{"_timestamp":1.7727541471843987e+09,"_step":33,"_wandb":{"runtime":0},"_runtime":0.050508134,"avg_inner_best_models/train_loss_mean":0.5245728393395742,"avg_inner_best_models/val_loss_mean":0.665948897600174,"avg_inner_best_models/val_auc_mean":0.7025862068965517}