{"_runtime":0.056034689,"avg_inner_best_models/val_loss_mean":0.6028004884719849,"_timestamp":1.7725065454519107e+09,"_step":52,"avg_inner_best_models/train_loss_mean":0.35006394733985263,"_wandb":{"runtime":0}}