{"avg_inner_best_models/val_loss_mean":0.6702202757199606,"_timestamp":1.7725323020463877e+09,"_runtime":0.042431943,"_wandb":{"runtime":0},"_step":42,"avg_inner_best_models/train_loss_mean":0.46250251432259876}