{"avg_inner_best_models/val_auc_mean":0.6961206896551724,"_timestamp":1.772788437022722e+09,"_step":37,"_wandb":{"runtime":0},"_runtime":0.039529348,"avg_inner_best_models/train_loss_mean":0.5015080471833547,"avg_inner_best_models/val_loss_mean":0.649266262849172}