outer_test_LOGLOSS_mean,outer_test_LOGLOSS_std,outer_test_AUC_mean,outer_test_AUC_std,outer_test_AUCPR_mean,outer_test_AUCPR_std,outer_test_ACC_mean,outer_test_ACC_std,outer_test_SEN_mean,outer_test_SEN_std,outer_test_SP_mean,outer_test_SP_std,outer_test_MCC_mean,outer_test_MCC_std
0.6753229187666692,0.0225839576293866,0.577245275888133,0.07305625971065292,0.709066527803767,0.07348538531284556,0.6021741854636592,0.07652080408824433,0.729994708994709,0.18891290808114236,0.38130158730158736,0.18486571519232145,0.13446435522367595,0.13250593535510463
