outer_test_LOGLOSS_mean,outer_test_LOGLOSS_std,outer_test_AUC_mean,outer_test_AUC_std,outer_test_AUCPR_mean,outer_test_AUCPR_std,outer_test_ACC_mean,outer_test_ACC_std,outer_test_SEN_mean,outer_test_SEN_std,outer_test_SP_mean,outer_test_SP_std,outer_test_MCC_mean,outer_test_MCC_std
0.6789092109579379,0.015700961287345765,0.5655436507936509,0.05553436682943665,0.6966049199993773,0.04694311512153639,0.5804949874686717,0.058370522434133564,0.6743544973544973,0.12410381014597642,0.41638095238095235,0.11769022240216433,0.09485652316308585,0.09546208867843932
