{"_timestamp":1.7725052197236228e+09,"_step":50,"_runtime":0.039595938,"_wandb":{"runtime":0},"avg_inner_best_models/train_loss_mean":0.41482730209827423,"avg_inner_best_models/val_loss_mean":0.6607891023159027}