{"_runtime":0.034437079,"_wandb":{"runtime":0},"_step":32,"avg_inner_best_models/train_loss_mean":0.3005989243586858,"avg_inner_best_models/val_loss_mean":0.6459790468215942,"_timestamp":1.772498006508956e+09}