{"_wandb":{"runtime":0},"_runtime":0.053135456,"_step":28,"avg_inner_best_models/train_loss_mean":0.44656213869651157,"avg_inner_best_models/val_loss_mean":0.6429476141929626,"avg_inner_best_models/val_auc_mean":0.5969827586206897,"_timestamp":1.7727613655660439e+09}