outer_test_LOGLOSS_mean,outer_test_LOGLOSS_std,outer_test_AUC_mean,outer_test_AUC_std,outer_test_AUCPR_mean,outer_test_AUCPR_std,outer_test_ACC_mean,outer_test_ACC_std,outer_test_SEN_mean,outer_test_SEN_std,outer_test_SP_mean,outer_test_SP_std,outer_test_MCC_mean,outer_test_MCC_std
0.6879360328198766,0.008624372915736953,0.5473039808515999,0.07516123440032081,0.6781615494216072,0.0460750295799078,0.5613554720133668,0.06676917376958812,0.6323333333333333,0.11746332006504343,0.44106349206349205,0.176955388458596,0.07343975797000633,0.1497458335244609
