outer_test_LOGLOSS_mean,outer_test_LOGLOSS_std,outer_test_AUC_mean,outer_test_AUC_std,outer_test_AUCPR_mean,outer_test_AUCPR_std,outer_test_ACC_mean,outer_test_ACC_std,outer_test_SEN_mean,outer_test_SEN_std,outer_test_SP_mean,outer_test_SP_std,outer_test_MCC_mean,outer_test_MCC_std
0.6762162301395115,0.009804146174795306,0.6165165658856137,0.05437626969170443,0.7340902182559854,0.038570032314827266,0.5963659147869674,0.06862666173092705,0.6195555555555555,0.13203319915452524,0.5597777777777778,0.12719279887697124,0.1785487586259167,0.11911227038255483
