outer_test_LOGLOSS_mean,outer_test_LOGLOSS_std,outer_test_AUC_mean,outer_test_AUC_std,outer_test_AUCPR_mean,outer_test_AUCPR_std,outer_test_ACC_mean,outer_test_ACC_std,outer_test_SEN_mean,outer_test_SEN_std,outer_test_SP_mean,outer_test_SP_std,outer_test_MCC_mean,outer_test_MCC_std
0.6681076673418795,0.016459890600344324,0.6315162509448223,0.057230672937805115,0.7527756936844368,0.05659538695310691,0.5967752715121135,0.04874324599748517,0.6702380952380952,0.1720686728079191,0.4737301587301587,0.2180859391734555,0.1551687307541757,0.09601467755471205
