{"avg_inner_best_models/train_loss_mean":0.2568046326438586,"avg_inner_best_models/val_loss_mean":0.6127977172533671,"_timestamp":1.7725179644639611e+09,"_step":45,"_wandb":{"runtime":0},"_runtime":0.039909936}