{"avg_inner_best_models/train_loss_mean":0.45609381546576816,"avg_inner_best_models/val_loss_mean":0.6924816966056824,"avg_inner_best_models/val_auc_mean":0.615546218487395,"_timestamp":1.7727885303123987e+09,"_step":28,"_wandb":{"runtime":0},"_runtime":0.050118874}