{"_wandb":{"runtime":0},"_runtime":0.036075569,"_step":25,"avg_inner_best_models/train_loss_mean":0.5839105049769083,"avg_inner_best_models/val_loss_mean":0.6734329164028168,"avg_inner_best_models/val_auc_mean":0.689655172413793,"_timestamp":1.7728005892909899e+09}