{"_runtime":0.05554171,"avg_inner_best_models/train_loss_mean":0.41833136479059857,"avg_inner_best_models/val_loss_mean":0.6291686296463013,"avg_inner_best_models/val_auc_mean":0.6953781512605042,"_timestamp":1.7727977165708745e+09,"_step":49,"_wandb":{"runtime":0}}