{"_wandb":{"runtime":0},"_runtime":0.034963565,"_timestamp":1.772785909579386e+09,"_step":25,"avg_inner_best_models/train_loss_mean":0.5349511901537577,"avg_inner_best_models/val_loss_mean":0.7162421941757202,"avg_inner_best_models/val_auc_mean":0.6185344827586207}