{"avg_inner_best_models/train_loss_mean":0.4820377801855405,"avg_inner_best_models/val_loss_mean":0.6519788702329,"avg_inner_best_models/val_auc_mean":0.6250000000000001,"_timestamp":1.7728196179963052e+09,"_step":36,"_wandb":{"runtime":0},"_runtime":0.038167898}