outer_test_LOGLOSS_mean,outer_test_LOGLOSS_std,outer_test_AUC_mean,outer_test_AUC_std,outer_test_AUCPR_mean,outer_test_AUCPR_std,outer_test_ACC_mean,outer_test_ACC_std,outer_test_SEN_mean,outer_test_SEN_std,outer_test_SP_mean,outer_test_SP_std,outer_test_MCC_mean,outer_test_MCC_std
0.6839051164132527,0.01359422954390207,0.5870406273620559,0.06703580993833767,0.7068966463564783,0.056127789976388884,0.5586278195488721,0.06542787919294955,0.5551534391534392,0.14215449712970435,0.5608888888888889,0.17220058637407987,0.11574247943173217,0.12636158064741793
