{"_runtime":0.057735784,"avg_inner_best_models/val_loss_mean":0.67465740442276,"_timestamp":1.7725606238235254e+09,"_step":73,"avg_inner_best_models/train_loss_mean":0.5646667629480362,"_wandb":{"runtime":0}}