{"_wandb":{"runtime":0},"_runtime":0.05973415,"_step":80,"avg_inner_best_models/train_loss_mean":0.43164145449797314,"avg_inner_best_models/val_loss_mean":0.5760803620020548,"_timestamp":1.7725162972121341e+09}