{"_step":59,"avg_inner_best_models/train_loss_mean":0.5216391310095787,"avg_inner_best_models/val_loss_mean":0.6597552398840586,"_timestamp":1.7725799009359226e+09,"_wandb":{"runtime":0},"_runtime":0.058698329}