{"_timestamp":1.7725366100042312e+09,"_wandb":{"runtime":0},"_runtime":0.058399205,"_step":36,"avg_inner_best_models/train_loss_mean":0.5317648202180862,"avg_inner_best_models/val_loss_mean":0.6736195882161459}