{"avg_inner_best_models/val_loss_mean":0.6511364281177521,"avg_inner_best_models/val_auc_mean":0.6428571428571428,"_timestamp":1.7727812811994867e+09,"_step":45,"_wandb":{"runtime":0},"_runtime":0.057069935,"avg_inner_best_models/train_loss_mean":0.519841879606247}