{"_runtime":0.052702755,"_timestamp":1.772806780414334e+09,"_step":42,"avg_inner_best_models/train_loss_mean":0.46725905934969586,"avg_inner_best_models/val_loss_mean":0.5997494757175446,"avg_inner_best_models/val_auc_mean":0.7133620689655172,"_wandb":{"runtime":0}}