{"_timestamp":1.7725176398307946e+09,"_step":42,"_wandb":{"runtime":0},"_runtime":0.054189288,"avg_inner_best_models/train_loss_mean":0.24863403538862863,"avg_inner_best_models/val_loss_mean":0.5806846618652344}