{"_wandb":{"runtime":0},"_runtime":0.052523239,"avg_inner_best_models/train_loss_mean":0.30689892669518787,"avg_inner_best_models/val_loss_mean":0.6585730314254761,"_timestamp":1.7725244639268594e+09,"_step":46}