{"avg_inner_best_models/val_loss_mean":0.6132573882738749,"_runtime":0.102691571,"_wandb":{"runtime":0},"avg_inner_best_models/val_auc_mean":0.7435344827586208,"_timestamp":1.7728550088001752e+09,"_step":45,"avg_inner_best_models/train_loss_mean":2.2608792384465537}