{"avg_inner_best_models/train_loss_mean":0.5698782503604889,"avg_inner_best_models/val_loss_mean":0.7093817790349325,"_timestamp":1.7725374229016917e+09,"_wandb":{"runtime":0},"_runtime":0.035721136,"_step":18}