{"_runtime":0.051845725,"_timestamp":1.7727705724143937e+09,"_step":32,"avg_inner_best_models/train_loss_mean":0.4626011351744334,"avg_inner_best_models/val_loss_mean":0.6753131449222565,"avg_inner_best_models/val_auc_mean":0.6573275862068966,"_wandb":{"runtime":0}}