outer_test_LOGLOSS_mean,outer_test_LOGLOSS_std,outer_test_AUC_mean,outer_test_AUC_std,outer_test_AUCPR_mean,outer_test_AUCPR_std,outer_test_ACC_mean,outer_test_ACC_std,outer_test_SEN_mean,outer_test_SEN_std,outer_test_SP_mean,outer_test_SP_std,outer_test_MCC_mean,outer_test_MCC_std
0.6833053983079487,0.009826653250002102,0.569890022675737,0.056796151289735,0.720366439909223,0.03552580055909436,0.52890768588137,0.04768930602223489,0.5160158730158729,0.14512105597236769,0.551,0.18921769251200368,0.0663497232649488,0.10513047271200177
