outer_test_LOGLOSS_mean,outer_test_LOGLOSS_std,outer_test_AUC_mean,outer_test_AUC_std,outer_test_AUCPR_mean,outer_test_AUCPR_std,outer_test_ACC_mean,outer_test_ACC_std,outer_test_SEN_mean,outer_test_SEN_std,outer_test_SP_mean,outer_test_SP_std,outer_test_MCC_mean,outer_test_MCC_std
0.6713908639637625,0.012492928065209359,0.5984770093222473,0.058796745604010214,0.7342676009675849,0.051403467837502236,0.5871031746031746,0.07076190911891649,0.6705343915343915,0.129956467362722,0.44241269841269837,0.09700242807093569,0.11926754024380311,0.12439881012027555
