{"_wandb":{"runtime":0},"_runtime":0.054387229,"avg_inner_best_models/val_auc_mean":0.6302521008403361,"_timestamp":1.772803035972099e+09,"_step":47,"avg_inner_best_models/train_loss_mean":0.4664774388074875,"avg_inner_best_models/val_loss_mean":0.6741978724797567}