{"_step":51,"avg_inner_best_models/train_loss_mean":0.2519242912530899,"avg_inner_best_models/val_loss_mean":0.5879081885019938,"_timestamp":1.772514624822338e+09,"_wandb":{"runtime":0},"_runtime":0.060679144}