{"_timestamp":1.772800201651584e+09,"_wandb":{"runtime":0},"_runtime":0.051653688,"_step":61,"avg_inner_best_models/train_loss_mean":0.4951078196366628,"avg_inner_best_models/val_loss_mean":0.6658762097358704,"avg_inner_best_models/val_auc_mean":0.7112068965517241}