outer_test_LOGLOSS_mean,outer_test_LOGLOSS_std,outer_test_AUC_mean,outer_test_AUC_std,outer_test_AUCPR_mean,outer_test_AUCPR_std,outer_test_ACC_mean,outer_test_ACC_std,outer_test_SEN_mean,outer_test_SEN_std,outer_test_SP_mean,outer_test_SP_std,outer_test_MCC_mean,outer_test_MCC_std
0.683093521244617,0.013926479210484498,0.5534823633156967,0.08358119753035825,0.6924756749969956,0.07494682151833561,0.5834837092731829,0.049068910309982866,0.6857989417989417,0.0777388054595617,0.4076507936507937,0.16899316428706734,0.09084159992315294,0.13103027645733967
