outer_test_LOGLOSS_mean,outer_test_LOGLOSS_std,outer_test_AUC_mean,outer_test_AUC_std,outer_test_AUCPR_mean,outer_test_AUCPR_std,outer_test_ACC_mean,outer_test_ACC_std,outer_test_SEN_mean,outer_test_SEN_std,outer_test_SP_mean,outer_test_SP_std,outer_test_MCC_mean,outer_test_MCC_std
0.6862676859417762,0.014481376090075259,0.5614296422272612,0.06369622240944443,0.6925201705544345,0.057139186049502584,0.5556474519632413,0.07251963955926043,0.5962698412698414,0.195283078541167,0.48809523809523814,0.1751335195906647,0.08881899196052749,0.08586456015479842
