outer_test_LOGLOSS_mean,outer_test_LOGLOSS_std,outer_test_AUC_mean,outer_test_AUC_std,outer_test_AUCPR_mean,outer_test_AUCPR_std,outer_test_ACC_mean,outer_test_ACC_std,outer_test_SEN_mean,outer_test_SEN_std,outer_test_SP_mean,outer_test_SP_std,outer_test_MCC_mean,outer_test_MCC_std
0.678696056497602,0.01789837031495415,0.5529862685815067,0.0691582894767755,0.682196064661824,0.04992774411565545,0.5989452798663325,0.07647113964894636,0.723941798941799,0.1243175535405127,0.37996825396825396,0.07821893614284192,0.11907785268450467,0.14597201181603586
