outer_test_LOGLOSS_mean,outer_test_LOGLOSS_std,outer_test_AUC_mean,outer_test_AUC_std,outer_test_AUCPR_mean,outer_test_AUCPR_std,outer_test_ACC_mean,outer_test_ACC_std,outer_test_SEN_mean,outer_test_SEN_std,outer_test_SP_mean,outer_test_SP_std,outer_test_MCC_mean,outer_test_MCC_std
0.6933455576763841,0.016415643228447983,0.5262811791383218,0.13552923395910094,0.65877972096137,0.0947324303154921,0.5487113617376775,0.11655650412308649,0.6276243386243386,0.11096040917100577,0.4115714285714286,0.17919620754545265,0.03720958703394706,0.2483503357809814
