{"avg_inner_best_models/val_loss_mean":0.6325897872447968,"_timestamp":1.7724960731641326e+09,"_step":45,"avg_inner_best_models/train_loss_mean":0.34524117410182953,"_wandb":{"runtime":0},"_runtime":0.050054357}