{"_runtime":0.055451112,"avg_inner_best_models/val_loss_mean":0.6513173580169678,"avg_inner_best_models/val_auc_mean":0.7373949579831933,"_timestamp":1.7727905966082098e+09,"_step":42,"avg_inner_best_models/train_loss_mean":0.5134994039932886,"_wandb":{"runtime":0}}