outer_test_LOGLOSS_mean,outer_test_LOGLOSS_std,outer_test_AUC_mean,outer_test_AUC_std,outer_test_AUCPR_mean,outer_test_AUCPR_std,outer_test_ACC_mean,outer_test_ACC_std,outer_test_SEN_mean,outer_test_SEN_std,outer_test_SP_mean,outer_test_SP_std,outer_test_MCC_mean,outer_test_MCC_std
0.6893878529733153,0.017778987072084064,0.5570052280171328,0.12522182360613432,0.6831789122466723,0.10469211224782098,0.5600898078529658,0.07044523838876426,0.5790952380952381,0.08545302787642492,0.5302857142857142,0.2055080758069429,0.10980489394883367,0.18507865940699217
