{"_wandb":{"runtime":0},"_runtime":0.059811632,"_timestamp":1.7725478440472252e+09,"_step":59,"avg_inner_best_models/train_loss_mean":0.5290089666843414,"avg_inner_best_models/val_loss_mean":0.6686451216538747}