outer_test_LOGLOSS_mean,outer_test_LOGLOSS_std,outer_test_AUC_mean,outer_test_AUC_std,outer_test_AUCPR_mean,outer_test_AUCPR_std,outer_test_ACC_mean,outer_test_ACC_std,outer_test_SEN_mean,outer_test_SEN_std,outer_test_SP_mean,outer_test_SP_std,outer_test_MCC_mean,outer_test_MCC_std
0.6887715279757516,0.013394310210249059,0.560565444696397,0.11066091946523417,0.6996202638160094,0.08951641007502725,0.5295614035087719,0.08634673363829638,0.5363068783068783,0.09025633011327758,0.5187619047619049,0.16355398621102216,0.052369784130203385,0.1885985198471322
