{"avg_inner_best_models/val_auc_mean":0.7047413793103449,"_timestamp":1.7727846032523625e+09,"_step":43,"_wandb":{"runtime":0},"_runtime":0.055899789,"avg_inner_best_models/train_loss_mean":0.525547556579113,"avg_inner_best_models/val_loss_mean":0.6775064071019491}