{"avg_inner_best_models/train_loss_mean":0.2568724974989891,"_wandb":{"runtime":0},"_runtime":0.0522612,"avg_inner_best_models/val_loss_mean":0.6369152367115021,"_timestamp":1.7724937342634406e+09,"_step":34}