{"avg_inner_best_models/val_auc_mean":0.7878151260504201,"_timestamp":1.7728151025320735e+09,"_step":57,"_wandb":{"runtime":0},"_runtime":0.053778374,"avg_inner_best_models/train_loss_mean":0.45985440413157147,"avg_inner_best_models/val_loss_mean":0.6036149561405182}