{"_timestamp":1.7727966722810678e+09,"_step":33,"avg_inner_best_models/train_loss_mean":0.4961211383342743,"avg_inner_best_models/val_loss_mean":0.6525780955950419,"avg_inner_best_models/val_auc_mean":0.7327586206896551,"_wandb":{"runtime":0},"_runtime":0.052895257}