{"avg_inner_best_models/val_loss_mean":0.694824198881785,"_timestamp":1.7725054123655317e+09,"_wandb":{"runtime":0},"_runtime":0.051695343,"_step":22,"avg_inner_best_models/train_loss_mean":0.5541852513949076}