{"avg_inner_best_models/train_loss_mean":0.3976573596398036,"avg_inner_best_models/val_loss_mean":0.6085143089294434,"avg_inner_best_models/val_auc_mean":0.7281947261663286,"_timestamp":1.7727946871388547e+09,"_wandb":{"runtime":0},"_runtime":0.062166027,"_step":37}