{"avg_inner_best_models/train_loss_mean":0.33466188609600067,"avg_inner_best_models/val_loss_mean":0.6362943450609843,"avg_inner_best_models/val_auc_mean":0.6788793103448276,"_timestamp":1.772792149819864e+09,"_wandb":{"runtime":0},"_runtime":0.063245586,"_step":67}