{"_wandb":{"runtime":0},"_runtime":0.067489378,"avg_inner_best_models/train_loss_mean":0.5184577400485674,"avg_inner_best_models/val_loss_mean":0.6614637990792592,"_timestamp":1.7725717346628654e+09,"_step":59}