{"_wandb":{"runtime":0},"_step":65,"avg_inner_best_models/train_loss_mean":0.464662400384744,"avg_inner_best_models/val_loss_mean":0.619470496972402,"_timestamp":1.77250566532465e+09,"_runtime":0.039263976}