{"_timestamp":1.7725454381136293e+09,"_step":39,"_wandb":{"runtime":0},"_runtime":0.060896888,"avg_inner_best_models/train_loss_mean":0.5297239025433859,"avg_inner_best_models/val_loss_mean":0.6201672554016113}