outer_test_LOGLOSS_mean,outer_test_LOGLOSS_std,outer_test_AUC_mean,outer_test_AUC_std,outer_test_AUCPR_mean,outer_test_AUCPR_std,outer_test_ACC_mean,outer_test_ACC_std,outer_test_SEN_mean,outer_test_SEN_std,outer_test_SP_mean,outer_test_SP_std,outer_test_MCC_mean,outer_test_MCC_std
0.6928793676813643,0.01025611768552788,0.542567649281935,0.07982324030562148,0.7058656670494622,0.06072633401946844,0.5418191311612365,0.06379018427712249,0.52784126984127,0.1318399669740408,0.5656190476190475,0.11858121483742469,0.09338594433757924,0.10259726031134395
