outer_test_LOGLOSS_mean,outer_test_LOGLOSS_std,outer_test_AUC_mean,outer_test_AUC_std,outer_test_AUCPR_mean,outer_test_AUCPR_std,outer_test_ACC_mean,outer_test_ACC_std,outer_test_SEN_mean,outer_test_SEN_std,outer_test_SP_mean,outer_test_SP_std,outer_test_MCC_mean,outer_test_MCC_std
0.6807343484334839,0.01261261010045611,0.5988299949609472,0.05470176070242308,0.7315279786408335,0.0328852508457491,0.5968274853801169,0.06683959842411999,0.6263280423280423,0.18373929575856007,0.5512539682539682,0.17699510858057269,0.1858795104089264,0.08956410547554887
