{"avg_inner_best_models/val_loss_mean":0.6742061038812002,"_timestamp":1.7725647280546055e+09,"_step":59,"avg_inner_best_models/train_loss_mean":0.5283158540725708,"_wandb":{"runtime":0},"_runtime":0.053633663}