{"_step":59,"avg_inner_best_models/train_loss_mean":0.541130452354749,"avg_inner_best_models/val_loss_mean":0.6616380174954732,"_timestamp":1.7725604135435786e+09,"_wandb":{"runtime":0},"_runtime":0.06317408}