{"_wandb":{"runtime":0},"_runtime":0.036327664,"_step":37,"avg_inner_best_models/train_loss_mean":0.5091215173403422,"avg_inner_best_models/val_loss_mean":0.6444684068361918,"avg_inner_best_models/val_auc_mean":0.6487068965517242,"_timestamp":1.7727691452706113e+09}