outer_test_LOGLOSS_mean,outer_test_LOGLOSS_std,outer_test_AUC_mean,outer_test_AUC_std,outer_test_AUCPR_mean,outer_test_AUCPR_std,outer_test_ACC_mean,outer_test_ACC_std,outer_test_SEN_mean,outer_test_SEN_std,outer_test_SP_mean,outer_test_SP_std,outer_test_MCC_mean,outer_test_MCC_std
0.6611435476525878,0.01538016109517907,0.6035710506424791,0.04556130952017711,0.7428601389648333,0.028367333850813616,0.6102527151211363,0.06633681015102888,0.75489417989418,0.13207369964979757,0.35853968253968255,0.14268957538615623,0.12753597182972023,0.1394308980290033
