outer_test_LOGLOSS_mean,outer_test_LOGLOSS_std,outer_test_AUC_mean,outer_test_AUC_std,outer_test_AUCPR_mean,outer_test_AUCPR_std,outer_test_ACC_mean,outer_test_ACC_std,outer_test_SEN_mean,outer_test_SEN_std,outer_test_SP_mean,outer_test_SP_std,outer_test_MCC_mean,outer_test_MCC_std
0.6612256249665384,0.014821793467710053,0.5979513101536912,0.06242810416918193,0.7321825820698625,0.033308676073968826,0.5974895572263994,0.058872883876112676,0.7272063492063491,0.15209649842071565,0.36833333333333335,0.20569287311768603,0.10414910030363067,0.1334734951099608
