{"_runtime":0.064508246,"avg_inner_best_models/val_loss_mean":0.6799993872642517,"_timestamp":1.772557160038695e+09,"_step":59,"avg_inner_best_models/train_loss_mean":0.5362967535853386,"_wandb":{"runtime":0}}