outer_test_LOGLOSS_mean,outer_test_LOGLOSS_std,outer_test_AUC_mean,outer_test_AUC_std,outer_test_AUCPR_mean,outer_test_AUCPR_std,outer_test_ACC_mean,outer_test_ACC_std,outer_test_SEN_mean,outer_test_SEN_std,outer_test_SP_mean,outer_test_SP_std,outer_test_MCC_mean,outer_test_MCC_std
0.6808563631268495,0.01609154416152933,0.5645950491307635,0.09733760563237448,0.6954747445842072,0.08553818475778834,0.5857497911445279,0.0738202412990397,0.675994708994709,0.06781559650494563,0.4294920634920635,0.14226220708033382,0.10481795414500522,0.16395884415042636
