{"_wandb":{"runtime":0},"_runtime":0.059529123,"_step":52,"avg_inner_best_models/train_loss_mean":0.39019788801670074,"avg_inner_best_models/val_loss_mean":0.5983029901981354,"avg_inner_best_models/val_auc_mean":0.7302231237322515,"_timestamp":1.7727855792843356e+09}