outer_test_LOGLOSS_mean,outer_test_LOGLOSS_std,outer_test_AUC_mean,outer_test_AUC_std,outer_test_AUCPR_mean,outer_test_AUCPR_std,outer_test_ACC_mean,outer_test_ACC_std,outer_test_SEN_mean,outer_test_SEN_std,outer_test_SP_mean,outer_test_SP_std,outer_test_MCC_mean,outer_test_MCC_std
0.6697077464443786,0.010947774398720958,0.5983902746283699,0.04240847926219019,0.7222982801034742,0.03198453400925047,0.6054887218045113,0.04412813855732166,0.6913015873015873,0.10814337328901977,0.45642857142857146,0.1769125568696531,0.14788067080355763,0.1125808455690552
