{"_timestamp":1.7728767479625957e+09,"_step":45,"avg_inner_best_models/train_loss_mean":0.8628114561239878,"avg_inner_best_models/val_loss_mean":0.6360857486724854,"_wandb":{"runtime":0},"_runtime":0.057666238,"avg_inner_best_models/val_auc_mean":0.8661257606490872}