{"_runtime":0.070469757,"avg_inner_best_models/val_auc_mean":0.7752100840336134,"_timestamp":1.77284297127586e+09,"_step":70,"avg_inner_best_models/train_loss_mean":1.4330031275749207,"avg_inner_best_models/val_loss_mean":0.6286661028862,"_wandb":{"runtime":0}}