{"avg_inner_best_models/val_loss_mean":0.6712433497111002,"avg_inner_best_models/val_auc_mean":0.6724137931034483,"_timestamp":1.772839675141558e+09,"_wandb":{"runtime":0},"_runtime":0.06400471,"_step":37,"avg_inner_best_models/train_loss_mean":0.9563620785872141}