{"_wandb":{"runtime":0},"_runtime":0.067774664,"_step":53,"avg_inner_best_models/train_loss_mean":0.42843908071517944,"avg_inner_best_models/val_loss_mean":0.6586240231990814,"avg_inner_best_models/val_auc_mean":0.6659663865546218,"_timestamp":1.7728020338159409e+09}