outer_test_LOGLOSS_mean,outer_test_LOGLOSS_std,outer_test_AUC_mean,outer_test_AUC_std,outer_test_AUCPR_mean,outer_test_AUCPR_std,outer_test_ACC_mean,outer_test_ACC_std,outer_test_SEN_mean,outer_test_SEN_std,outer_test_SP_mean,outer_test_SP_std,outer_test_MCC_mean,outer_test_MCC_std
0.6819137401857052,0.019690500586294565,0.5682861552028219,0.07301869192455404,0.7070800014541224,0.049616498865186806,0.5680597326649959,0.06618919914903698,0.6425449735449734,0.14814891246943004,0.4407301587301587,0.1936237514016288,0.08106429397054245,0.1376358476248516
