outer_test_LOGLOSS_mean,outer_test_LOGLOSS_std,outer_test_AUC_mean,outer_test_AUC_std,outer_test_AUCPR_mean,outer_test_AUCPR_std,outer_test_ACC_mean,outer_test_ACC_std,outer_test_SEN_mean,outer_test_SEN_std,outer_test_SP_mean,outer_test_SP_std,outer_test_MCC_mean,outer_test_MCC_std
0.6886703731959836,0.01955810893530535,0.6097807382212146,0.09404515069601146,0.7361295023538174,0.07652884492884074,0.5589473684210526,0.08574132869909865,0.5147248677248677,0.1477433532841359,0.6373650793650794,0.13407771331973098,0.14915231915221863,0.14643879368112853
