{"avg_inner_best_models/val_loss_mean":0.6889062921206156,"_wandb":{"runtime":0},"_runtime":0.049411811,"avg_inner_best_models/val_auc_mean":0.6302521008403362,"_timestamp":1.7728205714989212e+09,"_step":26,"avg_inner_best_models/train_loss_mean":0.5183287039399147}