{"avg_inner_best_models/train_loss_mean":0.5269736548264822,"avg_inner_best_models/val_loss_mean":0.6739981174468994,"_wandb":{"runtime":0},"_runtime":0.039876121,"avg_inner_best_models/val_auc_mean":0.7415966386554622,"_timestamp":1.7727509612758179e+09,"_step":70}