outer_test_LOGLOSS_mean,outer_test_LOGLOSS_std,outer_test_AUC_mean,outer_test_AUC_std,outer_test_AUCPR_mean,outer_test_AUCPR_std,outer_test_ACC_mean,outer_test_ACC_std,outer_test_SEN_mean,outer_test_SEN_std,outer_test_SP_mean,outer_test_SP_std,outer_test_MCC_mean,outer_test_MCC_std
0.6790325390189512,0.007515210904173461,0.6335714285714286,0.06838624353517753,0.7669703760811795,0.04377128543363043,0.6231641604010025,0.04388628407517742,0.6579894179894179,0.09766620259590426,0.5617460317460318,0.16909513838992055,0.21932702000782375,0.11408141141207301
