{"avg_inner_best_models/val_loss_mean":0.6018058260281881,"avg_inner_best_models/val_auc_mean":0.7478991596638656,"_timestamp":1.7728032361853955e+09,"_step":42,"_wandb":{"runtime":0},"_runtime":0.063521293,"avg_inner_best_models/train_loss_mean":0.463624248902003}