{"avg_inner_best_models/val_auc_mean":0.6767241379310345,"_timestamp":1.7728660364325647e+09,"_step":48,"_wandb":{"runtime":0},"_runtime":0.057422839,"avg_inner_best_models/train_loss_mean":0.7512126713991165,"avg_inner_best_models/val_loss_mean":0.6379963159561157}