{"avg_inner_best_models/train_loss_mean":0.4840398157636325,"avg_inner_best_models/val_loss_mean":0.679039716720581,"_runtime":0.035859411,"_wandb":{"runtime":0},"avg_inner_best_models/val_auc_mean":0.5168067226890756,"_timestamp":1.7728288760151997e+09,"_step":31}