outer_test_LOGLOSS_mean,outer_test_LOGLOSS_std,outer_test_AUC_mean,outer_test_AUC_std,outer_test_AUCPR_mean,outer_test_AUCPR_std,outer_test_ACC_mean,outer_test_ACC_std,outer_test_SEN_mean,outer_test_SEN_std,outer_test_SP_mean,outer_test_SP_std,outer_test_MCC_mean,outer_test_MCC_std
0.6650243874797748,0.02281499447739432,0.5864823633156967,0.11683134847673446,0.7210561021094413,0.09678465946258219,0.6113826232247285,0.06530138498303599,0.7454074074074074,0.0649472103992714,0.37860317460317455,0.10944596378475423,0.13072417690435847,0.147768366177383
