{"_timestamp":1.7728260069100852e+09,"_step":26,"avg_inner_best_models/train_loss_mean":0.48619645833969116,"avg_inner_best_models/val_loss_mean":0.6406846245129904,"_runtime":0.052618021,"_wandb":{"runtime":0},"avg_inner_best_models/val_auc_mean":0.6743697478991596}