{"avg_inner_best_models/val_loss_mean":0.6307951807975769,"_timestamp":1.7724991636934965e+09,"_step":35,"avg_inner_best_models/train_loss_mean":0.2926994500060876,"_runtime":0.037442272,"_wandb":{"runtime":0}}