{"_runtime":0.036096829,"avg_inner_best_models/train_loss_mean":0.5502558847268423,"avg_inner_best_models/val_loss_mean":0.6608919501304626,"avg_inner_best_models/val_auc_mean":0.5905172413793104,"_timestamp":1.7727831984098325e+09,"_step":30,"_wandb":{"runtime":0}}