{"_timestamp":1.7728087999289904e+09,"_runtime":0.055184158,"_wandb":{"runtime":0},"_step":80,"avg_inner_best_models/train_loss_mean":0.5790360768636068,"avg_inner_best_models/val_loss_mean":0.6533219814300537,"avg_inner_best_models/val_auc_mean":0.7306034482758621}