{"_wandb":{"runtime":0},"_runtime":0.064697435,"avg_inner_best_models/val_loss_mean":0.656944990158081,"avg_inner_best_models/val_auc_mean":0.6875,"_timestamp":1.7728050953442454e+09,"_step":45,"avg_inner_best_models/train_loss_mean":0.5075899362564087}