outer_test_LOGLOSS_mean,outer_test_LOGLOSS_std,outer_test_AUC_mean,outer_test_AUC_std,outer_test_AUCPR_mean,outer_test_AUCPR_std,outer_test_ACC_mean,outer_test_ACC_std,outer_test_SEN_mean,outer_test_SEN_std,outer_test_SP_mean,outer_test_SP_std,outer_test_MCC_mean,outer_test_MCC_std
0.6773902911279871,0.010732867319691385,0.5613416477702191,0.05309195958009029,0.7176121526837189,0.058520727415881525,0.5671679197994987,0.03930274880214008,0.664920634920635,0.08499551660696851,0.39904761904761904,0.06157420904855092,0.06633404246894278,0.06221038525805939
