outer_test_LOGLOSS_mean,outer_test_LOGLOSS_std,outer_test_AUC_mean,outer_test_AUC_std,outer_test_AUCPR_mean,outer_test_AUCPR_std,outer_test_ACC_mean,outer_test_ACC_std,outer_test_SEN_mean,outer_test_SEN_std,outer_test_SP_mean,outer_test_SP_std,outer_test_MCC_mean,outer_test_MCC_std
0.6815895476654432,0.017358759086767556,0.5654628369866466,0.10425600605676055,0.7053980697505585,0.07811804081406679,0.5837614870509608,0.06375169450860632,0.6695291005291005,0.07419138056817035,0.43619047619047613,0.19109539016566568,0.10324337921842387,0.16484032293235745
