outer_test_LOGLOSS_mean,outer_test_LOGLOSS_std,outer_test_AUC_mean,outer_test_AUC_std,outer_test_AUCPR_mean,outer_test_AUCPR_std,outer_test_ACC_mean,outer_test_ACC_std,outer_test_SEN_mean,outer_test_SEN_std,outer_test_SP_mean,outer_test_SP_std,outer_test_MCC_mean,outer_test_MCC_std
0.6870612625282039,0.020961051844679945,0.5443616150163768,0.1086459597360825,0.6851725310611105,0.08341029314888083,0.5481662489557226,0.0771007321743251,0.5994126984126984,0.10571774669297147,0.46055555555555555,0.14792837020309083,0.05801594802002723,0.16083267700310436
