{"_wandb":{"runtime":0},"_runtime":0.069091391,"_step":80,"avg_inner_best_models/train_loss_mean":0.41918690999348956,"avg_inner_best_models/val_loss_mean":0.652873158454895,"_timestamp":1.772554594193668e+09}