{"_runtime":0,"avg_inner_folds/mean_logloss":0.6803128780921299,"avg_inner_curve/val_auc_std":0,"avg_inner_folds/mean_acc":0.5377777777777778,"avg_inner_folds/std_acc":0.08821970329457426,"avg_inner_folds/std_auc":0.08724742286415703,"avg_inner_curve/val_loss_std":0,"avg_inner_folds/mean_aucpr":0.7347435765863249,"avg_inner_curve/val_loss_mean":0.6282914876937866,"avg_inner_folds/std_logloss":0.02775655429841337,"avg_inner_curve/train_loss_std":0,"avg_inner_curve/train_loss_mean":0.5550297021865844,"_step":35,"_wandb":{"runtime":0},"avg_inner_folds/mean_auc":0.5884381338742394,"avg_inner_curve/val_acc_mean":0.6888888888888889,"avg_inner_folds/std_aucpr":0.036612519735912466,"avg_inner_curve/folds_count":1,"_timestamp":1.7721071352218869e+09,"avg_inner_curve/val_acc_std":0,"avg_inner_curve/val_auc_mean":0.6939655172413793}