{"avg_inner_best_models/val_loss_mean":0.6466791927814484,"_timestamp":1.7725252093256557e+09,"_step":58,"_wandb":{"runtime":0},"_runtime":0.053591825,"avg_inner_best_models/train_loss_mean":0.46294909715652466}