outer_test_LOGLOSS_mean,outer_test_LOGLOSS_std,outer_test_AUC_mean,outer_test_AUC_std,outer_test_AUCPR_mean,outer_test_AUCPR_std,outer_test_ACC_mean,outer_test_ACC_std,outer_test_SEN_mean,outer_test_SEN_std,outer_test_SP_mean,outer_test_SP_std,outer_test_MCC_mean,outer_test_MCC_std
0.682329733864222,0.015207786249824697,0.5545321239606955,0.08028073237673818,0.6973084389880048,0.06264604499251517,0.5639807852965747,0.04698254405183491,0.6377777777777779,0.0778128270482322,0.438984126984127,0.1557277545372195,0.07537318932660954,0.12257840577697063
