outer_test_LOGLOSS_mean,outer_test_LOGLOSS_std,outer_test_AUC_mean,outer_test_AUC_std,outer_test_AUCPR_mean,outer_test_AUCPR_std,outer_test_ACC_mean,outer_test_ACC_std,outer_test_SEN_mean,outer_test_SEN_std,outer_test_SP_mean,outer_test_SP_std,outer_test_MCC_mean,outer_test_MCC_std
0.6830938985870496,0.009086045868899453,0.5705703577727387,0.0714974547831483,0.7111038818679303,0.06584060856728806,0.5860860484544694,0.04660297873390616,0.5977037037037036,0.0786363232069541,0.5652380952380953,0.1322943240933288,0.15909340473405095,0.10733224347714514
