{"avg_inner_best_models/val_auc_mean":0.7198275862068966,"_wandb":{"runtime":0},"_runtime":0.053891992,"_timestamp":1.7727684107308476e+09,"_step":64,"avg_inner_best_models/train_loss_mean":0.4589090993007024,"avg_inner_best_models/val_loss_mean":0.6341942846775055}