{"_step":36,"_wandb":{"runtime":0},"_runtime":0.168401407,"avg_inner_best_models/train_loss_mean":1.327758640050888,"avg_inner_best_models/val_loss_mean":0.6659669677416483,"avg_inner_best_models/val_auc_mean":0.6875,"_timestamp":1.7728437905038545e+09}