{"avg_inner_best_models/val_loss_mean":0.6482377648353577,"avg_inner_best_models/val_auc_mean":0.7542016806722689,"_timestamp":1.7728285631163697e+09,"_wandb":{"runtime":0},"_runtime":0.04377068,"_step":35,"avg_inner_best_models/train_loss_mean":0.5346311728159586}