{"_wandb":{"runtime":0},"_runtime":0.081445717,"avg_inner_best_models/train_loss_mean":0.4224871148665746,"avg_inner_best_models/val_loss_mean":0.6103838086128235,"avg_inner_best_models/val_auc_mean":0.6995798319327732,"_timestamp":1.7727960019255853e+09,"_step":43}