outer_test_LOGLOSS_mean,outer_test_LOGLOSS_std,outer_test_AUC_mean,outer_test_AUC_std,outer_test_AUCPR_mean,outer_test_AUCPR_std,outer_test_ACC_mean,outer_test_ACC_std,outer_test_SEN_mean,outer_test_SEN_std,outer_test_SP_mean,outer_test_SP_std,outer_test_MCC_mean,outer_test_MCC_std
0.6816436643300674,0.018280876802877873,0.549797052154195,0.06570772298265849,0.6882879715064666,0.04241839494479243,0.5850939849624059,0.05929097202439112,0.6939629629629629,0.1199356776523555,0.3984603174603174,0.14538567039669328,0.09677893483381875,0.11603017270336939
