{"_wandb":{"runtime":0},"_runtime":0.066100744,"avg_inner_best_models/train_loss_mean":0.45913246770699817,"avg_inner_best_models/val_loss_mean":0.6682872474193573,"_timestamp":1.772564523101469e+09,"_step":69}