{"_step":63,"avg_inner_best_models/train_loss_mean":0.43853045503298443,"avg_inner_best_models/val_loss_mean":0.6116799116134644,"_runtime":0.060242788,"_wandb":{"runtime":0},"_timestamp":1.772573414544624e+09}