outer_test_LOGLOSS_mean,outer_test_LOGLOSS_std,outer_test_AUC_mean,outer_test_AUC_std,outer_test_AUCPR_mean,outer_test_AUCPR_std,outer_test_ACC_mean,outer_test_ACC_std,outer_test_SEN_mean,outer_test_SEN_std,outer_test_SP_mean,outer_test_SP_std,outer_test_MCC_mean,outer_test_MCC_std
0.6812094775950764,0.015290006167317766,0.5698798815822624,0.11805815829394846,0.6971868755608531,0.09811972904482337,0.587562656641604,0.05812836169730532,0.6651957671957672,0.11907795454081611,0.45741269841269855,0.2451071267610487,0.1262418277618165,0.17378809100384435
