{"avg_inner_best_models/val_auc_mean":0.5991379310344829,"_timestamp":1.7728162705107808e+09,"_wandb":{"runtime":0},"_runtime":0.036604665,"_step":34,"avg_inner_best_models/train_loss_mean":0.5835107664267222,"avg_inner_best_models/val_loss_mean":0.6621479988098145}