{"_wandb":{"runtime":0},"_runtime":0.045581226,"avg_inner_best_models/train_loss_mean":0.5404331882794698,"avg_inner_best_models/val_loss_mean":0.6778541604677836,"_timestamp":1.7725408274687064e+09,"_step":59}