{"_wandb":{"runtime":0},"_runtime":0.03774741,"avg_inner_best_models/train_loss_mean":0.5834720234076182,"avg_inner_best_models/val_loss_mean":0.6827179789543152,"_timestamp":1.772521923511309e+09,"_step":44}