{"_runtime":0.053671756,"avg_inner_best_models/val_loss_mean":0.6730204025904337,"avg_inner_best_models/val_auc_mean":0.6953781512605042,"_timestamp":1.7727625311590683e+09,"_step":46,"avg_inner_best_models/train_loss_mean":0.5265594770510992,"_wandb":{"runtime":0}}