{"_step":37,"avg_inner_best_models/train_loss_mean":3.122777223587036,"_wandb":{"runtime":0},"_runtime":0.062071115,"avg_inner_best_models/val_loss_mean":0.6775493224461874,"avg_inner_best_models/val_auc_mean":0.709051724137931,"_timestamp":1.7728571856613615e+09}