outer_test_LOGLOSS_mean,outer_test_LOGLOSS_std,outer_test_AUC_mean,outer_test_AUC_std,outer_test_AUCPR_mean,outer_test_AUCPR_std,outer_test_ACC_mean,outer_test_ACC_std,outer_test_SEN_mean,outer_test_SEN_std,outer_test_SP_mean,outer_test_SP_std,outer_test_MCC_mean,outer_test_MCC_std
0.682019222640658,0.016038179159571342,0.5614330435878055,0.10010951134186623,0.7023986379260369,0.06597005161668787,0.5616896407685882,0.07011428658977661,0.6311587301587301,0.07369052229909662,0.4431904761904763,0.1334226262434049,0.07249483338869729,0.15271348248764613
