outer_test_LOGLOSS_mean,outer_test_LOGLOSS_std,outer_test_AUC_mean,outer_test_AUC_std,outer_test_AUCPR_mean,outer_test_AUCPR_std,outer_test_ACC_mean,outer_test_ACC_std,outer_test_SEN_mean,outer_test_SEN_std,outer_test_SP_mean,outer_test_SP_std,outer_test_MCC_mean,outer_test_MCC_std
0.680467862250515,0.011464244734244984,0.5716105442176871,0.05277271364713635,0.699971936837026,0.05192105792511154,0.5650960735171263,0.055462293925675955,0.6177989417989418,0.08547105874963035,0.476031746031746,0.10244082720290625,0.09261300553199352,0.1082491645694567
