{"_wandb":{"runtime":0},"_runtime":0.049288074,"_timestamp":1.7725107132696679e+09,"_step":21,"avg_inner_best_models/train_loss_mean":0.5442306647698084,"avg_inner_best_models/val_loss_mean":0.6855676571528116}