{"_runtime":0.052980509,"avg_inner_best_models/val_loss_mean":0.6820956468582153,"_timestamp":1.772543401288255e+09,"_step":30,"avg_inner_best_models/train_loss_mean":0.48580896357695263,"_wandb":{"runtime":0}}