{"_timestamp":1.772542722660776e+09,"_step":50,"_wandb":{"runtime":0},"_runtime":0.055100228,"avg_inner_best_models/train_loss_mean":0.5029904618859291,"avg_inner_best_models/val_loss_mean":0.6034276882807413}