outer_test_LOGLOSS_mean,outer_test_LOGLOSS_std,outer_test_AUC_mean,outer_test_AUC_std,outer_test_AUCPR_mean,outer_test_AUCPR_std,outer_test_ACC_mean,outer_test_ACC_std,outer_test_SEN_mean,outer_test_SEN_std,outer_test_SP_mean,outer_test_SP_std,outer_test_MCC_mean,outer_test_MCC_std
0.6742261018178736,0.007593806585092678,0.5879970395565634,0.056343954896425054,0.7208751120211626,0.043607066020206406,0.5959774436090226,0.03727446030390043,0.6991375661375661,0.07672606885491087,0.41688888888888886,0.13405966466222224,0.11741509028775099,0.09661896685966688
