outer_test_LOGLOSS_mean,outer_test_LOGLOSS_std,outer_test_AUC_mean,outer_test_AUC_std,outer_test_AUCPR_mean,outer_test_AUCPR_std,outer_test_ACC_mean,outer_test_ACC_std,outer_test_SEN_mean,outer_test_SEN_std,outer_test_SP_mean,outer_test_SP_std,outer_test_MCC_mean,outer_test_MCC_std
0.678206846654698,0.010614723876035417,0.5597535273368607,0.06252935637379489,0.7018413325354558,0.04439529516401327,0.5844590643274855,0.058855882814284576,0.6942804232804233,0.12901330585194742,0.39076190476190475,0.16944942547395359,0.08666339666696415,0.12224096665625349
