outer_test_LOGLOSS_mean,outer_test_LOGLOSS_std,outer_test_AUC_mean,outer_test_AUC_std,outer_test_AUCPR_mean,outer_test_AUCPR_std,outer_test_ACC_mean,outer_test_ACC_std,outer_test_SEN_mean,outer_test_SEN_std,outer_test_SP_mean,outer_test_SP_std,outer_test_MCC_mean,outer_test_MCC_std
0.6751678699171239,0.012942416909640497,0.5768957545981356,0.05660931959395177,0.7203605128076855,0.04105095293807538,0.5906453634085213,0.06273901699689807,0.6975185185185184,0.10929995575851015,0.40834920634920635,0.1332610481437498,0.10908895898126376,0.1274609295006935
