outer_test_LOGLOSS_mean,outer_test_LOGLOSS_std,outer_test_AUC_mean,outer_test_AUC_std,outer_test_AUCPR_mean,outer_test_AUCPR_std,outer_test_ACC_mean,outer_test_ACC_std,outer_test_SEN_mean,outer_test_SEN_std,outer_test_SP_mean,outer_test_SP_std,outer_test_MCC_mean,outer_test_MCC_std
0.6838760093496231,0.009470743545685209,0.5843021541950114,0.06071605044401439,0.7243813872914464,0.04047885053408397,0.592890559732665,0.05775859528715849,0.6301798941798942,0.11242688143228095,0.5311587301587302,0.12579744163602033,0.1611779022169945,0.10733722553827403
