outer_test_LOGLOSS_mean,outer_test_LOGLOSS_std,outer_test_AUC_mean,outer_test_AUC_std,outer_test_AUCPR_mean,outer_test_AUCPR_std,outer_test_ACC_mean,outer_test_ACC_std,outer_test_SEN_mean,outer_test_SEN_std,outer_test_SP_mean,outer_test_SP_std,outer_test_MCC_mean,outer_test_MCC_std
0.676767683525417,0.01043873831394506,0.5911615016376921,0.06405533916300456,0.7293329749128745,0.03995292314037468,0.6007706766917292,0.05647749999863853,0.6789365079365078,0.08292045063360161,0.4655714285714286,0.09457689541364471,0.14533539318903457,0.10958693396525329
