{"_timestamp":1.772501224797596e+09,"_wandb":{"runtime":0},"_runtime":0.036616921,"_step":29,"avg_inner_best_models/train_loss_mean":0.4054298574725787,"avg_inner_best_models/val_loss_mean":0.6414533456166586}