outer_test_LOGLOSS_mean,outer_test_LOGLOSS_std,outer_test_AUC_mean,outer_test_AUC_std,outer_test_AUCPR_mean,outer_test_AUCPR_std,outer_test_ACC_mean,outer_test_ACC_std,outer_test_SEN_mean,outer_test_SEN_std,outer_test_SP_mean,outer_test_SP_std,outer_test_MCC_mean,outer_test_MCC_std
0.6747815527119915,0.02822729590933813,0.5474233434114387,0.09649981492908541,0.6961073887685352,0.07826634336722786,0.5651044277360067,0.0740457215088325,0.6904021164021164,0.10268530248670188,0.34584126984126984,0.1298101457168086,0.039585044787215605,0.16358404092865497
