outer_test_LOGLOSS_mean,outer_test_LOGLOSS_std,outer_test_AUC_mean,outer_test_AUC_std,outer_test_AUCPR_mean,outer_test_AUCPR_std,outer_test_ACC_mean,outer_test_ACC_std,outer_test_SEN_mean,outer_test_SEN_std,outer_test_SP_mean,outer_test_SP_std,outer_test_MCC_mean,outer_test_MCC_std
0.6950278660296244,0.010470714231624849,0.5524681909800957,0.07189588846006431,0.7054473989893549,0.04833793977263159,0.5270008354218881,0.045180471754565424,0.4657354497354497,0.13576798401722454,0.6378571428571428,0.19217121923910122,0.10716703729617365,0.11165171001182814
