outer_test_LOGLOSS_mean,outer_test_LOGLOSS_std,outer_test_AUC_mean,outer_test_AUC_std,outer_test_AUCPR_mean,outer_test_AUCPR_std,outer_test_ACC_mean,outer_test_ACC_std,outer_test_SEN_mean,outer_test_SEN_std,outer_test_SP_mean,outer_test_SP_std,outer_test_MCC_mean,outer_test_MCC_std
0.6760854182644632,0.014610192136290655,0.5647148526077097,0.04290407759954212,0.700658807329625,0.05481800016487069,0.5816541353383459,0.0445552696314095,0.699,0.14477242629161335,0.3734285714285714,0.2020167760940502,0.05990380106207328,0.11683446898198668
