{"_runtime":0.052713699,"_timestamp":1.7725164992656212e+09,"_step":46,"avg_inner_best_models/train_loss_mean":0.3902513732512792,"avg_inner_best_models/val_loss_mean":0.6404767334461212,"_wandb":{"runtime":0}}