{"avg_inner_best_models/val_loss_mean":0.6332809627056122,"avg_inner_best_models/val_auc_mean":0.7910750507099392,"_timestamp":1.7728890693237355e+09,"_step":47,"_wandb":{"runtime":0},"_runtime":0.059900681,"avg_inner_best_models/train_loss_mean":1.4218863248825073}