{"avg_inner_best_models/val_loss_mean":0.663585344950358,"avg_inner_best_models/val_auc_mean":0.6113445378151261,"_timestamp":1.7728079666621077e+09,"_step":36,"avg_inner_best_models/train_loss_mean":0.562174508968989,"_wandb":{"runtime":0},"_runtime":0.052156368}