{"avg_inner_best_models/train_loss_mean":0.47407835721969604,"avg_inner_best_models/val_loss_mean":0.6609006524085999,"avg_inner_best_models/val_auc_mean":0.5862068965517242,"_timestamp":1.7727824069388943e+09,"_step":36,"_wandb":{"runtime":0},"_runtime":0.051612079}