{"avg_inner_best_models/val_auc_mean":0.7004310344827587,"_wandb":{"runtime":0},"_runtime":0.056734029,"_timestamp":1.7727558813989959e+09,"_step":35,"avg_inner_best_models/train_loss_mean":0.3954536368449529,"avg_inner_best_models/val_loss_mean":0.6037074625492096}