{"_timestamp":1.7725474235501306e+09,"_runtime":0.056713791,"_wandb":{"runtime":0},"_step":63,"avg_inner_best_models/train_loss_mean":0.46432415147622425,"avg_inner_best_models/val_loss_mean":0.6469583511352539}