{"_wandb":{"runtime":0},"_runtime":0.056792189,"_step":70,"avg_inner_best_models/train_loss_mean":0.5269736548264822,"avg_inner_best_models/val_loss_mean":0.6739981174468994,"avg_inner_best_models/val_auc_mean":0.7415966386554622,"_timestamp":1.7727620035297296e+09}