{"avg_inner_best_models/val_auc_mean":0.6890756302521008,"_wandb":{"runtime":0},"_runtime":0.054101013,"_timestamp":1.7727992076984267e+09,"_step":52,"avg_inner_best_models/train_loss_mean":0.5067290564378103,"avg_inner_best_models/val_loss_mean":0.6567221581935883}