{"avg_inner_best_models/val_loss_mean":0.6139250099658966,"_timestamp":1.7725262185069082e+09,"_wandb":{"runtime":0},"_runtime":0.055745042,"_step":67,"avg_inner_best_models/train_loss_mean":0.41102271775404614}