{"avg_inner_best_models/train_loss_mean":0.5437168926000595,"avg_inner_best_models/val_loss_mean":0.6391109824180603,"avg_inner_best_models/val_auc_mean":0.728448275862069,"_timestamp":1.7727808426878524e+09,"_wandb":{"runtime":0},"_runtime":0.051089365,"_step":33}