{"_timestamp":1.7725443276686342e+09,"_step":25,"_wandb":{"runtime":0},"_runtime":0.037722659,"avg_inner_best_models/train_loss_mean":0.5451794217030207,"avg_inner_best_models/val_loss_mean":0.6695617288351059}