{"avg_inner_best_models/val_auc_mean":0.6617647058823529,"_timestamp":1.7728121111544302e+09,"_step":39,"_wandb":{"runtime":0},"_runtime":0.051342523,"avg_inner_best_models/train_loss_mean":0.45694170395533246,"avg_inner_best_models/val_loss_mean":0.6564057171344757}