{"_runtime":0.053570366,"_step":63,"avg_inner_best_models/train_loss_mean":0.29852791254719097,"avg_inner_best_models/val_loss_mean":0.5867110888163248,"_timestamp":1.7724985333257504e+09,"_wandb":{"runtime":0}}