outer_test_LOGLOSS_mean,outer_test_LOGLOSS_std,outer_test_AUC_mean,outer_test_AUC_std,outer_test_AUCPR_mean,outer_test_AUCPR_std,outer_test_ACC_mean,outer_test_ACC_std,outer_test_SEN_mean,outer_test_SEN_std,outer_test_SP_mean,outer_test_SP_std,outer_test_MCC_mean,outer_test_MCC_std
0.6799133882991005,0.025341960774643502,0.5660414462081129,0.0838224171949198,0.7139071425258597,0.06657429428889376,0.5700334168755221,0.07139933773005272,0.6922275132275133,0.14389518748524416,0.3601746031746032,0.1945454387331358,0.04232878978528535,0.17101869819762688
