{"_timestamp":1.7729051415255122e+09,"_step":54,"_wandb":{"runtime":0},"_runtime":0.054633501,"avg_inner_best_models/train_loss_mean":1.1863044301668804,"avg_inner_best_models/val_loss_mean":0.6372784674167633,"avg_inner_best_models/val_auc_mean":0.7068965517241379}