{"avg_inner_best_models/val_auc_mean":0.7887931034482759,"_timestamp":1.7727615900401561e+09,"_step":32,"_wandb":{"runtime":0},"_runtime":0.036422066,"avg_inner_best_models/train_loss_mean":0.5118507395188013,"avg_inner_best_models/val_loss_mean":0.618677020072937}