outer_test_LOGLOSS_mean,outer_test_LOGLOSS_std,outer_test_AUC_mean,outer_test_AUC_std,outer_test_AUCPR_mean,outer_test_AUCPR_std,outer_test_ACC_mean,outer_test_ACC_std,outer_test_SEN_mean,outer_test_SEN_std,outer_test_SP_mean,outer_test_SP_std,outer_test_MCC_mean,outer_test_MCC_std
0.6671401419472861,0.015945028445724388,0.5846852481733434,0.05889857214034251,0.7202370158473986,0.047398200575746,0.6093984962406015,0.04785684677843225,0.7440687830687831,0.12212525835795641,0.3776825396825397,0.14854054864518096,0.13738840744410638,0.1109126629977852
