outer_test_LOGLOSS_mean,outer_test_LOGLOSS_std,outer_test_AUC_mean,outer_test_AUC_std,outer_test_AUCPR_mean,outer_test_AUCPR_std,outer_test_ACC_mean,outer_test_ACC_std,outer_test_SEN_mean,outer_test_SEN_std,outer_test_SP_mean,outer_test_SP_std,outer_test_MCC_mean,outer_test_MCC_std
0.6759423387064172,0.013597623795139055,0.5929007936507937,0.07525926538383858,0.7153640181993759,0.06579568857216764,0.6083604845446952,0.06654645535633281,0.708952380952381,0.115278354020959,0.43087301587301596,0.16290682528192973,0.1431747238701335,0.14367184049842344
