{"avg_inner_best_models/val_loss_mean":0.6205941239992777,"_timestamp":1.7725181502888126e+09,"_step":80,"_runtime":0.039469264,"_wandb":{"runtime":0},"avg_inner_best_models/train_loss_mean":0.30410444488128024}