{"avg_inner_best_models/val_loss_mean":0.6513826449712118,"_timestamp":1.7725587792123754e+09,"_wandb":{"runtime":0},"_runtime":0.055038083,"_step":61,"avg_inner_best_models/train_loss_mean":0.4755260571837425}