outer_test_LOGLOSS_mean,outer_test_LOGLOSS_std,outer_test_AUC_mean,outer_test_AUC_std,outer_test_AUCPR_mean,outer_test_AUCPR_std,outer_test_ACC_mean,outer_test_ACC_std,outer_test_SEN_mean,outer_test_SEN_std,outer_test_SP_mean,outer_test_SP_std,outer_test_MCC_mean,outer_test_MCC_std
0.6779274563077167,0.007641872602066623,0.5904555933484505,0.07297210326831502,0.7229741013932868,0.05569010353342124,0.6033563074352547,0.04797914772180447,0.7369735449735451,0.07066912693475924,0.3732857142857143,0.11579016368070635,0.11523805360377372,0.10979438373986675
