{"_timestamp":1.7725277379902701e+09,"_step":25,"avg_inner_best_models/train_loss_mean":0.3773418068885803,"_wandb":{"runtime":0},"_runtime":0.035960007,"avg_inner_best_models/val_loss_mean":0.622181236743927}