{"_runtime":0.060885828,"avg_inner_best_models/train_loss_mean":0.4149141808350881,"avg_inner_best_models/val_loss_mean":0.6419749855995178,"avg_inner_best_models/val_auc_mean":0.7241379310344828,"_timestamp":1.7728272113217134e+09,"_step":58,"_wandb":{"runtime":0}}