{"avg_inner_best_models/val_loss_mean":0.6633381446202596,"avg_inner_best_models/val_auc_mean":0.6831896551724138,"_timestamp":1.7728471916016898e+09,"_wandb":{"runtime":0},"_runtime":0.056021381,"_step":64,"avg_inner_best_models/train_loss_mean":1.603407084941864}