{"_wandb":{"runtime":0},"_runtime":0.056545715,"avg_inner_best_models/val_loss_mean":0.6184662580490112,"avg_inner_best_models/val_auc_mean":0.7370689655172414,"_timestamp":1.77277529521284e+09,"_step":36,"avg_inner_best_models/train_loss_mean":0.4713733345270157}