{"_wandb":{"runtime":0},"_runtime":0.052148714,"_step":57,"avg_inner_best_models/train_loss_mean":0.46857475489377975,"avg_inner_best_models/val_loss_mean":0.6467960278193156,"_timestamp":1.7725051314989178e+09}