{"avg_inner_best_models/val_loss_mean":0.6542475422223409,"avg_inner_best_models/val_auc_mean":0.7436974789915967,"_wandb":{"runtime":0},"_runtime":0.058844584,"_timestamp":1.772887257976651e+09,"_step":34,"avg_inner_best_models/train_loss_mean":0.949874073266983}