{"_runtime":0.058966962,"avg_inner_best_models/train_loss_mean":0.5564011534055074,"avg_inner_best_models/val_loss_mean":0.6670908629894257,"_timestamp":1.7725597822354236e+09,"_step":64,"_wandb":{"runtime":0}}