{"avg_inner_folds/mean_aucpr":0.6743101286202464,"_wandb":{"runtime":0},"avg_inner_folds/mean_logloss":0.6966174541579353,"avg_inner_folds/std_aucpr":0.04721864003996779,"_step":0,"avg_inner_folds/mean_acc":0.5066666666666666,"avg_inner_folds/mean_auc":0.5041908142567372,"avg_inner_folds/std_auc":0.07972150739314274,"avg_inner_folds/std_acc":0.09258962958222072,"_runtime":0,"_timestamp":1.7721035052501e+09,"avg_inner_folds/std_logloss":0.0263703155303726}