{"_step":42,"_wandb":{"runtime":0},"_runtime":0.05462507,"avg_inner_best_models/train_loss_mean":0.5132002706329027,"avg_inner_best_models/val_loss_mean":0.6488328576087952,"avg_inner_best_models/val_auc_mean":0.6869747899159664,"_timestamp":1.7728144573497143e+09}