{"_wandb":{"runtime":0},"_runtime":0.052101295,"avg_inner_best_models/val_loss_mean":0.6390758752822876,"avg_inner_best_models/val_auc_mean":0.6895827296435815,"_timestamp":1.7727911920793705e+09,"_step":30,"avg_inner_best_models/train_loss_mean":0.4872451201081276}