{"avg_inner_best_models/val_loss_mean":0.6150302688280741,"_timestamp":1.7724979292802646e+09,"_step":39,"_wandb":{"runtime":0},"_runtime":0.052845017,"avg_inner_best_models/train_loss_mean":0.37472720940907794}