outer_test_LOGLOSS_mean,outer_test_LOGLOSS_std,outer_test_AUC_mean,outer_test_AUC_std,outer_test_AUCPR_mean,outer_test_AUCPR_std,outer_test_ACC_mean,outer_test_ACC_std,outer_test_SEN_mean,outer_test_SEN_std,outer_test_SP_mean,outer_test_SP_std,outer_test_MCC_mean,outer_test_MCC_std
0.6663393673793656,0.011236456360900364,0.6025556815318721,0.07122560519808435,0.7424906311779299,0.051138447176591904,0.587282790309106,0.05559804665636671,0.7024126984126984,0.12239382584320795,0.38911111111111113,0.13344125051810912,0.09605290470625243,0.10789841883211136
