{"avg_inner_best_models/val_auc_mean":0.7016806722689075,"_timestamp":1.7727632857643902e+09,"_step":70,"_wandb":{"runtime":0},"_runtime":0.073184427,"avg_inner_best_models/train_loss_mean":0.3787335852781932,"avg_inner_best_models/val_loss_mean":0.6404815514882406}