{"_step":28,"avg_inner_best_models/train_loss_mean":0.6193907459576925,"avg_inner_best_models/val_loss_mean":0.669133335351944,"_wandb":{"runtime":0},"_runtime":0.053873774,"_timestamp":1.772546398980597e+09}