{"_step":28,"avg_inner_best_models/train_loss_mean":0.44603897134462994,"avg_inner_best_models/val_loss_mean":0.6313940684000651,"_timestamp":1.7725019749133945e+09,"_wandb":{"runtime":0},"_runtime":0.058535754}