outer_test_LOGLOSS_mean,outer_test_LOGLOSS_std,outer_test_AUC_mean,outer_test_AUC_std,outer_test_AUCPR_mean,outer_test_AUCPR_std,outer_test_ACC_mean,outer_test_ACC_std,outer_test_SEN_mean,outer_test_SEN_std,outer_test_SP_mean,outer_test_SP_std,outer_test_MCC_mean,outer_test_MCC_std
0.6806894485732895,0.013868209120271943,0.5835109599395313,0.06006843237339593,0.7313916308064088,0.03527619541500123,0.5867752715121135,0.04694569652892153,0.6446296296296296,0.06731477269496335,0.48534920634920636,0.11507654125686914,0.12788170233567805,0.10601220683277672
