outer_test_LOGLOSS_mean,outer_test_LOGLOSS_std,outer_test_AUC_mean,outer_test_AUC_std,outer_test_AUCPR_mean,outer_test_AUCPR_std,outer_test_ACC_mean,outer_test_ACC_std,outer_test_SEN_mean,outer_test_SEN_std,outer_test_SP_mean,outer_test_SP_std,outer_test_MCC_mean,outer_test_MCC_std
0.6697307274013931,0.020235790724205945,0.5907110103300581,0.09879624909357496,0.715831786616303,0.07926415057024182,0.6002255639097743,0.07867595813354246,0.7801058201058201,0.10555892629155296,0.287952380952381,0.0775909116559148,0.08841279276164037,0.16800938802808643
