outer_test_LOGLOSS_mean,outer_test_LOGLOSS_std,outer_test_AUC_mean,outer_test_AUC_std,outer_test_AUCPR_mean,outer_test_AUCPR_std,outer_test_ACC_mean,outer_test_ACC_std,outer_test_SEN_mean,outer_test_SEN_std,outer_test_SP_mean,outer_test_SP_std,outer_test_MCC_mean,outer_test_MCC_std
0.674832866213471,0.01639098756368126,0.590764739229025,0.04033222308037129,0.7147500180454159,0.03540900302324634,0.6068045112781956,0.04704198499328562,0.6943386243386245,0.08278723329207842,0.45422222222222236,0.06807183838025395,0.15237415371683732,0.08444526598145136
