outer_test_LOGLOSS_mean,outer_test_LOGLOSS_std,outer_test_AUC_mean,outer_test_AUC_std,outer_test_AUCPR_mean,outer_test_AUCPR_std,outer_test_ACC_mean,outer_test_ACC_std,outer_test_SEN_mean,outer_test_SEN_std,outer_test_SP_mean,outer_test_SP_std,outer_test_MCC_mean,outer_test_MCC_std
0.6763301148991193,0.014557798546611062,0.5690400604686319,0.08542326044251915,0.7063000367603973,0.05913030613865333,0.5745614035087719,0.04040260387256521,0.6541269841269841,0.07283967698798355,0.43809523809523804,0.14110030847646718,0.0903376633895096,0.10344141527821096
