{"avg_inner_best_models/val_loss_mean":0.6741963028907776,"_timestamp":1.7725174580784254e+09,"_wandb":{"runtime":0},"_runtime":0.035691795,"_step":24,"avg_inner_best_models/train_loss_mean":0.4219229022661845}