{"_timestamp":1.7725789468557975e+09,"_step":59,"_wandb":{"runtime":0},"_runtime":0.060861528,"avg_inner_best_models/train_loss_mean":0.5031509583195051,"avg_inner_best_models/val_loss_mean":0.6534659306208292}