{"avg_inner_best_models/val_loss_mean":0.6940383513768514,"_wandb":{"runtime":0},"_runtime":0.046577707,"avg_inner_best_models/val_auc_mean":0.5689655172413793,"_timestamp":1.7728299393442209e+09,"_step":26,"avg_inner_best_models/train_loss_mean":0.5549960136413574}