{"_runtime":0.035512904,"_step":17,"avg_inner_best_models/train_loss_mean":0.40662173678477603,"avg_inner_best_models/val_loss_mean":0.66038050254186,"_timestamp":1.772506691527663e+09,"_wandb":{"runtime":0}}