{"avg_inner_best_models/val_auc_mean":0.6379310344827586,"_timestamp":1.7727915658305545e+09,"_runtime":0.052947385,"_wandb":{"runtime":0},"_step":40,"avg_inner_best_models/train_loss_mean":0.4915571411450704,"avg_inner_best_models/val_loss_mean":0.6610051194826762}