{"_timestamp":1.772807249915336e+09,"_wandb":{"runtime":0},"_runtime":0.064404991,"_step":62,"avg_inner_best_models/train_loss_mean":0.39929423729578656,"avg_inner_best_models/val_loss_mean":0.6238171656926473,"avg_inner_best_models/val_auc_mean":0.7352941176470589}