{"_step":59,"_wandb":{"runtime":0},"_runtime":0.055212915,"avg_inner_best_models/train_loss_mean":0.5728089441855748,"avg_inner_best_models/val_loss_mean":0.6998698075612386,"_timestamp":1.7725499050213459e+09}