{"_wandb":{"runtime":0},"_runtime":0.037606553,"avg_inner_best_models/val_loss_mean":0.6401222199201584,"_timestamp":1.7725018805969298e+09,"_step":27,"avg_inner_best_models/train_loss_mean":0.43782216062148416}