{"_wandb":{"runtime":0},"_runtime":0.057392233,"_step":80,"avg_inner_best_models/train_loss_mean":0.24598155170679092,"avg_inner_best_models/val_loss_mean":0.5540707409381866,"_timestamp":1.7725308334525423e+09}