{"_runtime":0.036128709,"_wandb":{"runtime":0},"_step":30,"avg_inner_best_models/train_loss_mean":0.4393975039323171,"avg_inner_best_models/val_loss_mean":0.6411948800086975,"_timestamp":1.772504309743426e+09}