{"_runtime":0.052912329,"avg_inner_best_models/train_loss_mean":0.4258846566081047,"avg_inner_best_models/val_loss_mean":0.6385987202326456,"_timestamp":1.7724948699359677e+09,"_step":51,"_wandb":{"runtime":0}}