outer_test_LOGLOSS_mean,outer_test_LOGLOSS_std,outer_test_AUC_mean,outer_test_AUC_std,outer_test_AUCPR_mean,outer_test_AUCPR_std,outer_test_ACC_mean,outer_test_ACC_std,outer_test_SEN_mean,outer_test_SEN_std,outer_test_SP_mean,outer_test_SP_std,outer_test_MCC_mean,outer_test_MCC_std
0.681603883736021,0.02339619583749278,0.5523192239858906,0.06098156852708822,0.6939472469343542,0.036673836703729736,0.5879928989139513,0.07770929377246277,0.7087195767195766,0.16144173703913892,0.38182539682539685,0.15684608773278555,0.09757163571617063,0.13812624762850378
