outer_test_LOGLOSS_mean,outer_test_LOGLOSS_std,outer_test_AUC_mean,outer_test_AUC_std,outer_test_AUCPR_mean,outer_test_AUCPR_std,outer_test_ACC_mean,outer_test_ACC_std,outer_test_SEN_mean,outer_test_SEN_std,outer_test_SP_mean,outer_test_SP_std,outer_test_MCC_mean,outer_test_MCC_std
0.6765695416434382,0.01918527640449207,0.556174288233812,0.0776361595141413,0.6874966367283519,0.062229451995947246,0.5973997493734335,0.06646615315249427,0.7188465608465607,0.16338053545152045,0.3888730158730159,0.17186932807256458,0.11799721451974787,0.12163450446979565
