outer_test_LOGLOSS_mean,outer_test_LOGLOSS_std,outer_test_AUC_mean,outer_test_AUC_std,outer_test_AUCPR_mean,outer_test_AUCPR_std,outer_test_ACC_mean,outer_test_ACC_std,outer_test_SEN_mean,outer_test_SEN_std,outer_test_SP_mean,outer_test_SP_std,outer_test_MCC_mean,outer_test_MCC_std
0.6672218123597635,0.016197024291793562,0.5742590073066263,0.07310673485323478,0.7118601371748938,0.04495267566710851,0.6145405179615706,0.06889610261052406,0.778968253968254,0.1214396852339565,0.3273174603174603,0.10871549116126376,0.129118680999317,0.14615912991977364
