outer_test_LOGLOSS_mean,outer_test_LOGLOSS_std,outer_test_AUC_mean,outer_test_AUC_std,outer_test_AUCPR_mean,outer_test_AUCPR_std,outer_test_ACC_mean,outer_test_ACC_std,outer_test_SEN_mean,outer_test_SEN_std,outer_test_SP_mean,outer_test_SP_std,outer_test_MCC_mean,outer_test_MCC_std
0.6699451550613633,0.01542145862068104,0.6170030234315949,0.08104154869252415,0.7295458276302924,0.06413290011850828,0.606265664160401,0.04713605885675486,0.687142857142857,0.060145955003226836,0.4671428571428571,0.17098487554283595,0.15355686095247661,0.13607621440331033
