outer_test_LOGLOSS_mean,outer_test_LOGLOSS_std,outer_test_AUC_mean,outer_test_AUC_std,outer_test_AUCPR_mean,outer_test_AUCPR_std,outer_test_ACC_mean,outer_test_ACC_std,outer_test_SEN_mean,outer_test_SEN_std,outer_test_SP_mean,outer_test_SP_std,outer_test_MCC_mean,outer_test_MCC_std
0.6803880822814296,0.014087801316301997,0.5580563744016126,0.07617528764972271,0.7001083542253745,0.051750059735793254,0.5736654135338347,0.05499493575915835,0.6695238095238095,0.07076733100413962,0.40714285714285714,0.12786401506759576,0.07612743365609279,0.12869417841566438
