outer_test_LOGLOSS_mean,outer_test_LOGLOSS_std,outer_test_AUC_mean,outer_test_AUC_std,outer_test_AUCPR_mean,outer_test_AUCPR_std,outer_test_ACC_mean,outer_test_ACC_std,outer_test_SEN_mean,outer_test_SEN_std,outer_test_SP_mean,outer_test_SP_std,outer_test_MCC_mean,outer_test_MCC_std
0.6721350066015026,0.018662973258393313,0.5911615016376921,0.0744035194205903,0.7259520621340977,0.051614224057783764,0.5815058479532164,0.07712376363803483,0.6718465608465607,0.14507174856461807,0.42230158730158723,0.13598536356694868,0.10055960449798765,0.14040639828231702
