{"avg_inner_best_models/val_auc_mean":0.6724137931034483,"_timestamp":1.7728798314893157e+09,"_runtime":0.051515981,"_wandb":{"runtime":0},"_step":37,"avg_inner_best_models/train_loss_mean":0.9563620785872141,"avg_inner_best_models/val_loss_mean":0.6712433497111002}