{"_runtime":0.036264199,"_step":39,"avg_inner_best_models/train_loss_mean":0.4552415336171786,"avg_inner_best_models/val_loss_mean":0.6284021933873495,"_timestamp":1.7725313422796152e+09,"_wandb":{"runtime":0}}