{"_timestamp":1.7728003015087614e+09,"_wandb":{"runtime":0},"_runtime":0.035981448,"_step":26,"avg_inner_best_models/train_loss_mean":0.5612696558237076,"avg_inner_best_models/val_loss_mean":0.6679514050483704,"avg_inner_best_models/val_auc_mean":0.628404810199942}