outer_test_LOGLOSS_mean,outer_test_LOGLOSS_std,outer_test_AUC_mean,outer_test_AUC_std,outer_test_AUCPR_mean,outer_test_AUCPR_std,outer_test_ACC_mean,outer_test_ACC_std,outer_test_SEN_mean,outer_test_SEN_std,outer_test_SP_mean,outer_test_SP_std,outer_test_MCC_mean,outer_test_MCC_std
0.6888372425841711,0.010607499756534492,0.5604925673973293,0.06461828946164773,0.6930171568775533,0.03705732936870771,0.5596449456975773,0.06187819385420906,0.5692751322751323,0.12808811992599273,0.5444126984126983,0.0978640793932057,0.11197558912551102,0.08731035445094504
