{"avg_inner_best_models/val_loss_mean":0.5946409702301025,"_timestamp":1.7725238888732612e+09,"_wandb":{"runtime":0},"_runtime":0.058402198,"_step":43,"avg_inner_best_models/train_loss_mean":0.18097451701760292}