outer_fold,inner_fold,hp_name,batch_size,learning_rate,weight_decay,rf_n_estimators,rf_max_depth,rf_min_samples_split,rf_min_samples_leaf,rf_max_features,rf_class_weight,rf_n_jobs,name,epoch,train_loss,train_auc,train_aucpr,train_acc,train_cindex,val_loss,val_auc,val_aucpr,val_acc,val_cindex,teacher_loss,student_survival_loss,student_repr_loss,student_feature_loss,smil_meta_train_loss,smil_meta_val_loss,smil_meta_val_ce,smil_align_fusion,smil_align_hidden,seed,degrading_modality,train_missing_prop
1,1,trees200_depth3_split2_leaf1_featsqrt_cwnone_trmiss40_degmodglobal,64,1.0,0.0,200,3,2,1,sqrt,none,-1,trees200_depth3_split2_leaf1_featsqrt_cwnone_trmiss40_degmodglobal,1,0.4408806917386368,0.9998748435544431,0.9998880179171331,0.9608938547486033,0.0,0.6854069147724315,0.6166007905138341,0.5951619539112878,0.5777777777777777,0.0,0.0,0.0,0.0,0.0,0.0,0.0,0.0,0.0,0.0,18473,global,0.4
1,1,trees200_depth3_split2_leaf3_featsqrt_cwnone_trmiss40_degmodglobal,64,1.0,0.0,200,3,2,3,sqrt,none,-1,trees200_depth3_split2_leaf3_featsqrt_cwnone_trmiss40_degmodglobal,1,0.4580897987907477,0.9998748435544431,0.9998880179171331,0.9664804469273743,0.0,0.6785516242582711,0.6225296442687747,0.6162658193582123,0.6,0.0,0.0,0.0,0.0,0.0,0.0,0.0,0.0,0.0,0.0,18473,global,0.4
1,1,trees200_depth5_split2_leaf1_featsqrt_cwnone_trmiss40_degmodglobal,64,1.0,0.0,200,5,2,1,sqrt,none,-1,trees200_depth5_split2_leaf1_featsqrt_cwnone_trmiss40_degmodglobal,1,0.29835018487249776,1.0,0.9999999999999999,1.0,0.0,0.6849850653910649,0.5632411067193676,0.6212726335035665,0.5111111111111111,0.0,0.0,0.0,0.0,0.0,0.0,0.0,0.0,0.0,0.0,18473,global,0.4
1,1,trees200_depth5_split2_leaf3_featsqrt_cwnone_trmiss40_degmodglobal,64,1.0,0.0,200,5,2,3,sqrt,none,-1,trees200_depth5_split2_leaf3_featsqrt_cwnone_trmiss40_degmodglobal,1,0.3346429415597042,1.0,0.9999999999999999,1.0,0.0,0.6641481718781276,0.6541501976284585,0.6697908120032251,0.5777777777777777,0.0,0.0,0.0,0.0,0.0,0.0,0.0,0.0,0.0,0.0,18473,global,0.4
1,1,trees200_depthnone_split2_leaf1_featsqrt_cwnone_trmiss40_degmodglobal,64,1.0,0.0,200,none,2,1,sqrt,none,-1,trees200_depthnone_split2_leaf1_featsqrt_cwnone_trmiss40_degmodglobal,1,0.19715743153301674,1.0,1.0,1.0,0.0,0.6537841656194726,0.6739130434782609,0.6262593983323719,0.6444444444444445,0.0,0.0,0.0,0.0,0.0,0.0,0.0,0.0,0.0,0.0,18473,global,0.4
1,1,trees200_depthnone_split2_leaf3_featsqrt_cwnone_trmiss40_degmodglobal,64,1.0,0.0,200,none,2,3,sqrt,none,-1,trees200_depthnone_split2_leaf3_featsqrt_cwnone_trmiss40_degmodglobal,1,0.26978754369913355,1.0,0.9999999999999999,1.0,0.0,0.6771603687042168,0.6086956521739131,0.6138047352424616,0.6,0.0,0.0,0.0,0.0,0.0,0.0,0.0,0.0,0.0,0.0,18473,global,0.4
1,1,trees500_depth3_split2_leaf1_featsqrt_cwnone_trmiss40_degmodglobal,64,1.0,0.0,500,3,2,1,sqrt,none,-1,trees500_depth3_split2_leaf1_featsqrt_cwnone_trmiss40_degmodglobal,1,0.4435771032657108,1.0,0.9999999999999999,0.9664804469273743,0.0,0.6826158519131366,0.6027667984189723,0.5886055555987092,0.6222222222222222,0.0,0.0,0.0,0.0,0.0,0.0,0.0,0.0,0.0,0.0,18473,global,0.4
1,1,trees500_depth3_split2_leaf3_featsqrt_cwnone_trmiss40_degmodglobal,64,1.0,0.0,500,3,2,3,sqrt,none,-1,trees500_depth3_split2_leaf3_featsqrt_cwnone_trmiss40_degmodglobal,1,0.4586704153341705,0.9997496871088861,0.9997748445355125,0.9832402234636871,0.0,0.6737700954606051,0.6541501976284585,0.689917637919597,0.6,0.0,0.0,0.0,0.0,0.0,0.0,0.0,0.0,0.0,0.0,18473,global,0.4
1,1,trees500_depth5_split2_leaf1_featsqrt_cwnone_trmiss40_degmodglobal,64,1.0,0.0,500,5,2,1,sqrt,none,-1,trees500_depth5_split2_leaf1_featsqrt_cwnone_trmiss40_degmodglobal,1,0.3012174408685232,1.0,0.9999999999999999,1.0,0.0,0.6664110391231052,0.6719367588932805,0.683246983372961,0.6,0.0,0.0,0.0,0.0,0.0,0.0,0.0,0.0,0.0,0.0,18473,global,0.4
1,1,trees500_depth5_split2_leaf3_featsqrt_cwnone_trmiss40_degmodglobal,64,1.0,0.0,500,5,2,3,sqrt,none,-1,trees500_depth5_split2_leaf3_featsqrt_cwnone_trmiss40_degmodglobal,1,0.3363202230385844,1.0,0.9999999999999999,1.0,0.0,0.6810496716938871,0.6126482213438735,0.5832565504818655,0.5777777777777777,0.0,0.0,0.0,0.0,0.0,0.0,0.0,0.0,0.0,0.0,18473,global,0.4
1,1,trees500_depthnone_split2_leaf1_featsqrt_cwnone_trmiss40_degmodglobal,64,1.0,0.0,500,none,2,1,sqrt,none,-1,trees500_depthnone_split2_leaf1_featsqrt_cwnone_trmiss40_degmodglobal,1,0.1937811704831188,1.0,0.9999999999999999,1.0,0.0,0.6690089996237245,0.6452569169960475,0.6573196174344665,0.5555555555555556,0.0,0.0,0.0,0.0,0.0,0.0,0.0,0.0,0.0,0.0,18473,global,0.4
1,1,trees500_depthnone_split2_leaf3_featsqrt_cwnone_trmiss40_degmodglobal,64,1.0,0.0,500,none,2,3,sqrt,none,-1,trees500_depthnone_split2_leaf3_featsqrt_cwnone_trmiss40_degmodglobal,1,0.26810843786199257,1.0,0.9999999999999999,1.0,0.0,0.6604372715769262,0.6719367588932806,0.6575079162099623,0.6444444444444445,0.0,0.0,0.0,0.0,0.0,0.0,0.0,0.0,0.0,0.0,18473,global,0.4
1,2,trees200_depth3_split2_leaf1_featsqrt_cwnone_trmiss40_degmodglobal,64,1.0,0.0,200,3,2,1,sqrt,none,-1,trees200_depth3_split2_leaf1_featsqrt_cwnone_trmiss40_degmodglobal,1,0.44488139618702033,1.0,0.9999999999999999,0.9832402234636871,0.0,0.6750438699910789,0.6225296442687747,0.6037796420081231,0.6,0.0,0.0,0.0,0.0,0.0,0.0,0.0,0.0,0.0,0.0,18473,global,0.4
1,2,trees200_depth3_split2_leaf3_featsqrt_cwnone_trmiss40_degmodglobal,64,1.0,0.0,200,3,2,3,sqrt,none,-1,trees200_depth3_split2_leaf3_featsqrt_cwnone_trmiss40_degmodglobal,1,0.4650566915595024,0.9986232790988736,0.9987503967579906,0.9832402234636871,0.0,0.6856018992692535,0.5553359683794467,0.5611541290230916,0.5333333333333333,0.0,0.0,0.0,0.0,0.0,0.0,0.0,0.0,0.0,0.0,18473,global,0.4
1,2,trees200_depth5_split2_leaf1_featsqrt_cwnone_trmiss40_degmodglobal,64,1.0,0.0,200,5,2,1,sqrt,none,-1,trees200_depth5_split2_leaf1_featsqrt_cwnone_trmiss40_degmodglobal,1,0.31123658090937506,1.0,0.9999999999999999,1.0,0.0,0.675935997786278,0.6067193675889327,0.6289671826724865,0.4888888888888889,0.0,0.0,0.0,0.0,0.0,0.0,0.0,0.0,0.0,0.0,18473,global,0.4
1,2,trees200_depth5_split2_leaf3_featsqrt_cwnone_trmiss40_degmodglobal,64,1.0,0.0,200,5,2,3,sqrt,none,-1,trees200_depth5_split2_leaf3_featsqrt_cwnone_trmiss40_degmodglobal,1,0.33689975647056825,1.0,0.9999999999999999,1.0,0.0,0.6854506515850955,0.6027667984189724,0.5734676242454566,0.5555555555555556,0.0,0.0,0.0,0.0,0.0,0.0,0.0,0.0,0.0,0.0,18473,global,0.4
1,2,trees200_depthnone_split2_leaf1_featsqrt_cwnone_trmiss40_degmodglobal,64,1.0,0.0,200,none,2,1,sqrt,none,-1,trees200_depthnone_split2_leaf1_featsqrt_cwnone_trmiss40_degmodglobal,1,0.19428716071493846,1.0,1.0,1.0,0.0,0.6519345583910986,0.6669960474308301,0.6785174317381016,0.5777777777777777,0.0,0.0,0.0,0.0,0.0,0.0,0.0,0.0,0.0,0.0,18473,global,0.4
1,2,trees200_depthnone_split2_leaf3_featsqrt_cwnone_trmiss40_degmodglobal,64,1.0,0.0,200,none,2,3,sqrt,none,-1,trees200_depthnone_split2_leaf3_featsqrt_cwnone_trmiss40_degmodglobal,1,0.27194888021944846,1.0,0.9999999999999999,1.0,0.0,0.6691288561454043,0.6245059288537549,0.6285676993428224,0.5777777777777777,0.0,0.0,0.0,0.0,0.0,0.0,0.0,0.0,0.0,0.0,18473,global,0.4
1,2,trees500_depth3_split2_leaf1_featsqrt_cwnone_trmiss40_degmodglobal,64,1.0,0.0,500,3,2,1,sqrt,none,-1,trees500_depth3_split2_leaf1_featsqrt_cwnone_trmiss40_degmodglobal,1,0.44803082522921284,0.9997496871088861,0.9997783687943261,0.9888268156424581,0.0,0.6867047664274492,0.5632411067193676,0.5807633892437937,0.4888888888888889,0.0,0.0,0.0,0.0,0.0,0.0,0.0,0.0,0.0,0.0,18473,global,0.4
1,2,trees500_depth3_split2_leaf3_featsqrt_cwnone_trmiss40_degmodglobal,64,1.0,0.0,500,3,2,3,sqrt,none,-1,trees500_depth3_split2_leaf3_featsqrt_cwnone_trmiss40_degmodglobal,1,0.4632340593987113,0.9998748435544431,0.9998880179171331,0.994413407821229,0.0,0.6865662475346502,0.5632411067193677,0.5720844373410099,0.5333333333333333,0.0,0.0,0.0,0.0,0.0,0.0,0.0,0.0,0.0,0.0,18473,global,0.4
1,2,trees500_depth5_split2_leaf1_featsqrt_cwnone_trmiss40_degmodglobal,64,1.0,0.0,500,5,2,1,sqrt,none,-1,trees500_depth5_split2_leaf1_featsqrt_cwnone_trmiss40_degmodglobal,1,0.30408799444497064,1.0,0.9999999999999999,1.0,0.0,0.6771007392500779,0.5810276679841897,0.5876484102764106,0.5333333333333333,0.0,0.0,0.0,0.0,0.0,0.0,0.0,0.0,0.0,0.0,18473,global,0.4
1,2,trees500_depth5_split2_leaf3_featsqrt_cwnone_trmiss40_degmodglobal,64,1.0,0.0,500,5,2,3,sqrt,none,-1,trees500_depth5_split2_leaf3_featsqrt_cwnone_trmiss40_degmodglobal,1,0.34160947325374336,1.0,0.9999999999999999,1.0,0.0,0.6907893439446142,0.5790513833992095,0.562176928132363,0.6,0.0,0.0,0.0,0.0,0.0,0.0,0.0,0.0,0.0,0.0,18473,global,0.4
1,2,trees500_depthnone_split2_leaf1_featsqrt_cwnone_trmiss40_degmodglobal,64,1.0,0.0,500,none,2,1,sqrt,none,-1,trees500_depthnone_split2_leaf1_featsqrt_cwnone_trmiss40_degmodglobal,1,0.19398634221729105,1.0,0.9999999999999998,1.0,0.0,0.6768784186095319,0.5909090909090909,0.5759567884087979,0.5333333333333333,0.0,0.0,0.0,0.0,0.0,0.0,0.0,0.0,0.0,0.0,18473,global,0.4
1,2,trees500_depthnone_split2_leaf3_featsqrt_cwnone_trmiss40_degmodglobal,64,1.0,0.0,500,none,2,3,sqrt,none,-1,trees500_depthnone_split2_leaf3_featsqrt_cwnone_trmiss40_degmodglobal,1,0.26840832299411,1.0,0.9999999999999999,1.0,0.0,0.6681971148938592,0.6086956521739131,0.6261927601062224,0.5555555555555556,0.0,0.0,0.0,0.0,0.0,0.0,0.0,0.0,0.0,0.0,18473,global,0.4
1,3,trees200_depth3_split2_leaf1_featsqrt_cwnone_trmiss40_degmodglobal,64,1.0,0.0,200,3,2,1,sqrt,none,-1,trees200_depth3_split2_leaf1_featsqrt_cwnone_trmiss40_degmodglobal,1,0.45539683232690037,0.9991247811952988,0.9991724702711643,0.9776536312849162,0.0,0.6506273896364576,0.6964285714285715,0.7525996074210255,0.6222222222222222,0.0,0.0,0.0,0.0,0.0,0.0,0.0,0.0,0.0,0.0,18473,global,0.4
1,3,trees200_depth3_split2_leaf3_featsqrt_cwnone_trmiss40_degmodglobal,64,1.0,0.0,200,3,2,3,sqrt,none,-1,trees200_depth3_split2_leaf3_featsqrt_cwnone_trmiss40_degmodglobal,1,0.4651896827355793,0.9993748437109277,0.9994154766305171,0.9888268156424581,0.0,0.6506641604492877,0.6865079365079365,0.7255468278854734,0.6,0.0,0.0,0.0,0.0,0.0,0.0,0.0,0.0,0.0,0.0,18473,global,0.4
1,3,trees200_depth5_split2_leaf1_featsqrt_cwnone_trmiss40_degmodglobal,64,1.0,0.0,200,5,2,1,sqrt,none,-1,trees200_depth5_split2_leaf1_featsqrt_cwnone_trmiss40_degmodglobal,1,0.3164236767907993,1.0,1.0,1.0,0.0,0.6340061011461504,0.7400793650793651,0.7405807268027398,0.6666666666666666,0.0,0.0,0.0,0.0,0.0,0.0,0.0,0.0,0.0,0.0,18473,global,0.4
1,3,trees200_depth5_split2_leaf3_featsqrt_cwnone_trmiss40_degmodglobal,64,1.0,0.0,200,5,2,3,sqrt,none,-1,trees200_depth5_split2_leaf3_featsqrt_cwnone_trmiss40_degmodglobal,1,0.34832357927854707,1.0,1.0,1.0,0.0,0.6487319844413088,0.6964285714285714,0.7305473467148327,0.6666666666666666,0.0,0.0,0.0,0.0,0.0,0.0,0.0,0.0,0.0,0.0,18473,global,0.4
1,3,trees200_depthnone_split2_leaf1_featsqrt_cwnone_trmiss40_degmodglobal,64,1.0,0.0,200,none,2,1,sqrt,none,-1,trees200_depthnone_split2_leaf1_featsqrt_cwnone_trmiss40_degmodglobal,1,0.19666246088681574,1.0,0.9999999999999999,1.0,0.0,0.6442472037924207,0.6944444444444444,0.7309794334078389,0.6666666666666666,0.0,0.0,0.0,0.0,0.0,0.0,0.0,0.0,0.0,0.0,18473,global,0.4
1,3,trees200_depthnone_split2_leaf3_featsqrt_cwnone_trmiss40_degmodglobal,64,1.0,0.0,200,none,2,3,sqrt,none,-1,trees200_depthnone_split2_leaf3_featsqrt_cwnone_trmiss40_degmodglobal,1,0.27429814239048517,1.0,1.0,1.0,0.0,0.6601816009940471,0.6428571428571428,0.7119464731032712,0.6222222222222222,0.0,0.0,0.0,0.0,0.0,0.0,0.0,0.0,0.0,0.0,18473,global,0.4
1,3,trees500_depth3_split2_leaf1_featsqrt_cwnone_trmiss40_degmodglobal,64,1.0,0.0,500,3,2,1,sqrt,none,-1,trees500_depth3_split2_leaf1_featsqrt_cwnone_trmiss40_degmodglobal,1,0.4535916036701866,0.9998749687421855,0.9998856097002974,0.994413407821229,0.0,0.6546100913745828,0.7043650793650793,0.7099304194073747,0.6444444444444445,0.0,0.0,0.0,0.0,0.0,0.0,0.0,0.0,0.0,0.0,18473,global,0.4
1,3,trees500_depth3_split2_leaf3_featsqrt_cwnone_trmiss40_degmodglobal,64,1.0,0.0,500,3,2,3,sqrt,none,-1,trees500_depth3_split2_leaf3_featsqrt_cwnone_trmiss40_degmodglobal,1,0.47093572213842405,0.999749937484371,0.9997699893973723,0.994413407821229,0.0,0.6568211329578172,0.7063492063492063,0.7094121616950299,0.6444444444444445,0.0,0.0,0.0,0.0,0.0,0.0,0.0,0.0,0.0,0.0,18473,global,0.4
1,3,trees500_depth5_split2_leaf1_featsqrt_cwnone_trmiss40_degmodglobal,64,1.0,0.0,500,5,2,1,sqrt,none,-1,trees500_depth5_split2_leaf1_featsqrt_cwnone_trmiss40_degmodglobal,1,0.3142024315709188,1.0,1.0,1.0,0.0,0.6442224172426639,0.6924603174603174,0.7164182373452153,0.6444444444444445,0.0,0.0,0.0,0.0,0.0,0.0,0.0,0.0,0.0,0.0,18473,global,0.4
1,3,trees500_depth5_split2_leaf3_featsqrt_cwnone_trmiss40_degmodglobal,64,1.0,0.0,500,5,2,3,sqrt,none,-1,trees500_depth5_split2_leaf3_featsqrt_cwnone_trmiss40_degmodglobal,1,0.350280704114461,1.0,1.0,1.0,0.0,0.6484529219627885,0.6746031746031746,0.7259537856311861,0.6,0.0,0.0,0.0,0.0,0.0,0.0,0.0,0.0,0.0,0.0,18473,global,0.4
1,3,trees500_depthnone_split2_leaf1_featsqrt_cwnone_trmiss40_degmodglobal,64,1.0,0.0,500,none,2,1,sqrt,none,-1,trees500_depthnone_split2_leaf1_featsqrt_cwnone_trmiss40_degmodglobal,1,0.1944321164512607,1.0,1.0,1.0,0.0,0.6338472689606107,0.7420634920634921,0.80967685704749,0.6222222222222222,0.0,0.0,0.0,0.0,0.0,0.0,0.0,0.0,0.0,0.0,18473,global,0.4
1,3,trees500_depthnone_split2_leaf3_featsqrt_cwnone_trmiss40_degmodglobal,64,1.0,0.0,500,none,2,3,sqrt,none,-1,trees500_depthnone_split2_leaf3_featsqrt_cwnone_trmiss40_degmodglobal,1,0.27085844542056337,1.0,1.0,1.0,0.0,0.6531109989638308,0.6686507936507937,0.7137699208150894,0.6222222222222222,0.0,0.0,0.0,0.0,0.0,0.0,0.0,0.0,0.0,0.0,18473,global,0.4
1,4,trees200_depth3_split2_leaf1_featsqrt_cwnone_trmiss40_degmodglobal,64,1.0,0.0,200,3,2,1,sqrt,none,-1,trees200_depth3_split2_leaf1_featsqrt_cwnone_trmiss40_degmodglobal,1,0.4561157405326712,1.0,1.0,0.9664804469273743,0.0,0.6701614965726925,0.6111111111111112,0.6139297668176256,0.5777777777777777,0.0,0.0,0.0,0.0,0.0,0.0,0.0,0.0,0.0,0.0,18473,global,0.4
1,4,trees200_depth3_split2_leaf3_featsqrt_cwnone_trmiss40_degmodglobal,64,1.0,0.0,200,3,2,3,sqrt,none,-1,trees200_depth3_split2_leaf3_featsqrt_cwnone_trmiss40_degmodglobal,1,0.47093630952964777,1.0,1.0,0.9608938547486033,0.0,0.672409262001795,0.6349206349206349,0.6163617267603649,0.6,0.0,0.0,0.0,0.0,0.0,0.0,0.0,0.0,0.0,0.0,18473,global,0.4
1,4,trees200_depth5_split2_leaf1_featsqrt_cwnone_trmiss40_degmodglobal,64,1.0,0.0,200,5,2,1,sqrt,none,-1,trees200_depth5_split2_leaf1_featsqrt_cwnone_trmiss40_degmodglobal,1,0.30523780148613866,1.0,1.0,1.0,0.0,0.6670018158597805,0.6309523809523809,0.6216558924391934,0.6,0.0,0.0,0.0,0.0,0.0,0.0,0.0,0.0,0.0,0.0,18473,global,0.4
1,4,trees200_depth5_split2_leaf3_featsqrt_cwnone_trmiss40_degmodglobal,64,1.0,0.0,200,5,2,3,sqrt,none,-1,trees200_depth5_split2_leaf3_featsqrt_cwnone_trmiss40_degmodglobal,1,0.34117138488673104,1.0,1.0,0.994413407821229,0.0,0.6639682292241977,0.625,0.6186205518511514,0.5777777777777777,0.0,0.0,0.0,0.0,0.0,0.0,0.0,0.0,0.0,0.0,18473,global,0.4
1,4,trees200_depthnone_split2_leaf1_featsqrt_cwnone_trmiss40_degmodglobal,64,1.0,0.0,200,none,2,1,sqrt,none,-1,trees200_depthnone_split2_leaf1_featsqrt_cwnone_trmiss40_degmodglobal,1,0.19777436860994768,1.0,0.9999999999999998,1.0,0.0,0.6458033007633636,0.6825396825396826,0.6591906223130406,0.6888888888888889,0.0,0.0,0.0,0.0,0.0,0.0,0.0,0.0,0.0,0.0,18473,global,0.4
1,4,trees200_depthnone_split2_leaf3_featsqrt_cwnone_trmiss40_degmodglobal,64,1.0,0.0,200,none,2,3,sqrt,none,-1,trees200_depthnone_split2_leaf3_featsqrt_cwnone_trmiss40_degmodglobal,1,0.27770548795270616,1.0,1.0,1.0,0.0,0.668440101199644,0.613095238095238,0.6250756846882105,0.6,0.0,0.0,0.0,0.0,0.0,0.0,0.0,0.0,0.0,0.0,18473,global,0.4
1,4,trees500_depth3_split2_leaf1_featsqrt_cwnone_trmiss40_degmodglobal,64,1.0,0.0,500,3,2,1,sqrt,none,-1,trees500_depth3_split2_leaf1_featsqrt_cwnone_trmiss40_degmodglobal,1,0.4526768768730963,1.0,1.0,0.9720670391061452,0.0,0.6736280532755016,0.6130952380952381,0.6197004360479952,0.6,0.0,0.0,0.0,0.0,0.0,0.0,0.0,0.0,0.0,0.0,18473,global,0.4
1,4,trees500_depth3_split2_leaf3_featsqrt_cwnone_trmiss40_degmodglobal,64,1.0,0.0,500,3,2,3,sqrt,none,-1,trees500_depth3_split2_leaf3_featsqrt_cwnone_trmiss40_degmodglobal,1,0.46684449811495843,1.0,1.0,0.9720670391061452,0.0,0.6699150627503929,0.6408730158730159,0.6236856561418002,0.6222222222222222,0.0,0.0,0.0,0.0,0.0,0.0,0.0,0.0,0.0,0.0,18473,global,0.4
1,4,trees500_depth5_split2_leaf1_featsqrt_cwnone_trmiss40_degmodglobal,64,1.0,0.0,500,5,2,1,sqrt,none,-1,trees500_depth5_split2_leaf1_featsqrt_cwnone_trmiss40_degmodglobal,1,0.30676705009398725,1.0,1.0,1.0,0.0,0.6643867127831184,0.6547619047619048,0.6528956372552442,0.5777777777777777,0.0,0.0,0.0,0.0,0.0,0.0,0.0,0.0,0.0,0.0,18473,global,0.4
1,4,trees500_depth5_split2_leaf3_featsqrt_cwnone_trmiss40_degmodglobal,64,1.0,0.0,500,5,2,3,sqrt,none,-1,trees500_depth5_split2_leaf3_featsqrt_cwnone_trmiss40_degmodglobal,1,0.34583837610089885,1.0,1.0,1.0,0.0,0.668968573525456,0.626984126984127,0.613003997643946,0.5555555555555556,0.0,0.0,0.0,0.0,0.0,0.0,0.0,0.0,0.0,0.0,18473,global,0.4
1,4,trees500_depthnone_split2_leaf1_featsqrt_cwnone_trmiss40_degmodglobal,64,1.0,0.0,500,none,2,1,sqrt,none,-1,trees500_depthnone_split2_leaf1_featsqrt_cwnone_trmiss40_degmodglobal,1,0.19544191136733496,1.0,1.0,1.0,0.0,0.6701503912439346,0.6041666666666667,0.5870514549428055,0.5333333333333333,0.0,0.0,0.0,0.0,0.0,0.0,0.0,0.0,0.0,0.0,18473,global,0.4
1,4,trees500_depthnone_split2_leaf3_featsqrt_cwnone_trmiss40_degmodglobal,64,1.0,0.0,500,none,2,3,sqrt,none,-1,trees500_depthnone_split2_leaf3_featsqrt_cwnone_trmiss40_degmodglobal,1,0.27450901952300694,1.0,1.0,1.0,0.0,0.6714684279236312,0.6091269841269842,0.5950299236063435,0.5777777777777777,0.0,0.0,0.0,0.0,0.0,0.0,0.0,0.0,0.0,0.0,18473,global,0.4
1,5,trees200_depth3_split2_leaf1_featsqrt_cwnone_trmiss40_degmodglobal,64,1.0,0.0,200,3,2,1,sqrt,none,-1,trees200_depth3_split2_leaf1_featsqrt_cwnone_trmiss40_degmodglobal,1,0.4551272581995433,1.0,0.9999999999999999,1.0,0.0,0.667066799020482,0.6542443064182195,0.7206984678403676,0.5909090909090909,0.0,0.0,0.0,0.0,0.0,0.0,0.0,0.0,0.0,0.0,18473,global,0.4
1,5,trees200_depth3_split2_leaf3_featsqrt_cwnone_trmiss40_degmodglobal,64,1.0,0.0,200,3,2,3,sqrt,none,-1,trees200_depth3_split2_leaf3_featsqrt_cwnone_trmiss40_degmodglobal,1,0.47506649863256495,1.0,0.9999999999999999,1.0,0.0,0.6644603970216427,0.6853002070393375,0.7470027002470748,0.6590909090909091,0.0,0.0,0.0,0.0,0.0,0.0,0.0,0.0,0.0,0.0,18473,global,0.4
1,5,trees200_depth5_split2_leaf1_featsqrt_cwnone_trmiss40_degmodglobal,64,1.0,0.0,200,5,2,1,sqrt,none,-1,trees200_depth5_split2_leaf1_featsqrt_cwnone_trmiss40_degmodglobal,1,0.3160322509403597,1.0,0.9999999999999999,1.0,0.0,0.6700160960007756,0.6314699792960662,0.6756556642099876,0.5909090909090909,0.0,0.0,0.0,0.0,0.0,0.0,0.0,0.0,0.0,0.0,18473,global,0.4
1,5,trees200_depth5_split2_leaf3_featsqrt_cwnone_trmiss40_degmodglobal,64,1.0,0.0,200,5,2,3,sqrt,none,-1,trees200_depth5_split2_leaf3_featsqrt_cwnone_trmiss40_degmodglobal,1,0.34903382713791925,1.0,0.9999999999999999,1.0,0.0,0.6676518923081253,0.6583850931677018,0.6765888059805556,0.5454545454545454,0.0,0.0,0.0,0.0,0.0,0.0,0.0,0.0,0.0,0.0,18473,global,0.4
1,5,trees200_depthnone_split2_leaf1_featsqrt_cwnone_trmiss40_degmodglobal,64,1.0,0.0,200,none,2,1,sqrt,none,-1,trees200_depthnone_split2_leaf1_featsqrt_cwnone_trmiss40_degmodglobal,1,0.19475463590047926,1.0,1.0,1.0,0.0,0.6800465420782101,0.6055900621118013,0.623627183192064,0.5227272727272727,0.0,0.0,0.0,0.0,0.0,0.0,0.0,0.0,0.0,0.0,18473,global,0.4
1,5,trees200_depthnone_split2_leaf3_featsqrt_cwnone_trmiss40_degmodglobal,64,1.0,0.0,200,none,2,3,sqrt,none,-1,trees200_depthnone_split2_leaf3_featsqrt_cwnone_trmiss40_degmodglobal,1,0.27426869030810985,1.0,0.9999999999999999,1.0,0.0,0.6537655058111936,0.68944099378882,0.7575511432630369,0.6136363636363636,0.0,0.0,0.0,0.0,0.0,0.0,0.0,0.0,0.0,0.0,18473,global,0.4
1,5,trees500_depth3_split2_leaf1_featsqrt_cwnone_trmiss40_degmodglobal,64,1.0,0.0,500,3,2,1,sqrt,none,-1,trees500_depth3_split2_leaf1_featsqrt_cwnone_trmiss40_degmodglobal,1,0.45640436767234566,1.0,0.9999999999999999,1.0,0.0,0.6587739811247337,0.7184265010351967,0.7533446464912025,0.6363636363636364,0.0,0.0,0.0,0.0,0.0,0.0,0.0,0.0,0.0,0.0,18473,global,0.4
1,5,trees500_depth3_split2_leaf3_featsqrt_cwnone_trmiss40_degmodglobal,64,1.0,0.0,500,3,2,3,sqrt,none,-1,trees500_depth3_split2_leaf3_featsqrt_cwnone_trmiss40_degmodglobal,1,0.4734788579575222,1.0,0.9999999999999999,1.0,0.0,0.6663609737406361,0.6915113871635612,0.7322162069746768,0.6363636363636364,0.0,0.0,0.0,0.0,0.0,0.0,0.0,0.0,0.0,0.0,18473,global,0.4
1,5,trees500_depth5_split2_leaf1_featsqrt_cwnone_trmiss40_degmodglobal,64,1.0,0.0,500,5,2,1,sqrt,none,-1,trees500_depth5_split2_leaf1_featsqrt_cwnone_trmiss40_degmodglobal,1,0.3185096674145469,1.0,0.9999999999999999,1.0,0.0,0.6503147264752126,0.7018633540372671,0.7489147991561158,0.6136363636363636,0.0,0.0,0.0,0.0,0.0,0.0,0.0,0.0,0.0,0.0,18473,global,0.4
1,5,trees500_depth5_split2_leaf3_featsqrt_cwnone_trmiss40_degmodglobal,64,1.0,0.0,500,5,2,3,sqrt,none,-1,trees500_depth5_split2_leaf3_featsqrt_cwnone_trmiss40_degmodglobal,1,0.3542066025740222,1.0,0.9999999999999999,1.0,0.0,0.6609233092065535,0.6790890269151139,0.7711410516719196,0.5681818181818182,0.0,0.0,0.0,0.0,0.0,0.0,0.0,0.0,0.0,0.0,18473,global,0.4
1,5,trees500_depthnone_split2_leaf1_featsqrt_cwnone_trmiss40_degmodglobal,64,1.0,0.0,500,none,2,1,sqrt,none,-1,trees500_depthnone_split2_leaf1_featsqrt_cwnone_trmiss40_degmodglobal,1,0.19886286000341874,1.0,1.0,1.0,0.0,0.6618704496047352,0.6583850931677019,0.7125472684325294,0.6136363636363636,0.0,0.0,0.0,0.0,0.0,0.0,0.0,0.0,0.0,0.0,18473,global,0.4
1,5,trees500_depthnone_split2_leaf3_featsqrt_cwnone_trmiss40_degmodglobal,64,1.0,0.0,500,none,2,3,sqrt,none,-1,trees500_depthnone_split2_leaf3_featsqrt_cwnone_trmiss40_degmodglobal,1,0.272906785093327,1.0,0.9999999999999999,1.0,0.0,0.6513748663159897,0.6977225672877847,0.769898854853172,0.6136363636363636,0.0,0.0,0.0,0.0,0.0,0.0,0.0,0.0,0.0,0.0,18473,global,0.4
2,1,trees200_depth3_split2_leaf1_featsqrt_cwnone_trmiss40_degmodglobal,64,1.0,0.0,200,3,2,1,sqrt,none,-1,trees200_depth3_split2_leaf1_featsqrt_cwnone_trmiss40_degmodglobal,1,0.46701089179851957,0.9980185758513932,0.9980917487514747,0.9777777777777777,0.0,0.6660029905763575,0.6699604743083004,0.6278399881955841,0.6222222222222222,0.0,0.0,0.0,0.0,0.0,0.0,0.0,0.0,0.0,0.0,18473,global,0.4
2,1,trees200_depth3_split2_leaf3_featsqrt_cwnone_trmiss40_degmodglobal,64,1.0,0.0,200,3,2,3,sqrt,none,-1,trees200_depth3_split2_leaf3_featsqrt_cwnone_trmiss40_degmodglobal,1,0.4751457700031719,0.996656346749226,0.9969682857909142,0.9666666666666667,0.0,0.6823505096955803,0.5790513833992095,0.5801757750749831,0.5777777777777777,0.0,0.0,0.0,0.0,0.0,0.0,0.0,0.0,0.0,0.0,18473,global,0.4
2,1,trees200_depth5_split2_leaf1_featsqrt_cwnone_trmiss40_degmodglobal,64,1.0,0.0,200,5,2,1,sqrt,none,-1,trees200_depth5_split2_leaf1_featsqrt_cwnone_trmiss40_degmodglobal,1,0.3246133352487771,1.0,1.0,1.0,0.0,0.6774648690289135,0.5889328063241106,0.5788109073481761,0.6222222222222222,0.0,0.0,0.0,0.0,0.0,0.0,0.0,0.0,0.0,0.0,18473,global,0.4
2,1,trees200_depth5_split2_leaf3_featsqrt_cwnone_trmiss40_degmodglobal,64,1.0,0.0,200,5,2,3,sqrt,none,-1,trees200_depth5_split2_leaf3_featsqrt_cwnone_trmiss40_degmodglobal,1,0.36217440871475254,1.0,1.0,1.0,0.0,0.6832067880294534,0.58300395256917,0.6393015992112437,0.6222222222222222,0.0,0.0,0.0,0.0,0.0,0.0,0.0,0.0,0.0,0.0,18473,global,0.4
2,1,trees200_depthnone_split2_leaf1_featsqrt_cwnone_trmiss40_degmodglobal,64,1.0,0.0,200,none,2,1,sqrt,none,-1,trees200_depthnone_split2_leaf1_featsqrt_cwnone_trmiss40_degmodglobal,1,0.20336001144418445,1.0,1.0,1.0,0.0,0.676397790928534,0.6166007905138341,0.641385894558686,0.5777777777777777,0.0,0.0,0.0,0.0,0.0,0.0,0.0,0.0,0.0,0.0,18473,global,0.4
2,1,trees200_depthnone_split2_leaf3_featsqrt_cwnone_trmiss40_degmodglobal,64,1.0,0.0,200,none,2,3,sqrt,none,-1,trees200_depthnone_split2_leaf3_featsqrt_cwnone_trmiss40_degmodglobal,1,0.2791120300691533,1.0,1.0,1.0,0.0,0.6857634893486045,0.5790513833992095,0.5762640406350334,0.5777777777777777,0.0,0.0,0.0,0.0,0.0,0.0,0.0,0.0,0.0,0.0,18473,global,0.4
2,1,trees500_depth3_split2_leaf1_featsqrt_cwnone_trmiss40_degmodglobal,64,1.0,0.0,500,3,2,1,sqrt,none,-1,trees500_depth3_split2_leaf1_featsqrt_cwnone_trmiss40_degmodglobal,1,0.46291387619730867,0.9995046439628483,0.999554379278942,0.9833333333333333,0.0,0.6804054703412833,0.616600790513834,0.588093201786684,0.6222222222222222,0.0,0.0,0.0,0.0,0.0,0.0,0.0,0.0,0.0,0.0,18473,global,0.4
2,1,trees500_depth3_split2_leaf3_featsqrt_cwnone_trmiss40_degmodglobal,64,1.0,0.0,500,3,2,3,sqrt,none,-1,trees500_depth3_split2_leaf3_featsqrt_cwnone_trmiss40_degmodglobal,1,0.4767919287573777,0.9975232198142414,0.9977100390068169,0.9722222222222222,0.0,0.6864377006737916,0.5849802371541502,0.5555601759812128,0.5555555555555556,0.0,0.0,0.0,0.0,0.0,0.0,0.0,0.0,0.0,0.0,18473,global,0.4
2,1,trees500_depth5_split2_leaf1_featsqrt_cwnone_trmiss40_degmodglobal,64,1.0,0.0,500,5,2,1,sqrt,none,-1,trees500_depth5_split2_leaf1_featsqrt_cwnone_trmiss40_degmodglobal,1,0.3225685468830658,1.0,1.0,1.0,0.0,0.6749399858945293,0.616600790513834,0.5721831689048842,0.5777777777777777,0.0,0.0,0.0,0.0,0.0,0.0,0.0,0.0,0.0,0.0,18473,global,0.4
2,1,trees500_depth5_split2_leaf3_featsqrt_cwnone_trmiss40_degmodglobal,64,1.0,0.0,500,5,2,3,sqrt,none,-1,trees500_depth5_split2_leaf3_featsqrt_cwnone_trmiss40_degmodglobal,1,0.35311829887585205,1.0,1.0,1.0,0.0,0.6859183153958983,0.5731225296442687,0.5494792910550795,0.5777777777777777,0.0,0.0,0.0,0.0,0.0,0.0,0.0,0.0,0.0,0.0,18473,global,0.4
2,1,trees500_depthnone_split2_leaf1_featsqrt_cwnone_trmiss40_degmodglobal,64,1.0,0.0,500,none,2,1,sqrt,none,-1,trees500_depthnone_split2_leaf1_featsqrt_cwnone_trmiss40_degmodglobal,1,0.20024790189964342,1.0,1.0000000000000002,1.0,0.0,0.6802171916384163,0.5938735177865613,0.552468377838452,0.5777777777777777,0.0,0.0,0.0,0.0,0.0,0.0,0.0,0.0,0.0,0.0,18473,global,0.4
2,1,trees500_depthnone_split2_leaf3_featsqrt_cwnone_trmiss40_degmodglobal,64,1.0,0.0,500,none,2,3,sqrt,none,-1,trees500_depthnone_split2_leaf3_featsqrt_cwnone_trmiss40_degmodglobal,1,0.2797517371170192,1.0,1.0,1.0,0.0,0.6797777611932732,0.5948616600790514,0.5758230913474798,0.6222222222222222,0.0,0.0,0.0,0.0,0.0,0.0,0.0,0.0,0.0,0.0,18473,global,0.4
2,2,trees200_depth3_split2_leaf1_featsqrt_cwnone_trmiss40_degmodglobal,64,1.0,0.0,200,3,2,1,sqrt,none,-1,trees200_depth3_split2_leaf1_featsqrt_cwnone_trmiss40_degmodglobal,1,0.44692503485257473,0.9955417956656347,0.9961342230833617,0.9388888888888889,0.0,0.7835556326474249,0.4407114624505929,0.4574810354490262,0.4444444444444444,0.0,0.0,0.0,0.0,0.0,0.0,0.0,0.0,0.0,0.0,18473,global,0.4
2,2,trees200_depth3_split2_leaf3_featsqrt_cwnone_trmiss40_degmodglobal,64,1.0,0.0,200,3,2,3,sqrt,none,-1,trees200_depth3_split2_leaf3_featsqrt_cwnone_trmiss40_degmodglobal,1,0.4621913274413466,0.9895975232198142,0.9908874967661668,0.9333333333333333,0.0,0.7747772271589284,0.4624505928853755,0.4659957958092432,0.4666666666666667,0.0,0.0,0.0,0.0,0.0,0.0,0.0,0.0,0.0,0.0,18473,global,0.4
2,2,trees200_depth5_split2_leaf1_featsqrt_cwnone_trmiss40_degmodglobal,64,1.0,0.0,200,5,2,1,sqrt,none,-1,trees200_depth5_split2_leaf1_featsqrt_cwnone_trmiss40_degmodglobal,1,0.30504775445686527,1.0,1.0,1.0,0.0,0.779198690788201,0.5039525691699605,0.48670908426730347,0.5555555555555556,0.0,0.0,0.0,0.0,0.0,0.0,0.0,0.0,0.0,0.0,18473,global,0.4
2,2,trees200_depth5_split2_leaf3_featsqrt_cwnone_trmiss40_degmodglobal,64,1.0,0.0,200,5,2,3,sqrt,none,-1,trees200_depth5_split2_leaf3_featsqrt_cwnone_trmiss40_degmodglobal,1,0.3411830015293066,1.0,1.0,1.0,0.0,0.7757394890381115,0.4901185770750988,0.4776353723872044,0.4888888888888889,0.0,0.0,0.0,0.0,0.0,0.0,0.0,0.0,0.0,0.0,18473,global,0.4
2,2,trees200_depthnone_split2_leaf1_featsqrt_cwnone_trmiss40_degmodglobal,64,1.0,0.0,200,none,2,1,sqrt,none,-1,trees200_depthnone_split2_leaf1_featsqrt_cwnone_trmiss40_degmodglobal,1,0.19235043336053895,1.0,0.9999999999999999,1.0,0.0,0.7751214020414902,0.4713438735177866,0.47563722865022584,0.5555555555555556,0.0,0.0,0.0,0.0,0.0,0.0,0.0,0.0,0.0,0.0,18473,global,0.4
2,2,trees200_depthnone_split2_leaf3_featsqrt_cwnone_trmiss40_degmodglobal,64,1.0,0.0,200,none,2,3,sqrt,none,-1,trees200_depthnone_split2_leaf3_featsqrt_cwnone_trmiss40_degmodglobal,1,0.26796210543520266,1.0,1.0,1.0,0.0,0.7768787859533829,0.5138339920948616,0.4938588183444001,0.5555555555555556,0.0,0.0,0.0,0.0,0.0,0.0,0.0,0.0,0.0,0.0,18473,global,0.4
2,2,trees500_depth3_split2_leaf1_featsqrt_cwnone_trmiss40_degmodglobal,64,1.0,0.0,500,3,2,1,sqrt,none,-1,trees500_depth3_split2_leaf1_featsqrt_cwnone_trmiss40_degmodglobal,1,0.44642048402369283,0.9971517027863777,0.9974469214376407,0.9333333333333333,0.0,0.7710821036969747,0.45652173913043476,0.465457785052084,0.5555555555555556,0.0,0.0,0.0,0.0,0.0,0.0,0.0,0.0,0.0,0.0,18473,global,0.4
2,2,trees500_depth3_split2_leaf3_featsqrt_cwnone_trmiss40_degmodglobal,64,1.0,0.0,500,3,2,3,sqrt,none,-1,trees500_depth3_split2_leaf3_featsqrt_cwnone_trmiss40_degmodglobal,1,0.46038191890803987,0.9930650154798761,0.993981762951046,0.9444444444444444,0.0,0.7616974661399476,0.4723320158102767,0.4719727285071251,0.5111111111111111,0.0,0.0,0.0,0.0,0.0,0.0,0.0,0.0,0.0,0.0,18473,global,0.4
2,2,trees500_depth5_split2_leaf1_featsqrt_cwnone_trmiss40_degmodglobal,64,1.0,0.0,500,5,2,1,sqrt,none,-1,trees500_depth5_split2_leaf1_featsqrt_cwnone_trmiss40_degmodglobal,1,0.3052418878291144,1.0,1.0,1.0,0.0,0.778679339132313,0.47430830039525695,0.47616964965882413,0.5777777777777777,0.0,0.0,0.0,0.0,0.0,0.0,0.0,0.0,0.0,0.0,18473,global,0.4
2,2,trees500_depth5_split2_leaf3_featsqrt_cwnone_trmiss40_degmodglobal,64,1.0,0.0,500,5,2,3,sqrt,none,-1,trees500_depth5_split2_leaf3_featsqrt_cwnone_trmiss40_degmodglobal,1,0.34230384093350213,1.0,1.0,0.9944444444444445,0.0,0.7748100530466338,0.49209486166007904,0.48090314749791124,0.5333333333333333,0.0,0.0,0.0,0.0,0.0,0.0,0.0,0.0,0.0,0.0,18473,global,0.4
2,2,trees500_depthnone_split2_leaf1_featsqrt_cwnone_trmiss40_degmodglobal,64,1.0,0.0,500,none,2,1,sqrt,none,-1,trees500_depthnone_split2_leaf1_featsqrt_cwnone_trmiss40_degmodglobal,1,0.19298001320180566,1.0,1.0,1.0,0.0,0.7733784679796326,0.5207509881422925,0.49484338660910343,0.6,0.0,0.0,0.0,0.0,0.0,0.0,0.0,0.0,0.0,0.0,18473,global,0.4
2,2,trees500_depthnone_split2_leaf3_featsqrt_cwnone_trmiss40_degmodglobal,64,1.0,0.0,500,none,2,3,sqrt,none,-1,trees500_depthnone_split2_leaf3_featsqrt_cwnone_trmiss40_degmodglobal,1,0.26993650291983984,1.0,1.0,1.0,0.0,0.7838705554984603,0.5177865612648221,0.4970540780127354,0.6,0.0,0.0,0.0,0.0,0.0,0.0,0.0,0.0,0.0,0.0,18473,global,0.4
2,3,trees200_depth3_split2_leaf1_featsqrt_cwnone_trmiss40_degmodglobal,64,1.0,0.0,200,3,2,1,sqrt,none,-1,trees200_depth3_split2_leaf1_featsqrt_cwnone_trmiss40_degmodglobal,1,0.4736699524466991,1.0,0.9999999999999999,0.9944444444444445,0.0,0.6556958658358145,0.7281746031746031,0.6918736952296876,0.7333333333333333,0.0,0.0,0.0,0.0,0.0,0.0,0.0,0.0,0.0,0.0,18473,global,0.4
2,3,trees200_depth3_split2_leaf3_featsqrt_cwnone_trmiss40_degmodglobal,64,1.0,0.0,200,3,2,3,sqrt,none,-1,trees200_depth3_split2_leaf3_featsqrt_cwnone_trmiss40_degmodglobal,1,0.48728868771681466,0.9998762988619495,0.9998880179171331,0.9944444444444445,0.0,0.6620330268885332,0.7162698412698413,0.6712715748312912,0.6222222222222222,0.0,0.0,0.0,0.0,0.0,0.0,0.0,0.0,0.0,0.0,18473,global,0.4
2,3,trees200_depth5_split2_leaf1_featsqrt_cwnone_trmiss40_degmodglobal,64,1.0,0.0,200,5,2,1,sqrt,none,-1,trees200_depth5_split2_leaf1_featsqrt_cwnone_trmiss40_degmodglobal,1,0.3346794735746587,1.0,0.9999999999999999,1.0,0.0,0.6652572210500659,0.6567460317460317,0.6229958529708418,0.6666666666666666,0.0,0.0,0.0,0.0,0.0,0.0,0.0,0.0,0.0,0.0,18473,global,0.4
2,3,trees200_depth5_split2_leaf3_featsqrt_cwnone_trmiss40_degmodglobal,64,1.0,0.0,200,5,2,3,sqrt,none,-1,trees200_depth5_split2_leaf3_featsqrt_cwnone_trmiss40_degmodglobal,1,0.37056432709017934,1.0,0.9999999999999999,1.0,0.0,0.6674447833615219,0.6488095238095238,0.642514501527326,0.6,0.0,0.0,0.0,0.0,0.0,0.0,0.0,0.0,0.0,0.0,18473,global,0.4
2,3,trees200_depthnone_split2_leaf1_featsqrt_cwnone_trmiss40_degmodglobal,64,1.0,0.0,200,none,2,1,sqrt,none,-1,trees200_depthnone_split2_leaf1_featsqrt_cwnone_trmiss40_degmodglobal,1,0.20151483484079122,1.0,0.9999999999999999,1.0,0.0,0.6669804504090873,0.6428571428571429,0.6430945670923868,0.6444444444444445,0.0,0.0,0.0,0.0,0.0,0.0,0.0,0.0,0.0,0.0,18473,global,0.4
2,3,trees200_depthnone_split2_leaf3_featsqrt_cwnone_trmiss40_degmodglobal,64,1.0,0.0,200,none,2,3,sqrt,none,-1,trees200_depthnone_split2_leaf3_featsqrt_cwnone_trmiss40_degmodglobal,1,0.27919532945778447,1.0,0.9999999999999999,1.0,0.0,0.661067115555974,0.6746031746031745,0.6481400869469603,0.6444444444444445,0.0,0.0,0.0,0.0,0.0,0.0,0.0,0.0,0.0,0.0,18473,global,0.4
2,3,trees500_depth3_split2_leaf1_featsqrt_cwnone_trmiss40_degmodglobal,64,1.0,0.0,500,3,2,1,sqrt,none,-1,trees500_depth3_split2_leaf1_featsqrt_cwnone_trmiss40_degmodglobal,1,0.4763765550721399,1.0,0.9999999999999999,1.0,0.0,0.6632904021866759,0.7023809523809523,0.6455302555966129,0.7333333333333333,0.0,0.0,0.0,0.0,0.0,0.0,0.0,0.0,0.0,0.0,18473,global,0.4
2,3,trees500_depth3_split2_leaf3_featsqrt_cwnone_trmiss40_degmodglobal,64,1.0,0.0,500,3,2,3,sqrt,none,-1,trees500_depth3_split2_leaf3_featsqrt_cwnone_trmiss40_degmodglobal,1,0.4880694144587608,0.999752597723899,0.9997748445355125,0.9944444444444445,0.0,0.660761938762057,0.7043650793650794,0.677353748081941,0.6444444444444445,0.0,0.0,0.0,0.0,0.0,0.0,0.0,0.0,0.0,0.0,18473,global,0.4
2,3,trees500_depth5_split2_leaf1_featsqrt_cwnone_trmiss40_degmodglobal,64,1.0,0.0,500,5,2,1,sqrt,none,-1,trees500_depth5_split2_leaf1_featsqrt_cwnone_trmiss40_degmodglobal,1,0.33308776509506005,1.0,0.9999999999999999,1.0,0.0,0.6518093348213956,0.7023809523809523,0.6655307418863107,0.6888888888888889,0.0,0.0,0.0,0.0,0.0,0.0,0.0,0.0,0.0,0.0,18473,global,0.4
2,3,trees500_depth5_split2_leaf3_featsqrt_cwnone_trmiss40_degmodglobal,64,1.0,0.0,500,5,2,3,sqrt,none,-1,trees500_depth5_split2_leaf3_featsqrt_cwnone_trmiss40_degmodglobal,1,0.3688220120677165,1.0,0.9999999999999999,1.0,0.0,0.6603759860630117,0.6924603174603174,0.6568007196128944,0.6666666666666666,0.0,0.0,0.0,0.0,0.0,0.0,0.0,0.0,0.0,0.0,18473,global,0.4
2,3,trees500_depthnone_split2_leaf1_featsqrt_cwnone_trmiss40_degmodglobal,64,1.0,0.0,500,none,2,1,sqrt,none,-1,trees500_depthnone_split2_leaf1_featsqrt_cwnone_trmiss40_degmodglobal,1,0.20174551379613181,0.9999999999999999,1.0,1.0,0.0,0.662194459598129,0.6656746031746031,0.6509868013829716,0.6,0.0,0.0,0.0,0.0,0.0,0.0,0.0,0.0,0.0,0.0,18473,global,0.4
2,3,trees500_depthnone_split2_leaf3_featsqrt_cwnone_trmiss40_degmodglobal,64,1.0,0.0,500,none,2,3,sqrt,none,-1,trees500_depthnone_split2_leaf3_featsqrt_cwnone_trmiss40_degmodglobal,1,0.2778453407682885,1.0,0.9999999999999999,1.0,0.0,0.655063807360766,0.6884920634920635,0.6702368180210251,0.6444444444444445,0.0,0.0,0.0,0.0,0.0,0.0,0.0,0.0,0.0,0.0,18473,global,0.4
2,4,trees200_depth3_split2_leaf1_featsqrt_cwnone_trmiss40_degmodglobal,64,1.0,0.0,200,3,2,1,sqrt,none,-1,trees200_depth3_split2_leaf1_featsqrt_cwnone_trmiss40_degmodglobal,1,0.46166108181325316,0.9995051954477981,0.9995448205632844,0.9722222222222222,0.0,0.696393344127109,0.5535714285714286,0.5779770842534822,0.5555555555555556,0.0,0.0,0.0,0.0,0.0,0.0,0.0,0.0,0.0,0.0,18473,global,0.4
2,4,trees200_depth3_split2_leaf3_featsqrt_cwnone_trmiss40_degmodglobal,64,1.0,0.0,200,3,2,3,sqrt,none,-1,trees200_depth3_split2_leaf3_featsqrt_cwnone_trmiss40_degmodglobal,1,0.478904096844459,0.9966600692726374,0.9966289777887138,0.9777777777777777,0.0,0.6760476384024054,0.6130952380952381,0.6239472167699074,0.5555555555555556,0.0,0.0,0.0,0.0,0.0,0.0,0.0,0.0,0.0,0.0,18473,global,0.4
2,4,trees200_depth5_split2_leaf1_featsqrt_cwnone_trmiss40_degmodglobal,64,1.0,0.0,200,5,2,1,sqrt,none,-1,trees200_depth5_split2_leaf1_featsqrt_cwnone_trmiss40_degmodglobal,1,0.32708321310013083,1.0,0.9999999999999999,1.0,0.0,0.685311549582716,0.5714285714285714,0.5474777793785581,0.5333333333333333,0.0,0.0,0.0,0.0,0.0,0.0,0.0,0.0,0.0,0.0,18473,global,0.4
2,4,trees200_depth5_split2_leaf3_featsqrt_cwnone_trmiss40_degmodglobal,64,1.0,0.0,200,5,2,3,sqrt,none,-1,trees200_depth5_split2_leaf3_featsqrt_cwnone_trmiss40_degmodglobal,1,0.36106094015371676,1.0,0.9999999999999999,0.9944444444444445,0.0,0.6777433502097533,0.626984126984127,0.6095536704603406,0.5555555555555556,0.0,0.0,0.0,0.0,0.0,0.0,0.0,0.0,0.0,0.0,18473,global,0.4
2,4,trees200_depthnone_split2_leaf1_featsqrt_cwnone_trmiss40_degmodglobal,64,1.0,0.0,200,none,2,1,sqrt,none,-1,trees200_depthnone_split2_leaf1_featsqrt_cwnone_trmiss40_degmodglobal,1,0.20128173656572912,1.0,0.9999999999999999,1.0,0.0,0.6746215554749715,0.6190476190476191,0.5912840893967114,0.5777777777777777,0.0,0.0,0.0,0.0,0.0,0.0,0.0,0.0,0.0,0.0,18473,global,0.4
2,4,trees200_depthnone_split2_leaf3_featsqrt_cwnone_trmiss40_degmodglobal,64,1.0,0.0,200,none,2,3,sqrt,none,-1,trees200_depthnone_split2_leaf3_featsqrt_cwnone_trmiss40_degmodglobal,1,0.2741196865535948,1.0,0.9999999999999999,1.0,0.0,0.6897187961298257,0.5694444444444444,0.5710602683728457,0.5333333333333333,0.0,0.0,0.0,0.0,0.0,0.0,0.0,0.0,0.0,0.0,18473,global,0.4
2,4,trees500_depth3_split2_leaf1_featsqrt_cwnone_trmiss40_degmodglobal,64,1.0,0.0,500,3,2,1,sqrt,none,-1,trees500_depth3_split2_leaf1_featsqrt_cwnone_trmiss40_degmodglobal,1,0.46440357211467076,0.999752597723899,0.9997748445355125,0.9833333333333333,0.0,0.6843842610629538,0.5873015873015873,0.5634800826970277,0.5555555555555556,0.0,0.0,0.0,0.0,0.0,0.0,0.0,0.0,0.0,0.0,18473,global,0.4
2,4,trees500_depth3_split2_leaf3_featsqrt_cwnone_trmiss40_degmodglobal,64,1.0,0.0,500,3,2,3,sqrt,none,-1,trees500_depth3_split2_leaf3_featsqrt_cwnone_trmiss40_degmodglobal,1,0.4780057808972995,0.9982681840672933,0.9984666963260659,0.9611111111111111,0.0,0.6895079712662059,0.5595238095238095,0.5612310924156488,0.6,0.0,0.0,0.0,0.0,0.0,0.0,0.0,0.0,0.0,0.0,18473,global,0.4
2,4,trees500_depth5_split2_leaf1_featsqrt_cwnone_trmiss40_degmodglobal,64,1.0,0.0,500,5,2,1,sqrt,none,-1,trees500_depth5_split2_leaf1_featsqrt_cwnone_trmiss40_degmodglobal,1,0.3243536985594761,1.0,0.9999999999999999,1.0,0.0,0.6885510579383795,0.5793650793650794,0.562864937833168,0.6,0.0,0.0,0.0,0.0,0.0,0.0,0.0,0.0,0.0,0.0,18473,global,0.4
2,4,trees500_depth5_split2_leaf3_featsqrt_cwnone_trmiss40_degmodglobal,64,1.0,0.0,500,5,2,3,sqrt,none,-1,trees500_depth5_split2_leaf3_featsqrt_cwnone_trmiss40_degmodglobal,1,0.36413260401584235,1.0,0.9999999999999999,1.0,0.0,0.6851953301798275,0.5853174603174603,0.5742137563118963,0.6,0.0,0.0,0.0,0.0,0.0,0.0,0.0,0.0,0.0,0.0,18473,global,0.4
2,4,trees500_depthnone_split2_leaf1_featsqrt_cwnone_trmiss40_degmodglobal,64,1.0,0.0,500,none,2,1,sqrt,none,-1,trees500_depthnone_split2_leaf1_featsqrt_cwnone_trmiss40_degmodglobal,1,0.19839100670711748,1.0,1.0,1.0,0.0,0.681694271657901,0.5922619047619048,0.5682574966798157,0.6,0.0,0.0,0.0,0.0,0.0,0.0,0.0,0.0,0.0,0.0,18473,global,0.4
2,4,trees500_depthnone_split2_leaf3_featsqrt_cwnone_trmiss40_degmodglobal,64,1.0,0.0,500,none,2,3,sqrt,none,-1,trees500_depthnone_split2_leaf3_featsqrt_cwnone_trmiss40_degmodglobal,1,0.2766246368959457,1.0,0.9999999999999999,1.0,0.0,0.6769580534550986,0.6170634920634921,0.5741862466190244,0.6222222222222222,0.0,0.0,0.0,0.0,0.0,0.0,0.0,0.0,0.0,0.0,18473,global,0.4
2,5,trees200_depth3_split2_leaf1_featsqrt_cwnone_trmiss40_degmodglobal,64,1.0,0.0,200,3,2,1,sqrt,none,-1,trees200_depth3_split2_leaf1_featsqrt_cwnone_trmiss40_degmodglobal,1,0.45827237724692854,0.999505195447798,0.9995508051130028,0.9666666666666667,0.0,0.678497448202089,0.6011904761904762,0.6641324090007046,0.5333333333333333,0.0,0.0,0.0,0.0,0.0,0.0,0.0,0.0,0.0,0.0,18473,global,0.4
2,5,trees200_depth3_split2_leaf3_featsqrt_cwnone_trmiss40_degmodglobal,64,1.0,0.0,200,3,2,3,sqrt,none,-1,trees200_depth3_split2_leaf3_featsqrt_cwnone_trmiss40_degmodglobal,1,0.4726309027725861,0.9956704601682336,0.9957996202848021,0.9611111111111111,0.0,0.6855236784418784,0.5952380952380952,0.6983501050258015,0.4888888888888889,0.0,0.0,0.0,0.0,0.0,0.0,0.0,0.0,0.0,0.0,18473,global,0.4
2,5,trees200_depth5_split2_leaf1_featsqrt_cwnone_trmiss40_degmodglobal,64,1.0,0.0,200,5,2,1,sqrt,none,-1,trees200_depth5_split2_leaf1_featsqrt_cwnone_trmiss40_degmodglobal,1,0.3202645162201022,1.0,0.9999999999999999,1.0,0.0,0.6680827967780173,0.6706349206349207,0.7422637009218203,0.6222222222222222,0.0,0.0,0.0,0.0,0.0,0.0,0.0,0.0,0.0,0.0,18473,global,0.4
2,5,trees200_depth5_split2_leaf3_featsqrt_cwnone_trmiss40_degmodglobal,64,1.0,0.0,200,5,2,3,sqrt,none,-1,trees200_depth5_split2_leaf3_featsqrt_cwnone_trmiss40_degmodglobal,1,0.3573504828246819,1.0,0.9999999999999999,1.0,0.0,0.6769658906477963,0.5952380952380952,0.6585605268821214,0.5777777777777777,0.0,0.0,0.0,0.0,0.0,0.0,0.0,0.0,0.0,0.0,18473,global,0.4
2,5,trees200_depthnone_split2_leaf1_featsqrt_cwnone_trmiss40_degmodglobal,64,1.0,0.0,200,none,2,1,sqrt,none,-1,trees200_depthnone_split2_leaf1_featsqrt_cwnone_trmiss40_degmodglobal,1,0.200802566549617,1.0,1.0,1.0,0.0,0.6930254606353132,0.5694444444444444,0.6023927782059721,0.5777777777777777,0.0,0.0,0.0,0.0,0.0,0.0,0.0,0.0,0.0,0.0,18473,global,0.4
2,5,trees200_depthnone_split2_leaf3_featsqrt_cwnone_trmiss40_degmodglobal,64,1.0,0.0,200,none,2,3,sqrt,none,-1,trees200_depthnone_split2_leaf3_featsqrt_cwnone_trmiss40_degmodglobal,1,0.2760665330805106,1.0,0.9999999999999999,1.0,0.0,0.6937257487332307,0.5178571428571429,0.5483642734891028,0.6444444444444445,0.0,0.0,0.0,0.0,0.0,0.0,0.0,0.0,0.0,0.0,18473,global,0.4
2,5,trees500_depth3_split2_leaf1_featsqrt_cwnone_trmiss40_degmodglobal,64,1.0,0.0,500,3,2,1,sqrt,none,-1,trees500_depth3_split2_leaf1_featsqrt_cwnone_trmiss40_degmodglobal,1,0.46292931075404836,0.9995051954477981,0.9995578070965543,0.9722222222222222,0.0,0.6759214043688678,0.6369047619047619,0.6958563434174566,0.6,0.0,0.0,0.0,0.0,0.0,0.0,0.0,0.0,0.0,0.0,18473,global,0.4
2,5,trees500_depth3_split2_leaf3_featsqrt_cwnone_trmiss40_degmodglobal,64,1.0,0.0,500,3,2,3,sqrt,none,-1,trees500_depth3_split2_leaf3_featsqrt_cwnone_trmiss40_degmodglobal,1,0.47515831908279754,0.9995051954477981,0.9995657837603126,0.9611111111111111,0.0,0.68988189579314,0.5753968253968254,0.6597682478243618,0.5111111111111111,0.0,0.0,0.0,0.0,0.0,0.0,0.0,0.0,0.0,0.0,18473,global,0.4
2,5,trees500_depth5_split2_leaf1_featsqrt_cwnone_trmiss40_degmodglobal,64,1.0,0.0,500,5,2,1,sqrt,none,-1,trees500_depth5_split2_leaf1_featsqrt_cwnone_trmiss40_degmodglobal,1,0.31985409741188703,1.0,0.9999999999999999,1.0,0.0,0.6893691958962895,0.5396825396825397,0.5603112082733288,0.5555555555555556,0.0,0.0,0.0,0.0,0.0,0.0,0.0,0.0,0.0,0.0,18473,global,0.4
2,5,trees500_depth5_split2_leaf3_featsqrt_cwnone_trmiss40_degmodglobal,64,1.0,0.0,500,5,2,3,sqrt,none,-1,trees500_depth5_split2_leaf3_featsqrt_cwnone_trmiss40_degmodglobal,1,0.35851334804122686,1.0,0.9999999999999999,0.9944444444444445,0.0,0.6929460402831726,0.5337301587301587,0.5960752789355459,0.5777777777777777,0.0,0.0,0.0,0.0,0.0,0.0,0.0,0.0,0.0,0.0,18473,global,0.4
2,5,trees500_depthnone_split2_leaf1_featsqrt_cwnone_trmiss40_degmodglobal,64,1.0,0.0,500,none,2,1,sqrt,none,-1,trees500_depthnone_split2_leaf1_featsqrt_cwnone_trmiss40_degmodglobal,1,0.2018623019053594,1.0,0.9999999999999999,1.0,0.0,0.6821755248723698,0.5783730158730158,0.6447635928220294,0.5777777777777777,0.0,0.0,0.0,0.0,0.0,0.0,0.0,0.0,0.0,0.0,18473,global,0.4
2,5,trees500_depthnone_split2_leaf3_featsqrt_cwnone_trmiss40_degmodglobal,64,1.0,0.0,500,none,2,3,sqrt,none,-1,trees500_depthnone_split2_leaf3_featsqrt_cwnone_trmiss40_degmodglobal,1,0.27705815530798117,1.0,0.9999999999999999,1.0,0.0,0.6831582698727778,0.5753968253968255,0.5717669959214225,0.6444444444444445,0.0,0.0,0.0,0.0,0.0,0.0,0.0,0.0,0.0,0.0,18473,global,0.4
3,1,trees200_depth3_split2_leaf1_featsqrt_cwnone_trmiss40_degmodglobal,64,1.0,0.0,200,3,2,1,sqrt,none,-1,trees200_depth3_split2_leaf1_featsqrt_cwnone_trmiss40_degmodglobal,1,0.4697876681873884,0.9997523219814242,0.9997795475530934,0.9833333333333333,0.0,0.6914168841595941,0.533596837944664,0.6107406599725876,0.4666666666666667,0.0,0.0,0.0,0.0,0.0,0.0,0.0,0.0,0.0,0.0,18473,global,0.4
3,1,trees200_depth3_split2_leaf3_featsqrt_cwnone_trmiss40_degmodglobal,64,1.0,0.0,200,3,2,3,sqrt,none,-1,trees200_depth3_split2_leaf3_featsqrt_cwnone_trmiss40_degmodglobal,1,0.4763938360990103,0.9997523219814242,0.9997829625610419,0.9944444444444445,0.0,0.6983785208845535,0.48814229249011853,0.5930058090429801,0.4666666666666667,0.0,0.0,0.0,0.0,0.0,0.0,0.0,0.0,0.0,0.0,18473,global,0.4
3,1,trees200_depth5_split2_leaf1_featsqrt_cwnone_trmiss40_degmodglobal,64,1.0,0.0,200,5,2,1,sqrt,none,-1,trees200_depth5_split2_leaf1_featsqrt_cwnone_trmiss40_degmodglobal,1,0.32245928293392745,1.0,1.0,1.0,0.0,0.6797283729795565,0.5731225296442688,0.6243867709585181,0.5111111111111111,0.0,0.0,0.0,0.0,0.0,0.0,0.0,0.0,0.0,0.0,18473,global,0.4
3,1,trees200_depth5_split2_leaf3_featsqrt_cwnone_trmiss40_degmodglobal,64,1.0,0.0,200,5,2,3,sqrt,none,-1,trees200_depth5_split2_leaf3_featsqrt_cwnone_trmiss40_degmodglobal,1,0.36366617918163247,1.0,1.0,1.0,0.0,0.6932172568893731,0.5375494071146245,0.6223852957512871,0.5111111111111111,0.0,0.0,0.0,0.0,0.0,0.0,0.0,0.0,0.0,0.0,18473,global,0.4
3,1,trees200_depthnone_split2_leaf1_featsqrt_cwnone_trmiss40_degmodglobal,64,1.0,0.0,200,none,2,1,sqrt,none,-1,trees200_depthnone_split2_leaf1_featsqrt_cwnone_trmiss40_degmodglobal,1,0.20196188917686703,1.0,1.0,1.0,0.0,0.6662180178512105,0.599802371541502,0.6712849857453542,0.5333333333333333,0.0,0.0,0.0,0.0,0.0,0.0,0.0,0.0,0.0,0.0,18473,global,0.4
3,1,trees200_depthnone_split2_leaf3_featsqrt_cwnone_trmiss40_degmodglobal,64,1.0,0.0,200,none,2,3,sqrt,none,-1,trees200_depthnone_split2_leaf3_featsqrt_cwnone_trmiss40_degmodglobal,1,0.2778863132895751,1.0,1.0,1.0,0.0,0.6976846784494308,0.5217391304347825,0.5911957940901685,0.5111111111111111,0.0,0.0,0.0,0.0,0.0,0.0,0.0,0.0,0.0,0.0,18473,global,0.4
3,1,trees500_depth3_split2_leaf1_featsqrt_cwnone_trmiss40_degmodglobal,64,1.0,0.0,500,3,2,1,sqrt,none,-1,trees500_depth3_split2_leaf1_featsqrt_cwnone_trmiss40_degmodglobal,1,0.46658006503414484,1.0,1.0,0.9944444444444445,0.0,0.6923957847560763,0.5335968379446641,0.6363619478569933,0.4222222222222222,0.0,0.0,0.0,0.0,0.0,0.0,0.0,0.0,0.0,0.0,18473,global,0.4
3,1,trees500_depth3_split2_leaf3_featsqrt_cwnone_trmiss40_degmodglobal,64,1.0,0.0,500,3,2,3,sqrt,none,-1,trees500_depth3_split2_leaf3_featsqrt_cwnone_trmiss40_degmodglobal,1,0.477463013423791,0.9998761609907121,0.9998903508771931,0.9944444444444445,0.0,0.6951286477351641,0.5237154150197628,0.6134444189169818,0.4222222222222222,0.0,0.0,0.0,0.0,0.0,0.0,0.0,0.0,0.0,0.0,18473,global,0.4
3,1,trees500_depth5_split2_leaf1_featsqrt_cwnone_trmiss40_degmodglobal,64,1.0,0.0,500,5,2,1,sqrt,none,-1,trees500_depth5_split2_leaf1_featsqrt_cwnone_trmiss40_degmodglobal,1,0.32790714453958,1.0,1.0,1.0,0.0,0.6973203216958731,0.5237154150197628,0.6260316856851145,0.4666666666666667,0.0,0.0,0.0,0.0,0.0,0.0,0.0,0.0,0.0,0.0,18473,global,0.4
3,1,trees500_depth5_split2_leaf3_featsqrt_cwnone_trmiss40_degmodglobal,64,1.0,0.0,500,5,2,3,sqrt,none,-1,trees500_depth5_split2_leaf3_featsqrt_cwnone_trmiss40_degmodglobal,1,0.36268462132073964,1.0,1.0,1.0,0.0,0.6849024044419344,0.5691699604743082,0.6868923267959016,0.5111111111111111,0.0,0.0,0.0,0.0,0.0,0.0,0.0,0.0,0.0,0.0,18473,global,0.4
3,1,trees500_depthnone_split2_leaf1_featsqrt_cwnone_trmiss40_degmodglobal,64,1.0,0.0,500,none,2,1,sqrt,none,-1,trees500_depthnone_split2_leaf1_featsqrt_cwnone_trmiss40_degmodglobal,1,0.20085684437074067,1.0,1.0,1.0,0.0,0.681189039635743,0.5909090909090909,0.6907740146085217,0.5333333333333333,0.0,0.0,0.0,0.0,0.0,0.0,0.0,0.0,0.0,0.0,18473,global,0.4
3,1,trees500_depthnone_split2_leaf3_featsqrt_cwnone_trmiss40_degmodglobal,64,1.0,0.0,500,none,2,3,sqrt,none,-1,trees500_depthnone_split2_leaf3_featsqrt_cwnone_trmiss40_degmodglobal,1,0.2806301766739115,1.0,1.0,1.0,0.0,0.6694762753547974,0.6205533596837944,0.6972677653990774,0.5777777777777777,0.0,0.0,0.0,0.0,0.0,0.0,0.0,0.0,0.0,0.0,18473,global,0.4
3,2,trees200_depth3_split2_leaf1_featsqrt_cwnone_trmiss40_degmodglobal,64,1.0,0.0,200,3,2,1,sqrt,none,-1,trees200_depth3_split2_leaf1_featsqrt_cwnone_trmiss40_degmodglobal,1,0.4679989214001516,1.0,1.0,0.9666666666666667,0.0,0.6826023260764655,0.5909090909090909,0.5975923398133464,0.5777777777777777,0.0,0.0,0.0,0.0,0.0,0.0,0.0,0.0,0.0,0.0,18473,global,0.4
3,2,trees200_depth3_split2_leaf3_featsqrt_cwnone_trmiss40_degmodglobal,64,1.0,0.0,200,3,2,3,sqrt,none,-1,trees200_depth3_split2_leaf3_featsqrt_cwnone_trmiss40_degmodglobal,1,0.471286017825474,0.9998761609907121,0.9998903508771931,0.9666666666666667,0.0,0.6838755348535949,0.5553359683794465,0.6376500420112713,0.5555555555555556,0.0,0.0,0.0,0.0,0.0,0.0,0.0,0.0,0.0,0.0,18473,global,0.4
3,2,trees200_depth5_split2_leaf1_featsqrt_cwnone_trmiss40_degmodglobal,64,1.0,0.0,200,5,2,1,sqrt,none,-1,trees200_depth5_split2_leaf1_featsqrt_cwnone_trmiss40_degmodglobal,1,0.3183432924920864,1.0,1.0,1.0,0.0,0.6887271421060301,0.5513833992094862,0.6378580122639723,0.5111111111111111,0.0,0.0,0.0,0.0,0.0,0.0,0.0,0.0,0.0,0.0,18473,global,0.4
3,2,trees200_depth5_split2_leaf3_featsqrt_cwnone_trmiss40_degmodglobal,64,1.0,0.0,200,5,2,3,sqrt,none,-1,trees200_depth5_split2_leaf3_featsqrt_cwnone_trmiss40_degmodglobal,1,0.36025077592991805,1.0,1.0,1.0,0.0,0.6873281686993806,0.5632411067193676,0.6410065678928196,0.4888888888888889,0.0,0.0,0.0,0.0,0.0,0.0,0.0,0.0,0.0,0.0,18473,global,0.4
3,2,trees200_depthnone_split2_leaf1_featsqrt_cwnone_trmiss40_degmodglobal,64,1.0,0.0,200,none,2,1,sqrt,none,-1,trees200_depthnone_split2_leaf1_featsqrt_cwnone_trmiss40_degmodglobal,1,0.2025074896040458,1.0,1.0,1.0,0.0,0.6865580331398844,0.5247035573122529,0.6304507195359588,0.4888888888888889,0.0,0.0,0.0,0.0,0.0,0.0,0.0,0.0,0.0,0.0,18473,global,0.4
3,2,trees200_depthnone_split2_leaf3_featsqrt_cwnone_trmiss40_degmodglobal,64,1.0,0.0,200,none,2,3,sqrt,none,-1,trees200_depthnone_split2_leaf3_featsqrt_cwnone_trmiss40_degmodglobal,1,0.28456357052059134,1.0,1.0,1.0,0.0,0.6800369265259848,0.6007905138339922,0.6863792201783534,0.5555555555555556,0.0,0.0,0.0,0.0,0.0,0.0,0.0,0.0,0.0,0.0,18473,global,0.4
3,2,trees500_depth3_split2_leaf1_featsqrt_cwnone_trmiss40_degmodglobal,64,1.0,0.0,500,3,2,1,sqrt,none,-1,trees500_depth3_split2_leaf1_featsqrt_cwnone_trmiss40_degmodglobal,1,0.4628863484286383,0.9998761609907121,0.9998903508771931,0.9777777777777777,0.0,0.6850319027544766,0.5810276679841897,0.6659039616047807,0.5333333333333333,0.0,0.0,0.0,0.0,0.0,0.0,0.0,0.0,0.0,0.0,18473,global,0.4
3,2,trees500_depth3_split2_leaf3_featsqrt_cwnone_trmiss40_degmodglobal,64,1.0,0.0,500,3,2,3,sqrt,none,-1,trees500_depth3_split2_leaf3_featsqrt_cwnone_trmiss40_degmodglobal,1,0.4745344197813973,1.0,1.0,0.9722222222222222,0.0,0.6813668492735306,0.5849802371541503,0.679006436475472,0.5555555555555556,0.0,0.0,0.0,0.0,0.0,0.0,0.0,0.0,0.0,0.0,18473,global,0.4
3,2,trees500_depth5_split2_leaf1_featsqrt_cwnone_trmiss40_degmodglobal,64,1.0,0.0,500,5,2,1,sqrt,none,-1,trees500_depth5_split2_leaf1_featsqrt_cwnone_trmiss40_degmodglobal,1,0.32197617982738935,1.0,1.0,1.0,0.0,0.6760156080489547,0.6007905138339921,0.6710866258515689,0.5777777777777777,0.0,0.0,0.0,0.0,0.0,0.0,0.0,0.0,0.0,0.0,18473,global,0.4
3,2,trees500_depth5_split2_leaf3_featsqrt_cwnone_trmiss40_degmodglobal,64,1.0,0.0,500,5,2,3,sqrt,none,-1,trees500_depth5_split2_leaf3_featsqrt_cwnone_trmiss40_degmodglobal,1,0.36069397515020146,1.0,1.0,1.0,0.0,0.6833580233985509,0.5869565217391304,0.6638074782047684,0.5111111111111111,0.0,0.0,0.0,0.0,0.0,0.0,0.0,0.0,0.0,0.0,18473,global,0.4
3,2,trees500_depthnone_split2_leaf1_featsqrt_cwnone_trmiss40_degmodglobal,64,1.0,0.0,500,none,2,1,sqrt,none,-1,trees500_depthnone_split2_leaf1_featsqrt_cwnone_trmiss40_degmodglobal,1,0.2039727336454682,1.0,1.0,1.0,0.0,0.6746938388339506,0.5958498023715415,0.679584562066055,0.5333333333333333,0.0,0.0,0.0,0.0,0.0,0.0,0.0,0.0,0.0,0.0,18473,global,0.4
3,2,trees500_depthnone_split2_leaf3_featsqrt_cwnone_trmiss40_degmodglobal,64,1.0,0.0,500,none,2,3,sqrt,none,-1,trees500_depthnone_split2_leaf3_featsqrt_cwnone_trmiss40_degmodglobal,1,0.27744610665114594,1.0,1.0,1.0,0.0,0.6837923387883846,0.5671936758893281,0.6594137176621087,0.5555555555555556,0.0,0.0,0.0,0.0,0.0,0.0,0.0,0.0,0.0,0.0,18473,global,0.4
3,3,trees200_depth3_split2_leaf1_featsqrt_cwnone_trmiss40_degmodglobal,64,1.0,0.0,200,3,2,1,sqrt,none,-1,trees200_depth3_split2_leaf1_featsqrt_cwnone_trmiss40_degmodglobal,1,0.4621344484462852,0.9992577931716973,0.9993277831243261,0.9777777777777777,0.0,0.6910753069598302,0.5198412698412699,0.5989068947889251,0.4888888888888889,0.0,0.0,0.0,0.0,0.0,0.0,0.0,0.0,0.0,0.0,18473,global,0.4
3,3,trees200_depth3_split2_leaf3_featsqrt_cwnone_trmiss40_degmodglobal,64,1.0,0.0,200,3,2,3,sqrt,none,-1,trees200_depth3_split2_leaf3_featsqrt_cwnone_trmiss40_degmodglobal,1,0.4730682259109393,0.9992577931716972,0.999341819594579,0.9888888888888889,0.0,0.6822546374932799,0.5853174603174603,0.5836698459414631,0.6222222222222222,0.0,0.0,0.0,0.0,0.0,0.0,0.0,0.0,0.0,0.0,18473,global,0.4
3,3,trees200_depth5_split2_leaf1_featsqrt_cwnone_trmiss40_degmodglobal,64,1.0,0.0,200,5,2,1,sqrt,none,-1,trees200_depth5_split2_leaf1_featsqrt_cwnone_trmiss40_degmodglobal,1,0.3174920439250404,1.0,0.9999999999999999,1.0,0.0,0.7110284935828901,0.4781746031746032,0.5526269805577102,0.4666666666666667,0.0,0.0,0.0,0.0,0.0,0.0,0.0,0.0,0.0,0.0,18473,global,0.4
3,3,trees200_depth5_split2_leaf3_featsqrt_cwnone_trmiss40_degmodglobal,64,1.0,0.0,200,5,2,3,sqrt,none,-1,trees200_depth5_split2_leaf3_featsqrt_cwnone_trmiss40_degmodglobal,1,0.3559254296007132,1.0,0.9999999999999999,1.0,0.0,0.6935830722675014,0.5694444444444444,0.5665224446376047,0.6,0.0,0.0,0.0,0.0,0.0,0.0,0.0,0.0,0.0,0.0,18473,global,0.4
3,3,trees200_depthnone_split2_leaf1_featsqrt_cwnone_trmiss40_degmodglobal,64,1.0,0.0,200,none,2,1,sqrt,none,-1,trees200_depthnone_split2_leaf1_featsqrt_cwnone_trmiss40_degmodglobal,1,0.19829509454843197,1.0,0.9999999999999998,1.0,0.0,0.675426253814071,0.6170634920634921,0.628825369759771,0.6222222222222222,0.0,0.0,0.0,0.0,0.0,0.0,0.0,0.0,0.0,0.0,18473,global,0.4
3,3,trees200_depthnone_split2_leaf3_featsqrt_cwnone_trmiss40_degmodglobal,64,1.0,0.0,200,none,2,3,sqrt,none,-1,trees200_depthnone_split2_leaf3_featsqrt_cwnone_trmiss40_degmodglobal,1,0.2767140394401145,1.0,0.9999999999999999,1.0,0.0,0.6979517829502464,0.5238095238095238,0.5811009431074691,0.5111111111111111,0.0,0.0,0.0,0.0,0.0,0.0,0.0,0.0,0.0,0.0,18473,global,0.4
3,3,trees500_depth3_split2_leaf1_featsqrt_cwnone_trmiss40_degmodglobal,64,1.0,0.0,500,3,2,1,sqrt,none,-1,trees500_depth3_split2_leaf1_featsqrt_cwnone_trmiss40_degmodglobal,1,0.4617419100156287,0.999752597723899,0.9997748445355125,0.9833333333333333,0.0,0.6936973978515312,0.5297619047619048,0.5861049225429992,0.4888888888888889,0.0,0.0,0.0,0.0,0.0,0.0,0.0,0.0,0.0,0.0,18473,global,0.4
3,3,trees500_depth3_split2_leaf3_featsqrt_cwnone_trmiss40_degmodglobal,64,1.0,0.0,500,3,2,3,sqrt,none,-1,trees500_depth3_split2_leaf3_featsqrt_cwnone_trmiss40_degmodglobal,1,0.47379934920952704,0.9991340920336468,0.9992274292948764,0.9833333333333333,0.0,0.697133397846608,0.4761904761904762,0.550640715159549,0.4666666666666667,0.0,0.0,0.0,0.0,0.0,0.0,0.0,0.0,0.0,0.0,18473,global,0.4
3,3,trees500_depth5_split2_leaf1_featsqrt_cwnone_trmiss40_degmodglobal,64,1.0,0.0,500,5,2,1,sqrt,none,-1,trees500_depth5_split2_leaf1_featsqrt_cwnone_trmiss40_degmodglobal,1,0.3199147718610835,1.0,0.9999999999999999,1.0,0.0,0.6882048460710978,0.5714285714285714,0.5991371271340549,0.5333333333333333,0.0,0.0,0.0,0.0,0.0,0.0,0.0,0.0,0.0,0.0,18473,global,0.4
3,3,trees500_depth5_split2_leaf3_featsqrt_cwnone_trmiss40_degmodglobal,64,1.0,0.0,500,5,2,3,sqrt,none,-1,trees500_depth5_split2_leaf3_featsqrt_cwnone_trmiss40_degmodglobal,1,0.3588101631761044,1.0,0.9999999999999999,1.0,0.0,0.6964204249247195,0.503968253968254,0.5576140222697119,0.5111111111111111,0.0,0.0,0.0,0.0,0.0,0.0,0.0,0.0,0.0,0.0,18473,global,0.4
3,3,trees500_depthnone_split2_leaf1_featsqrt_cwnone_trmiss40_degmodglobal,64,1.0,0.0,500,none,2,1,sqrt,none,-1,trees500_depthnone_split2_leaf1_featsqrt_cwnone_trmiss40_degmodglobal,1,0.19776404589757043,0.9999999999999999,1.0,1.0,0.0,0.6832645415313295,0.5783730158730158,0.6259725833807955,0.5333333333333333,0.0,0.0,0.0,0.0,0.0,0.0,0.0,0.0,0.0,0.0,18473,global,0.4
3,3,trees500_depthnone_split2_leaf3_featsqrt_cwnone_trmiss40_degmodglobal,64,1.0,0.0,500,none,2,3,sqrt,none,-1,trees500_depthnone_split2_leaf3_featsqrt_cwnone_trmiss40_degmodglobal,1,0.2787736820600197,1.0,0.9999999999999999,1.0,0.0,0.6896352555692684,0.5496031746031746,0.5911438121320844,0.5333333333333333,0.0,0.0,0.0,0.0,0.0,0.0,0.0,0.0,0.0,0.0,18473,global,0.4
3,4,trees200_depth3_split2_leaf1_featsqrt_cwnone_trmiss40_degmodglobal,64,1.0,0.0,200,3,2,1,sqrt,none,-1,trees200_depth3_split2_leaf1_featsqrt_cwnone_trmiss40_degmodglobal,1,0.46169921238526634,1.0,0.9999999999999999,0.9944444444444445,0.0,0.6874540236278067,0.5396825396825397,0.6167379923110076,0.5111111111111111,0.0,0.0,0.0,0.0,0.0,0.0,0.0,0.0,0.0,0.0,18473,global,0.4
3,4,trees200_depth3_split2_leaf3_featsqrt_cwnone_trmiss40_degmodglobal,64,1.0,0.0,200,3,2,3,sqrt,none,-1,trees200_depth3_split2_leaf3_featsqrt_cwnone_trmiss40_degmodglobal,1,0.4803868437501715,0.9996288965858485,0.9996604542358098,0.9944444444444445,0.0,0.6918678409328325,0.5376984126984127,0.5699994865836768,0.5333333333333333,0.0,0.0,0.0,0.0,0.0,0.0,0.0,0.0,0.0,0.0,18473,global,0.4
3,4,trees200_depth5_split2_leaf1_featsqrt_cwnone_trmiss40_degmodglobal,64,1.0,0.0,200,5,2,1,sqrt,none,-1,trees200_depth5_split2_leaf1_featsqrt_cwnone_trmiss40_degmodglobal,1,0.3230617423596711,1.0,0.9999999999999999,1.0,0.0,0.6853469058786484,0.5595238095238095,0.5984356501866032,0.5777777777777777,0.0,0.0,0.0,0.0,0.0,0.0,0.0,0.0,0.0,0.0,18473,global,0.4
3,4,trees200_depth5_split2_leaf3_featsqrt_cwnone_trmiss40_degmodglobal,64,1.0,0.0,200,5,2,3,sqrt,none,-1,trees200_depth5_split2_leaf3_featsqrt_cwnone_trmiss40_degmodglobal,1,0.36384502178057876,1.0,0.9999999999999999,1.0,0.0,0.6824263151458416,0.5753968253968254,0.6391189190088002,0.5333333333333333,0.0,0.0,0.0,0.0,0.0,0.0,0.0,0.0,0.0,0.0,18473,global,0.4
3,4,trees200_depthnone_split2_leaf1_featsqrt_cwnone_trmiss40_degmodglobal,64,1.0,0.0,200,none,2,1,sqrt,none,-1,trees200_depthnone_split2_leaf1_featsqrt_cwnone_trmiss40_degmodglobal,1,0.2027917502352467,1.0,0.9999999999999998,1.0,0.0,0.6796940709681275,0.5942460317460317,0.6632953754466502,0.5555555555555556,0.0,0.0,0.0,0.0,0.0,0.0,0.0,0.0,0.0,0.0,18473,global,0.4
3,4,trees200_depthnone_split2_leaf3_featsqrt_cwnone_trmiss40_degmodglobal,64,1.0,0.0,200,none,2,3,sqrt,none,-1,trees200_depthnone_split2_leaf3_featsqrt_cwnone_trmiss40_degmodglobal,1,0.276644501345798,1.0,0.9999999999999999,1.0,0.0,0.6832490894546335,0.5734126984126984,0.6138025639898443,0.5111111111111111,0.0,0.0,0.0,0.0,0.0,0.0,0.0,0.0,0.0,0.0,18473,global,0.4
3,4,trees500_depth3_split2_leaf1_featsqrt_cwnone_trmiss40_degmodglobal,64,1.0,0.0,500,3,2,1,sqrt,none,-1,trees500_depth3_split2_leaf1_featsqrt_cwnone_trmiss40_degmodglobal,1,0.4672271088032585,1.0,0.9999999999999999,1.0,0.0,0.683155750965815,0.5615079365079365,0.6324611368137595,0.5111111111111111,0.0,0.0,0.0,0.0,0.0,0.0,0.0,0.0,0.0,0.0,18473,global,0.4
3,4,trees500_depth3_split2_leaf3_featsqrt_cwnone_trmiss40_degmodglobal,64,1.0,0.0,500,3,2,3,sqrt,none,-1,trees500_depth3_split2_leaf3_featsqrt_cwnone_trmiss40_degmodglobal,1,0.481576363192375,1.0,0.9999999999999999,0.9888888888888889,0.0,0.6894130577331157,0.5436507936507936,0.5873676980968617,0.5333333333333333,0.0,0.0,0.0,0.0,0.0,0.0,0.0,0.0,0.0,0.0,18473,global,0.4
3,4,trees500_depth5_split2_leaf1_featsqrt_cwnone_trmiss40_degmodglobal,64,1.0,0.0,500,5,2,1,sqrt,none,-1,trees500_depth5_split2_leaf1_featsqrt_cwnone_trmiss40_degmodglobal,1,0.32126901582676837,1.0,0.9999999999999999,1.0,0.0,0.6941005278913299,0.5317460317460317,0.6283974501651258,0.5333333333333333,0.0,0.0,0.0,0.0,0.0,0.0,0.0,0.0,0.0,0.0,18473,global,0.4
3,4,trees500_depth5_split2_leaf3_featsqrt_cwnone_trmiss40_degmodglobal,64,1.0,0.0,500,5,2,3,sqrt,none,-1,trees500_depth5_split2_leaf3_featsqrt_cwnone_trmiss40_degmodglobal,1,0.36454274832185257,1.0,0.9999999999999999,1.0,0.0,0.6942099001588815,0.5317460317460319,0.5996337808239717,0.5333333333333333,0.0,0.0,0.0,0.0,0.0,0.0,0.0,0.0,0.0,0.0,18473,global,0.4
3,4,trees500_depthnone_split2_leaf1_featsqrt_cwnone_trmiss40_degmodglobal,64,1.0,0.0,500,none,2,1,sqrt,none,-1,trees500_depthnone_split2_leaf1_featsqrt_cwnone_trmiss40_degmodglobal,1,0.2009444728052096,1.0,1.0,1.0,0.0,0.6892589913762706,0.5625,0.6262743220084608,0.5555555555555556,0.0,0.0,0.0,0.0,0.0,0.0,0.0,0.0,0.0,0.0,18473,global,0.4
3,4,trees500_depthnone_split2_leaf3_featsqrt_cwnone_trmiss40_degmodglobal,64,1.0,0.0,500,none,2,3,sqrt,none,-1,trees500_depthnone_split2_leaf3_featsqrt_cwnone_trmiss40_degmodglobal,1,0.2772006901250216,1.0,0.9999999999999999,1.0,0.0,0.6838538506572517,0.5555555555555556,0.6207791400480397,0.6,0.0,0.0,0.0,0.0,0.0,0.0,0.0,0.0,0.0,0.0,18473,global,0.4
3,5,trees200_depth3_split2_leaf1_featsqrt_cwnone_trmiss40_degmodglobal,64,1.0,0.0,200,3,2,1,sqrt,none,-1,trees200_depth3_split2_leaf1_featsqrt_cwnone_trmiss40_degmodglobal,1,0.45834663074965837,0.9982681840672935,0.9985276696921279,0.9722222222222222,0.0,0.6906817743627115,0.5555555555555556,0.5988168492695585,0.5777777777777777,0.0,0.0,0.0,0.0,0.0,0.0,0.0,0.0,0.0,0.0,18473,global,0.4
3,5,trees200_depth3_split2_leaf3_featsqrt_cwnone_trmiss40_degmodglobal,64,1.0,0.0,200,3,2,3,sqrt,none,-1,trees200_depth3_split2_leaf3_featsqrt_cwnone_trmiss40_degmodglobal,1,0.47768837070325026,0.9998762988619495,0.9998880179171331,0.9722222222222222,0.0,0.6906816376238853,0.5515873015873016,0.6566379233285832,0.5333333333333333,0.0,0.0,0.0,0.0,0.0,0.0,0.0,0.0,0.0,0.0,18473,global,0.4
3,5,trees200_depth5_split2_leaf1_featsqrt_cwnone_trmiss40_degmodglobal,64,1.0,0.0,200,5,2,1,sqrt,none,-1,trees200_depth5_split2_leaf1_featsqrt_cwnone_trmiss40_degmodglobal,1,0.31039356268260265,1.0,0.9999999999999999,1.0,0.0,0.7071614683798104,0.5218253968253969,0.5490071875989335,0.5111111111111111,0.0,0.0,0.0,0.0,0.0,0.0,0.0,0.0,0.0,0.0,18473,global,0.4
3,5,trees200_depth5_split2_leaf3_featsqrt_cwnone_trmiss40_degmodglobal,64,1.0,0.0,200,5,2,3,sqrt,none,-1,trees200_depth5_split2_leaf3_featsqrt_cwnone_trmiss40_degmodglobal,1,0.357385250571432,1.0,0.9999999999999999,1.0,0.0,0.681619230858813,0.6250000000000001,0.6497610104719608,0.6,0.0,0.0,0.0,0.0,0.0,0.0,0.0,0.0,0.0,0.0,18473,global,0.4
3,5,trees200_depthnone_split2_leaf1_featsqrt_cwnone_trmiss40_degmodglobal,64,1.0,0.0,200,none,2,1,sqrt,none,-1,trees200_depthnone_split2_leaf1_featsqrt_cwnone_trmiss40_degmodglobal,1,0.19927915152527056,1.0,1.0,1.0,0.0,0.6975003422072382,0.566468253968254,0.5877244037180556,0.5555555555555556,0.0,0.0,0.0,0.0,0.0,0.0,0.0,0.0,0.0,0.0,18473,global,0.4
3,5,trees200_depthnone_split2_leaf3_featsqrt_cwnone_trmiss40_degmodglobal,64,1.0,0.0,200,none,2,3,sqrt,none,-1,trees200_depthnone_split2_leaf3_featsqrt_cwnone_trmiss40_degmodglobal,1,0.276214274573443,1.0,0.9999999999999999,1.0,0.0,0.7115447640040055,0.5178571428571429,0.5434645667005034,0.6,0.0,0.0,0.0,0.0,0.0,0.0,0.0,0.0,0.0,0.0,18473,global,0.4
3,5,trees500_depth3_split2_leaf1_featsqrt_cwnone_trmiss40_degmodglobal,64,1.0,0.0,500,3,2,1,sqrt,none,-1,trees500_depth3_split2_leaf1_featsqrt_cwnone_trmiss40_degmodglobal,1,0.4602141674492104,0.9993814943097477,0.9994627122286696,0.9833333333333333,0.0,0.6896873288251355,0.5734126984126984,0.6097403315318746,0.5333333333333333,0.0,0.0,0.0,0.0,0.0,0.0,0.0,0.0,0.0,0.0,18473,global,0.4
3,5,trees500_depth3_split2_leaf3_featsqrt_cwnone_trmiss40_degmodglobal,64,1.0,0.0,500,3,2,3,sqrt,none,-1,trees500_depth3_split2_leaf3_featsqrt_cwnone_trmiss40_degmodglobal,1,0.4740361411686507,0.999752597723899,0.9997748445355125,0.9944444444444445,0.0,0.6872862229157225,0.5654761904761905,0.5937798409431069,0.5777777777777777,0.0,0.0,0.0,0.0,0.0,0.0,0.0,0.0,0.0,0.0,18473,global,0.4
3,5,trees500_depth5_split2_leaf1_featsqrt_cwnone_trmiss40_degmodglobal,64,1.0,0.0,500,5,2,1,sqrt,none,-1,trees500_depth5_split2_leaf1_featsqrt_cwnone_trmiss40_degmodglobal,1,0.3151902155663254,1.0,0.9999999999999999,1.0,0.0,0.6985903905094506,0.5515873015873016,0.564280771170122,0.5555555555555556,0.0,0.0,0.0,0.0,0.0,0.0,0.0,0.0,0.0,0.0,18473,global,0.4
3,5,trees500_depth5_split2_leaf3_featsqrt_cwnone_trmiss40_degmodglobal,64,1.0,0.0,500,5,2,3,sqrt,none,-1,trees500_depth5_split2_leaf3_featsqrt_cwnone_trmiss40_degmodglobal,1,0.35408072810400426,1.0,0.9999999999999999,1.0,0.0,0.6935911692735206,0.5753968253968254,0.5703622488224116,0.5777777777777777,0.0,0.0,0.0,0.0,0.0,0.0,0.0,0.0,0.0,0.0,18473,global,0.4
3,5,trees500_depthnone_split2_leaf1_featsqrt_cwnone_trmiss40_degmodglobal,64,1.0,0.0,500,none,2,1,sqrt,none,-1,trees500_depthnone_split2_leaf1_featsqrt_cwnone_trmiss40_degmodglobal,1,0.19956982693279446,1.0,0.9999999999999999,1.0,0.0,0.6948020363177619,0.5714285714285714,0.5693894773501024,0.5777777777777777,0.0,0.0,0.0,0.0,0.0,0.0,0.0,0.0,0.0,0.0,18473,global,0.4
3,5,trees500_depthnone_split2_leaf3_featsqrt_cwnone_trmiss40_degmodglobal,64,1.0,0.0,500,none,2,3,sqrt,none,-1,trees500_depthnone_split2_leaf3_featsqrt_cwnone_trmiss40_degmodglobal,1,0.28015793686047796,1.0,0.9999999999999999,1.0,0.0,0.7072441758163706,0.5357142857142857,0.5626283701857933,0.5111111111111111,0.0,0.0,0.0,0.0,0.0,0.0,0.0,0.0,0.0,0.0,18473,global,0.4
4,1,trees200_depth3_split2_leaf1_featsqrt_cwnone_trmiss40_degmodglobal,64,1.0,0.0,200,3,2,1,sqrt,none,-1,trees200_depth3_split2_leaf1_featsqrt_cwnone_trmiss40_degmodglobal,1,0.44283320959115363,0.9990092879256967,0.9991117039690716,0.9777777777777777,0.0,0.7192348812373742,0.47233201581027673,0.5421808078353608,0.4222222222222222,0.0,0.0,0.0,0.0,0.0,0.0,0.0,0.0,0.0,0.0,18473,global,0.4
4,1,trees200_depth3_split2_leaf3_featsqrt_cwnone_trmiss40_degmodglobal,64,1.0,0.0,200,3,2,3,sqrt,none,-1,trees200_depth3_split2_leaf3_featsqrt_cwnone_trmiss40_degmodglobal,1,0.45621451732233964,0.9969040247678018,0.997243905614633,0.9611111111111111,0.0,0.7137786157292377,0.5098814229249011,0.5658110571411762,0.4444444444444444,0.0,0.0,0.0,0.0,0.0,0.0,0.0,0.0,0.0,0.0,18473,global,0.4
4,1,trees200_depth5_split2_leaf1_featsqrt_cwnone_trmiss40_degmodglobal,64,1.0,0.0,200,5,2,1,sqrt,none,-1,trees200_depth5_split2_leaf1_featsqrt_cwnone_trmiss40_degmodglobal,1,0.311534913211899,1.0,1.0,1.0,0.0,0.716810815539956,0.541501976284585,0.6115364086968844,0.4888888888888889,0.0,0.0,0.0,0.0,0.0,0.0,0.0,0.0,0.0,0.0,18473,global,0.4
4,1,trees200_depth5_split2_leaf3_featsqrt_cwnone_trmiss40_degmodglobal,64,1.0,0.0,200,5,2,3,sqrt,none,-1,trees200_depth5_split2_leaf3_featsqrt_cwnone_trmiss40_degmodglobal,1,0.34282170508861914,1.0,1.0,1.0,0.0,0.7194262296715636,0.5158102766798418,0.566086558457273,0.4666666666666667,0.0,0.0,0.0,0.0,0.0,0.0,0.0,0.0,0.0,0.0,18473,global,0.4
4,1,trees200_depthnone_split2_leaf1_featsqrt_cwnone_trmiss40_degmodglobal,64,1.0,0.0,200,none,2,1,sqrt,none,-1,trees200_depthnone_split2_leaf1_featsqrt_cwnone_trmiss40_degmodglobal,1,0.19471861128498674,1.0,1.0,1.0,0.0,0.7296257013658651,0.4990118577075099,0.5779448193395011,0.4666666666666667,0.0,0.0,0.0,0.0,0.0,0.0,0.0,0.0,0.0,0.0,18473,global,0.4
4,1,trees200_depthnone_split2_leaf3_featsqrt_cwnone_trmiss40_degmodglobal,64,1.0,0.0,200,none,2,3,sqrt,none,-1,trees200_depthnone_split2_leaf3_featsqrt_cwnone_trmiss40_degmodglobal,1,0.2678911989578955,1.0,1.0,1.0,0.0,0.7302082657237063,0.49407114624505927,0.5488395714784049,0.4666666666666667,0.0,0.0,0.0,0.0,0.0,0.0,0.0,0.0,0.0,0.0,18473,global,0.4
4,1,trees500_depth3_split2_leaf1_featsqrt_cwnone_trmiss40_degmodglobal,64,1.0,0.0,500,3,2,1,sqrt,none,-1,trees500_depth3_split2_leaf1_featsqrt_cwnone_trmiss40_degmodglobal,1,0.44594658251993075,0.9997523219814242,0.9997795475530934,0.9888888888888889,0.0,0.7153282561048322,0.4802371541501976,0.5384456297412472,0.4444444444444444,0.0,0.0,0.0,0.0,0.0,0.0,0.0,0.0,0.0,0.0,18473,global,0.4
4,1,trees500_depth3_split2_leaf3_featsqrt_cwnone_trmiss40_degmodglobal,64,1.0,0.0,500,3,2,3,sqrt,none,-1,trees500_depth3_split2_leaf3_featsqrt_cwnone_trmiss40_degmodglobal,1,0.45860009558286535,0.9997523219814242,0.9997795475530934,0.9888888888888889,0.0,0.7046170134628927,0.5316205533596838,0.5723579697930175,0.4222222222222222,0.0,0.0,0.0,0.0,0.0,0.0,0.0,0.0,0.0,0.0,18473,global,0.4
4,1,trees500_depth5_split2_leaf1_featsqrt_cwnone_trmiss40_degmodglobal,64,1.0,0.0,500,5,2,1,sqrt,none,-1,trees500_depth5_split2_leaf1_featsqrt_cwnone_trmiss40_degmodglobal,1,0.30453517654498086,1.0,1.0,1.0,0.0,0.7316771239934596,0.4802371541501976,0.5580661601254245,0.4888888888888889,0.0,0.0,0.0,0.0,0.0,0.0,0.0,0.0,0.0,0.0,18473,global,0.4
4,1,trees500_depth5_split2_leaf3_featsqrt_cwnone_trmiss40_degmodglobal,64,1.0,0.0,500,5,2,3,sqrt,none,-1,trees500_depth5_split2_leaf3_featsqrt_cwnone_trmiss40_degmodglobal,1,0.3428519053836675,1.0,1.0,1.0,0.0,0.7242804807861557,0.48616600790513836,0.5634194914604851,0.4666666666666667,0.0,0.0,0.0,0.0,0.0,0.0,0.0,0.0,0.0,0.0,18473,global,0.4
4,1,trees500_depthnone_split2_leaf1_featsqrt_cwnone_trmiss40_degmodglobal,64,1.0,0.0,500,none,2,1,sqrt,none,-1,trees500_depthnone_split2_leaf1_featsqrt_cwnone_trmiss40_degmodglobal,1,0.19160619438670967,1.0,1.0,1.0,0.0,0.7132638697761937,0.5592885375494071,0.6124535468663646,0.4444444444444444,0.0,0.0,0.0,0.0,0.0,0.0,0.0,0.0,0.0,0.0,18473,global,0.4
4,1,trees500_depthnone_split2_leaf3_featsqrt_cwnone_trmiss40_degmodglobal,64,1.0,0.0,500,none,2,3,sqrt,none,-1,trees500_depthnone_split2_leaf3_featsqrt_cwnone_trmiss40_degmodglobal,1,0.26829535871193166,1.0,1.0,1.0,0.0,0.727077413844142,0.5237154150197628,0.5502123825863532,0.5111111111111111,0.0,0.0,0.0,0.0,0.0,0.0,0.0,0.0,0.0,0.0,18473,global,0.4
4,2,trees200_depth3_split2_leaf1_featsqrt_cwnone_trmiss40_degmodglobal,64,1.0,0.0,200,3,2,1,sqrt,none,-1,trees200_depth3_split2_leaf1_featsqrt_cwnone_trmiss40_degmodglobal,1,0.45635515751377853,0.9962848297213622,0.9968342235428396,0.9555555555555556,0.0,0.6751690479370713,0.6027667984189723,0.6065786455311455,0.6222222222222222,0.0,0.0,0.0,0.0,0.0,0.0,0.0,0.0,0.0,0.0,18473,global,0.4
4,2,trees200_depth3_split2_leaf3_featsqrt_cwnone_trmiss40_degmodglobal,64,1.0,0.0,200,3,2,3,sqrt,none,-1,trees200_depth3_split2_leaf3_featsqrt_cwnone_trmiss40_degmodglobal,1,0.46623476762104676,0.9947987616099072,0.9957273079590478,0.9222222222222223,0.0,0.6821412604163574,0.575098814229249,0.6085400371194095,0.5333333333333333,0.0,0.0,0.0,0.0,0.0,0.0,0.0,0.0,0.0,0.0,18473,global,0.4
4,2,trees200_depth5_split2_leaf1_featsqrt_cwnone_trmiss40_degmodglobal,64,1.0,0.0,200,5,2,1,sqrt,none,-1,trees200_depth5_split2_leaf1_featsqrt_cwnone_trmiss40_degmodglobal,1,0.31570197228297353,1.0,1.0,1.0,0.0,0.6794108693363522,0.5830039525691699,0.6486591170049749,0.6,0.0,0.0,0.0,0.0,0.0,0.0,0.0,0.0,0.0,0.0,18473,global,0.4
4,2,trees200_depth5_split2_leaf3_featsqrt_cwnone_trmiss40_degmodglobal,64,1.0,0.0,200,5,2,3,sqrt,none,-1,trees200_depth5_split2_leaf3_featsqrt_cwnone_trmiss40_degmodglobal,1,0.3499798778598503,1.0,1.0,1.0,0.0,0.6854022200372274,0.5691699604743083,0.586266024257045,0.5333333333333333,0.0,0.0,0.0,0.0,0.0,0.0,0.0,0.0,0.0,0.0,18473,global,0.4
4,2,trees200_depthnone_split2_leaf1_featsqrt_cwnone_trmiss40_degmodglobal,64,1.0,0.0,200,none,2,1,sqrt,none,-1,trees200_depthnone_split2_leaf1_featsqrt_cwnone_trmiss40_degmodglobal,1,0.19916036982644034,0.9999999999999999,1.0,1.0,0.0,0.6824273595991666,0.5889328063241106,0.5920096365021125,0.5777777777777777,0.0,0.0,0.0,0.0,0.0,0.0,0.0,0.0,0.0,0.0,18473,global,0.4
4,2,trees200_depthnone_split2_leaf3_featsqrt_cwnone_trmiss40_degmodglobal,64,1.0,0.0,200,none,2,3,sqrt,none,-1,trees200_depthnone_split2_leaf3_featsqrt_cwnone_trmiss40_degmodglobal,1,0.2762195705796245,1.0,1.0,1.0,0.0,0.6766039417617759,0.5968379446640316,0.6683210560020991,0.6,0.0,0.0,0.0,0.0,0.0,0.0,0.0,0.0,0.0,0.0,18473,global,0.4
4,2,trees500_depth3_split2_leaf1_featsqrt_cwnone_trmiss40_degmodglobal,64,1.0,0.0,500,3,2,1,sqrt,none,-1,trees500_depth3_split2_leaf1_featsqrt_cwnone_trmiss40_degmodglobal,1,0.45522501235987256,0.9976470588235294,0.9980172439292273,0.9666666666666667,0.0,0.6835917022382347,0.5830039525691699,0.619712496637205,0.5777777777777777,0.0,0.0,0.0,0.0,0.0,0.0,0.0,0.0,0.0,0.0,18473,global,0.4
4,2,trees500_depth3_split2_leaf3_featsqrt_cwnone_trmiss40_degmodglobal,64,1.0,0.0,500,3,2,3,sqrt,none,-1,trees500_depth3_split2_leaf3_featsqrt_cwnone_trmiss40_degmodglobal,1,0.4739055798765725,0.9973993808049535,0.9977486700792539,0.9666666666666667,0.0,0.6829186368726655,0.5790513833992095,0.6080328634052555,0.6,0.0,0.0,0.0,0.0,0.0,0.0,0.0,0.0,0.0,0.0,18473,global,0.4
4,2,trees500_depth5_split2_leaf1_featsqrt_cwnone_trmiss40_degmodglobal,64,1.0,0.0,500,5,2,1,sqrt,none,-1,trees500_depth5_split2_leaf1_featsqrt_cwnone_trmiss40_degmodglobal,1,0.31163592215595604,1.0,1.0,1.0,0.0,0.6682745334011049,0.624505928853755,0.6243414111531329,0.5777777777777777,0.0,0.0,0.0,0.0,0.0,0.0,0.0,0.0,0.0,0.0,18473,global,0.4
4,2,trees500_depth5_split2_leaf3_featsqrt_cwnone_trmiss40_degmodglobal,64,1.0,0.0,500,5,2,3,sqrt,none,-1,trees500_depth5_split2_leaf3_featsqrt_cwnone_trmiss40_degmodglobal,1,0.35036287395445576,1.0,1.0,1.0,0.0,0.6784925656834412,0.608695652173913,0.6138440942214025,0.6,0.0,0.0,0.0,0.0,0.0,0.0,0.0,0.0,0.0,0.0,18473,global,0.4
4,2,trees500_depthnone_split2_leaf1_featsqrt_cwnone_trmiss40_degmodglobal,64,1.0,0.0,500,none,2,1,sqrt,none,-1,trees500_depthnone_split2_leaf1_featsqrt_cwnone_trmiss40_degmodglobal,1,0.19630486040470266,1.0,1.0,1.0,0.0,0.661625421565087,0.6452569169960474,0.6365305696907647,0.6888888888888889,0.0,0.0,0.0,0.0,0.0,0.0,0.0,0.0,0.0,0.0,18473,global,0.4
4,2,trees500_depthnone_split2_leaf3_featsqrt_cwnone_trmiss40_degmodglobal,64,1.0,0.0,500,none,2,3,sqrt,none,-1,trees500_depthnone_split2_leaf3_featsqrt_cwnone_trmiss40_degmodglobal,1,0.2715620417259723,1.0,1.0,1.0,0.0,0.6724789983405458,0.6126482213438735,0.6322707514107248,0.6222222222222222,0.0,0.0,0.0,0.0,0.0,0.0,0.0,0.0,0.0,0.0,18473,global,0.4
4,3,trees200_depth3_split2_leaf1_featsqrt_cwnone_trmiss40_degmodglobal,64,1.0,0.0,200,3,2,1,sqrt,none,-1,trees200_depth3_split2_leaf1_featsqrt_cwnone_trmiss40_degmodglobal,1,0.47168572353474947,1.0,0.9999999999999999,0.9944444444444445,0.0,0.6650196165169479,0.6706349206349207,0.7658549070265956,0.5777777777777777,0.0,0.0,0.0,0.0,0.0,0.0,0.0,0.0,0.0,0.0,18473,global,0.4
4,3,trees200_depth3_split2_leaf3_featsqrt_cwnone_trmiss40_degmodglobal,64,1.0,0.0,200,3,2,3,sqrt,none,-1,trees200_depth3_split2_leaf3_featsqrt_cwnone_trmiss40_degmodglobal,1,0.4892288579471295,1.0,0.9999999999999999,1.0,0.0,0.6614648727660799,0.6865079365079365,0.7667316929573627,0.6222222222222222,0.0,0.0,0.0,0.0,0.0,0.0,0.0,0.0,0.0,0.0,18473,global,0.4
4,3,trees200_depth5_split2_leaf1_featsqrt_cwnone_trmiss40_degmodglobal,64,1.0,0.0,200,5,2,1,sqrt,none,-1,trees200_depth5_split2_leaf1_featsqrt_cwnone_trmiss40_degmodglobal,1,0.33583980417328735,1.0,0.9999999999999999,1.0,0.0,0.6355839239317933,0.7341269841269842,0.7920117269082363,0.6444444444444445,0.0,0.0,0.0,0.0,0.0,0.0,0.0,0.0,0.0,0.0,18473,global,0.4
4,3,trees200_depth5_split2_leaf3_featsqrt_cwnone_trmiss40_degmodglobal,64,1.0,0.0,200,5,2,3,sqrt,none,-1,trees200_depth5_split2_leaf3_featsqrt_cwnone_trmiss40_degmodglobal,1,0.36585344944380976,1.0,0.9999999999999999,1.0,0.0,0.6343836201541001,0.7579365079365079,0.7996251088127424,0.6666666666666666,0.0,0.0,0.0,0.0,0.0,0.0,0.0,0.0,0.0,0.0,18473,global,0.4
4,3,trees200_depthnone_split2_leaf1_featsqrt_cwnone_trmiss40_degmodglobal,64,1.0,0.0,200,none,2,1,sqrt,none,-1,trees200_depthnone_split2_leaf1_featsqrt_cwnone_trmiss40_degmodglobal,1,0.20250472876331105,1.0,1.0,1.0,0.0,0.6467305992391689,0.6795634920634921,0.7491923982804412,0.6888888888888889,0.0,0.0,0.0,0.0,0.0,0.0,0.0,0.0,0.0,0.0,18473,global,0.4
4,3,trees200_depthnone_split2_leaf3_featsqrt_cwnone_trmiss40_degmodglobal,64,1.0,0.0,200,none,2,3,sqrt,none,-1,trees200_depthnone_split2_leaf3_featsqrt_cwnone_trmiss40_degmodglobal,1,0.27960831635242583,1.0,0.9999999999999999,1.0,0.0,0.6523247758321697,0.6488095238095238,0.7521674460517771,0.5777777777777777,0.0,0.0,0.0,0.0,0.0,0.0,0.0,0.0,0.0,0.0,18473,global,0.4
4,3,trees500_depth3_split2_leaf1_featsqrt_cwnone_trmiss40_degmodglobal,64,1.0,0.0,500,3,2,1,sqrt,none,-1,trees500_depth3_split2_leaf1_featsqrt_cwnone_trmiss40_degmodglobal,1,0.4687151277499988,1.0,0.9999999999999999,0.9944444444444445,0.0,0.6521457439856922,0.7440476190476191,0.8147151406954807,0.7111111111111111,0.0,0.0,0.0,0.0,0.0,0.0,0.0,0.0,0.0,0.0,18473,global,0.4
4,3,trees500_depth3_split2_leaf3_featsqrt_cwnone_trmiss40_degmodglobal,64,1.0,0.0,500,3,2,3,sqrt,none,-1,trees500_depth3_split2_leaf3_featsqrt_cwnone_trmiss40_degmodglobal,1,0.48317042606785965,1.0,0.9999999999999999,0.9944444444444445,0.0,0.6576051461853097,0.7103174603174603,0.7866284852667398,0.6444444444444445,0.0,0.0,0.0,0.0,0.0,0.0,0.0,0.0,0.0,0.0,18473,global,0.4
4,3,trees500_depth5_split2_leaf1_featsqrt_cwnone_trmiss40_degmodglobal,64,1.0,0.0,500,5,2,1,sqrt,none,-1,trees500_depth5_split2_leaf1_featsqrt_cwnone_trmiss40_degmodglobal,1,0.3305997507957813,1.0,0.9999999999999999,1.0,0.0,0.6506788322049023,0.6884920634920635,0.763084389210984,0.6222222222222222,0.0,0.0,0.0,0.0,0.0,0.0,0.0,0.0,0.0,0.0,18473,global,0.4
4,3,trees500_depth5_split2_leaf3_featsqrt_cwnone_trmiss40_degmodglobal,64,1.0,0.0,500,5,2,3,sqrt,none,-1,trees500_depth5_split2_leaf3_featsqrt_cwnone_trmiss40_degmodglobal,1,0.36770592589676454,1.0,0.9999999999999999,1.0,0.0,0.6512580604292992,0.6805555555555556,0.7673081132834578,0.6,0.0,0.0,0.0,0.0,0.0,0.0,0.0,0.0,0.0,0.0,18473,global,0.4
4,3,trees500_depthnone_split2_leaf1_featsqrt_cwnone_trmiss40_degmodglobal,64,1.0,0.0,500,none,2,1,sqrt,none,-1,trees500_depthnone_split2_leaf1_featsqrt_cwnone_trmiss40_degmodglobal,1,0.2008779428558171,1.0,0.9999999999999999,1.0,0.0,0.6370762352144074,0.7053571428571428,0.7710795460001448,0.6,0.0,0.0,0.0,0.0,0.0,0.0,0.0,0.0,0.0,0.0,18473,global,0.4
4,3,trees500_depthnone_split2_leaf3_featsqrt_cwnone_trmiss40_degmodglobal,64,1.0,0.0,500,none,2,3,sqrt,none,-1,trees500_depthnone_split2_leaf3_featsqrt_cwnone_trmiss40_degmodglobal,1,0.2788550145265568,1.0,0.9999999999999999,1.0,0.0,0.6309289994167665,0.7440476190476191,0.7872724804672813,0.7111111111111111,0.0,0.0,0.0,0.0,0.0,0.0,0.0,0.0,0.0,0.0,18473,global,0.4
4,4,trees200_depth3_split2_leaf1_featsqrt_cwnone_trmiss40_degmodglobal,64,1.0,0.0,200,3,2,1,sqrt,none,-1,trees200_depth3_split2_leaf1_featsqrt_cwnone_trmiss40_degmodglobal,1,0.4588751026712525,1.0,0.9999999999999999,0.9777777777777777,0.0,0.660824484403668,0.6507936507936508,0.7103680415356639,0.6444444444444445,0.0,0.0,0.0,0.0,0.0,0.0,0.0,0.0,0.0,0.0,18473,global,0.4
4,4,trees200_depth3_split2_leaf3_featsqrt_cwnone_trmiss40_degmodglobal,64,1.0,0.0,200,3,2,3,sqrt,none,-1,trees200_depth3_split2_leaf3_featsqrt_cwnone_trmiss40_degmodglobal,1,0.47315165617973587,0.9993814943097477,0.99944001432889,0.9777777777777777,0.0,0.6753394295173405,0.5932539682539684,0.6685205646369347,0.5555555555555556,0.0,0.0,0.0,0.0,0.0,0.0,0.0,0.0,0.0,0.0,18473,global,0.4
4,4,trees200_depth5_split2_leaf1_featsqrt_cwnone_trmiss40_degmodglobal,64,1.0,0.0,200,5,2,1,sqrt,none,-1,trees200_depth5_split2_leaf1_featsqrt_cwnone_trmiss40_degmodglobal,1,0.32092852021928836,1.0,0.9999999999999999,1.0,0.0,0.6720534042320978,0.5833333333333334,0.6744611679051274,0.4888888888888889,0.0,0.0,0.0,0.0,0.0,0.0,0.0,0.0,0.0,0.0,18473,global,0.4
4,4,trees200_depth5_split2_leaf3_featsqrt_cwnone_trmiss40_degmodglobal,64,1.0,0.0,200,5,2,3,sqrt,none,-1,trees200_depth5_split2_leaf3_featsqrt_cwnone_trmiss40_degmodglobal,1,0.3511647339931713,1.0,0.9999999999999999,1.0,0.0,0.6690796643373327,0.6071428571428572,0.6653440841676002,0.5777777777777777,0.0,0.0,0.0,0.0,0.0,0.0,0.0,0.0,0.0,0.0,18473,global,0.4
4,4,trees200_depthnone_split2_leaf1_featsqrt_cwnone_trmiss40_degmodglobal,64,1.0,0.0,200,none,2,1,sqrt,none,-1,trees200_depthnone_split2_leaf1_featsqrt_cwnone_trmiss40_degmodglobal,1,0.1949934828579838,1.0,0.9999999999999999,1.0,0.0,0.6712588352486155,0.6041666666666666,0.6608590614138041,0.5777777777777777,0.0,0.0,0.0,0.0,0.0,0.0,0.0,0.0,0.0,0.0,18473,global,0.4
4,4,trees200_depthnone_split2_leaf3_featsqrt_cwnone_trmiss40_degmodglobal,64,1.0,0.0,200,none,2,3,sqrt,none,-1,trees200_depthnone_split2_leaf3_featsqrt_cwnone_trmiss40_degmodglobal,1,0.27388600099693416,1.0,0.9999999999999999,1.0,0.0,0.6649864110355802,0.6190476190476191,0.6848334462294707,0.6,0.0,0.0,0.0,0.0,0.0,0.0,0.0,0.0,0.0,0.0,18473,global,0.4
4,4,trees500_depth3_split2_leaf1_featsqrt_cwnone_trmiss40_degmodglobal,64,1.0,0.0,500,3,2,1,sqrt,none,-1,trees500_depth3_split2_leaf1_featsqrt_cwnone_trmiss40_degmodglobal,1,0.4591792220266132,1.0,0.9999999999999999,0.9777777777777777,0.0,0.6677791363300176,0.6507936507936508,0.7064492008479969,0.5777777777777777,0.0,0.0,0.0,0.0,0.0,0.0,0.0,0.0,0.0,0.0,18473,global,0.4
4,4,trees500_depth3_split2_leaf3_featsqrt_cwnone_trmiss40_degmodglobal,64,1.0,0.0,500,3,2,3,sqrt,none,-1,trees500_depth3_split2_leaf3_featsqrt_cwnone_trmiss40_degmodglobal,1,0.47391279612332166,0.9996288965858485,0.9996651954127055,0.9777777777777777,0.0,0.6706470581429202,0.623015873015873,0.6818335871402131,0.4888888888888889,0.0,0.0,0.0,0.0,0.0,0.0,0.0,0.0,0.0,0.0,18473,global,0.4
4,4,trees500_depth5_split2_leaf1_featsqrt_cwnone_trmiss40_degmodglobal,64,1.0,0.0,500,5,2,1,sqrt,none,-1,trees500_depth5_split2_leaf1_featsqrt_cwnone_trmiss40_degmodglobal,1,0.3198764791657284,1.0,0.9999999999999999,1.0,0.0,0.658922469158662,0.6607142857142857,0.7366797799420404,0.6,0.0,0.0,0.0,0.0,0.0,0.0,0.0,0.0,0.0,0.0,18473,global,0.4
4,4,trees500_depth5_split2_leaf3_featsqrt_cwnone_trmiss40_degmodglobal,64,1.0,0.0,500,5,2,3,sqrt,none,-1,trees500_depth5_split2_leaf3_featsqrt_cwnone_trmiss40_degmodglobal,1,0.36154774772236653,1.0,0.9999999999999999,1.0,0.0,0.6722000071932411,0.6111111111111112,0.6921364901899898,0.5333333333333333,0.0,0.0,0.0,0.0,0.0,0.0,0.0,0.0,0.0,0.0,18473,global,0.4
4,4,trees500_depthnone_split2_leaf1_featsqrt_cwnone_trmiss40_degmodglobal,64,1.0,0.0,500,none,2,1,sqrt,none,-1,trees500_depthnone_split2_leaf1_featsqrt_cwnone_trmiss40_degmodglobal,1,0.19507159401698043,1.0,0.9999999999999999,1.0,0.0,0.6674191472567227,0.6041666666666666,0.6758994033056994,0.5111111111111111,0.0,0.0,0.0,0.0,0.0,0.0,0.0,0.0,0.0,0.0,18473,global,0.4
4,4,trees500_depthnone_split2_leaf3_featsqrt_cwnone_trmiss40_degmodglobal,64,1.0,0.0,500,none,2,3,sqrt,none,-1,trees500_depthnone_split2_leaf3_featsqrt_cwnone_trmiss40_degmodglobal,1,0.27489278026462033,1.0,0.9999999999999999,1.0,0.0,0.6596316317820834,0.6448412698412699,0.7302525090705323,0.5777777777777777,0.0,0.0,0.0,0.0,0.0,0.0,0.0,0.0,0.0,0.0,18473,global,0.4
4,5,trees200_depth3_split2_leaf1_featsqrt_cwnone_trmiss40_degmodglobal,64,1.0,0.0,200,3,2,1,sqrt,none,-1,trees200_depth3_split2_leaf1_featsqrt_cwnone_trmiss40_degmodglobal,1,0.4619549987458887,0.9988866897575458,0.9990158751204562,0.9833333333333333,0.0,0.6612980812618482,0.6448412698412699,0.6523379091812525,0.5777777777777777,0.0,0.0,0.0,0.0,0.0,0.0,0.0,0.0,0.0,0.0,18473,global,0.4
4,5,trees200_depth3_split2_leaf3_featsqrt_cwnone_trmiss40_degmodglobal,64,1.0,0.0,200,3,2,3,sqrt,none,-1,trees200_depth3_split2_leaf3_featsqrt_cwnone_trmiss40_degmodglobal,1,0.47691682049460726,0.9998762988619495,0.9998880179171331,0.9888888888888889,0.0,0.6637264874638349,0.6468253968253969,0.7110435235294641,0.6222222222222222,0.0,0.0,0.0,0.0,0.0,0.0,0.0,0.0,0.0,0.0,18473,global,0.4
4,5,trees200_depth5_split2_leaf1_featsqrt_cwnone_trmiss40_degmodglobal,64,1.0,0.0,200,5,2,1,sqrt,none,-1,trees200_depth5_split2_leaf1_featsqrt_cwnone_trmiss40_degmodglobal,1,0.3247770406905249,1.0,0.9999999999999999,0.9944444444444445,0.0,0.6681022443149268,0.6031746031746033,0.6305621684527726,0.5777777777777777,0.0,0.0,0.0,0.0,0.0,0.0,0.0,0.0,0.0,0.0,18473,global,0.4
4,5,trees200_depth5_split2_leaf3_featsqrt_cwnone_trmiss40_degmodglobal,64,1.0,0.0,200,5,2,3,sqrt,none,-1,trees200_depth5_split2_leaf3_featsqrt_cwnone_trmiss40_degmodglobal,1,0.36095828307111555,1.0,0.9999999999999999,0.9944444444444445,0.0,0.6621198990490825,0.6408730158730158,0.644333132563558,0.6666666666666666,0.0,0.0,0.0,0.0,0.0,0.0,0.0,0.0,0.0,0.0,18473,global,0.4
4,5,trees200_depthnone_split2_leaf1_featsqrt_cwnone_trmiss40_degmodglobal,64,1.0,0.0,200,none,2,1,sqrt,none,-1,trees200_depthnone_split2_leaf1_featsqrt_cwnone_trmiss40_degmodglobal,1,0.19779077718053517,1.0,0.9999999999999999,1.0,0.0,0.6540088328904305,0.6378968253968255,0.707340147542495,0.6,0.0,0.0,0.0,0.0,0.0,0.0,0.0,0.0,0.0,0.0,18473,global,0.4
4,5,trees200_depthnone_split2_leaf3_featsqrt_cwnone_trmiss40_degmodglobal,64,1.0,0.0,200,none,2,3,sqrt,none,-1,trees200_depthnone_split2_leaf3_featsqrt_cwnone_trmiss40_degmodglobal,1,0.2828935357868829,1.0,0.9999999999999999,1.0,0.0,0.6462343321096098,0.6626984126984127,0.6883974628708559,0.6222222222222222,0.0,0.0,0.0,0.0,0.0,0.0,0.0,0.0,0.0,0.0,18473,global,0.4
4,5,trees500_depth3_split2_leaf1_featsqrt_cwnone_trmiss40_degmodglobal,64,1.0,0.0,500,3,2,1,sqrt,none,-1,trees500_depth3_split2_leaf1_featsqrt_cwnone_trmiss40_degmodglobal,1,0.46301178486611116,0.9995051954477981,0.9995657837603126,0.9888888888888889,0.0,0.6718875095094426,0.5912698412698412,0.6280945535714565,0.5777777777777777,0.0,0.0,0.0,0.0,0.0,0.0,0.0,0.0,0.0,0.0,18473,global,0.4
4,5,trees500_depth3_split2_leaf3_featsqrt_cwnone_trmiss40_degmodglobal,64,1.0,0.0,500,3,2,3,sqrt,none,-1,trees500_depth3_split2_leaf3_featsqrt_cwnone_trmiss40_degmodglobal,1,0.4785572481573643,0.9983918852053439,0.9986446399345335,0.9888888888888889,0.0,0.6727856714683033,0.5873015873015873,0.6694872398875293,0.5555555555555556,0.0,0.0,0.0,0.0,0.0,0.0,0.0,0.0,0.0,0.0,18473,global,0.4
4,5,trees500_depth5_split2_leaf1_featsqrt_cwnone_trmiss40_degmodglobal,64,1.0,0.0,500,5,2,1,sqrt,none,-1,trees500_depth5_split2_leaf1_featsqrt_cwnone_trmiss40_degmodglobal,1,0.32058523849132536,1.0,0.9999999999999999,1.0,0.0,0.6541973943308754,0.6567460317460317,0.689487197321912,0.6222222222222222,0.0,0.0,0.0,0.0,0.0,0.0,0.0,0.0,0.0,0.0,18473,global,0.4
4,5,trees500_depth5_split2_leaf3_featsqrt_cwnone_trmiss40_degmodglobal,64,1.0,0.0,500,5,2,3,sqrt,none,-1,trees500_depth5_split2_leaf3_featsqrt_cwnone_trmiss40_degmodglobal,1,0.3610926098597525,1.0,0.9999999999999999,0.9944444444444445,0.0,0.6714183724848682,0.5912698412698413,0.6263267229064219,0.6222222222222222,0.0,0.0,0.0,0.0,0.0,0.0,0.0,0.0,0.0,0.0,18473,global,0.4
4,5,trees500_depthnone_split2_leaf1_featsqrt_cwnone_trmiss40_degmodglobal,64,1.0,0.0,500,none,2,1,sqrt,none,-1,trees500_depthnone_split2_leaf1_featsqrt_cwnone_trmiss40_degmodglobal,1,0.1993909792904788,1.0,0.9999999999999999,1.0,0.0,0.6582186699569463,0.6121031746031746,0.652679603940306,0.5777777777777777,0.0,0.0,0.0,0.0,0.0,0.0,0.0,0.0,0.0,0.0,18473,global,0.4
4,5,trees500_depthnone_split2_leaf3_featsqrt_cwnone_trmiss40_degmodglobal,64,1.0,0.0,500,none,2,3,sqrt,none,-1,trees500_depthnone_split2_leaf3_featsqrt_cwnone_trmiss40_degmodglobal,1,0.27326294589165934,1.0,0.9999999999999999,1.0,0.0,0.6674813294507677,0.5912698412698413,0.5944519221595453,0.6,0.0,0.0,0.0,0.0,0.0,0.0,0.0,0.0,0.0,0.0,18473,global,0.4
5,1,trees200_depth3_split2_leaf1_featsqrt_cwnone_trmiss40_degmodglobal,64,1.0,0.0,200,3,2,1,sqrt,none,-1,trees200_depth3_split2_leaf1_featsqrt_cwnone_trmiss40_degmodglobal,1,0.4632886618413857,0.9985155863433943,0.9987199219270602,0.9666666666666667,0.0,0.6984193433647945,0.5395256916996047,0.5634483086928168,0.4666666666666667,0.0,0.0,0.0,0.0,0.0,0.0,0.0,0.0,0.0,0.0,18473,global,0.4
5,1,trees200_depth3_split2_leaf3_featsqrt_cwnone_trmiss40_degmodglobal,64,1.0,0.0,200,3,2,3,sqrt,none,-1,trees200_depth3_split2_leaf3_featsqrt_cwnone_trmiss40_degmodglobal,1,0.4767788692577598,0.9918357248886689,0.9930117168032715,0.9333333333333333,0.0,0.6969176317440413,0.5138339920948617,0.5274510000699313,0.5333333333333333,0.0,0.0,0.0,0.0,0.0,0.0,0.0,0.0,0.0,0.0,18473,global,0.4
5,1,trees200_depth5_split2_leaf1_featsqrt_cwnone_trmiss40_degmodglobal,64,1.0,0.0,200,5,2,1,sqrt,none,-1,trees200_depth5_split2_leaf1_featsqrt_cwnone_trmiss40_degmodglobal,1,0.3192572332840145,1.0,0.9999999999999999,1.0,0.0,0.6854198245539139,0.5810276679841897,0.5531223720966021,0.6,0.0,0.0,0.0,0.0,0.0,0.0,0.0,0.0,0.0,0.0,18473,global,0.4
5,1,trees200_depth5_split2_leaf3_featsqrt_cwnone_trmiss40_degmodglobal,64,1.0,0.0,200,5,2,3,sqrt,none,-1,trees200_depth5_split2_leaf3_featsqrt_cwnone_trmiss40_degmodglobal,1,0.3610542208375683,1.0,0.9999999999999999,1.0,0.0,0.6929865925085044,0.5395256916996047,0.5630873289597926,0.5111111111111111,0.0,0.0,0.0,0.0,0.0,0.0,0.0,0.0,0.0,0.0,18473,global,0.4
5,1,trees200_depthnone_split2_leaf1_featsqrt_cwnone_trmiss40_degmodglobal,64,1.0,0.0,200,none,2,1,sqrt,none,-1,trees200_depthnone_split2_leaf1_featsqrt_cwnone_trmiss40_degmodglobal,1,0.20193307960505394,1.0,1.0,1.0,0.0,0.6912911048673881,0.5523715415019763,0.5703656077286129,0.5777777777777777,0.0,0.0,0.0,0.0,0.0,0.0,0.0,0.0,0.0,0.0,18473,global,0.4
5,1,trees200_depthnone_split2_leaf3_featsqrt_cwnone_trmiss40_degmodglobal,64,1.0,0.0,200,none,2,3,sqrt,none,-1,trees200_depthnone_split2_leaf3_featsqrt_cwnone_trmiss40_degmodglobal,1,0.28125471160877197,1.0,0.9999999999999999,1.0,0.0,0.7003340949603113,0.5158102766798419,0.5418420590658277,0.5333333333333333,0.0,0.0,0.0,0.0,0.0,0.0,0.0,0.0,0.0,0.0,18473,global,0.4
5,1,trees500_depth3_split2_leaf1_featsqrt_cwnone_trmiss40_degmodglobal,64,1.0,0.0,500,3,2,1,sqrt,none,-1,trees500_depth3_split2_leaf1_featsqrt_cwnone_trmiss40_degmodglobal,1,0.46218789422123113,0.9982681840672935,0.9984550480537933,0.9777777777777777,0.0,0.7019235412110901,0.5019762845849802,0.5672303833603586,0.4888888888888889,0.0,0.0,0.0,0.0,0.0,0.0,0.0,0.0,0.0,0.0,18473,global,0.4
5,1,trees500_depth3_split2_leaf3_featsqrt_cwnone_trmiss40_degmodglobal,64,1.0,0.0,500,3,2,3,sqrt,none,-1,trees500_depth3_split2_leaf3_featsqrt_cwnone_trmiss40_degmodglobal,1,0.4768355133220453,0.9948045522018802,0.9954174745424011,0.95,0.0,0.6944874783500221,0.5276679841897234,0.6041480189175282,0.5111111111111111,0.0,0.0,0.0,0.0,0.0,0.0,0.0,0.0,0.0,0.0,18473,global,0.4
5,1,trees500_depth5_split2_leaf1_featsqrt_cwnone_trmiss40_degmodglobal,64,1.0,0.0,500,5,2,1,sqrt,none,-1,trees500_depth5_split2_leaf1_featsqrt_cwnone_trmiss40_degmodglobal,1,0.3237185387851778,1.0,0.9999999999999999,1.0,0.0,0.6959035110845952,0.5335968379446641,0.5655721436976495,0.5555555555555556,0.0,0.0,0.0,0.0,0.0,0.0,0.0,0.0,0.0,0.0,18473,global,0.4
5,1,trees500_depth5_split2_leaf3_featsqrt_cwnone_trmiss40_degmodglobal,64,1.0,0.0,500,5,2,3,sqrt,none,-1,trees500_depth5_split2_leaf3_featsqrt_cwnone_trmiss40_degmodglobal,1,0.3611488554849326,1.0,0.9999999999999999,1.0,0.0,0.6912785992551452,0.5316205533596838,0.5935027226582557,0.5555555555555556,0.0,0.0,0.0,0.0,0.0,0.0,0.0,0.0,0.0,0.0,18473,global,0.4
5,1,trees500_depthnone_split2_leaf1_featsqrt_cwnone_trmiss40_degmodglobal,64,1.0,0.0,500,none,2,1,sqrt,none,-1,trees500_depthnone_split2_leaf1_featsqrt_cwnone_trmiss40_degmodglobal,1,0.20197506505696824,1.0,1.0,1.0,0.0,0.6833471816522674,0.5681818181818181,0.5755127196103218,0.5555555555555556,0.0,0.0,0.0,0.0,0.0,0.0,0.0,0.0,0.0,0.0,18473,global,0.4
5,1,trees500_depthnone_split2_leaf3_featsqrt_cwnone_trmiss40_degmodglobal,64,1.0,0.0,500,none,2,3,sqrt,none,-1,trees500_depthnone_split2_leaf3_featsqrt_cwnone_trmiss40_degmodglobal,1,0.2826251772459728,1.0,0.9999999999999999,1.0,0.0,0.6796559051758573,0.5770750988142292,0.6456598416202013,0.5333333333333333,0.0,0.0,0.0,0.0,0.0,0.0,0.0,0.0,0.0,0.0,18473,global,0.4
5,2,trees200_depth3_split2_leaf1_featsqrt_cwnone_trmiss40_degmodglobal,64,1.0,0.0,200,3,2,1,sqrt,none,-1,trees200_depth3_split2_leaf1_featsqrt_cwnone_trmiss40_degmodglobal,1,0.4582942298687071,0.9998762988619495,0.9998880179171331,0.9611111111111111,0.0,0.680291168704411,0.592885375494071,0.6445731391962121,0.5555555555555556,0.0,0.0,0.0,0.0,0.0,0.0,0.0,0.0,0.0,0.0,18473,global,0.4
5,2,trees200_depth3_split2_leaf3_featsqrt_cwnone_trmiss40_degmodglobal,64,1.0,0.0,200,3,2,3,sqrt,none,-1,trees200_depth3_split2_leaf3_featsqrt_cwnone_trmiss40_degmodglobal,1,0.47378094643175833,0.9974022761009402,0.9977454764517609,0.9166666666666666,0.0,0.690452804361362,0.5513833992094862,0.6030561644829792,0.4888888888888889,0.0,0.0,0.0,0.0,0.0,0.0,0.0,0.0,0.0,0.0,18473,global,0.4
5,2,trees200_depth5_split2_leaf1_featsqrt_cwnone_trmiss40_degmodglobal,64,1.0,0.0,200,5,2,1,sqrt,none,-1,trees200_depth5_split2_leaf1_featsqrt_cwnone_trmiss40_degmodglobal,1,0.3165535844952374,1.0,0.9999999999999999,1.0,0.0,0.7087795584784735,0.47035573122529645,0.5835255992708482,0.4222222222222222,0.0,0.0,0.0,0.0,0.0,0.0,0.0,0.0,0.0,0.0,18473,global,0.4
5,2,trees200_depth5_split2_leaf3_featsqrt_cwnone_trmiss40_degmodglobal,64,1.0,0.0,200,5,2,3,sqrt,none,-1,trees200_depth5_split2_leaf3_featsqrt_cwnone_trmiss40_degmodglobal,1,0.3570486522143119,1.0,0.9999999999999999,1.0,0.0,0.6887993664166624,0.5474308300395256,0.6104691666605904,0.5555555555555556,0.0,0.0,0.0,0.0,0.0,0.0,0.0,0.0,0.0,0.0,18473,global,0.4
5,2,trees200_depthnone_split2_leaf1_featsqrt_cwnone_trmiss40_degmodglobal,64,1.0,0.0,200,none,2,1,sqrt,none,-1,trees200_depthnone_split2_leaf1_featsqrt_cwnone_trmiss40_degmodglobal,1,0.20178751160686936,0.9999999999999999,0.9999999999999999,1.0,0.0,0.6898911845028377,0.5632411067193676,0.5974126480792483,0.5777777777777777,0.0,0.0,0.0,0.0,0.0,0.0,0.0,0.0,0.0,0.0,18473,global,0.4
5,2,trees200_depthnone_split2_leaf3_featsqrt_cwnone_trmiss40_degmodglobal,64,1.0,0.0,200,none,2,3,sqrt,none,-1,trees200_depthnone_split2_leaf3_featsqrt_cwnone_trmiss40_degmodglobal,1,0.2759619283323096,1.0,0.9999999999999999,1.0,0.0,0.6812938465495194,0.5988142292490118,0.6043036786682302,0.5777777777777777,0.0,0.0,0.0,0.0,0.0,0.0,0.0,0.0,0.0,0.0,18473,global,0.4
5,2,trees500_depth3_split2_leaf1_featsqrt_cwnone_trmiss40_degmodglobal,64,1.0,0.0,500,3,2,1,sqrt,none,-1,trees500_depth3_split2_leaf1_featsqrt_cwnone_trmiss40_degmodglobal,1,0.45933061888143845,0.9995051954477981,0.9995448205632844,0.9333333333333333,0.0,0.6855520361622752,0.5830039525691699,0.6456988076107598,0.5111111111111111,0.0,0.0,0.0,0.0,0.0,0.0,0.0,0.0,0.0,0.0,18473,global,0.4
5,2,trees500_depth3_split2_leaf3_featsqrt_cwnone_trmiss40_degmodglobal,64,1.0,0.0,500,3,2,3,sqrt,none,-1,trees500_depth3_split2_leaf3_featsqrt_cwnone_trmiss40_degmodglobal,1,0.47375070858950213,0.9995051954477981,0.9995578070965543,0.9222222222222223,0.0,0.695826742249906,0.5237154150197627,0.5592603576523641,0.4666666666666667,0.0,0.0,0.0,0.0,0.0,0.0,0.0,0.0,0.0,0.0,18473,global,0.4
5,2,trees500_depth5_split2_leaf1_featsqrt_cwnone_trmiss40_degmodglobal,64,1.0,0.0,500,5,2,1,sqrt,none,-1,trees500_depth5_split2_leaf1_featsqrt_cwnone_trmiss40_degmodglobal,1,0.3208385017008742,1.0,0.9999999999999999,1.0,0.0,0.6878919994709887,0.5553359683794467,0.5806064975126118,0.5333333333333333,0.0,0.0,0.0,0.0,0.0,0.0,0.0,0.0,0.0,0.0,18473,global,0.4
5,2,trees500_depth5_split2_leaf3_featsqrt_cwnone_trmiss40_degmodglobal,64,1.0,0.0,500,5,2,3,sqrt,none,-1,trees500_depth5_split2_leaf3_featsqrt_cwnone_trmiss40_degmodglobal,1,0.358836617968836,1.0,0.9999999999999999,1.0,0.0,0.6803902793924549,0.6047430830039525,0.6398273747311303,0.5555555555555556,0.0,0.0,0.0,0.0,0.0,0.0,0.0,0.0,0.0,0.0,18473,global,0.4
5,2,trees500_depthnone_split2_leaf1_featsqrt_cwnone_trmiss40_degmodglobal,64,1.0,0.0,500,none,2,1,sqrt,none,-1,trees500_depthnone_split2_leaf1_featsqrt_cwnone_trmiss40_degmodglobal,1,0.20100871959971933,1.0,1.0,1.0,0.0,0.6923927670859519,0.5632411067193676,0.58150719708523,0.5555555555555556,0.0,0.0,0.0,0.0,0.0,0.0,0.0,0.0,0.0,0.0,18473,global,0.4
5,2,trees500_depthnone_split2_leaf3_featsqrt_cwnone_trmiss40_degmodglobal,64,1.0,0.0,500,none,2,3,sqrt,none,-1,trees500_depthnone_split2_leaf3_featsqrt_cwnone_trmiss40_degmodglobal,1,0.27480284046476594,1.0,0.9999999999999999,1.0,0.0,0.6948021933051962,0.5197628458498024,0.5544242770977093,0.5111111111111111,0.0,0.0,0.0,0.0,0.0,0.0,0.0,0.0,0.0,0.0,18473,global,0.4
5,3,trees200_depth3_split2_leaf1_featsqrt_cwnone_trmiss40_degmodglobal,64,1.0,0.0,200,3,2,1,sqrt,none,-1,trees200_depth3_split2_leaf1_featsqrt_cwnone_trmiss40_degmodglobal,1,0.46043776246765344,0.9996288965858485,0.9996651954127055,0.9833333333333333,0.0,0.6943752190844451,0.541501976284585,0.5721607202045352,0.5333333333333333,0.0,0.0,0.0,0.0,0.0,0.0,0.0,0.0,0.0,0.0,18473,global,0.4
5,3,trees200_depth3_split2_leaf3_featsqrt_cwnone_trmiss40_degmodglobal,64,1.0,0.0,200,3,2,3,sqrt,none,-1,trees200_depth3_split2_leaf3_featsqrt_cwnone_trmiss40_degmodglobal,1,0.4745521285455359,1.0,0.9999999999999999,0.9944444444444445,0.0,0.6757717839149657,0.6106719367588933,0.6286953804842538,0.6222222222222222,0.0,0.0,0.0,0.0,0.0,0.0,0.0,0.0,0.0,0.0,18473,global,0.4
5,3,trees200_depth5_split2_leaf1_featsqrt_cwnone_trmiss40_degmodglobal,64,1.0,0.0,200,5,2,1,sqrt,none,-1,trees200_depth5_split2_leaf1_featsqrt_cwnone_trmiss40_degmodglobal,1,0.31692125012303124,1.0,0.9999999999999999,1.0,0.0,0.6973364392577474,0.5474308300395256,0.5742402863117161,0.6,0.0,0.0,0.0,0.0,0.0,0.0,0.0,0.0,0.0,0.0,18473,global,0.4
5,3,trees200_depth5_split2_leaf3_featsqrt_cwnone_trmiss40_degmodglobal,64,1.0,0.0,200,5,2,3,sqrt,none,-1,trees200_depth5_split2_leaf3_featsqrt_cwnone_trmiss40_degmodglobal,1,0.3545545814654674,1.0,0.9999999999999999,1.0,0.0,0.6903938017396122,0.6007905138339921,0.5878621141046304,0.5777777777777777,0.0,0.0,0.0,0.0,0.0,0.0,0.0,0.0,0.0,0.0,18473,global,0.4
5,3,trees200_depthnone_split2_leaf1_featsqrt_cwnone_trmiss40_degmodglobal,64,1.0,0.0,200,none,2,1,sqrt,none,-1,trees200_depthnone_split2_leaf1_featsqrt_cwnone_trmiss40_degmodglobal,1,0.19995115108670156,1.0,1.0,1.0,0.0,0.6868863963468074,0.5948616600790514,0.6133704518318036,0.5333333333333333,0.0,0.0,0.0,0.0,0.0,0.0,0.0,0.0,0.0,0.0,18473,global,0.4
5,3,trees200_depthnone_split2_leaf3_featsqrt_cwnone_trmiss40_degmodglobal,64,1.0,0.0,200,none,2,3,sqrt,none,-1,trees200_depthnone_split2_leaf3_featsqrt_cwnone_trmiss40_degmodglobal,1,0.27581932685641003,1.0,0.9999999999999999,1.0,0.0,0.6687767194735516,0.6442687747035574,0.6283620196057573,0.5111111111111111,0.0,0.0,0.0,0.0,0.0,0.0,0.0,0.0,0.0,0.0,18473,global,0.4
5,3,trees500_depth3_split2_leaf1_featsqrt_cwnone_trmiss40_degmodglobal,64,1.0,0.0,500,3,2,1,sqrt,none,-1,trees500_depth3_split2_leaf1_featsqrt_cwnone_trmiss40_degmodglobal,1,0.45922634838896786,0.9998762988619495,0.9998880179171331,0.9888888888888889,0.0,0.6855291690920533,0.5830039525691699,0.5746411987436115,0.5777777777777777,0.0,0.0,0.0,0.0,0.0,0.0,0.0,0.0,0.0,0.0,18473,global,0.4
5,3,trees500_depth3_split2_leaf3_featsqrt_cwnone_trmiss40_degmodglobal,64,1.0,0.0,500,3,2,3,sqrt,none,-1,trees500_depth3_split2_leaf3_featsqrt_cwnone_trmiss40_degmodglobal,1,0.4775244254153953,1.0,0.9999999999999999,0.9888888888888889,0.0,0.6939201515551713,0.5177865612648221,0.5637882366322063,0.5333333333333333,0.0,0.0,0.0,0.0,0.0,0.0,0.0,0.0,0.0,0.0,18473,global,0.4
5,3,trees500_depth5_split2_leaf1_featsqrt_cwnone_trmiss40_degmodglobal,64,1.0,0.0,500,5,2,1,sqrt,none,-1,trees500_depth5_split2_leaf1_featsqrt_cwnone_trmiss40_degmodglobal,1,0.3192340958294428,1.0,0.9999999999999999,1.0,0.0,0.6948704174994128,0.575098814229249,0.5898779298574064,0.6,0.0,0.0,0.0,0.0,0.0,0.0,0.0,0.0,0.0,0.0,18473,global,0.4
5,3,trees500_depth5_split2_leaf3_featsqrt_cwnone_trmiss40_degmodglobal,64,1.0,0.0,500,5,2,3,sqrt,none,-1,trees500_depth5_split2_leaf3_featsqrt_cwnone_trmiss40_degmodglobal,1,0.36289775504327143,1.0,0.9999999999999999,1.0,0.0,0.6864318191962312,0.5830039525691699,0.5922125269318833,0.5777777777777777,0.0,0.0,0.0,0.0,0.0,0.0,0.0,0.0,0.0,0.0,18473,global,0.4
5,3,trees500_depthnone_split2_leaf1_featsqrt_cwnone_trmiss40_degmodglobal,64,1.0,0.0,500,none,2,1,sqrt,none,-1,trees500_depthnone_split2_leaf1_featsqrt_cwnone_trmiss40_degmodglobal,1,0.1973829944241456,1.0,1.0,1.0,0.0,0.6908326383397201,0.6215415019762845,0.5984071551939765,0.5777777777777777,0.0,0.0,0.0,0.0,0.0,0.0,0.0,0.0,0.0,0.0,18473,global,0.4
5,3,trees500_depthnone_split2_leaf3_featsqrt_cwnone_trmiss40_degmodglobal,64,1.0,0.0,500,none,2,3,sqrt,none,-1,trees500_depthnone_split2_leaf3_featsqrt_cwnone_trmiss40_degmodglobal,1,0.2766785992269415,1.0,0.9999999999999999,1.0,0.0,0.6972343670548687,0.5553359683794467,0.5554172397195337,0.5555555555555556,0.0,0.0,0.0,0.0,0.0,0.0,0.0,0.0,0.0,0.0,18473,global,0.4
5,4,trees200_depth3_split2_leaf1_featsqrt_cwnone_trmiss40_degmodglobal,64,1.0,0.0,200,3,2,1,sqrt,none,-1,trees200_depth3_split2_leaf1_featsqrt_cwnone_trmiss40_degmodglobal,1,0.46331832900980524,0.9997528117661599,0.9997736276174307,0.9944444444444445,0.0,0.6815490657841692,0.6011904761904763,0.6592221853340772,0.5777777777777777,0.0,0.0,0.0,0.0,0.0,0.0,0.0,0.0,0.0,0.0,18473,global,0.4
5,4,trees200_depth3_split2_leaf3_featsqrt_cwnone_trmiss40_degmodglobal,64,1.0,0.0,200,3,2,3,sqrt,none,-1,trees200_depth3_split2_leaf3_featsqrt_cwnone_trmiss40_degmodglobal,1,0.4796903877794389,0.99962921764924,0.9996580073145055,0.9888888888888889,0.0,0.6817028932255818,0.6051587301587302,0.6407582256340055,0.6,0.0,0.0,0.0,0.0,0.0,0.0,0.0,0.0,0.0,0.0,18473,global,0.4
5,4,trees200_depth5_split2_leaf1_featsqrt_cwnone_trmiss40_degmodglobal,64,1.0,0.0,200,5,2,1,sqrt,none,-1,trees200_depth5_split2_leaf1_featsqrt_cwnone_trmiss40_degmodglobal,1,0.3336034991876017,1.0,1.0,1.0,0.0,0.6851335114980961,0.5892857142857143,0.6142198939696137,0.6,0.0,0.0,0.0,0.0,0.0,0.0,0.0,0.0,0.0,0.0,18473,global,0.4
5,4,trees200_depth5_split2_leaf3_featsqrt_cwnone_trmiss40_degmodglobal,64,1.0,0.0,200,5,2,3,sqrt,none,-1,trees200_depth5_split2_leaf3_featsqrt_cwnone_trmiss40_degmodglobal,1,0.3643599631452985,1.0,1.0,1.0,0.0,0.677017183200034,0.6190476190476191,0.6568151450761726,0.6222222222222222,0.0,0.0,0.0,0.0,0.0,0.0,0.0,0.0,0.0,0.0,18473,global,0.4
5,4,trees200_depthnone_split2_leaf1_featsqrt_cwnone_trmiss40_degmodglobal,64,1.0,0.0,200,none,2,1,sqrt,none,-1,trees200_depthnone_split2_leaf1_featsqrt_cwnone_trmiss40_degmodglobal,1,0.19989557933251423,1.0,0.9999999999999998,1.0,0.0,0.6848882390208569,0.5813492063492064,0.6185781791047567,0.6222222222222222,0.0,0.0,0.0,0.0,0.0,0.0,0.0,0.0,0.0,0.0,18473,global,0.4
5,4,trees200_depthnone_split2_leaf3_featsqrt_cwnone_trmiss40_degmodglobal,64,1.0,0.0,200,none,2,3,sqrt,none,-1,trees200_depthnone_split2_leaf3_featsqrt_cwnone_trmiss40_degmodglobal,1,0.27456749454891693,1.0,1.0,1.0,0.0,0.6732870828515678,0.6071428571428572,0.6527878798399399,0.6,0.0,0.0,0.0,0.0,0.0,0.0,0.0,0.0,0.0,0.0,18473,global,0.4
5,4,trees500_depth3_split2_leaf1_featsqrt_cwnone_trmiss40_degmodglobal,64,1.0,0.0,500,3,2,1,sqrt,none,-1,trees500_depth3_split2_leaf1_featsqrt_cwnone_trmiss40_degmodglobal,1,0.46733131318002075,0.9997528117661599,0.9997699893973723,0.9888888888888889,0.0,0.6788155289956562,0.6051587301587301,0.678727971627471,0.5777777777777777,0.0,0.0,0.0,0.0,0.0,0.0,0.0,0.0,0.0,0.0,18473,global,0.4
5,4,trees500_depth3_split2_leaf3_featsqrt_cwnone_trmiss40_degmodglobal,64,1.0,0.0,500,3,2,3,sqrt,none,-1,trees500_depth3_split2_leaf3_featsqrt_cwnone_trmiss40_degmodglobal,1,0.47738956563819557,0.9993820294153998,0.9994513934606101,0.9833333333333333,0.0,0.6826511389810548,0.5972222222222222,0.648824859675084,0.6,0.0,0.0,0.0,0.0,0.0,0.0,0.0,0.0,0.0,0.0,18473,global,0.4
5,4,trees500_depth5_split2_leaf1_featsqrt_cwnone_trmiss40_degmodglobal,64,1.0,0.0,500,5,2,1,sqrt,none,-1,trees500_depth5_split2_leaf1_featsqrt_cwnone_trmiss40_degmodglobal,1,0.32793991615286655,1.0,1.0,1.0,0.0,0.6906133400953457,0.5456349206349207,0.6339757718870338,0.5555555555555556,0.0,0.0,0.0,0.0,0.0,0.0,0.0,0.0,0.0,0.0,18473,global,0.4
5,4,trees500_depth5_split2_leaf3_featsqrt_cwnone_trmiss40_degmodglobal,64,1.0,0.0,500,5,2,3,sqrt,none,-1,trees500_depth5_split2_leaf3_featsqrt_cwnone_trmiss40_degmodglobal,1,0.37135451997849034,1.0,1.0,1.0,0.0,0.6859643782189959,0.5615079365079365,0.656459556975095,0.6,0.0,0.0,0.0,0.0,0.0,0.0,0.0,0.0,0.0,0.0,18473,global,0.4
5,4,trees500_depthnone_split2_leaf1_featsqrt_cwnone_trmiss40_degmodglobal,64,1.0,0.0,500,none,2,1,sqrt,none,-1,trees500_depthnone_split2_leaf1_featsqrt_cwnone_trmiss40_degmodglobal,1,0.20288433826609967,1.0,1.0,1.0,0.0,0.671910357596913,0.621031746031746,0.6945923437281427,0.5777777777777777,0.0,0.0,0.0,0.0,0.0,0.0,0.0,0.0,0.0,0.0,18473,global,0.4
5,4,trees500_depthnone_split2_leaf3_featsqrt_cwnone_trmiss40_degmodglobal,64,1.0,0.0,500,none,2,3,sqrt,none,-1,trees500_depthnone_split2_leaf3_featsqrt_cwnone_trmiss40_degmodglobal,1,0.2782583175014426,1.0,1.0,1.0,0.0,0.6671131129334917,0.6091269841269842,0.6880398345320545,0.5777777777777777,0.0,0.0,0.0,0.0,0.0,0.0,0.0,0.0,0.0,0.0,18473,global,0.4
5,5,trees200_depth3_split2_leaf1_featsqrt_cwnone_trmiss40_degmodglobal,64,1.0,0.0,200,3,2,1,sqrt,none,-1,trees200_depth3_split2_leaf1_featsqrt_cwnone_trmiss40_degmodglobal,1,0.45748379242385623,0.9993820294153998,0.9994513934606101,0.9833333333333333,0.0,0.7147461997666832,0.501984126984127,0.5289121299931295,0.5555555555555556,0.0,0.0,0.0,0.0,0.0,0.0,0.0,0.0,0.0,0.0,18473,global,0.4
5,5,trees200_depth3_split2_leaf3_featsqrt_cwnone_trmiss40_degmodglobal,64,1.0,0.0,200,3,2,3,sqrt,none,-1,trees200_depth3_split2_leaf3_featsqrt_cwnone_trmiss40_degmodglobal,1,0.4687437715926707,0.9956742059077988,0.9961755469269218,0.9666666666666667,0.0,0.6877838167098609,0.5793650793650794,0.5955083230720903,0.6,0.0,0.0,0.0,0.0,0.0,0.0,0.0,0.0,0.0,0.0,18473,global,0.4
5,5,trees200_depth5_split2_leaf1_featsqrt_cwnone_trmiss40_degmodglobal,64,1.0,0.0,200,5,2,1,sqrt,none,-1,trees200_depth5_split2_leaf1_featsqrt_cwnone_trmiss40_degmodglobal,1,0.31083562124692465,1.0,1.0,1.0,0.0,0.7247132757035399,0.4801587301587302,0.525570316093127,0.4888888888888889,0.0,0.0,0.0,0.0,0.0,0.0,0.0,0.0,0.0,0.0,18473,global,0.4
5,5,trees200_depth5_split2_leaf3_featsqrt_cwnone_trmiss40_degmodglobal,64,1.0,0.0,200,5,2,3,sqrt,none,-1,trees200_depth5_split2_leaf3_featsqrt_cwnone_trmiss40_degmodglobal,1,0.35556443782812364,1.0,1.0,1.0,0.0,0.7168567374893706,0.494047619047619,0.5297474071797502,0.5333333333333333,0.0,0.0,0.0,0.0,0.0,0.0,0.0,0.0,0.0,0.0,18473,global,0.4
5,5,trees200_depthnone_split2_leaf1_featsqrt_cwnone_trmiss40_degmodglobal,64,1.0,0.0,200,none,2,1,sqrt,none,-1,trees200_depthnone_split2_leaf1_featsqrt_cwnone_trmiss40_degmodglobal,1,0.19724370911654832,1.0,0.9999999999999999,1.0,0.0,0.7121268405034706,0.5248015873015873,0.5489906853416946,0.5555555555555556,0.0,0.0,0.0,0.0,0.0,0.0,0.0,0.0,0.0,0.0,18473,global,0.4
5,5,trees200_depthnone_split2_leaf3_featsqrt_cwnone_trmiss40_degmodglobal,64,1.0,0.0,200,none,2,3,sqrt,none,-1,trees200_depthnone_split2_leaf3_featsqrt_cwnone_trmiss40_degmodglobal,1,0.27141614936222447,1.0,1.0,1.0,0.0,0.7285221128496977,0.5079365079365079,0.530184305809822,0.5555555555555556,0.0,0.0,0.0,0.0,0.0,0.0,0.0,0.0,0.0,0.0,18473,global,0.4
5,5,trees500_depth3_split2_leaf1_featsqrt_cwnone_trmiss40_degmodglobal,64,1.0,0.0,500,3,2,1,sqrt,none,-1,trees500_depth3_split2_leaf1_featsqrt_cwnone_trmiss40_degmodglobal,1,0.45489061463896957,0.99962921764924,0.9996580073145055,0.9888888888888889,0.0,0.7065585243262711,0.5337301587301588,0.5510046666777004,0.5777777777777777,0.0,0.0,0.0,0.0,0.0,0.0,0.0,0.0,0.0,0.0,18473,global,0.4
5,5,trees500_depth3_split2_leaf3_featsqrt_cwnone_trmiss40_degmodglobal,64,1.0,0.0,500,3,2,3,sqrt,none,-1,trees500_depth3_split2_leaf3_featsqrt_cwnone_trmiss40_degmodglobal,1,0.4703657413622437,0.9991348411815598,0.9991954450036911,0.9777777777777777,0.0,0.7069030394693444,0.5178571428571428,0.5532482339289323,0.5555555555555556,0.0,0.0,0.0,0.0,0.0,0.0,0.0,0.0,0.0,0.0,18473,global,0.4
5,5,trees500_depth5_split2_leaf1_featsqrt_cwnone_trmiss40_degmodglobal,64,1.0,0.0,500,5,2,1,sqrt,none,-1,trees500_depth5_split2_leaf1_featsqrt_cwnone_trmiss40_degmodglobal,1,0.3180658735895263,1.0,1.0,1.0,0.0,0.7217193991824795,0.4960317460317461,0.5256471163740813,0.5333333333333333,0.0,0.0,0.0,0.0,0.0,0.0,0.0,0.0,0.0,0.0,18473,global,0.4
5,5,trees500_depth5_split2_leaf3_featsqrt_cwnone_trmiss40_degmodglobal,64,1.0,0.0,500,5,2,3,sqrt,none,-1,trees500_depth5_split2_leaf3_featsqrt_cwnone_trmiss40_degmodglobal,1,0.3516099296500437,1.0,1.0,1.0,0.0,0.7110131357201099,0.5238095238095238,0.5666798758596362,0.5777777777777777,0.0,0.0,0.0,0.0,0.0,0.0,0.0,0.0,0.0,0.0,18473,global,0.4
5,5,trees500_depthnone_split2_leaf1_featsqrt_cwnone_trmiss40_degmodglobal,64,1.0,0.0,500,none,2,1,sqrt,none,-1,trees500_depthnone_split2_leaf1_featsqrt_cwnone_trmiss40_degmodglobal,1,0.1951490697026344,1.0,1.0,1.0,0.0,0.7101463686059168,0.5238095238095237,0.5479870031854397,0.5333333333333333,0.0,0.0,0.0,0.0,0.0,0.0,0.0,0.0,0.0,0.0,18473,global,0.4
5,5,trees500_depthnone_split2_leaf3_featsqrt_cwnone_trmiss40_degmodglobal,64,1.0,0.0,500,none,2,3,sqrt,none,-1,trees500_depthnone_split2_leaf3_featsqrt_cwnone_trmiss40_degmodglobal,1,0.27110264291616837,1.0,1.0,1.0,0.0,0.7188645108959727,0.5337301587301587,0.5522319351424171,0.5777777777777777,0.0,0.0,0.0,0.0,0.0,0.0,0.0,0.0,0.0,0.0,18473,global,0.4
