{"avg_inner_folds/mean_acc":0.5688888888888889,"avg_inner_folds/std_logloss":0.027121858209622086,"_step":0,"_runtime":0,"avg_inner_folds/std_aucpr":0.056419884605844774,"_wandb":{"runtime":0},"avg_inner_folds/std_auc":0.0699890731523568,"avg_inner_folds/mean_logloss":0.6695333242416381,"avg_inner_folds/std_acc":0.06378977819736588,"avg_inner_folds/mean_aucpr":0.7417171137644729,"avg_inner_folds/mean_auc":0.5824688496088091,"_timestamp":1.772103902774243e+09}