{"_runtime":0.054663535,"avg_inner_best_models/train_loss_mean":0.4787915801008542,"avg_inner_best_models/val_loss_mean":0.655112854639689,"_timestamp":1.7725612569109662e+09,"_step":59,"_wandb":{"runtime":0}}