{"avg_inner_best_models/val_loss_mean":0.6668210029602051,"avg_inner_best_models/val_auc_mean":0.6774847870182555,"_wandb":{"runtime":0},"_runtime":0.058262784,"_timestamp":1.7728070090247624e+09,"_step":43,"avg_inner_best_models/train_loss_mean":0.5530907809734344}