{"_timestamp":1.7728173180921469e+09,"_step":26,"_wandb":{"runtime":0},"_runtime":0.060342776,"avg_inner_best_models/train_loss_mean":0.5120728015899658,"avg_inner_best_models/val_loss_mean":0.6724779804547628,"avg_inner_best_models/val_auc_mean":0.6288032454361056}