{"_timestamp":1.7727689201948085e+09,"_wandb":{"runtime":0},"_runtime":0.059863491,"_step":44,"avg_inner_best_models/train_loss_mean":0.5266794512669245,"avg_inner_best_models/val_loss_mean":0.6252533197402954,"avg_inner_best_models/val_auc_mean":0.7373949579831933}