{"_wandb":{"runtime":0},"_runtime":0.04238974,"avg_inner_best_models/train_loss_mean":0.48694588740666706,"avg_inner_best_models/val_loss_mean":0.6787123084068298,"_timestamp":1.7725152399932928e+09,"_step":23}