{"_timestamp":1.7727935300013978e+09,"_step":42,"avg_inner_best_models/train_loss_mean":0.5038231064875921,"_wandb":{"runtime":0},"_runtime":0.039064641,"avg_inner_best_models/val_loss_mean":0.6313588321208954,"avg_inner_best_models/val_auc_mean":0.7198275862068966}