outer_test_LOGLOSS_mean,outer_test_LOGLOSS_std,outer_test_AUC_mean,outer_test_AUC_std,outer_test_AUCPR_mean,outer_test_AUCPR_std,outer_test_ACC_mean,outer_test_ACC_std,outer_test_SEN_mean,outer_test_SEN_std,outer_test_SP_mean,outer_test_SP_std,outer_test_MCC_mean,outer_test_MCC_std
0.6911427114779478,0.016087728191206265,0.5390084404132023,0.07252545853957303,0.6856265234462582,0.05841436670038172,0.5605743525480368,0.058050452894846956,0.6214285714285713,0.09126245332556503,0.45588888888888884,0.12139290882655207,0.07652417236819922,0.11794244734811367
