outer_test_LOGLOSS_mean,outer_test_LOGLOSS_std,outer_test_AUC_mean,outer_test_AUC_std,outer_test_AUCPR_mean,outer_test_AUCPR_std,outer_test_ACC_mean,outer_test_ACC_std,outer_test_SEN_mean,outer_test_SEN_std,outer_test_SP_mean,outer_test_SP_std,outer_test_MCC_mean,outer_test_MCC_std
0.6726092925985435,0.018616209063776354,0.5772413076341648,0.09045681310652032,0.7071192486382176,0.06350579914575648,0.5984168755221387,0.07570443094523387,0.7464814814814815,0.15398182820486286,0.3428888888888889,0.15348924487473936,0.10400230345185221,0.1466943324409018
