{"_runtime":0.064244264,"avg_inner_best_models/train_loss_mean":0.5408368408679962,"avg_inner_best_models/val_loss_mean":0.6666198372840881,"_timestamp":1.772574760937305e+09,"_step":69,"_wandb":{"runtime":0}}