{"_runtime":0.061223443,"_step":59,"avg_inner_best_models/train_loss_mean":0.5151424671212832,"avg_inner_best_models/val_loss_mean":0.6762105643749237,"_timestamp":1.7725676565000968e+09,"_wandb":{"runtime":0}}