{"_wandb":{"runtime":0},"_runtime":0.055179522,"avg_inner_best_models/train_loss_mean":0.3773847396175067,"avg_inner_best_models/val_loss_mean":0.6397750973701477,"_timestamp":1.7725030336851459e+09,"_step":64}