outer_test_LOGLOSS_mean,outer_test_LOGLOSS_std,outer_test_AUC_mean,outer_test_AUC_std,outer_test_AUCPR_mean,outer_test_AUCPR_std,outer_test_ACC_mean,outer_test_ACC_std,outer_test_SEN_mean,outer_test_SEN_std,outer_test_SP_mean,outer_test_SP_std,outer_test_MCC_mean,outer_test_MCC_std
0.670181482982134,0.01570438492693575,0.5775993953136811,0.054284750671230377,0.7090005830927197,0.05803408742390712,0.5924791144527987,0.0535227423198508,0.7280687830687831,0.13328219584865963,0.36020634920634925,0.14121225618597458,0.0966664799499353,0.09230448494209213
