outer_test_LOGLOSS_mean,outer_test_LOGLOSS_std,outer_test_AUC_mean,outer_test_AUC_std,outer_test_AUCPR_mean,outer_test_AUCPR_std,outer_test_ACC_mean,outer_test_ACC_std,outer_test_SEN_mean,outer_test_SEN_std,outer_test_SP_mean,outer_test_SP_std,outer_test_MCC_mean,outer_test_MCC_std
0.6826649313152533,0.010324102615544886,0.5857659360040312,0.08031903674239507,0.7347778285631464,0.06035542245209482,0.560407268170426,0.07231897615550974,0.5986931216931217,0.242330014041729,0.4939841269841269,0.3002713642630634,0.09844753975144455,0.16190379776917263
