{"_step":30,"avg_inner_best_models/train_loss_mean":0.40904607872168225,"avg_inner_best_models/val_loss_mean":0.6415072381496429,"_timestamp":1.7725121408162248e+09,"_wandb":{"runtime":0},"_runtime":0.037347405}