{"avg_inner_best_models/val_auc_mean":0.6724137931034483,"_timestamp":1.7727680204690294e+09,"_step":49,"_wandb":{"runtime":0},"_runtime":0.063798461,"avg_inner_best_models/train_loss_mean":0.5893561244010925,"avg_inner_best_models/val_loss_mean":0.7104467451572418}