{"avg_inner_best_models/val_loss_mean":0.6494958698749542,"_timestamp":1.772523024340922e+09,"_runtime":0.057126004,"_wandb":{"runtime":0},"_step":44,"avg_inner_best_models/train_loss_mean":0.47503113249937695}