{"_timestamp":1.7725385370028057e+09,"_step":52,"_runtime":0.059435488,"_wandb":{"runtime":0},"avg_inner_best_models/train_loss_mean":0.5074438204367956,"avg_inner_best_models/val_loss_mean":0.6470728516578674}