{"_step":31,"_wandb":{"runtime":0},"_runtime":0.035645505,"avg_inner_best_models/train_loss_mean":0.43725620955228806,"avg_inner_best_models/val_loss_mean":0.6273867189884186,"_timestamp":1.7725124426676261e+09}