{"_timestamp":1.7728187366095462e+09,"_step":49,"avg_inner_best_models/train_loss_mean":0.4737103655934334,"avg_inner_best_models/val_loss_mean":0.7283198833465576,"_wandb":{"runtime":0},"_runtime":0.052642851,"avg_inner_best_models/val_auc_mean":0.6407563025210083}