outer_test_LOGLOSS_mean,outer_test_LOGLOSS_std,outer_test_AUC_mean,outer_test_AUC_std,outer_test_AUCPR_mean,outer_test_AUCPR_std,outer_test_ACC_mean,outer_test_ACC_std,outer_test_SEN_mean,outer_test_SEN_std,outer_test_SP_mean,outer_test_SP_std,outer_test_MCC_mean,outer_test_MCC_std
0.6880566082315662,0.026065185936194665,0.5498726379440664,0.08894100667388341,0.6765980100222274,0.06448016769525308,0.5612677527151211,0.1091327854950384,0.5927407407407408,0.232364766826724,0.500984126984127,0.1754255086265664,0.10032899401363553,0.17197779720039008
