{"avg_inner_best_models/train_loss_mean":0.5245373596747717,"avg_inner_best_models/val_loss_mean":0.64908766746521,"_timestamp":1.7725368904584928e+09,"_step":47,"_wandb":{"runtime":0},"_runtime":0.056554237}