{"_step":69,"avg_inner_best_models/train_loss_mean":0.3592043047149976,"avg_inner_best_models/val_loss_mean":0.6040218869845072,"_timestamp":1.772498101942814e+09,"_wandb":{"runtime":0},"_runtime":0.038855812}