{"_step":56,"_wandb":{"runtime":0},"_runtime":0.038433728,"avg_inner_best_models/train_loss_mean":0.38516003886858624,"avg_inner_best_models/val_loss_mean":0.6242492198944092,"avg_inner_best_models/val_auc_mean":0.6875,"_timestamp":1.772776046429434e+09}