{"_step":63,"avg_inner_best_models/train_loss_mean":0.3823719670375188,"avg_inner_best_models/val_loss_mean":0.6039263010025024,"avg_inner_best_models/val_auc_mean":0.7667342799188641,"_timestamp":1.7727876781868472e+09,"_wandb":{"runtime":0},"_runtime":0.058706187}