{"avg_inner_best_models/val_auc_mean":0.7521008403361344,"_timestamp":1.7728096914245584e+09,"_wandb":{"runtime":0},"_runtime":0.052970998,"_step":47,"avg_inner_best_models/train_loss_mean":0.44725887725750607,"avg_inner_best_models/val_loss_mean":0.610213061173757}