{"_timestamp":1.772761265498211e+09,"_step":36,"avg_inner_best_models/train_loss_mean":0.5334279437859853,"_wandb":{"runtime":0},"_runtime":0.051882992,"avg_inner_best_models/val_loss_mean":0.6779982447624207,"avg_inner_best_models/val_auc_mean":0.6379310344827586}