outer_test_LOGLOSS_mean,outer_test_LOGLOSS_std,outer_test_AUC_mean,outer_test_AUC_std,outer_test_AUCPR_mean,outer_test_AUCPR_std,outer_test_ACC_mean,outer_test_ACC_std,outer_test_SEN_mean,outer_test_SEN_std,outer_test_SP_mean,outer_test_SP_std,outer_test_MCC_mean,outer_test_MCC_std
0.6776041709589907,0.019941186965260795,0.5839335474930712,0.07694561984664777,0.729792683998871,0.06637221643595399,0.5549791144527988,0.08074639415830268,0.6206931216931216,0.18805256711764282,0.43609523809523815,0.18352241290450066,0.05698343755887263,0.13620977079936086
