outer_test_LOGLOSS_mean,outer_test_LOGLOSS_std,outer_test_AUC_mean,outer_test_AUC_std,outer_test_AUCPR_mean,outer_test_AUCPR_std,outer_test_ACC_mean,outer_test_ACC_std,outer_test_SEN_mean,outer_test_SEN_std,outer_test_SP_mean,outer_test_SP_std,outer_test_MCC_mean,outer_test_MCC_std
0.6900435065707419,0.024200405182539807,0.5321975938523558,0.1163997010616144,0.6871922667726227,0.08944039524826974,0.5478675856307436,0.09449286306187354,0.608100529100529,0.11160269955921269,0.44355555555555565,0.11932360041931611,0.05178072611363132,0.1838262200447133
