{"avg_inner_best_models/val_loss_mean":0.6635073741277059,"_timestamp":1.7725485933777738e+09,"_wandb":{"runtime":0},"_runtime":0.06644427,"_step":59,"avg_inner_best_models/train_loss_mean":0.4948569466670354}