outer_test_LOGLOSS_mean,outer_test_LOGLOSS_std,outer_test_AUC_mean,outer_test_AUC_std,outer_test_AUCPR_mean,outer_test_AUCPR_std,outer_test_ACC_mean,outer_test_ACC_std,outer_test_SEN_mean,outer_test_SEN_std,outer_test_SP_mean,outer_test_SP_std,outer_test_MCC_mean,outer_test_MCC_std
0.6774289162731743,0.020763990270970395,0.5850886243386244,0.09316455782345406,0.7212698216196647,0.0645803403837071,0.5727025898078528,0.06628816261017814,0.6117671957671956,0.16111791333874884,0.5077142857142857,0.18349164511131166,0.12391696950721605,0.11943165703816548
