outer_test_LOGLOSS_mean,outer_test_LOGLOSS_std,outer_test_AUC_mean,outer_test_AUC_std,outer_test_AUCPR_mean,outer_test_AUCPR_std,outer_test_ACC_mean,outer_test_ACC_std,outer_test_SEN_mean,outer_test_SEN_std,outer_test_SP_mean,outer_test_SP_std,outer_test_MCC_mean,outer_test_MCC_std
0.6731954344872931,0.01780695943773936,0.5966490929705215,0.06533370435397438,0.7120080589087735,0.03530182438633608,0.5754615705931495,0.0780134023705658,0.6384074074074074,0.16614608458358507,0.4706825396825396,0.16000667147996825,0.11727372104539853,0.1408349503250538
