{"avg_inner_best_models/train_loss_mean":0.5201702217260996,"avg_inner_best_models/val_loss_mean":0.652128666639328,"avg_inner_best_models/val_auc_mean":0.728448275862069,"_timestamp":1.772758183254934e+09,"_wandb":{"runtime":0},"_runtime":0.051323864,"_step":64}