{"_step":54,"avg_inner_best_models/train_loss_mean":0.6099474132061005,"avg_inner_best_models/val_loss_mean":0.7213562726974487,"avg_inner_best_models/val_auc_mean":0.7155172413793104,"_timestamp":1.7727531326282206e+09,"_wandb":{"runtime":0},"_runtime":0.052444874}