{"_runtime":0.069420198,"_step":23,"avg_inner_best_models/train_loss_mean":0.5282479524612427,"avg_inner_best_models/val_loss_mean":0.6697627305984497,"avg_inner_best_models/val_auc_mean":0.625,"_timestamp":1.772805425400668e+09,"_wandb":{"runtime":0}}