{"avg_inner_best_models/train_loss_mean":0.3327158913016319,"_wandb":{"runtime":0},"_runtime":0.037827354,"avg_inner_best_models/val_loss_mean":0.6143129269282023,"_timestamp":1.772515505133196e+09,"_step":54}