{"avg_inner_best_models/val_loss_mean":0.6200907230377197,"avg_inner_best_models/val_auc_mean":0.7456896551724138,"_timestamp":1.7727605260971186e+09,"_step":46,"_wandb":{"runtime":0},"_runtime":0.052585175,"avg_inner_best_models/train_loss_mean":0.4129210114479065}