outer_test_LOGLOSS_mean,outer_test_LOGLOSS_std,outer_test_AUC_mean,outer_test_AUC_std,outer_test_AUCPR_mean,outer_test_AUCPR_std,outer_test_ACC_mean,outer_test_ACC_std,outer_test_SEN_mean,outer_test_SEN_std,outer_test_SP_mean,outer_test_SP_std,outer_test_MCC_mean,outer_test_MCC_std
0.6787181366883533,0.024585050565499155,0.5914758125472412,0.09104464594216394,0.6994670918268954,0.05332432000716508,0.6027568922305765,0.05356868040262327,0.6477777777777778,0.09667305215180536,0.5233333333333333,0.11331932686558743,0.1706963641424962,0.10394884292386651
