{"_step":41,"avg_inner_best_models/train_loss_mean":0.34960146248340607,"avg_inner_best_models/val_loss_mean":0.6107696890830994,"_timestamp":1.7725253048094444e+09,"_wandb":{"runtime":0},"_runtime":0.061313705}