{"avg_inner_best_models/val_loss_mean":0.6665158669153849,"_timestamp":1.772545912077791e+09,"_wandb":{"runtime":0},"_runtime":0.070043843,"_step":40,"avg_inner_best_models/train_loss_mean":0.5957936694224676}