{"_timestamp":1.7725131052408986e+09,"_wandb":{"runtime":0},"_runtime":0.040302012,"_step":66,"avg_inner_best_models/train_loss_mean":0.32130803167819977,"avg_inner_best_models/val_loss_mean":0.5799903869628906}