{"_runtime":0.052076621,"_step":42,"avg_inner_best_models/train_loss_mean":0.5043687696258227,"avg_inner_best_models/val_loss_mean":0.6426165898640951,"avg_inner_best_models/val_auc_mean":0.7607758620689655,"_timestamp":1.772794044967159e+09,"_wandb":{"runtime":0}}