outer_test_LOGLOSS_mean,outer_test_LOGLOSS_std,outer_test_AUC_mean,outer_test_AUC_std,outer_test_AUCPR_mean,outer_test_AUCPR_std,outer_test_ACC_mean,outer_test_ACC_std,outer_test_SEN_mean,outer_test_SEN_std,outer_test_SP_mean,outer_test_SP_std,outer_test_MCC_mean,outer_test_MCC_std
0.6809323871272515,0.0191693634389475,0.5536332199546486,0.11243939221640774,0.6871454424717426,0.08315341853128423,0.581656223893066,0.07819565902207802,0.695026455026455,0.08074420511207825,0.3863968253968254,0.1404235934778019,0.08204650954346691,0.1723586161086301
