outer_test_LOGLOSS_mean,outer_test_LOGLOSS_std,outer_test_AUC_mean,outer_test_AUC_std,outer_test_AUCPR_mean,outer_test_AUCPR_std,outer_test_ACC_mean,outer_test_ACC_std,outer_test_SEN_mean,outer_test_SEN_std,outer_test_SP_mean,outer_test_SP_std,outer_test_MCC_mean,outer_test_MCC_std
0.6816863795959631,0.02126401342503944,0.5782013101536911,0.1172968462884635,0.7057045479017584,0.09116203234971976,0.5828613199665831,0.07470249346935671,0.6462328042328043,0.09551503477387181,0.47285714285714275,0.15632212529743864,0.1168996439912112,0.16088406167957278
