{"avg_inner_best_models/train_loss_mean":0.5384283194939296,"avg_inner_best_models/val_loss_mean":0.6590061565240224,"_timestamp":1.7725618906482265e+09,"_wandb":{"runtime":0},"_runtime":0.05471645,"_step":59}