{"_timestamp":1.7725708892460003e+09,"_wandb":{"runtime":0},"_runtime":0.058865887,"_step":59,"avg_inner_best_models/train_loss_mean":0.49172299802303315,"avg_inner_best_models/val_loss_mean":0.671711536248525}