{"_runtime":0.053586041,"avg_inner_best_models/val_auc_mean":0.754201680672269,"_timestamp":1.7728069037415586e+09,"_step":50,"avg_inner_best_models/train_loss_mean":0.5358930925528208,"avg_inner_best_models/val_loss_mean":0.6562726497650146,"_wandb":{"runtime":0}}