outer_test_LOGLOSS_mean,outer_test_LOGLOSS_std,outer_test_AUC_mean,outer_test_AUC_std,outer_test_AUCPR_mean,outer_test_AUCPR_std,outer_test_ACC_mean,outer_test_ACC_std,outer_test_SEN_mean,outer_test_SEN_std,outer_test_SP_mean,outer_test_SP_std,outer_test_MCC_mean,outer_test_MCC_std
0.6840580740871328,0.010566412961097206,0.5561618795666413,0.06864172083117351,0.7016862133315785,0.05625344865878843,0.5759106098579783,0.06902418557737577,0.6653227513227513,0.13970108884782612,0.4175714285714286,0.12393136014268222,0.09035160659583819,0.11632153590068638
