outer_test_LOGLOSS_mean,outer_test_LOGLOSS_std,outer_test_AUC_mean,outer_test_AUC_std,outer_test_AUCPR_mean,outer_test_AUCPR_std,outer_test_ACC_mean,outer_test_ACC_std,outer_test_SEN_mean,outer_test_SEN_std,outer_test_SP_mean,outer_test_SP_std,outer_test_MCC_mean,outer_test_MCC_std
0.6841791136645407,0.014590741448471967,0.5631413454270597,0.09673272201661579,0.7037434054237086,0.06625530249395666,0.5645196324143692,0.08177239738394565,0.6218730158730159,0.09454943839527488,0.4644920634920635,0.11191374975522496,0.08571915444423191,0.16337365718073726
