outer_test_LOGLOSS_mean,outer_test_LOGLOSS_std,outer_test_AUC_mean,outer_test_AUC_std,outer_test_AUCPR_mean,outer_test_AUCPR_std,outer_test_ACC_mean,outer_test_ACC_std,outer_test_SEN_mean,outer_test_SEN_std,outer_test_SP_mean,outer_test_SP_std,outer_test_MCC_mean,outer_test_MCC_std
0.6840096966507286,0.016962497507629775,0.5659537666918618,0.08548800997029306,0.7000175389082386,0.06903001482556968,0.5758646616541353,0.06715190107745116,0.6100317460317459,0.07313673583277172,0.5172857142857142,0.09744386763638958,0.12408200912387347,0.1354009974495351
