{"avg_inner_best_models/train_loss_mean":0.5269835020105044,"avg_inner_best_models/val_loss_mean":0.6402195692062378,"_timestamp":1.7725323873477342e+09,"_wandb":{"runtime":0},"_runtime":0.060469276,"_step":52}