{"_step":30,"avg_inner_best_models/train_loss_mean":0.5808319350083669,"avg_inner_best_models/val_loss_mean":0.6690045595169067,"_wandb":{"runtime":0},"_runtime":0.04562609,"_timestamp":1.7725450517551887e+09}