{"avg_inner_best_models/val_loss_mean":0.6736206213633219,"avg_inner_best_models/val_auc_mean":0.6810344827586207,"_timestamp":1.7728188402027583e+09,"_step":37,"avg_inner_best_models/train_loss_mean":0.5511509080727895,"_wandb":{"runtime":0},"_runtime":0.057371556}