{"_runtime":0.064014468,"avg_inner_best_models/val_loss_mean":0.6712433497111002,"avg_inner_best_models/val_auc_mean":0.6724137931034483,"_timestamp":1.7728593676287777e+09,"_step":37,"avg_inner_best_models/train_loss_mean":0.9563620785872141,"_wandb":{"runtime":0}}