{"avg_inner_best_models/train_loss_mean":0.49733225752909976,"avg_inner_best_models/val_loss_mean":0.6447360316912333,"_wandb":{"runtime":0},"_runtime":0.082102436,"avg_inner_best_models/val_auc_mean":0.6142241379310345,"_timestamp":1.7728240283990054e+09,"_step":29}