{"avg_inner_best_models/val_loss_mean":0.6657398740450541,"avg_inner_best_models/val_auc_mean":0.6702586206896551,"_timestamp":1.7728296423534362e+09,"_step":33,"_runtime":0.056267933,"_wandb":{"runtime":0},"avg_inner_best_models/train_loss_mean":0.493750994404157}