{"_timestamp":1.7725316065312397e+09,"_step":32,"avg_inner_best_models/train_loss_mean":0.4831354344884555,"avg_inner_best_models/val_loss_mean":0.664507249991099,"_wandb":{"runtime":0},"_runtime":0.036356765}