{"_timestamp":1.7728586000777647e+09,"_step":46,"avg_inner_best_models/train_loss_mean":0.7522845963637034,"avg_inner_best_models/val_loss_mean":0.6551153659820557,"avg_inner_best_models/val_auc_mean":0.7306034482758621,"_wandb":{"runtime":0},"_runtime":0.055155605}