{"_wandb":{"runtime":0},"_runtime":0.062564564,"avg_inner_best_models/val_loss_mean":0.6387097835540771,"_timestamp":1.7725295177853634e+09,"_step":64,"avg_inner_best_models/train_loss_mean":0.42468497157096863}