{"avg_inner_best_models/train_loss_mean":0.4192916303873062,"avg_inner_best_models/val_loss_mean":0.6488346457481384,"avg_inner_best_models/val_auc_mean":0.7112068965517241,"_timestamp":1.7727724135586104e+09,"_step":58,"_wandb":{"runtime":0},"_runtime":0.061783511}