{"_runtime":0.034572995,"avg_inner_best_models/train_loss_mean":0.5455395728349686,"avg_inner_best_models/val_loss_mean":0.6926976044972738,"_timestamp":1.7725134359089916e+09,"_step":22,"_wandb":{"runtime":0}}