{"_step":776,"inner_ensemble/val_loss":0.6036407742235396,"outer_mean/best_avg_epoch":21.4,"inner_avg_folds/val_loss_std":0,"outer_mean/seed":22,"_timestamp":1.772054804676186e+09,"cv/inner_folds_count":1,"inner_avg_folds/val_auc_std":0,"inner_epoch/val_loss":0.7307122747103373,"inner_fold/best_val_loss":0.7026387254397074,"inner_ensemble/mcc":0.7550119889434047,"inner_avg_folds/best_val_loss_mean":0.6864754954973856,"inner_epoch/val_auc":0.5581896551724138,"inner_epoch/val_aucpr":0.7193104794418453,"cv/outer_fold":5,"inner_ensemble/acc":0.8888888888888888,"outer_mean/outer_fold":3,"cv/best_epoch":32,"inner_epoch/train_loss":0.5696808670957884,"cv/epoch":42,"_wandb":{"runtime":609},"inner_ensemble/auc":0.9375,"inner_epoch/train_auc":0.9121497774286462,"inner_ensemble/aucpr":0.9654047766548572,"cv/best_epoch_inner_fold":16,"inner_avg_folds/val_loss_mean":0.7307122747103373,"tuning/std_best_val_loss":0.025676082925565856,"inner_ensemble/sen":0.9310344827586207,"inner_ensemble/sp":0.8125,"inner_avg_folds/val_auc_mean":0.5581896551724138,"cv/inner_ensemble_size":5,"inner_epoch/val_acc":0.4222222222222222,"_runtime":609,"outer_mean/best_avg_val_loss_mean":0.6491024335225423,"cv/inner_fold":5,"tuning/mean_best_val_loss":0.6491024335225423}