{"_wandb":{"runtime":0},"_runtime":0.036111344,"avg_inner_best_models/val_loss_mean":0.6527777314186096,"_timestamp":1.772536973986042e+09,"_step":26,"avg_inner_best_models/train_loss_mean":0.5417608320713043}