outer_test_LOGLOSS_mean,outer_test_LOGLOSS_std,outer_test_AUC_mean,outer_test_AUC_std,outer_test_AUCPR_mean,outer_test_AUCPR_std,outer_test_ACC_mean,outer_test_ACC_std,outer_test_SEN_mean,outer_test_SEN_std,outer_test_SP_mean,outer_test_SP_std,outer_test_MCC_mean,outer_test_MCC_std
0.6794314016948831,0.0143504611009662,0.5603961955152432,0.05756891074349987,0.6935808286306282,0.028657619710673616,0.5560505430242273,0.059515032704880594,0.6327460317460317,0.16795857552873014,0.4218253968253968,0.18830425511572002,0.05473314676423062,0.10314478292015856
