outer_test_LOGLOSS_mean,outer_test_LOGLOSS_std,outer_test_AUC_mean,outer_test_AUC_std,outer_test_AUCPR_mean,outer_test_AUCPR_std,outer_test_ACC_mean,outer_test_ACC_std,outer_test_SEN_mean,outer_test_SEN_std,outer_test_SP_mean,outer_test_SP_std,outer_test_MCC_mean,outer_test_MCC_std
0.683912009427843,0.008775918625511137,0.5726251574703956,0.06658678630668328,0.7152194138526285,0.04794987339097193,0.5559502923976609,0.05343387899797867,0.5742804232804233,0.08307302308169667,0.5240952380952381,0.10035166217808178,0.09587589678190613,0.10447168161277032
