{"avg_inner_best_models/train_loss_mean":0.6487058699131012,"avg_inner_best_models/val_loss_mean":0.78525177637736,"_timestamp":1.7725346704271557e+09,"_step":30,"_wandb":{"runtime":0},"_runtime":0.06053907}