{"avg_inner_best_models/val_loss_mean":0.6168569326400757,"avg_inner_best_models/val_auc_mean":0.6724137931034482,"_timestamp":1.7727817066103098e+09,"_wandb":{"runtime":0},"_runtime":0.060544415,"_step":44,"avg_inner_best_models/train_loss_mean":0.3950451463460922}