outer_test_LOGLOSS_mean,outer_test_LOGLOSS_std,outer_test_AUC_mean,outer_test_AUC_std,outer_test_AUCPR_mean,outer_test_AUCPR_std,outer_test_ACC_mean,outer_test_ACC_std,outer_test_SEN_mean,outer_test_SEN_std,outer_test_SP_mean,outer_test_SP_std,outer_test_MCC_mean,outer_test_MCC_std
0.6764134105757607,0.012922562852935126,0.5900406273620559,0.061851393434909176,0.7141722246136762,0.0526909097786394,0.5772138680033417,0.05080557935577404,0.6388095238095238,0.08809414639275116,0.46928571428571425,0.10769088564127964,0.10803849290280414,0.10043644827838294
