{"_wandb":{"runtime":0},"_runtime":0.035068168,"avg_inner_best_models/val_loss_mean":0.6581940452257792,"_timestamp":1.7725029515600617e+09,"_step":33,"avg_inner_best_models/train_loss_mean":0.4308851808309555}