{"_wandb":{"runtime":0},"_runtime":0.046298497,"avg_inner_best_models/train_loss_mean":0.5941286285718282,"avg_inner_best_models/val_loss_mean":0.6969249248504639,"avg_inner_best_models/val_auc_mean":0.5651260504201681,"_timestamp":1.7728267494355946e+09,"_step":80}