{"avg_inner_best_models/val_loss_mean":0.6242755055427551,"_wandb":{"runtime":0},"_runtime":0.069667492,"avg_inner_best_models/val_auc_mean":0.6681034482758621,"_timestamp":1.7727873495118e+09,"_step":80,"avg_inner_best_models/train_loss_mean":0.4068968594074249}