{"_wandb":{"runtime":0},"avg_inner_best_models/train_loss_mean":0.4690221647421519,"avg_inner_best_models/val_loss_mean":0.6176859140396118,"avg_inner_best_models/val_auc_mean":0.6724137931034482,"_timestamp":1.7728062499420676e+09,"_step":33,"_runtime":0.051581574}