{"_step":27,"avg_inner_best_models/train_loss_mean":0.3058216944336891,"avg_inner_best_models/val_loss_mean":0.6211990118026733,"_runtime":0.050247297,"_wandb":{"runtime":0},"_timestamp":1.7724958275690942e+09}