{"_timestamp":1.772496820954246e+09,"_step":42,"avg_inner_best_models/train_loss_mean":0.28449074054757756,"avg_inner_best_models/val_loss_mean":0.596262792746226,"_wandb":{"runtime":0},"_runtime":0.036050991}