{"avg_inner_best_models/train_loss_mean":0.43699066589276,"avg_inner_best_models/val_loss_mean":0.6129719614982605,"_timestamp":1.7725242128762074e+09,"_wandb":{"runtime":0},"_runtime":0.035168243,"_step":30}