{"avg_inner_best_models/train_loss_mean":0.2287812481323878,"avg_inner_best_models/val_loss_mean":0.593880832195282,"_timestamp":1.7725109810659075e+09,"_wandb":{"runtime":0},"_runtime":0.03916289,"_step":56}