{"avg_inner_best_models/train_loss_mean":0.4986574550469716,"avg_inner_best_models/val_loss_mean":0.6485739052295685,"avg_inner_best_models/val_auc_mean":0.707983193277311,"_timestamp":1.7728040399447305e+09,"_step":37,"_runtime":0.064509487,"_wandb":{"runtime":0}}