{"avg_inner_best_models/train_loss_mean":0.5056175539890925,"avg_inner_best_models/val_loss_mean":0.665343701839447,"_wandb":{"runtime":0},"_runtime":0.057708427,"avg_inner_best_models/val_auc_mean":0.6855983772819473,"_timestamp":1.7727697130126958e+09,"_step":53}