{"_timestamp":1.7727535687141404e+09,"_step":69,"_wandb":{"runtime":0},"_runtime":0.047959369,"avg_inner_best_models/train_loss_mean":0.4712945570548375,"avg_inner_best_models/val_loss_mean":0.665448397397995,"avg_inner_best_models/val_auc_mean":0.726890756302521}