{"_runtime":0.052027516,"avg_inner_best_models/train_loss_mean":0.41726738462845486,"avg_inner_best_models/val_loss_mean":0.6260600884755453,"_timestamp":1.7725558751687164e+09,"_step":60,"_wandb":{"runtime":0}}