{"_runtime":0.044776247,"_timestamp":1.7725339757661414e+09,"_step":32,"avg_inner_best_models/train_loss_mean":0.5384251127640406,"avg_inner_best_models/val_loss_mean":0.7580609023571014,"_wandb":{"runtime":0}}