{"_wandb":{"runtime":0},"_runtime":0.056338049,"avg_inner_best_models/train_loss_mean":0.504902626077334,"avg_inner_best_models/val_loss_mean":0.6211071014404297,"avg_inner_best_models/val_auc_mean":0.7564655172413793,"_timestamp":1.7727830976873157e+09,"_step":54}