{"_runtime":0.051527355,"avg_inner_best_models/train_loss_mean":0.44949589421351754,"avg_inner_best_models/val_loss_mean":0.6488160640001297,"avg_inner_best_models/val_auc_mean":0.636853448275862,"_timestamp":1.7728265464490101e+09,"_step":35,"_wandb":{"runtime":0}}