{"_step":56,"avg_inner_best_models/train_loss_mean":0.3262905577818553,"avg_inner_best_models/val_loss_mean":0.6303894817829132,"_wandb":{"runtime":0},"_runtime":0.053206799,"_timestamp":1.7725160341281133e+09}