{"avg_inner_best_models/train_loss_mean":0.42880495886007947,"avg_inner_best_models/val_loss_mean":0.674117386341095,"_timestamp":1.7725281683231854e+09,"_wandb":{"runtime":0},"_runtime":0.038577364,"_step":58}