{"_timestamp":1.7728186133913145e+09,"_step":23,"avg_inner_best_models/train_loss_mean":0.5107717414697012,"avg_inner_best_models/val_loss_mean":0.6553599039713541,"avg_inner_best_models/val_auc_mean":0.7133620689655172,"_runtime":0.034976705,"_wandb":{"runtime":0}}