{"_timestamp":1.7725362368027046e+09,"_step":30,"_wandb":{"runtime":0},"_runtime":0.051406422,"avg_inner_best_models/train_loss_mean":0.5630974372227987,"avg_inner_best_models/val_loss_mean":0.6667957007884979}