{"avg_inner_folds/mean_acc":0.5333333333333333,"avg_inner_curve/val_loss_std":0,"avg_inner_curve/val_auc_mean":0.5086206896551724,"avg_inner_curve/val_acc_mean":0.6,"avg_inner_curve/val_acc_std":0,"avg_inner_folds/mean_logloss":0.6877852839893766,"avg_inner_folds/std_logloss":0.019150129446175897,"avg_inner_folds/std_aucpr":0.041992976777596835,"avg_inner_folds/mean_aucpr":0.6846652725790319,"avg_inner_folds/mean_auc":0.531356853086062,"avg_inner_curve/folds_count":1,"avg_inner_curve/train_loss_std":0,"_step":28,"_wandb":{"runtime":0},"_runtime":0,"avg_inner_folds/std_auc":0.06008153684516404,"_timestamp":1.772107002148761e+09,"avg_inner_curve/val_auc_std":0,"avg_inner_folds/std_acc":0.10134892667547894,"avg_inner_curve/val_loss_mean":0.6708292166392008,"avg_inner_curve/train_loss_mean":0.5185476324775002}