{"_runtime":0.037368336,"_step":30,"avg_inner_best_models/train_loss_mean":0.4696073929468791,"avg_inner_best_models/val_loss_mean":0.6827239394187927,"_timestamp":1.7725301405071676e+09,"_wandb":{"runtime":0}}