{"_wandb":{"runtime":0},"_runtime":0.06644319,"avg_inner_best_models/val_auc_mean":0.709051724137931,"_timestamp":1.7727988537923965e+09,"_step":39,"avg_inner_best_models/train_loss_mean":0.4928729087114334,"avg_inner_best_models/val_loss_mean":0.6494486133257548}