{"avg_inner_best_models/val_loss_mean":0.6201067864894867,"_timestamp":1.7725025322711134e+09,"_wandb":{"runtime":0},"_runtime":0.040151834,"_step":80,"avg_inner_best_models/train_loss_mean":0.289617583155632}