{"_timestamp":1.7727802868717182e+09,"_step":26,"avg_inner_best_models/train_loss_mean":0.5341331114371618,"_wandb":{"runtime":0},"_runtime":0.05175302,"avg_inner_best_models/val_loss_mean":0.6542837421099345,"avg_inner_best_models/val_auc_mean":0.6995798319327731}