{"avg_inner_best_models/train_loss_mean":0.938329761226972,"_runtime":0.084752977,"_wandb":{"runtime":0},"avg_inner_best_models/val_loss_mean":0.5920753876368204,"avg_inner_best_models/val_auc_mean":0.8038793103448276,"_timestamp":1.7728497122267187e+09,"_step":66}