{"_timestamp":1.7727881092925117e+09,"_wandb":{"runtime":0},"_runtime":0.062837422,"_step":34,"avg_inner_best_models/train_loss_mean":0.5229113350311915,"avg_inner_best_models/val_loss_mean":0.6365055441856384,"avg_inner_best_models/val_auc_mean":0.7139959432048681}