{"_timestamp":1.772762640762307e+09,"_runtime":0.06117437,"_wandb":{"runtime":0},"_step":36,"avg_inner_best_models/train_loss_mean":0.4861346259713173,"avg_inner_best_models/val_loss_mean":0.6531079610188802,"avg_inner_best_models/val_auc_mean":0.6064908722109534}