outer_test_LOGLOSS_mean,outer_test_LOGLOSS_std,outer_test_AUC_mean,outer_test_AUC_std,outer_test_AUCPR_mean,outer_test_AUCPR_std,outer_test_ACC_mean,outer_test_ACC_std,outer_test_SEN_mean,outer_test_SEN_std,outer_test_SP_mean,outer_test_SP_std,outer_test_MCC_mean,outer_test_MCC_std
0.6744254351179211,0.01927192980240739,0.5558994708994709,0.08555837361570402,0.6927837103548341,0.08344232084255813,0.5602130325814536,0.06356577279525985,0.7147619047619047,0.059135239649511374,0.2895238095238095,0.13732956866909252,0.0005169649300262674,0.1641988017566759
