{"_wandb":{"runtime":0},"_runtime":0.051901385,"avg_inner_best_models/train_loss_mean":0.4803418964147568,"avg_inner_best_models/val_loss_mean":0.6337352395057678,"_timestamp":1.7725191229083838e+09,"_step":25}