{"_wandb":{"runtime":0},"_runtime":0.054027188,"_step":29,"avg_inner_best_models/train_loss_mean":0.5887516836325327,"avg_inner_best_models/val_loss_mean":0.6927317182223002,"avg_inner_best_models/val_auc_mean":0.6450304259634888,"_timestamp":1.7727883284876862e+09}