outer_test_LOGLOSS_mean,outer_test_LOGLOSS_std,outer_test_AUC_mean,outer_test_AUC_std,outer_test_AUCPR_mean,outer_test_AUCPR_std,outer_test_ACC_mean,outer_test_ACC_std,outer_test_SEN_mean,outer_test_SEN_std,outer_test_SP_mean,outer_test_SP_std,outer_test_MCC_mean,outer_test_MCC_std
0.678739952873999,0.013381819177340512,0.574200743260267,0.06202493495103327,0.7150827471986371,0.04718427979485201,0.5465121136173768,0.06503481426343435,0.60910582010582,0.09631843035049933,0.43639682539682534,0.0683992417675919,0.04674555966695339,0.11435447861899228
