{"avg_inner_best_models/val_auc_mean":0.7370689655172414,"_timestamp":1.7727853230093296e+09,"_step":60,"avg_inner_best_models/train_loss_mean":0.42767153680324554,"avg_inner_best_models/val_loss_mean":0.6129067838191986,"_wandb":{"runtime":0},"_runtime":0.054261172}