outer_test_LOGLOSS_mean,outer_test_LOGLOSS_std,outer_test_AUC_mean,outer_test_AUC_std,outer_test_AUCPR_mean,outer_test_AUCPR_std,outer_test_ACC_mean,outer_test_ACC_std,outer_test_SEN_mean,outer_test_SEN_std,outer_test_SP_mean,outer_test_SP_std,outer_test_MCC_mean,outer_test_MCC_std
0.6727234846436012,0.013550115481090148,0.5764004787100024,0.05286333345418868,0.7164617793042812,0.04529057060546763,0.5765371762740183,0.059821540999365985,0.6915608465608466,0.1231095124547743,0.37895238095238093,0.11288291620324545,0.07868949058409447,0.11218162901650669
