outer_test_LOGLOSS_mean,outer_test_LOGLOSS_std,outer_test_AUC_mean,outer_test_AUC_std,outer_test_AUCPR_mean,outer_test_AUCPR_std,outer_test_ACC_mean,outer_test_ACC_std,outer_test_SEN_mean,outer_test_SEN_std,outer_test_SP_mean,outer_test_SP_std,outer_test_MCC_mean,outer_test_MCC_std
0.683590513437199,0.017718867237608887,0.5564742378432854,0.06737267437181411,0.6968464391653423,0.05896962980616639,0.5499624060150375,0.08831059644798875,0.6075396825396825,0.21132093862381549,0.456031746031746,0.18202397264609307,0.07172565878139708,0.1252238824920066
