outer_test_LOGLOSS_mean,outer_test_LOGLOSS_std,outer_test_AUC_mean,outer_test_AUC_std,outer_test_AUCPR_mean,outer_test_AUCPR_std,outer_test_ACC_mean,outer_test_ACC_std,outer_test_SEN_mean,outer_test_SEN_std,outer_test_SP_mean,outer_test_SP_std,outer_test_MCC_mean,outer_test_MCC_std
0.6800501334780521,0.007433626753875126,0.5530825144872764,0.03319470205202854,0.6775757738958387,0.028420002956450113,0.583095238095238,0.04304795988227676,0.6981851851851852,0.09898805584618038,0.3856825396825397,0.109412934091239,0.08880964422352638,0.08300706092054794
