{"_wandb":{"runtime":0},"_runtime":0.062107097,"_step":80,"avg_inner_best_models/train_loss_mean":0.4391879340012868,"avg_inner_best_models/val_loss_mean":0.6314083337783813,"avg_inner_best_models/val_auc_mean":0.6810344827586208,"_timestamp":1.7727765964247363e+09}