{"_timestamp":1.7727806107862942e+09,"_step":80,"avg_inner_best_models/train_loss_mean":0.49674702684084576,"_runtime":0.058603723,"_wandb":{"runtime":0},"avg_inner_best_models/val_loss_mean":0.6265674233436584,"avg_inner_best_models/val_auc_mean":0.7974137931034482}