{"avg_inner_best_models/val_auc_mean":0.6113445378151261,"_timestamp":1.772751254508387e+09,"_wandb":{"runtime":0},"_runtime":0.037251723,"_step":36,"avg_inner_best_models/train_loss_mean":0.46006259818871814,"avg_inner_best_models/val_loss_mean":0.6582727829615275}