{"avg_inner_best_models/val_loss_mean":0.6519788702329,"avg_inner_best_models/val_auc_mean":0.6250000000000001,"_timestamp":1.7728303542989666e+09,"_wandb":{"runtime":0},"_runtime":0.055904496,"_step":36,"avg_inner_best_models/train_loss_mean":0.4820377801855405}