{"avg_inner_best_models/train_loss_mean":0.47657166918118793,"avg_inner_best_models/val_loss_mean":0.6304530799388885,"_timestamp":1.772511779184348e+09,"_step":32,"_wandb":{"runtime":0},"_runtime":0.036177229}