outer_test_LOGLOSS_mean,outer_test_LOGLOSS_std,outer_test_AUC_mean,outer_test_AUC_std,outer_test_AUCPR_mean,outer_test_AUCPR_std,outer_test_ACC_mean,outer_test_ACC_std,outer_test_SEN_mean,outer_test_SEN_std,outer_test_SP_mean,outer_test_SP_std,outer_test_MCC_mean,outer_test_MCC_std
0.678190423832186,0.021968940411938708,0.5665795540438398,0.07683714819031238,0.6963526089008586,0.0528011244581472,0.5896470342522975,0.06356893676839115,0.6785925925925927,0.13611018934647767,0.4366507936507937,0.13916527522717143,0.12102089695739385,0.11218335193271639
