{"avg_inner_best_models/val_loss_mean":0.6329778432846069,"avg_inner_best_models/val_auc_mean":0.6831896551724137,"_wandb":{"runtime":0},"_runtime":0.059340743,"_timestamp":1.7727679172553189e+09,"_step":44,"avg_inner_best_models/train_loss_mean":0.5089811608195305}