outer_test_LOGLOSS_mean,outer_test_LOGLOSS_std,outer_test_AUC_mean,outer_test_AUC_std,outer_test_AUCPR_mean,outer_test_AUCPR_std,outer_test_ACC_mean,outer_test_ACC_std,outer_test_SEN_mean,outer_test_SEN_std,outer_test_SP_mean,outer_test_SP_std,outer_test_MCC_mean,outer_test_MCC_std
0.6825787465478106,0.013241760492557467,0.625408415217939,0.0821838125618972,0.7560344240348716,0.04664077676385412,0.5488471177944863,0.05495741537776044,0.5053597883597882,0.1339105162572321,0.6288095238095237,0.17750126758824686,0.1365842250166316,0.11937652843792027
