outer_test_LOGLOSS_mean,outer_test_LOGLOSS_std,outer_test_AUC_mean,outer_test_AUC_std,outer_test_AUCPR_mean,outer_test_AUCPR_std,outer_test_ACC_mean,outer_test_ACC_std,outer_test_SEN_mean,outer_test_SEN_std,outer_test_SP_mean,outer_test_SP_std,outer_test_MCC_mean,outer_test_MCC_std
0.6595177307995218,0.01415436282998105,0.6097258125472411,0.08354637716227115,0.7445528605692673,0.0566634936124227,0.6313784461152883,0.05951005578687802,0.7853597883597885,0.06764842813836079,0.3662063492063492,0.16790633716218306,0.16156366136284905,0.15409354330777666
