{"avg_inner_best_models/val_auc_mean":0.6890756302521008,"_timestamp":1.772760413784469e+09,"_wandb":{"runtime":0},"_runtime":0.05691424,"_step":37,"avg_inner_best_models/train_loss_mean":0.47155219316482544,"avg_inner_best_models/val_loss_mean":0.6501248876253763}