{"_step":56,"avg_inner_best_models/train_loss_mean":0.6279190381368002,"_wandb":{"runtime":0},"_runtime":0.037878584,"avg_inner_best_models/val_loss_mean":0.706547220547994,"_timestamp":1.7725196255447967e+09}