{"_wandb":{"runtime":0},"_runtime":0.065100081,"_timestamp":1.772768539009445e+09,"_step":44,"avg_inner_best_models/train_loss_mean":0.37595170736312866,"avg_inner_best_models/val_loss_mean":0.6315652132034302,"avg_inner_best_models/val_auc_mean":0.7058823529411764}