{"avg_inner_best_models/val_auc_mean":0.7521008403361344,"_timestamp":1.772807480474399e+09,"_step":43,"avg_inner_best_models/train_loss_mean":0.45964240034421283,"_wandb":{"runtime":0},"_runtime":0.065956313,"avg_inner_best_models/val_loss_mean":0.6111144423484802}