{"_wandb":{"runtime":0},"_runtime":0.059006752,"avg_inner_best_models/train_loss_mean":0.49732965727647144,"avg_inner_best_models/val_loss_mean":0.6888818442821503,"_timestamp":1.7725173931515627e+09,"_step":32}