{"_timestamp":1.7725271353998003e+09,"_step":34,"avg_inner_best_models/train_loss_mean":0.4139704033732414,"_wandb":{"runtime":0},"_runtime":0.035588583,"avg_inner_best_models/val_loss_mean":0.6760395963986715}