{"_wandb":{"runtime":0},"_runtime":0.050179615,"avg_inner_best_models/val_auc_mean":0.6681034482758621,"_timestamp":1.7727867289924874e+09,"_step":38,"avg_inner_best_models/train_loss_mean":0.4297310362259547,"avg_inner_best_models/val_loss_mean":0.6132403314113617}