{"avg_inner_best_models/train_loss_mean":0.4207172344128291,"avg_inner_best_models/val_loss_mean":0.59643026192983,"avg_inner_best_models/val_auc_mean":0.7284482758620688,"_timestamp":1.7728028106031222e+09,"_step":64,"_wandb":{"runtime":0},"_runtime":0.054717064}