outer_test_LOGLOSS_mean,outer_test_LOGLOSS_std,outer_test_AUC_mean,outer_test_AUC_std,outer_test_AUCPR_mean,outer_test_AUCPR_std,outer_test_ACC_mean,outer_test_ACC_std,outer_test_SEN_mean,outer_test_SEN_std,outer_test_SP_mean,outer_test_SP_std,outer_test_MCC_mean,outer_test_MCC_std
0.6874325381627661,0.013653682612228525,0.5748555051650289,0.07324853356593443,0.7156915516078889,0.06569268842967148,0.5625313283208019,0.05898140886764934,0.588015873015873,0.20323455403963706,0.5148412698412699,0.2397542737592034,0.1110692396976513,0.09777657095168306
