outer_test_LOGLOSS_mean,outer_test_LOGLOSS_std,outer_test_AUC_mean,outer_test_AUC_std,outer_test_AUCPR_mean,outer_test_AUCPR_std,outer_test_ACC_mean,outer_test_ACC_std,outer_test_SEN_mean,outer_test_SEN_std,outer_test_SP_mean,outer_test_SP_std,outer_test_MCC_mean,outer_test_MCC_std
0.6808430096453634,0.01868610938537616,0.5672245527840767,0.07459777516850996,0.7116717161033631,0.06431787743024783,0.5628111946533,0.0675189911510037,0.6570529100529101,0.12220667530248783,0.39946031746031757,0.1272645686145602,0.05652997260379997,0.12592154148387139
