outer_test_LOGLOSS_mean,outer_test_LOGLOSS_std,outer_test_AUC_mean,outer_test_AUC_std,outer_test_AUCPR_mean,outer_test_AUCPR_std,outer_test_ACC_mean,outer_test_ACC_std,outer_test_SEN_mean,outer_test_SEN_std,outer_test_SP_mean,outer_test_SP_std,outer_test_MCC_mean,outer_test_MCC_std
0.6792030235514946,0.01890184884708311,0.5660516502897455,0.08333452384894946,0.7059842209458678,0.060165136215203946,0.5771679197994988,0.062159050907816066,0.6598941798941799,0.12140159351879172,0.43268253968253967,0.1458381572285225,0.09670032222884606,0.12406023138589196
