{"avg_inner_best_models/val_auc_mean":0.819327731092437,"_timestamp":1.7729043372114146e+09,"_step":27,"avg_inner_best_models/train_loss_mean":0.9163428793350855,"_wandb":{"runtime":0},"_runtime":0.055021135,"avg_inner_best_models/val_loss_mean":0.6490986545880636}