{"_wandb":{"runtime":0},"_runtime":0.055817361,"avg_inner_best_models/train_loss_mean":0.4813571075598399,"avg_inner_best_models/val_loss_mean":0.6478067934513092,"_timestamp":1.7725435797366583e+09,"_step":36}