outer_test_LOGLOSS_mean,outer_test_LOGLOSS_std,outer_test_AUC_mean,outer_test_AUC_std,outer_test_AUCPR_mean,outer_test_AUCPR_std,outer_test_ACC_mean,outer_test_ACC_std,outer_test_SEN_mean,outer_test_SEN_std,outer_test_SP_mean,outer_test_SP_std,outer_test_MCC_mean,outer_test_MCC_std
0.6853864147528179,0.012131224616726692,0.549727450239355,0.100237014823093,0.6901560411867894,0.07963388620736986,0.5530722639933167,0.0623017008413044,0.6495925925925925,0.07031287411429744,0.3844603174603175,0.10654897253931654,0.03383302634304742,0.13344783183260428
