{"avg_inner_best_models/train_loss_mean":0.7522845963637034,"_wandb":{"runtime":0},"_runtime":0.063577387,"avg_inner_best_models/val_loss_mean":0.6551153659820557,"avg_inner_best_models/val_auc_mean":0.7306034482758621,"_timestamp":1.7728389080531251e+09,"_step":46}