{"_runtime":0.041712861,"avg_inner_best_models/val_loss_mean":0.6456994712352753,"_timestamp":1.7725098303049788e+09,"_step":27,"avg_inner_best_models/train_loss_mean":0.3963210731744766,"_wandb":{"runtime":0}}