{"_wandb":{"runtime":0},"_runtime":0.065645666,"avg_inner_best_models/train_loss_mean":0.4159257262945175,"avg_inner_best_models/val_loss_mean":0.6382677257061005,"avg_inner_best_models/val_auc_mean":0.7176724137931034,"_timestamp":1.7727721854244938e+09,"_step":68}