{"_timestamp":1.7727963555971346e+09,"_runtime":0.06820115,"_wandb":{"runtime":0},"_step":52,"avg_inner_best_models/train_loss_mean":0.46581923464934033,"avg_inner_best_models/val_loss_mean":0.6602878272533417,"avg_inner_best_models/val_auc_mean":0.703781512605042}