{"_step":34,"avg_inner_best_models/train_loss_mean":0.4554275721311569,"avg_inner_best_models/val_loss_mean":0.6448290348052979,"_wandb":{"runtime":0},"_runtime":0.036728919,"_timestamp":1.7725324724064476e+09}