outer_test_LOGLOSS_mean,outer_test_LOGLOSS_std,outer_test_AUC_mean,outer_test_AUC_std,outer_test_AUCPR_mean,outer_test_AUCPR_std,outer_test_ACC_mean,outer_test_ACC_std,outer_test_SEN_mean,outer_test_SEN_std,outer_test_SP_mean,outer_test_SP_std,outer_test_MCC_mean,outer_test_MCC_std
0.6651221597302596,0.022991623393897525,0.5973320105820106,0.06765700287528062,0.722647671755507,0.05254364493827795,0.6057936507936508,0.06157788134869715,0.7360687830687831,0.16704742094472363,0.37580952380952376,0.20403933543327923,0.1356327859215807,0.14172498122325378
