outer_test_LOGLOSS_mean,outer_test_LOGLOSS_std,outer_test_AUC_mean,outer_test_AUC_std,outer_test_AUCPR_mean,outer_test_AUCPR_std,outer_test_ACC_mean,outer_test_ACC_std,outer_test_SEN_mean,outer_test_SEN_std,outer_test_SP_mean,outer_test_SP_std,outer_test_MCC_mean,outer_test_MCC_std
0.6855106775831846,0.021499647796995577,0.531147581254724,0.0713280977002111,0.6806277350877855,0.05596900116539301,0.5431495405179616,0.0815725663030926,0.6276984126984126,0.19098520792901488,0.39961904761904765,0.17635172671746271,0.05029437215724775,0.1536831269933465
