outer_test_LOGLOSS_mean,outer_test_LOGLOSS_std,outer_test_AUC_mean,outer_test_AUC_std,outer_test_AUCPR_mean,outer_test_AUCPR_std,outer_test_ACC_mean,outer_test_ACC_std,outer_test_SEN_mean,outer_test_SEN_std,outer_test_SP_mean,outer_test_SP_std,outer_test_MCC_mean,outer_test_MCC_std
0.6827057572235725,0.009463818549114636,0.572002456538171,0.08523511467636073,0.698388441318243,0.06089080357497022,0.5751712614870509,0.04838035619809487,0.6444021164021164,0.07220303758500914,0.45679365079365064,0.18209517580397003,0.09903929414257495,0.1403929380421995
