outer_test_LOGLOSS_mean,outer_test_LOGLOSS_std,outer_test_AUC_mean,outer_test_AUC_std,outer_test_AUCPR_mean,outer_test_AUCPR_std,outer_test_ACC_mean,outer_test_ACC_std,outer_test_SEN_mean,outer_test_SEN_std,outer_test_SP_mean,outer_test_SP_std,outer_test_MCC_mean,outer_test_MCC_std
0.6827507091240103,0.013872934205939094,0.564601347946586,0.08747659387020079,0.6968753825756471,0.0656064604047282,0.5716541353383457,0.07349713414430321,0.6282380952380953,0.12075163645875685,0.4753015873015873,0.14711212735248447,0.10269500559998015,0.14591235549725134
