outer_test_LOGLOSS_mean,outer_test_LOGLOSS_std,outer_test_AUC_mean,outer_test_AUC_std,outer_test_AUCPR_mean,outer_test_AUCPR_std,outer_test_ACC_mean,outer_test_ACC_std,outer_test_SEN_mean,outer_test_SEN_std,outer_test_SP_mean,outer_test_SP_std,outer_test_MCC_mean,outer_test_MCC_std
0.6876723635466027,0.012913949031324872,0.5427990047871,0.04977112828387287,0.6970590496153225,0.0479274438953307,0.5622848788638262,0.044091137934567724,0.6161798941798942,0.0919461322891119,0.46836507936507926,0.10471916407350133,0.08339172761951306,0.08141486765941568
