{"avg_inner_best_models/val_loss_mean":0.6943154036998749,"_timestamp":1.7725794998894463e+09,"_wandb":{"runtime":0},"_runtime":0.060929288,"_step":59,"avg_inner_best_models/train_loss_mean":0.5920829534530639}