{"_runtime":0.037482324,"_step":35,"avg_inner_best_models/train_loss_mean":0.4893079126874606,"avg_inner_best_models/val_loss_mean":0.6920402646064758,"_timestamp":1.772547325078352e+09,"_wandb":{"runtime":0}}