{"_step":47,"avg_inner_best_models/train_loss_mean":0.3756728495160739,"avg_inner_best_models/val_loss_mean":0.6298970182736715,"avg_inner_best_models/val_auc_mean":0.7436974789915967,"_wandb":{"runtime":0},"_runtime":0.052853518,"_timestamp":1.7728241600114143e+09}