{"avg_inner_best_models/train_loss_mean":1.0267498195171356,"avg_inner_best_models/val_loss_mean":0.6430518329143524,"_wandb":{"runtime":0},"_runtime":0.06658822,"avg_inner_best_models/val_auc_mean":0.7857142857142858,"_timestamp":1.772893518471018e+09,"_step":45}