{"_wandb":{"runtime":0},"_runtime":0.0396911,"_step":55,"avg_inner_best_models/train_loss_mean":0.5011399040619532,"avg_inner_best_models/val_loss_mean":0.6346889734268188,"avg_inner_best_models/val_auc_mean":0.7363083164300204,"_timestamp":1.772765189893775e+09}