{"_runtime":0.057178897,"_wandb":{"runtime":0},"_timestamp":1.772545154840414e+09,"_step":61,"avg_inner_best_models/train_loss_mean":0.4362316032250722,"avg_inner_best_models/val_loss_mean":0.6193708380063375}