{"_timestamp":1.7727833113735418e+09,"_step":46,"avg_inner_best_models/train_loss_mean":0.44164881482720375,"avg_inner_best_models/val_loss_mean":0.6440821091334026,"avg_inner_best_models/val_auc_mean":0.6818494639235004,"_wandb":{"runtime":0},"_runtime":0.059575582}