{"avg_inner_best_models/val_loss_mean":0.648041844367981,"_timestamp":1.7724953215489688e+09,"_wandb":{"runtime":0},"_runtime":0.036843129,"_step":31,"avg_inner_best_models/train_loss_mean":0.57768082122008}