{"avg_inner_best_models/val_loss_mean":0.6591296195983887,"avg_inner_best_models/val_auc_mean":0.7205882352941176,"_timestamp":1.7728709285781796e+09,"_step":38,"avg_inner_best_models/train_loss_mean":1.2946826418240864,"_wandb":{"runtime":0},"_runtime":0.056949577}