{"avg_inner_best_models/train_loss_mean":0.40611634651819867,"avg_inner_best_models/val_loss_mean":0.6098608175913492,"avg_inner_best_models/val_auc_mean":0.7605042016806722,"_timestamp":1.77277585310205e+09,"_wandb":{"runtime":0},"_runtime":0.059492046,"_step":50}