outer_test_LOGLOSS_mean,outer_test_LOGLOSS_std,outer_test_AUC_mean,outer_test_AUC_std,outer_test_AUCPR_mean,outer_test_AUCPR_std,outer_test_ACC_mean,outer_test_ACC_std,outer_test_SEN_mean,outer_test_SEN_std,outer_test_SP_mean,outer_test_SP_std,outer_test_MCC_mean,outer_test_MCC_std
0.6786892940372774,0.00741031991054975,0.5808014613252708,0.05640745556693269,0.7177074157247406,0.04958948514557729,0.5940935672514619,0.03471315153308361,0.6920740740740741,0.08132401773206786,0.42088888888888887,0.12030089638470441,0.11555734108478269,0.08043732389130556
