outer_test_LOGLOSS_mean,outer_test_LOGLOSS_std,outer_test_AUC_mean,outer_test_AUC_std,outer_test_AUCPR_mean,outer_test_AUCPR_std,outer_test_ACC_mean,outer_test_ACC_std,outer_test_SEN_mean,outer_test_SEN_std,outer_test_SP_mean,outer_test_SP_std,outer_test_MCC_mean,outer_test_MCC_std
0.6653520908838905,0.007046197984784105,0.6157581254724113,0.03957213614215492,0.7457052055767951,0.04008286552695935,0.5925898078529658,0.0419011799517541,0.6776931216931217,0.07201986165576588,0.44287301587301586,0.10590743897181516,0.12152047500285337,0.09452300615258798
