outer_test_LOGLOSS_mean,outer_test_LOGLOSS_std,outer_test_AUC_mean,outer_test_AUC_std,outer_test_AUCPR_mean,outer_test_AUCPR_std,outer_test_ACC_mean,outer_test_ACC_std,outer_test_SEN_mean,outer_test_SEN_std,outer_test_SP_mean,outer_test_SP_std,outer_test_MCC_mean,outer_test_MCC_std
0.6837187854293988,0.01870576819351294,0.5641683043587805,0.07876301092596785,0.7016951079813644,0.06634644481634488,0.5570843776106933,0.0777814568151301,0.6186243386243385,0.08971134380609036,0.4496666666666666,0.14244935673173872,0.06701641759194088,0.16769297022429022
