{"avg_inner_best_models/val_loss_mean":0.6543805003166199,"avg_inner_best_models/val_auc_mean":0.7247899159663865,"_timestamp":1.7727746727856622e+09,"_wandb":{"runtime":0},"_runtime":0.061275488,"_step":48,"avg_inner_best_models/train_loss_mean":0.49390072127183277}