{"avg_inner_best_models/train_loss_mean":0.3950665195782979,"avg_inner_best_models/val_loss_mean":0.6235786974430084,"_wandb":{"runtime":0},"_runtime":0.03648779,"_timestamp":1.7724959075004656e+09,"_step":48}