{"_wandb":{"runtime":0},"_runtime":0.055179053,"_step":80,"avg_inner_best_models/train_loss_mean":0.4002550443013509,"avg_inner_best_models/val_loss_mean":0.6227522293726603,"avg_inner_best_models/val_auc_mean":0.6982758620689655,"_timestamp":1.7727739229222932e+09}