{"_wandb":{"runtime":0},"avg_inner_best_models/train_loss_mean":0.4250367855032285,"avg_inner_best_models/val_loss_mean":0.6101375420888265,"avg_inner_best_models/val_auc_mean":0.7542016806722689,"_timestamp":1.7727518379653115e+09,"_step":67,"_runtime":0.06234689}