outer_test_LOGLOSS_mean,outer_test_LOGLOSS_std,outer_test_AUC_mean,outer_test_AUC_std,outer_test_AUCPR_mean,outer_test_AUCPR_std,outer_test_ACC_mean,outer_test_ACC_std,outer_test_SEN_mean,outer_test_SEN_std,outer_test_SP_mean,outer_test_SP_std,outer_test_MCC_mean,outer_test_MCC_std
0.6757068414643506,0.008349989357834084,0.5669870874275635,0.06347330934551906,0.6994314526061624,0.04088360372806294,0.5879093567251462,0.054365291062340344,0.690042328042328,0.0811432622293156,0.4117301587301588,0.13270611521503892,0.10137295155822189,0.12283027782275956
