outer_test_LOGLOSS_mean,outer_test_LOGLOSS_std,outer_test_AUC_mean,outer_test_AUC_std,outer_test_AUCPR_mean,outer_test_AUCPR_std,outer_test_ACC_mean,outer_test_ACC_std,outer_test_SEN_mean,outer_test_SEN_std,outer_test_SP_mean,outer_test_SP_std,outer_test_MCC_mean,outer_test_MCC_std
0.6802144580560372,0.01747934916311445,0.5561679264298311,0.03809698491197275,0.6877447849567784,0.031968349440686265,0.6011403508771929,0.0741371473743518,0.7025449735449735,0.17953057978496767,0.42826984126984124,0.1555817693141946,0.1432066728426904,0.11326881625454618
