outer_test_LOGLOSS_mean,outer_test_LOGLOSS_std,outer_test_AUC_mean,outer_test_AUC_std,outer_test_AUCPR_mean,outer_test_AUCPR_std,outer_test_ACC_mean,outer_test_ACC_std,outer_test_SEN_mean,outer_test_SEN_std,outer_test_SP_mean,outer_test_SP_std,outer_test_MCC_mean,outer_test_MCC_std
0.6785414574591903,0.018971023120066762,0.5452331821617536,0.0895863570227109,0.7043618418552704,0.06917098836618507,0.5584022556390977,0.0650473075264748,0.6511481481481481,0.10503451528684292,0.39771428571428574,0.16554636029447442,0.04924976725447978,0.1519066764718298
