outer_test_LOGLOSS_mean,outer_test_LOGLOSS_std,outer_test_AUC_mean,outer_test_AUC_std,outer_test_AUCPR_mean,outer_test_AUCPR_std,outer_test_ACC_mean,outer_test_ACC_std,outer_test_SEN_mean,outer_test_SEN_std,outer_test_SP_mean,outer_test_SP_std,outer_test_MCC_mean,outer_test_MCC_std
0.6778750144966933,0.02508943975362757,0.5571922398589064,0.09150050934733557,0.6965623856134984,0.07720856410526734,0.5690664160401003,0.05583076356612123,0.6489312169312169,0.10315444184632824,0.4294603174603174,0.11114606733757339,0.08014138972291329,0.10505705098078726
