outer_test_LOGLOSS_mean,outer_test_LOGLOSS_std,outer_test_AUC_mean,outer_test_AUC_std,outer_test_AUCPR_mean,outer_test_AUCPR_std,outer_test_ACC_mean,outer_test_ACC_std,outer_test_SEN_mean,outer_test_SEN_std,outer_test_SP_mean,outer_test_SP_std,outer_test_MCC_mean,outer_test_MCC_std
0.6843363775700018,0.0188258337432728,0.5633391282438902,0.1060585222071837,0.7005611402456084,0.07874634416122837,0.5518567251461988,0.09903057508080972,0.6107936507936508,0.12583959410084483,0.4493650793650793,0.0912123199364101,0.06310335273604159,0.18448311417802568
