{"_timestamp":1.7725288151686804e+09,"_step":48,"avg_inner_best_models/train_loss_mean":0.39808707932631177,"_wandb":{"runtime":0},"_runtime":0.035922531,"avg_inner_best_models/val_loss_mean":0.6479199230670929}