{"avg_inner_best_models/val_loss_mean":0.6275643706321716,"_timestamp":1.7725345848258085e+09,"_runtime":0.036185139,"_wandb":{"runtime":0},"_step":37,"avg_inner_best_models/train_loss_mean":0.6125634511311849}