{"_wandb":{"runtime":0},"_runtime":0.065766437,"avg_inner_best_models/train_loss_mean":0.4270251641670863,"avg_inner_best_models/val_loss_mean":0.6443673968315125,"avg_inner_best_models/val_auc_mean":0.7394957983193278,"_timestamp":1.772801225447434e+09,"_step":52}