{"_wandb":{"runtime":0},"_runtime":0.03990025,"_timestamp":1.7725292469758494e+09,"_step":43,"avg_inner_best_models/train_loss_mean":0.2704291691382726,"avg_inner_best_models/val_loss_mean":0.6540075540542603}