{"avg_inner_best_models/train_loss_mean":0.5060436477263769,"_wandb":{"runtime":0},"_runtime":0.05528868,"avg_inner_best_models/val_loss_mean":0.647801677385966,"avg_inner_best_models/val_auc_mean":0.7198275862068966,"_timestamp":1.772795118814462e+09,"_step":36}