{"_step":39,"avg_inner_best_models/train_loss_mean":0.5294387340545654,"avg_inner_best_models/val_loss_mean":0.6515740156173706,"_wandb":{"runtime":0},"_runtime":0.036836444,"_timestamp":1.7725361449847307e+09}