outer_test_LOGLOSS_mean,outer_test_LOGLOSS_std,outer_test_AUC_mean,outer_test_AUC_std,outer_test_AUCPR_mean,outer_test_AUCPR_std,outer_test_ACC_mean,outer_test_ACC_std,outer_test_SEN_mean,outer_test_SEN_std,outer_test_SP_mean,outer_test_SP_std,outer_test_MCC_mean,outer_test_MCC_std
0.6771998674070705,0.01852198829366222,0.5372467876039304,0.0690772639075314,0.6786052752072377,0.05979039289280942,0.5938575605680868,0.06832408054111531,0.7582169312169312,0.1262133760071783,0.3102539682539682,0.10449934655017479,0.08358910993726847,0.1295136632220157
