{"_step":46,"avg_inner_best_models/train_loss_mean":0.4097923164566358,"avg_inner_best_models/val_loss_mean":0.7011188666025797,"_timestamp":1.7725453479760597e+09,"_wandb":{"runtime":0},"_runtime":0.040511377}