outer_test_LOGLOSS_mean,outer_test_LOGLOSS_std,outer_test_AUC_mean,outer_test_AUC_std,outer_test_AUCPR_mean,outer_test_AUCPR_std,outer_test_ACC_mean,outer_test_ACC_std,outer_test_SEN_mean,outer_test_SEN_std,outer_test_SP_mean,outer_test_SP_std,outer_test_MCC_mean,outer_test_MCC_std
0.6706499579219436,0.020742970583599907,0.5770767195767196,0.0877689560023822,0.7090363720875577,0.060374346406232585,0.599498746867168,0.06185800543666751,0.7157142857142857,0.08934724511209446,0.399047619047619,0.09314059301951655,0.12060339386148651,0.12388429023754711
