{"avg_inner_best_models/train_loss_mean":0.5524691541989645,"avg_inner_best_models/val_loss_mean":0.657598465681076,"_wandb":{"runtime":0},"_runtime":0.050822873,"_timestamp":1.7725272211552107e+09,"_step":37}