{"avg_inner_best_models/train_loss_mean":0.4099853013952573,"avg_inner_best_models/val_loss_mean":0.6138212084770203,"_wandb":{"runtime":0},"_runtime":0.050489221,"_timestamp":1.7725184140589561e+09,"_step":42}