{"_step":32,"avg_inner_best_models/train_loss_mean":0.5521979431311289,"_wandb":{"runtime":0},"_runtime":0.040159212,"avg_inner_best_models/val_loss_mean":0.6282607913017273,"_timestamp":1.7725353166075156e+09}