{"_runtime":0.053922064,"_step":42,"avg_inner_best_models/train_loss_mean":0.5440269907315572,"avg_inner_best_models/val_loss_mean":0.6654854118824005,"_timestamp":1.772544960835266e+09,"_wandb":{"runtime":0}}