{"avg_inner_best_models/val_loss_mean":0.653022825717926,"_timestamp":1.7725136180322952e+09,"_wandb":{"runtime":0},"_runtime":0.054721685,"_step":33,"avg_inner_best_models/train_loss_mean":0.4176444858312607}