{"_timestamp":1.7725061921464612e+09,"_step":52,"_wandb":{"runtime":0},"_runtime":0.040048013,"avg_inner_best_models/train_loss_mean":0.40731079628070194,"avg_inner_best_models/val_loss_mean":0.6026880343755087}