{"_timestamp":1.7725265480550778e+09,"_step":55,"_runtime":0.038867923,"_wandb":{"runtime":0},"avg_inner_best_models/train_loss_mean":0.2793745199839274,"avg_inner_best_models/val_loss_mean":0.6602599620819092}