{"_timestamp":1.7725185102004616e+09,"_wandb":{"runtime":0},"_runtime":0.0373577,"_step":44,"avg_inner_best_models/train_loss_mean":0.40484752257664997,"avg_inner_best_models/val_loss_mean":0.562578022480011}