{"avg_inner_best_models/val_auc_mean":0.5252100840336134,"_timestamp":1.7727770322204146e+09,"_wandb":{"runtime":0},"_runtime":0.035390687,"_step":28,"avg_inner_best_models/train_loss_mean":0.5861905217170715,"avg_inner_best_models/val_loss_mean":0.6913308302561442}