{"avg_inner_best_models/val_auc_mean":0.6512605042016807,"_wandb":{"runtime":0},"_runtime":0.064198696,"_timestamp":1.7727858033811684e+09,"_step":32,"avg_inner_best_models/train_loss_mean":0.4818692207336426,"avg_inner_best_models/val_loss_mean":0.7282141447067261}