outer_test_LOGLOSS_mean,outer_test_LOGLOSS_std,outer_test_AUC_mean,outer_test_AUC_std,outer_test_AUCPR_mean,outer_test_AUCPR_std,outer_test_ACC_mean,outer_test_ACC_std,outer_test_SEN_mean,outer_test_SEN_std,outer_test_SP_mean,outer_test_SP_std,outer_test_MCC_mean,outer_test_MCC_std
0.6699838655098963,0.027101700104971108,0.5841951373141849,0.06715471571155565,0.7180063905192229,0.05512523822233754,0.5912656641604009,0.05061526643336084,0.7134973544973545,0.17833553294700835,0.3756825396825397,0.22153062570985552,0.0974990490048965,0.10837179965836406
