outer_test_LOGLOSS_mean,outer_test_LOGLOSS_std,outer_test_AUC_mean,outer_test_AUC_std,outer_test_AUCPR_mean,outer_test_AUCPR_std,outer_test_ACC_mean,outer_test_ACC_std,outer_test_SEN_mean,outer_test_SEN_std,outer_test_SP_mean,outer_test_SP_std,outer_test_MCC_mean,outer_test_MCC_std
0.6863563374860657,0.022023576401826075,0.523490803728899,0.08366780974987423,0.6721190150430855,0.050869765496556314,0.575123224728488,0.0812572459528249,0.7153174603174602,0.1274524544718049,0.33504761904761904,0.21515945584856525,0.053145955505080555,0.2045109611376658
