{"avg_inner_best_models/val_loss_mean":0.6426191329956055,"_timestamp":1.7725060113731725e+09,"_step":27,"_runtime":0.03762827,"_wandb":{"runtime":0},"avg_inner_best_models/train_loss_mean":0.5812907020250956}