{"avg_inner_best_models/val_loss_mean":0.7030084431171417,"_timestamp":1.772543871429979e+09,"_wandb":{"runtime":0},"_runtime":0.057437863,"_step":24,"avg_inner_best_models/train_loss_mean":0.525111178557078}