{"avg_inner_best_models/val_auc_mean":0.689655172413793,"_timestamp":1.7728033247804973e+09,"_step":25,"_wandb":{"runtime":0},"_runtime":0.063599159,"avg_inner_best_models/train_loss_mean":0.5839105049769083,"avg_inner_best_models/val_loss_mean":0.6734329164028168}