{"avg_inner_best_models/train_loss_mean":0.41237391034762066,"avg_inner_best_models/val_loss_mean":0.6384626626968384,"_wandb":{"runtime":0},"_runtime":0.039716944,"avg_inner_best_models/val_auc_mean":0.7142857142857143,"_timestamp":1.7727540351127663e+09,"_step":68}