{"_timestamp":1.7725399112657151e+09,"_wandb":{"runtime":0},"_runtime":0.03777746,"_step":38,"avg_inner_best_models/train_loss_mean":0.5247706572214762,"avg_inner_best_models/val_loss_mean":0.6681885321935018}