{"_wandb":{"runtime":0},"_runtime":0.060899891,"_timestamp":1.7728191870645375e+09,"_step":67,"avg_inner_best_models/train_loss_mean":0.5175272126992544,"avg_inner_best_models/val_loss_mean":0.7730874121189117,"avg_inner_best_models/val_auc_mean":0.5862068965517241}