{"avg_inner_best_models/val_loss_mean":0.6525740325450897,"_wandb":{"runtime":0},"_runtime":0.0357506,"avg_inner_best_models/val_auc_mean":0.6982758620689655,"_timestamp":1.7727986197231133e+09,"_step":32,"avg_inner_best_models/train_loss_mean":0.5346363087495168}