{"_timestamp":1.7725168542594628e+09,"_step":48,"avg_inner_best_models/train_loss_mean":0.4103189930319786,"_wandb":{"runtime":0},"_runtime":0.052581238,"avg_inner_best_models/val_loss_mean":0.6680202484130859}