{"_runtime":0.035359029,"avg_inner_best_models/train_loss_mean":0.46261655290921533,"avg_inner_best_models/val_loss_mean":0.6599780023097992,"_timestamp":1.7725229306382298e+09,"_step":32,"_wandb":{"runtime":0}}