{"_wandb":{"runtime":0},"_runtime":0.052231627,"_step":29,"avg_inner_best_models/train_loss_mean":0.37508073449134827,"avg_inner_best_models/val_loss_mean":0.6471992333730062,"_timestamp":1.7725197168646233e+09}