outer_test_LOGLOSS_mean,outer_test_LOGLOSS_std,outer_test_AUC_mean,outer_test_AUC_std,outer_test_AUCPR_mean,outer_test_AUCPR_std,outer_test_ACC_mean,outer_test_ACC_std,outer_test_SEN_mean,outer_test_SEN_std,outer_test_SP_mean,outer_test_SP_std,outer_test_MCC_mean,outer_test_MCC_std
0.7009903505573192,0.008286089401408422,0.5701130007558578,0.0767133405563055,0.7076991827986903,0.05490191764538431,0.4832685881370092,0.047759079074093436,0.3397142857142857,0.12406073783737591,0.7332539682539682,0.1244560572687893,0.080098599503796,0.07627253926684628
