outer_test_LOGLOSS_mean,outer_test_LOGLOSS_std,outer_test_AUC_mean,outer_test_AUC_std,outer_test_AUCPR_mean,outer_test_AUCPR_std,outer_test_ACC_mean,outer_test_ACC_std,outer_test_SEN_mean,outer_test_SEN_std,outer_test_SP_mean,outer_test_SP_std,outer_test_MCC_mean,outer_test_MCC_std
0.6732257491987713,0.01958970285481888,0.5603829050138573,0.09133540350242082,0.7168056132122463,0.0639337497701526,0.5607748538011695,0.07315875920522574,0.6865132275132275,0.08660834885501358,0.34234920634920635,0.14156698413103572,0.02678106246746893,0.1657977815745763
