{"_timestamp":1.7725032996459353e+09,"_wandb":{"runtime":0},"_runtime":0.036788093,"_step":42,"avg_inner_best_models/train_loss_mean":0.34679726262887317,"avg_inner_best_models/val_loss_mean":0.6071603000164032}