{"_wandb":{"runtime":0},"_runtime":0.062988481,"avg_inner_best_models/train_loss_mean":0.5402192041277886,"avg_inner_best_models/val_loss_mean":0.6814228951931,"_timestamp":1.7725696339082747e+09,"_step":59}