outer_test_LOGLOSS_mean,outer_test_LOGLOSS_std,outer_test_AUC_mean,outer_test_AUC_std,outer_test_AUCPR_mean,outer_test_AUCPR_std,outer_test_ACC_mean,outer_test_ACC_std,outer_test_SEN_mean,outer_test_SEN_std,outer_test_SP_mean,outer_test_SP_std,outer_test_MCC_mean,outer_test_MCC_std
0.6733569580745834,0.009006871152713041,0.5916052532123961,0.050746280719058345,0.7209077612942891,0.032773145347253965,0.6023767752715121,0.044945251983551766,0.728026455026455,0.06885097039584806,0.3845555555555555,0.06322842823749074,0.11917772266597007,0.08645211735922187
