{"avg_inner_best_models/train_loss_mean":0.5140049209197363,"avg_inner_best_models/val_loss_mean":0.7195364634195963,"_wandb":{"runtime":0},"_runtime":0.052422937,"_timestamp":1.7725074286266615e+09,"_step":29}