{"avg_inner_best_models/train_loss_mean":0.5116083572308222,"_wandb":{"runtime":0},"_runtime":0.068159997,"avg_inner_best_models/val_loss_mean":0.6743001937866211,"_timestamp":1.7725569407689486e+09,"_step":61}