{"avg_inner_best_models/val_loss_mean":0.5993973910808563,"_wandb":{"runtime":0},"_runtime":0.060877694,"_timestamp":1.7725200391373732e+09,"_step":50,"avg_inner_best_models/train_loss_mean":0.29045016566912335}