{"_wandb":{"runtime":0},"_runtime":0.036964977,"avg_inner_best_models/val_loss_mean":0.6909387509028116,"_timestamp":1.7725080614317489e+09,"_step":42,"avg_inner_best_models/train_loss_mean":0.5900889883438746}