{"avg_inner_best_models/train_loss_mean":0.19395473351081213,"avg_inner_best_models/val_loss_mean":0.5850674510002136,"_timestamp":1.7724969079516485e+09,"_wandb":{"runtime":0},"_runtime":0.052867389,"_step":38}