{"avg_inner_best_models/val_loss_mean":0.6559416651725769,"avg_inner_best_models/val_auc_mean":0.7737068965517241,"_timestamp":1.7727982142356186e+09,"_step":41,"_wandb":{"runtime":0},"_runtime":0.052799016,"avg_inner_best_models/train_loss_mean":0.5530225932598114}