{"avg_inner_best_models/val_auc_mean":0.6724137931034484,"_timestamp":1.7727827521452942e+09,"_wandb":{"runtime":0},"_runtime":0.052503337,"_step":40,"avg_inner_best_models/train_loss_mean":0.38297945261001587,"avg_inner_best_models/val_loss_mean":0.6127432783444723}