{"avg_inner_best_models/train_loss_mean":2.459949513276418,"avg_inner_best_models/val_loss_mean":0.6424970924854279,"avg_inner_best_models/val_auc_mean":0.744421906693712,"_timestamp":1.7728529148995333e+09,"_step":26,"_wandb":{"runtime":0},"_runtime":0.106873821}