{"avg_inner_best_models/val_loss_mean":0.6372882425785065,"_timestamp":1.7725093764732661e+09,"_step":52,"_wandb":{"runtime":0},"_runtime":0.049229164,"avg_inner_best_models/train_loss_mean":0.3500112146139145}