outer_test_LOGLOSS_mean,outer_test_LOGLOSS_std,outer_test_AUC_mean,outer_test_AUC_std,outer_test_AUCPR_mean,outer_test_AUCPR_std,outer_test_ACC_mean,outer_test_ACC_std,outer_test_SEN_mean,outer_test_SEN_std,outer_test_SP_mean,outer_test_SP_std,outer_test_MCC_mean,outer_test_MCC_std
0.6699541946064701,0.02113195773607648,0.5748860544217688,0.050236435548023484,0.710196070089115,0.031571017901962053,0.590185881370092,0.06086837119156348,0.7255661375661376,0.14778117637209617,0.34979365079365077,0.1577795233540266,0.08353404339667982,0.11272765579939514
