outer_test_LOGLOSS_mean,outer_test_LOGLOSS_std,outer_test_AUC_mean,outer_test_AUC_std,outer_test_AUCPR_mean,outer_test_AUCPR_std,outer_test_ACC_mean,outer_test_ACC_std,outer_test_SEN_mean,outer_test_SEN_std,outer_test_SP_mean,outer_test_SP_std,outer_test_MCC_mean,outer_test_MCC_std
0.6791568212091207,0.014513271177206776,0.5540979465860418,0.04898132011889811,0.679791458674836,0.04279448671013333,0.577249373433584,0.062302960818713754,0.7096984126984127,0.13959552907275893,0.3461428571428571,0.13129510629463248,0.06742993456869459,0.10847978936004916
