outer_test_LOGLOSS_mean,outer_test_LOGLOSS_std,outer_test_AUC_mean,outer_test_AUC_std,outer_test_AUCPR_mean,outer_test_AUCPR_std,outer_test_ACC_mean,outer_test_ACC_std,outer_test_SEN_mean,outer_test_SEN_std,outer_test_SP_mean,outer_test_SP_std,outer_test_MCC_mean,outer_test_MCC_std
0.6803204629350752,0.013169781605105471,0.5510367850844041,0.07722564569075371,0.7159834899689256,0.05392659660952814,0.5436111111111112,0.05770342367030283,0.6730582010582011,0.10972841083892172,0.3185079365079365,0.16177902611751893,-0.014816298623656481,0.1351025025685239
