{"avg_inner_best_models/train_loss_mean":0.3408801207939784,"avg_inner_best_models/val_loss_mean":0.5930912494659424,"_timestamp":1.7725110626068714e+09,"_wandb":{"runtime":0},"_runtime":0.038772564,"_step":72}