{"_wandb":{"runtime":0},"_runtime":0.056142708,"_step":65,"avg_inner_best_models/train_loss_mean":0.5474129021167755,"avg_inner_best_models/val_loss_mean":0.6641452014446259,"_timestamp":1.7725655716963205e+09}