{"_wandb":{"runtime":0},"_runtime":0.065743615,"avg_inner_best_models/val_auc_mean":0.7016806722689075,"_timestamp":1.7727909462566211e+09,"_step":35,"avg_inner_best_models/train_loss_mean":0.40187236418326694,"avg_inner_best_models/val_loss_mean":0.6197269360224406}