{"avg_inner_best_models/val_auc_mean":0.5504201680672269,"_timestamp":1.772820244210946e+09,"_step":80,"avg_inner_best_models/train_loss_mean":0.4457444027066231,"avg_inner_best_models/val_loss_mean":0.6905458569526672,"_wandb":{"runtime":0},"_runtime":0.056439159}