{"_timestamp":1.7727996592274523e+09,"_wandb":{"runtime":0},"_runtime":0.066765171,"_step":73,"avg_inner_best_models/train_loss_mean":0.4874045252799988,"avg_inner_best_models/val_loss_mean":0.615789145231247,"avg_inner_best_models/val_auc_mean":0.7564655172413792}