{"avg_inner_folds/std_auc":0.07848408535070484,"avg_inner_curve/val_auc_std":0,"avg_inner_curve/val_auc_mean":0.5618661257606491,"avg_inner_curve/val_acc_mean":0.4782608695652174,"avg_inner_curve/val_acc_std":0,"avg_inner_curve/val_loss_std":0,"avg_inner_folds/std_aucpr":0.046712065419029156,"_wandb":{"runtime":0},"avg_inner_curve/train_loss_mean":0.5923775055191733,"avg_inner_folds/mean_acc":0.5707246376811594,"avg_inner_folds/mean_auc":0.5236235873659808,"avg_inner_curve/folds_count":1,"avg_inner_folds/mean_logloss":0.6796745109615695,"_runtime":0,"avg_inner_folds/mean_aucpr":0.6918687150597955,"avg_inner_curve/val_loss_mean":0.690361479918162,"_timestamp":1.7721078712020109e+09,"_step":15,"avg_inner_folds/std_logloss":0.009928632369959957,"avg_inner_folds/std_acc":0.0641502239362205,"avg_inner_curve/train_loss_std":0}