{"_timestamp":1.772869373274413e+09,"_wandb":{"runtime":0},"_runtime":0.069197482,"_step":76,"avg_inner_best_models/train_loss_mean":1.7126121918360393,"avg_inner_best_models/val_loss_mean":0.6891369819641113,"avg_inner_best_models/val_auc_mean":0.6911764705882353}