{"_step":29,"avg_inner_best_models/train_loss_mean":0.5148199200630188,"avg_inner_best_models/val_loss_mean":0.6925369799137115,"avg_inner_best_models/val_auc_mean":0.625,"_timestamp":1.7728016808790402e+09,"_runtime":0.036744569,"_wandb":{"runtime":0}}