{"avg_inner_best_models/train_loss_mean":0.5398441776633263,"avg_inner_best_models/val_loss_mean":0.6577057043711344,"avg_inner_best_models/val_auc_mean":0.7268907563025211,"_timestamp":1.7727712087382483e+09,"_wandb":{"runtime":0},"_runtime":0.051506697,"_step":33}