{"_runtime":0.055776303,"avg_inner_best_models/val_loss_mean":0.602166086435318,"avg_inner_best_models/val_auc_mean":0.685344827586207,"_timestamp":1.772828675279003e+09,"_step":59,"avg_inner_best_models/train_loss_mean":0.3639070789019267,"_wandb":{"runtime":0}}