{"_timestamp":1.7724944979800487e+09,"_wandb":{"runtime":0},"_runtime":0.036239335,"_step":40,"avg_inner_best_models/train_loss_mean":0.548326184352239,"avg_inner_best_models/val_loss_mean":0.7045930822690328}