outer_test_LOGLOSS_mean,outer_test_LOGLOSS_std,outer_test_AUC_mean,outer_test_AUC_std,outer_test_AUCPR_mean,outer_test_AUCPR_std,outer_test_ACC_mean,outer_test_ACC_std,outer_test_SEN_mean,outer_test_SEN_std,outer_test_SP_mean,outer_test_SP_std,outer_test_MCC_mean,outer_test_MCC_std
0.6755604349051337,0.019281911076861356,0.558752771478962,0.07431267140411187,0.6969873875799609,0.05357842929946429,0.5891290726817042,0.07105869308699815,0.7007671957671958,0.11715481220215991,0.39271428571428574,0.09751287400113373,0.10035134950229424,0.13536193317896802
