outer_test_LOGLOSS_mean,outer_test_LOGLOSS_std,outer_test_AUC_mean,outer_test_AUC_std,outer_test_AUCPR_mean,outer_test_AUCPR_std,outer_test_ACC_mean,outer_test_ACC_std,outer_test_SEN_mean,outer_test_SEN_std,outer_test_SP_mean,outer_test_SP_std,outer_test_MCC_mean,outer_test_MCC_std
0.6824576573449591,0.01885240469332211,0.5691328420256991,0.07110853524907826,0.7007534565478744,0.04614118130764093,0.5357873851294905,0.06395485475245304,0.5930158730158731,0.19736204191707957,0.4410793650793651,0.2323218511064651,0.02933114334409074,0.11819333627442619
