outer_test_LOGLOSS_mean,outer_test_LOGLOSS_std,outer_test_AUC_mean,outer_test_AUC_std,outer_test_AUCPR_mean,outer_test_AUCPR_std,outer_test_ACC_mean,outer_test_ACC_std,outer_test_SEN_mean,outer_test_SEN_std,outer_test_SP_mean,outer_test_SP_std,outer_test_MCC_mean,outer_test_MCC_std
0.6756274403437242,0.01053490959831667,0.583097190728143,0.053194132099739985,0.7095137563246154,0.03193995140760671,0.585236006683375,0.05130593437974829,0.6676507936507935,0.1308153105937372,0.4449365079365079,0.16754557478333304,0.11302801913972525,0.10673796087868287
