{"_runtime":0.037247546,"avg_inner_best_models/train_loss_mean":0.4193315878510475,"avg_inner_best_models/val_loss_mean":0.6196758151054382,"_timestamp":1.7725387370433109e+09,"_step":42,"_wandb":{"runtime":0}}