{"_runtime":0.053145013,"avg_inner_best_models/val_loss_mean":0.6294146577517191,"_timestamp":1.7725274806090927e+09,"_step":54,"avg_inner_best_models/train_loss_mean":0.39264588554700214,"_wandb":{"runtime":0}}