outer_test_LOGLOSS_mean,outer_test_LOGLOSS_std,outer_test_AUC_mean,outer_test_AUC_std,outer_test_AUCPR_mean,outer_test_AUCPR_std,outer_test_ACC_mean,outer_test_ACC_std,outer_test_SEN_mean,outer_test_SEN_std,outer_test_SP_mean,outer_test_SP_std,outer_test_MCC_mean,outer_test_MCC_std
0.6801487680905346,0.010729107208567028,0.5651192365835223,0.05705763978830141,0.7078382580314153,0.035105354962724336,0.5577819548872182,0.05476486367898559,0.6306613756613757,0.11293232718711688,0.435,0.1607233109452878,0.06242099830983494,0.1218605267143652
