{"_runtime":0.057220106,"avg_inner_best_models/val_loss_mean":0.678726996978124,"_timestamp":1.7725743658529754e+09,"_step":59,"avg_inner_best_models/train_loss_mean":0.5152181535959244,"_wandb":{"runtime":0}}