{"_runtime":0.03707718,"_wandb":{"runtime":0},"avg_inner_best_models/val_loss_mean":0.6002511084079742,"_timestamp":1.7724993427424095e+09,"_step":28,"avg_inner_best_models/train_loss_mean":0.3743092864751816}