{"_timestamp":1.7728685510217052e+09,"_wandb":{"runtime":0},"_runtime":0.053924401,"_step":40,"avg_inner_best_models/train_loss_mean":1.4360253810882568,"avg_inner_best_models/val_loss_mean":0.6731547713279724,"avg_inner_best_models/val_auc_mean":0.6875}