{"_timestamp":1.7725537772753801e+09,"_step":62,"avg_inner_best_models/train_loss_mean":0.35881156971057254,"_wandb":{"runtime":0},"_runtime":0.054908215,"avg_inner_best_models/val_loss_mean":0.5766726732254028}