{"avg_inner_best_models/val_loss_mean":0.6752788424491882,"avg_inner_best_models/val_auc_mean":0.6029411764705882,"_wandb":{"runtime":0},"_runtime":0.057917192,"_timestamp":1.7727835442005384e+09,"_step":38,"avg_inner_best_models/train_loss_mean":0.5569588541984558}