{"_runtime":0.041806766,"avg_inner_best_models/val_loss_mean":0.5922935903072357,"_timestamp":1.7725177322919962e+09,"_step":80,"avg_inner_best_models/train_loss_mean":0.27104004720846814,"_wandb":{"runtime":0}}