{"avg_inner_best_models/train_loss_mean":0.5319173038005829,"_wandb":{"runtime":0},"_runtime":0.064337889,"avg_inner_best_models/val_loss_mean":0.712130218744278,"avg_inner_best_models/val_auc_mean":0.707983193277311,"_timestamp":1.7728126755507367e+09,"_step":50}