outer_test_LOGLOSS_mean,outer_test_LOGLOSS_std,outer_test_AUC_mean,outer_test_AUC_std,outer_test_AUCPR_mean,outer_test_AUCPR_std,outer_test_ACC_mean,outer_test_ACC_std,outer_test_SEN_mean,outer_test_SEN_std,outer_test_SP_mean,outer_test_SP_std,outer_test_MCC_mean,outer_test_MCC_std
0.665774034241975,0.008332212952511698,0.641673973293021,0.07722866308215878,0.7596709320568883,0.04172387153685569,0.622923976608187,0.058867403036182396,0.6895343915343914,0.07608655972830408,0.5083650793650792,0.1965740015144312,0.19179604321030577,0.16470776841721085
