{"_timestamp":1.7725649383100767e+09,"_wandb":{"runtime":0},"_runtime":0.062064288,"_step":65,"avg_inner_best_models/train_loss_mean":0.4747745121518771,"avg_inner_best_models/val_loss_mean":0.6393844485282898}