{"_wandb":{"runtime":0},"_runtime":0.066157215,"_timestamp":1.7727933142806268e+09,"_step":28,"avg_inner_best_models/train_loss_mean":0.5839565793673197,"avg_inner_best_models/val_loss_mean":0.6708496510982513,"avg_inner_best_models/val_auc_mean":0.6616379310344829}