{"_step":34,"avg_inner_best_models/train_loss_mean":0.45846949766079587,"avg_inner_best_models/val_loss_mean":0.6377918720245361,"avg_inner_best_models/val_auc_mean":0.6974789915966386,"_timestamp":1.7728077220937505e+09,"_wandb":{"runtime":0},"_runtime":0.051295274}