{"_runtime":0.070484383,"avg_inner_best_models/val_auc_mean":0.7584033613445378,"_timestamp":1.772864430297059e+09,"_step":80,"avg_inner_best_models/train_loss_mean":0.8735970755418142,"avg_inner_best_models/val_loss_mean":0.6478599309921265,"_wandb":{"runtime":0}}