outer_test_LOGLOSS_mean,outer_test_LOGLOSS_std,outer_test_AUC_mean,outer_test_AUC_std,outer_test_AUCPR_mean,outer_test_AUCPR_std,outer_test_ACC_mean,outer_test_ACC_std,outer_test_SEN_mean,outer_test_SEN_std,outer_test_SP_mean,outer_test_SP_std,outer_test_MCC_mean,outer_test_MCC_std
0.6809522036702431,0.011789299185350367,0.5718064373897708,0.04708396598988367,0.7053581533023451,0.0314607256674216,0.5635526315789474,0.06416293214932482,0.625915343915344,0.14179660275039008,0.4563015873015873,0.14191232696365028,0.08300050387098,0.10843796567783548
