{"_step":23,"avg_inner_best_models/train_loss_mean":0.5481676359971365,"_runtime":0.050952536,"_wandb":{"runtime":0},"avg_inner_best_models/val_loss_mean":0.6563558777173361,"_timestamp":1.7725391223067617e+09}