{"_timestamp":1.7728405536065104e+09,"_wandb":{"runtime":0},"_runtime":0.085285344,"_step":58,"avg_inner_best_models/train_loss_mean":1.3411059776941936,"avg_inner_best_models/val_loss_mean":0.6474008957544962,"avg_inner_best_models/val_auc_mean":0.7823275862068966}