{"_wandb":{"runtime":0},"_step":29,"avg_inner_best_models/train_loss_mean":0.43407242000102997,"avg_inner_best_models/val_loss_mean":0.6115859945615133,"_timestamp":1.7724972490449734e+09,"_runtime":0.041985569}