outer_test_LOGLOSS_mean,outer_test_LOGLOSS_std,outer_test_AUC_mean,outer_test_AUC_std,outer_test_AUCPR_mean,outer_test_AUCPR_std,outer_test_ACC_mean,outer_test_ACC_std,outer_test_SEN_mean,outer_test_SEN_std,outer_test_SP_mean,outer_test_SP_std,outer_test_MCC_mean,outer_test_MCC_std
0.6762885638827557,0.02532902144120691,0.5986016628873772,0.10338710175636212,0.7129728516819104,0.06066672886505051,0.5956140350877192,0.0806481890172922,0.6309523809523808,0.052868700771723114,0.5342857142857141,0.13925620362997515,0.1600008928311915,0.17863645327790145
