{"avg_inner_best_models/val_loss_mean":0.7230509519577026,"_timestamp":1.7725338036239905e+09,"_step":42,"avg_inner_best_models/train_loss_mean":0.5388088052471479,"_wandb":{"runtime":0},"_runtime":0.060655034}