{"_step":67,"avg_inner_best_models/train_loss_mean":0.35050607721010846,"avg_inner_best_models/val_loss_mean":0.6213047504425049,"_wandb":{"runtime":0},"_runtime":0.039591181,"_timestamp":1.7725154201996813e+09}