outer_test_LOGLOSS_mean,outer_test_LOGLOSS_std,outer_test_AUC_mean,outer_test_AUC_std,outer_test_AUCPR_mean,outer_test_AUCPR_std,outer_test_ACC_mean,outer_test_ACC_std,outer_test_SEN_mean,outer_test_SEN_std,outer_test_SP_mean,outer_test_SP_std,outer_test_MCC_mean,outer_test_MCC_std
0.688476079992304,0.013148200511055898,0.543512534643487,0.06274845045049268,0.6795746141322466,0.04286738641389901,0.5400313283208021,0.0618768427970096,0.6156613756613757,0.13235839856406856,0.40987301587301583,0.09624997237096211,0.02802549190812283,0.08699125944412228
