outer_test_LOGLOSS_mean,outer_test_LOGLOSS_std,outer_test_AUC_mean,outer_test_AUC_std,outer_test_AUCPR_mean,outer_test_AUCPR_std,outer_test_ACC_mean,outer_test_ACC_std,outer_test_SEN_mean,outer_test_SEN_std,outer_test_SP_mean,outer_test_SP_std,outer_test_MCC_mean,outer_test_MCC_std
0.6754581766907897,0.016827912509815503,0.5748380574452003,0.060674738152928794,0.7035708007270262,0.037091694134660555,0.5997284878863827,0.057898800609851656,0.7041428571428571,0.11888404905733128,0.42207936507936505,0.1451671907425924,0.13003935015975324,0.11372319639044208
