{"_wandb":{"runtime":0},"_runtime":0.060108197,"_step":80,"avg_inner_best_models/train_loss_mean":0.5137444486220678,"avg_inner_best_models/val_loss_mean":0.6302492022514343,"avg_inner_best_models/val_auc_mean":0.773109243697479,"_timestamp":1.7727668576151135e+09}