outer_test_LOGLOSS_mean,outer_test_LOGLOSS_std,outer_test_AUC_mean,outer_test_AUC_std,outer_test_AUCPR_mean,outer_test_AUCPR_std,outer_test_ACC_mean,outer_test_ACC_std,outer_test_SEN_mean,outer_test_SEN_std,outer_test_SP_mean,outer_test_SP_std,outer_test_MCC_mean,outer_test_MCC_std
0.6833781754663719,0.006881115637231449,0.5606651549508693,0.06266791266492465,0.7033918171708564,0.04638779116785822,0.5802276524644946,0.0565399340814826,0.6446931216931217,0.06502836233017528,0.46707936507936504,0.14988511802617757,0.10850952695991552,0.1407271136435877
