outer_test_LOGLOSS_mean,outer_test_LOGLOSS_std,outer_test_AUC_mean,outer_test_AUC_std,outer_test_AUCPR_mean,outer_test_AUCPR_std,outer_test_ACC_mean,outer_test_ACC_std,outer_test_SEN_mean,outer_test_SEN_std,outer_test_SP_mean,outer_test_SP_std,outer_test_MCC_mean,outer_test_MCC_std
0.6877838538857987,0.0148499660653208,0.5646642731166541,0.07593468103837682,0.7091489044960979,0.05544591621201077,0.5539285714285714,0.04577355321035724,0.5647513227513228,0.15345214983120992,0.5362380952380952,0.23824537771792514,0.1008333591646957,0.13353912085224728
