outer_test_LOGLOSS_mean,outer_test_LOGLOSS_std,outer_test_AUC_mean,outer_test_AUC_std,outer_test_AUCPR_mean,outer_test_AUCPR_std,outer_test_ACC_mean,outer_test_ACC_std,outer_test_SEN_mean,outer_test_SEN_std,outer_test_SP_mean,outer_test_SP_std,outer_test_MCC_mean,outer_test_MCC_std
0.6700734790005772,0.012948233421617878,0.5948531746031747,0.06520566811841333,0.7314938738226708,0.06084634938193889,0.6008395989974937,0.04543118963902783,0.715936507936508,0.07270648343313407,0.4001111111111111,0.08677407426525134,0.12003665363202098,0.09370152876459423
