outer_test_LOGLOSS_mean,outer_test_LOGLOSS_std,outer_test_AUC_mean,outer_test_AUC_std,outer_test_AUCPR_mean,outer_test_AUCPR_std,outer_test_ACC_mean,outer_test_ACC_std,outer_test_SEN_mean,outer_test_SEN_std,outer_test_SP_mean,outer_test_SP_std,outer_test_MCC_mean,outer_test_MCC_std
0.6672263985916589,0.012962731458004468,0.6221070168808264,0.057187231334032085,0.7550095203158075,0.050073251946729395,0.6050647451963241,0.03483921294968868,0.674037037037037,0.12030627329522918,0.48963492063492065,0.20341204013080963,0.1675411788073795,0.11084650558111478
