{"avg_inner_best_models/val_loss_mean":0.6713247100512186,"_timestamp":1.7725426304516454e+09,"_step":26,"_wandb":{"runtime":0},"_runtime":0.036824066,"avg_inner_best_models/train_loss_mean":0.48710906008879346}