{"_runtime":0.06357544,"avg_inner_best_models/val_loss_mean":0.5905711352825165,"_timestamp":1.7725023836682854e+09,"_step":48,"avg_inner_best_models/train_loss_mean":0.27964256952206296,"_wandb":{"runtime":0}}