outer_test_LOGLOSS_mean,outer_test_LOGLOSS_std,outer_test_AUC_mean,outer_test_AUC_std,outer_test_AUCPR_mean,outer_test_AUCPR_std,outer_test_ACC_mean,outer_test_ACC_std,outer_test_SEN_mean,outer_test_SEN_std,outer_test_SP_mean,outer_test_SP_std,outer_test_MCC_mean,outer_test_MCC_std
0.6894383812265151,0.004618222296161526,0.5483743386243386,0.04374323779290631,0.6835932627927545,0.038122633172463775,0.5449770258980785,0.041269281342784424,0.551111111111111,0.09611981325805552,0.5345873015873016,0.12833853670962786,0.08445012941653704,0.08416519690504373
