{"_wandb":{"runtime":0},"_runtime":0.036958368,"avg_inner_best_models/val_loss_mean":0.6271346211433411,"avg_inner_best_models/val_auc_mean":0.6788793103448275,"_timestamp":1.772792689242542e+09,"_step":50,"avg_inner_best_models/train_loss_mean":0.45371073484420776}