outer_test_LOGLOSS_mean,outer_test_LOGLOSS_std,outer_test_AUC_mean,outer_test_AUC_std,outer_test_AUCPR_mean,outer_test_AUCPR_std,outer_test_ACC_mean,outer_test_ACC_std,outer_test_SEN_mean,outer_test_SEN_std,outer_test_SP_mean,outer_test_SP_std,outer_test_MCC_mean,outer_test_MCC_std
0.6767513224150203,0.013510574549800059,0.5795788611740993,0.06532133970931683,0.7092189691418637,0.05288290854535988,0.5852923976608188,0.040345994403547726,0.6803121693121693,0.10125604718797818,0.42400000000000004,0.16139013580862155,0.1050851066841268,0.10264779755091397
