{"avg_inner_best_models/train_loss_mean":0.4366599842905998,"avg_inner_best_models/val_loss_mean":0.6278677781422933,"_timestamp":1.772533330374296e+09,"_step":63,"_wandb":{"runtime":0},"_runtime":0.039804395}