{"_step":67,"avg_inner_best_models/train_loss_mean":0.5093229115009308,"avg_inner_best_models/val_loss_mean":0.6382915079593658,"_timestamp":1.7725680735003078e+09,"_wandb":{"runtime":0},"_runtime":0.053914913}