{"avg_inner_best_models/train_loss_mean":0.5254834592342377,"avg_inner_best_models/val_loss_mean":0.6825937032699585,"avg_inner_best_models/val_auc_mean":0.6594827586206897,"_timestamp":1.7727719451692863e+09,"_wandb":{"runtime":0},"_runtime":0.058098959,"_step":36}