{"_step":59,"avg_inner_best_models/train_loss_mean":0.5384773775935173,"avg_inner_best_models/val_loss_mean":0.6782851258913676,"_timestamp":1.7725715213576312e+09,"_wandb":{"runtime":0},"_runtime":0.060469917}