outer_test_LOGLOSS_mean,outer_test_LOGLOSS_std,outer_test_AUC_mean,outer_test_AUC_std,outer_test_AUCPR_mean,outer_test_AUCPR_std,outer_test_ACC_mean,outer_test_ACC_std,outer_test_SEN_mean,outer_test_SEN_std,outer_test_SP_mean,outer_test_SP_std,outer_test_MCC_mean,outer_test_MCC_std
0.6730863526693371,0.016746544150202297,0.5707993197278911,0.08069873125453572,0.7228411976786525,0.06840467584939472,0.581140350877193,0.07234807512711135,0.6812698412698414,0.08390882164715555,0.40857142857142853,0.15156590059186212,0.08994333191067835,0.16231151517349524
