{"_runtime":0.036040994,"_step":31,"avg_inner_best_models/train_loss_mean":0.4209163387616475,"avg_inner_best_models/val_loss_mean":0.6065726578235626,"_timestamp":1.7725275629472039e+09,"_wandb":{"runtime":0}}