{"_step":59,"avg_inner_best_models/train_loss_mean":0.5202171862125397,"_wandb":{"runtime":0},"_runtime":0.056903064,"avg_inner_best_models/val_loss_mean":0.6615739186604818,"_timestamp":1.7725602037080586e+09}