{"_runtime":0.033803109,"avg_inner_best_models/train_loss_mean":0.5070911794900894,"avg_inner_best_models/val_loss_mean":0.6853487888971964,"_timestamp":1.7725034645870705e+09,"_step":22,"_wandb":{"runtime":0}}