{"avg_inner_best_models/train_loss_mean":0.469860499103864,"avg_inner_best_models/val_loss_mean":0.6153903007507324,"_timestamp":1.7725294208718793e+09,"_step":62,"_wandb":{"runtime":0},"_runtime":0.037149697}