{"_wandb":{"runtime":0},"_runtime":0.054847241,"_timestamp":1.772548029173626e+09,"_step":61,"avg_inner_best_models/train_loss_mean":0.5315127621094385,"avg_inner_best_models/val_loss_mean":0.6682257354259491}