outer_test_LOGLOSS_mean,outer_test_LOGLOSS_std,outer_test_AUC_mean,outer_test_AUC_std,outer_test_AUCPR_mean,outer_test_AUCPR_std,outer_test_ACC_mean,outer_test_ACC_std,outer_test_SEN_mean,outer_test_SEN_std,outer_test_SP_mean,outer_test_SP_std,outer_test_MCC_mean,outer_test_MCC_std
0.6748804206888546,0.021208060145029586,0.5712765810027715,0.110389574414301,0.7132566010269251,0.08871344993484186,0.5779908103592315,0.06428851464824946,0.6944444444444444,0.10500510878101361,0.3733492063492063,0.08390308660523271,0.07488546417918185,0.11886140013668206
