{"_runtime":0.038679637,"_step":48,"avg_inner_best_models/train_loss_mean":0.29413901766141254,"avg_inner_best_models/val_loss_mean":0.6600322127342224,"_timestamp":1.7725309871041512e+09,"_wandb":{"runtime":0}}