{"_wandb":{"runtime":0},"_runtime":0.052622701,"avg_inner_best_models/train_loss_mean":0.34590381383895874,"avg_inner_best_models/val_loss_mean":0.6476266980171204,"_timestamp":1.7725282568906846e+09,"_step":43}