outer_test_LOGLOSS_mean,outer_test_LOGLOSS_std,outer_test_AUC_mean,outer_test_AUC_std,outer_test_AUCPR_mean,outer_test_AUCPR_std,outer_test_ACC_mean,outer_test_ACC_std,outer_test_SEN_mean,outer_test_SEN_std,outer_test_SP_mean,outer_test_SP_std,outer_test_MCC_mean,outer_test_MCC_std
0.6690849972279672,0.011008147052989357,0.6280300453514739,0.053207042857101344,0.7591706432227437,0.049886188278939834,0.5983375104427737,0.043364691500053204,0.6385608465608467,0.14063008420403408,0.5307142857142857,0.19078529369793168,0.17213663522263425,0.09324198160371691
