outer_test_LOGLOSS_mean,outer_test_LOGLOSS_std,outer_test_AUC_mean,outer_test_AUC_std,outer_test_AUCPR_mean,outer_test_AUCPR_std,outer_test_ACC_mean,outer_test_ACC_std,outer_test_SEN_mean,outer_test_SEN_std,outer_test_SP_mean,outer_test_SP_std,outer_test_MCC_mean,outer_test_MCC_std
0.679119576934938,0.014257459850552883,0.5730049130763417,0.045711635553154266,0.7097404915651601,0.036889808647082654,0.5606996658312449,0.040279520207227734,0.624089947089947,0.12647405869781067,0.45093650793650797,0.16605326941127482,0.07594951937710673,0.08471765020534269
