{"avg_inner_best_models/val_loss_mean":0.6618956923484802,"_timestamp":1.7725700517067447e+09,"_step":59,"_wandb":{"runtime":0},"_runtime":0.054115479,"avg_inner_best_models/train_loss_mean":0.5198642169435819}