{"avg_inner_best_models/val_loss_mean":0.6376078724861145,"avg_inner_best_models/val_auc_mean":0.6974789915966387,"_wandb":{"runtime":0},"_runtime":0.053637861,"_timestamp":1.7727579368766282e+09,"_step":40,"avg_inner_best_models/train_loss_mean":0.4471443295478821}