{"_runtime":0.060869253,"_timestamp":1.7725440514355187e+09,"_step":33,"avg_inner_best_models/train_loss_mean":0.509473130106926,"avg_inner_best_models/val_loss_mean":0.6493017077445984,"_wandb":{"runtime":0}}