{"_runtime":0.052173048,"_step":45,"avg_inner_best_models/train_loss_mean":0.5337184369564056,"avg_inner_best_models/val_loss_mean":0.6476434469223022,"avg_inner_best_models/val_auc_mean":0.7801724137931034,"_timestamp":1.7727560017906017e+09,"_wandb":{"runtime":0}}