{"avg_inner_best_models/val_loss_mean":0.6352354884147644,"_timestamp":1.7725688620640957e+09,"_step":62,"_wandb":{"runtime":0},"_runtime":0.053590445,"avg_inner_best_models/train_loss_mean":0.4766737421353658}