{"_runtime":0.037446821,"_step":37,"avg_inner_best_models/train_loss_mean":0.4584057728449504,"avg_inner_best_models/val_loss_mean":0.6270760496457418,"_timestamp":1.7725372431148767e+09,"_wandb":{"runtime":0}}