{"_step":39,"avg_inner_best_models/train_loss_mean":0.5108944724003474,"_wandb":{"runtime":0},"_runtime":0.039609112,"avg_inner_best_models/val_loss_mean":0.630178302526474,"_timestamp":1.772534241340262e+09}