{"_timestamp":1.7728856448702128e+09,"_step":34,"avg_inner_best_models/train_loss_mean":0.8735292553901672,"avg_inner_best_models/val_loss_mean":0.6288654506206512,"avg_inner_best_models/val_auc_mean":0.8017241379310345,"_wandb":{"runtime":0},"_runtime":0.055174742}