{"_runtime":0.057214335,"avg_inner_best_models/train_loss_mean":0.49531080573797226,"avg_inner_best_models/val_loss_mean":0.6199666062990824,"_timestamp":1.7725392308438156e+09,"_step":72,"_wandb":{"runtime":0}}