{"avg_inner_best_models/val_auc_mean":0.6722689075630253,"_timestamp":1.7727562142801485e+09,"_step":35,"avg_inner_best_models/train_loss_mean":0.43632010618845624,"avg_inner_best_models/val_loss_mean":0.6092437207698822,"_wandb":{"runtime":0},"_runtime":0.038526557}