{"_step":37,"avg_inner_best_models/train_loss_mean":0.5828174750010172,"_wandb":{"runtime":0},"_runtime":0.051230539,"avg_inner_best_models/val_loss_mean":0.6966082751750946,"_timestamp":1.7724950490596242e+09}