{"_wandb":{"runtime":0},"_runtime":0.053777062,"avg_inner_best_models/val_loss_mean":0.6912351846694946,"avg_inner_best_models/val_auc_mean":0.6743697478991597,"_timestamp":1.7727552438048258e+09,"_step":36,"avg_inner_best_models/train_loss_mean":0.563038781285286}