{"_runtime":0.036432528,"_step":37,"avg_inner_best_models/train_loss_mean":0.45789801081021625,"avg_inner_best_models/val_loss_mean":0.6101858019828796,"_timestamp":1.772514720105023e+09,"_wandb":{"runtime":0}}