{"avg_inner_best_models/train_loss_mean":0.36600030213594437,"avg_inner_best_models/val_loss_mean":0.6418532133102417,"avg_inner_best_models/val_auc_mean":0.6573275862068965,"_timestamp":1.7727790444125934e+09,"_wandb":{"runtime":0},"_runtime":0.056366023,"_step":80}