{"_timestamp":1.7724957613053837e+09,"_wandb":{"runtime":0},"_runtime":0.042740231,"_step":33,"avg_inner_best_models/train_loss_mean":0.7103024423122406,"avg_inner_best_models/val_loss_mean":0.7298133770624796}