outer_test_LOGLOSS_mean,outer_test_LOGLOSS_std,outer_test_AUC_mean,outer_test_AUC_std,outer_test_AUCPR_mean,outer_test_AUCPR_std,outer_test_ACC_mean,outer_test_ACC_std,outer_test_SEN_mean,outer_test_SEN_std,outer_test_SP_mean,outer_test_SP_std,outer_test_MCC_mean,outer_test_MCC_std
0.6786774275966523,0.008892563405017415,0.5992985008818342,0.04847859084259464,0.7347005694497328,0.032772871441670716,0.6039494569757728,0.04297927790067412,0.6928783068783069,0.05880101239002361,0.4486349206349206,0.1161358010536534,0.1414742367170383,0.10532563959234573
