{"_wandb":{"runtime":0},"_runtime":0.051024946,"avg_inner_best_models/train_loss_mean":0.9751005073388418,"avg_inner_best_models/val_loss_mean":0.6843945185343424,"avg_inner_best_models/val_auc_mean":0.6487068965517242,"_timestamp":1.7728758454518201e+09,"_step":33}