{"_step":47,"avg_inner_best_models/train_loss_mean":0.5321966111660004,"avg_inner_best_models/val_loss_mean":0.6556147933006287,"_wandb":{"runtime":0},"_runtime":0.057259073,"avg_inner_best_models/val_auc_mean":0.6932773109243697,"_timestamp":1.7727716438265615e+09}