{"_wandb":{"runtime":0},"_runtime":0.056657837,"avg_inner_best_models/val_auc_mean":0.7844827586206897,"_timestamp":1.7728157473422606e+09,"_step":52,"avg_inner_best_models/train_loss_mean":0.5259320437908173,"avg_inner_best_models/val_loss_mean":0.6344713568687439}