{"_timestamp":1.772779930554691e+09,"_step":80,"avg_inner_best_models/train_loss_mean":0.5101475914319357,"_wandb":{"runtime":0},"_runtime":0.056016715,"avg_inner_best_models/val_loss_mean":0.6888993382453918,"avg_inner_best_models/val_auc_mean":0.6400862068965517}