outer_test_LOGLOSS_mean,outer_test_LOGLOSS_std,outer_test_AUC_mean,outer_test_AUC_std,outer_test_AUCPR_mean,outer_test_AUCPR_std,outer_test_ACC_mean,outer_test_ACC_std,outer_test_SEN_mean,outer_test_SEN_std,outer_test_SP_mean,outer_test_SP_std,outer_test_MCC_mean,outer_test_MCC_std
0.6877943969709432,0.015423427480124418,0.5545020156210634,0.08976171188606098,0.6763478575322445,0.05779784832294215,0.5734231411862991,0.0717227537327169,0.6102169312169312,0.1425155206715511,0.5053809523809524,0.10969265612646109,0.11914598518106445,0.11645481624660568
