{"_timestamp":1.7728318842371476e+09,"_wandb":{"runtime":0},"_runtime":0.057868239,"_step":42,"avg_inner_best_models/train_loss_mean":0.6020736694335938,"avg_inner_best_models/val_loss_mean":0.6840957005818685,"avg_inner_best_models/val_auc_mean":0.6743697478991597}