{"_wandb":{"runtime":0},"_runtime":0.041061963,"_step":53,"avg_inner_best_models/train_loss_mean":0.48653336862723034,"avg_inner_best_models/val_loss_mean":0.6636615991592407,"avg_inner_best_models/val_auc_mean":0.6379310344827587,"_timestamp":1.772754711607847e+09}