{"_runtime":0.054549196,"_wandb":{"runtime":0},"avg_inner_best_models/val_loss_mean":0.638673722743988,"_timestamp":1.7725334173251395e+09,"_step":49,"avg_inner_best_models/train_loss_mean":0.48766546448071796}