outer_test_LOGLOSS_mean,outer_test_LOGLOSS_std,outer_test_AUC_mean,outer_test_AUC_std,outer_test_AUCPR_mean,outer_test_AUCPR_std,outer_test_ACC_mean,outer_test_ACC_std,outer_test_SEN_mean,outer_test_SEN_std,outer_test_SP_mean,outer_test_SP_std,outer_test_MCC_mean,outer_test_MCC_std
0.6688893619401413,0.008857877321403298,0.5874275006298817,0.04787724341596942,0.7235411065387302,0.04970358729151079,0.5994924812030075,0.03309964545637041,0.7136137566137565,0.11614597877476121,0.4032222222222222,0.17314886823673414,0.12271329199873066,0.08609078135165033
