outer_test_LOGLOSS_mean,outer_test_LOGLOSS_std,outer_test_AUC_mean,outer_test_AUC_std,outer_test_AUCPR_mean,outer_test_AUCPR_std,outer_test_ACC_mean,outer_test_ACC_std,outer_test_SEN_mean,outer_test_SEN_std,outer_test_SP_mean,outer_test_SP_std,outer_test_MCC_mean,outer_test_MCC_std
0.6888604695282181,0.0057792862145359504,0.6103590954900479,0.039779564436325056,0.744379395616149,0.033485114061094515,0.5450313283208019,0.056374124330251366,0.4403492063492064,0.10732300153878521,0.7266666666666667,0.1003084621483457,0.16714332304863438,0.0977415341822251
