{"avg_inner_best_models/train_loss_mean":0.2519291415810585,"_wandb":{"runtime":0},"_runtime":0.051633416,"avg_inner_best_models/val_loss_mean":0.6498052279154459,"_timestamp":1.772500877272322e+09,"_step":43}