{"_runtime":0.069007931,"_step":30,"avg_inner_best_models/train_loss_mean":0.48840782046318054,"avg_inner_best_models/val_loss_mean":0.6275238792101542,"avg_inner_best_models/val_auc_mean":0.7079831932773109,"_timestamp":1.7728166734089022e+09,"_wandb":{"runtime":0}}