{"avg_inner_best_models/val_auc_mean":0.6336206896551724,"_timestamp":1.7727564152312338e+09,"_step":29,"_wandb":{"runtime":0},"_runtime":0.056391541,"avg_inner_best_models/train_loss_mean":0.5447445114453634,"avg_inner_best_models/val_loss_mean":0.6412865817546844}