{"_timestamp":1.7725202031763217e+09,"_wandb":{"runtime":0},"_runtime":0.050865828,"_step":26,"avg_inner_best_models/train_loss_mean":0.4936329051852226,"avg_inner_best_models/val_loss_mean":0.6591771245002747}