{"_wandb":{"runtime":0},"_runtime":0.048772645,"_timestamp":1.7725009588483284e+09,"_step":31,"avg_inner_best_models/train_loss_mean":0.40314147621393204,"avg_inner_best_models/val_loss_mean":0.6314722498257955}