{"_step":80,"avg_inner_best_models/train_loss_mean":0.5332212919990221,"_wandb":{"runtime":0},"_runtime":0.06178633,"avg_inner_best_models/val_loss_mean":0.7085440158843994,"avg_inner_best_models/val_auc_mean":0.6616379310344828,"_timestamp":1.7727529944068224e+09}