{"_wandb":{"runtime":0},"_runtime":0.060148076,"avg_inner_best_models/train_loss_mean":0.47438452144463855,"avg_inner_best_models/val_loss_mean":0.6496823231379191,"avg_inner_best_models/val_auc_mean":0.657563025210084,"_timestamp":1.7727590182055032e+09,"_step":51}