outer_test_LOGLOSS_mean,outer_test_LOGLOSS_std,outer_test_AUC_mean,outer_test_AUC_std,outer_test_AUCPR_mean,outer_test_AUCPR_std,outer_test_ACC_mean,outer_test_ACC_std,outer_test_SEN_mean,outer_test_SEN_std,outer_test_SP_mean,outer_test_SP_std,outer_test_MCC_mean,outer_test_MCC_std
0.6796295791499617,0.018333863909537295,0.5595653817082389,0.08299006195614657,0.6981251583774503,0.06425465918061296,0.5780075187969925,0.04245189768505889,0.6426984126984128,0.05851095945131412,0.46571428571428564,0.19847491088153457,0.10247491326636433,0.14680069098221982
