outer_test_LOGLOSS_mean,outer_test_LOGLOSS_std,outer_test_AUC_mean,outer_test_AUC_std,outer_test_AUCPR_mean,outer_test_AUCPR_std,outer_test_ACC_mean,outer_test_ACC_std,outer_test_SEN_mean,outer_test_SEN_std,outer_test_SP_mean,outer_test_SP_std,outer_test_MCC_mean,outer_test_MCC_std
0.6915583398288692,0.014372524684533828,0.5135474300831443,0.11251198893908708,0.67663909400061,0.08890071939956849,0.5245321637426901,0.08030419898234807,0.5951164021164022,0.10321006907651706,0.4022698412698413,0.09466885517472168,-0.0009619971106141427,0.15288576975957271
