outer_test_LOGLOSS_mean,outer_test_LOGLOSS_std,outer_test_AUC_mean,outer_test_AUC_std,outer_test_AUCPR_mean,outer_test_AUCPR_std,outer_test_ACC_mean,outer_test_ACC_std,outer_test_SEN_mean,outer_test_SEN_std,outer_test_SP_mean,outer_test_SP_std,outer_test_MCC_mean,outer_test_MCC_std
0.6825203228515793,0.023168791179440994,0.5564588057445201,0.08680721433928082,0.7008997532593195,0.07278611285302006,0.5530701754385965,0.07351335834690596,0.5915873015873017,0.16131974918292685,0.4847619047619047,0.16606694822425383,0.0797926782204044,0.1258299979349767
