outer_test_LOGLOSS_mean,outer_test_LOGLOSS_std,outer_test_AUC_mean,outer_test_AUC_std,outer_test_AUCPR_mean,outer_test_AUCPR_std,outer_test_ACC_mean,outer_test_ACC_std,outer_test_SEN_mean,outer_test_SEN_std,outer_test_SP_mean,outer_test_SP_std,outer_test_MCC_mean,outer_test_MCC_std
0.6733716559220188,0.02233333035492972,0.6021806500377929,0.06912604286240033,0.7326995171355754,0.07779416125158446,0.5991228070175438,0.09723358971130902,0.6353968253968254,0.2379950847556538,0.5347619047619048,0.25735000474705777,0.18840106853929134,0.16144904394789228
