{"_runtime":0.04163821,"_timestamp":1.7725249257198095e+09,"_step":48,"avg_inner_best_models/train_loss_mean":0.44055378685394925,"avg_inner_best_models/val_loss_mean":0.6370069980621338,"_wandb":{"runtime":0}}