{"_timestamp":1.7727633843415916e+09,"_wandb":{"runtime":0},"_runtime":0.036594733,"_step":41,"avg_inner_best_models/train_loss_mean":0.5133138820528984,"avg_inner_best_models/val_loss_mean":0.6689532399177551,"avg_inner_best_models/val_auc_mean":0.6379310344827587}