outer_test_LOGLOSS_mean,outer_test_LOGLOSS_std,outer_test_AUC_mean,outer_test_AUC_std,outer_test_AUCPR_mean,outer_test_AUCPR_std,outer_test_ACC_mean,outer_test_ACC_std,outer_test_SEN_mean,outer_test_SEN_std,outer_test_SP_mean,outer_test_SP_std,outer_test_MCC_mean,outer_test_MCC_std
0.6798437208668262,0.009835338559192853,0.5727164902998237,0.0814022174021143,0.6918247332548204,0.07354347958929619,0.5705242272347535,0.06067324844077132,0.6391851851851851,0.07846908457144877,0.4517619047619047,0.1330306424705449,0.08977446871479616,0.13272190609569015
