{"_timestamp":1.772819322924847e+09,"_step":69,"avg_inner_best_models/train_loss_mean":0.5906849900881449,"_wandb":{"runtime":0},"_runtime":0.061847293,"avg_inner_best_models/val_loss_mean":0.7010162075360616,"avg_inner_best_models/val_auc_mean":0.7436974789915967}