{"avg_inner_best_models/val_loss_mean":0.6275238792101542,"avg_inner_best_models/val_auc_mean":0.7079831932773109,"_timestamp":1.7728249394948413e+09,"_runtime":0.080944134,"_wandb":{"runtime":0},"_step":30,"avg_inner_best_models/train_loss_mean":0.48840782046318054}