{"_runtime":0.036018461,"_step":34,"avg_inner_best_models/train_loss_mean":0.36522992700338364,"avg_inner_best_models/val_loss_mean":0.6564693649609884,"_timestamp":1.7725067820062597e+09,"_wandb":{"runtime":0}}