{"_timestamp":1.7725096619267964e+09,"_step":41,"avg_inner_best_models/train_loss_mean":0.3142677793900172,"_runtime":0.050643858,"_wandb":{"runtime":0},"avg_inner_best_models/val_loss_mean":0.5699118574460348}