{"_runtime":0.051298182,"avg_inner_best_models/val_loss_mean":0.6556723415851593,"_timestamp":1.7725320457799954e+09,"_step":33,"avg_inner_best_models/train_loss_mean":0.4886565109093984,"_wandb":{"runtime":0}}