{"_wandb":{"runtime":0},"avg_inner_best_models/val_loss_mean":0.6532272696495056,"avg_inner_best_models/val_auc_mean":0.7543103448275862,"_timestamp":1.772785066853752e+09,"_step":48,"avg_inner_best_models/train_loss_mean":0.3897557854652405,"_runtime":0.053115944}