{"avg_inner_folds/std_logloss":0.02000331640956733,"avg_inner_folds/std_auc":0.04955837178058715,"avg_inner_folds/mean_logloss":0.6859487822810232,"avg_inner_folds/mean_auc":0.5628767024050999,"avg_inner_folds/mean_aucpr":0.7101988987189282,"_step":61,"_runtime":0,"avg_inner_folds/std_acc":0.04368132931952637,"_timestamp":1.772104959916161e+09,"avg_inner_curve/val_acc_mean":0.5333333333333333,"avg_inner_curve/folds_count":1,"avg_inner_folds/mean_acc":0.526280193236715,"avg_inner_curve/val_loss_mean":0.690984308719635,"avg_inner_curve/val_auc_std":0,"avg_inner_curve/train_loss_mean":0.4710797504945235,"avg_inner_curve/train_loss_std":0,"avg_inner_curve/val_loss_std":0,"avg_inner_folds/std_aucpr":0.030388619662328115,"avg_inner_curve/val_auc_mean":0.5646551724137931,"_wandb":{"runtime":0},"avg_inner_curve/val_acc_std":0}