{"avg_inner_best_models/val_auc_mean":0.6573275862068966,"_timestamp":1.772781057716015e+09,"_step":66,"_wandb":{"runtime":0},"_runtime":0.052972502,"avg_inner_best_models/train_loss_mean":0.38088756799697876,"avg_inner_best_models/val_loss_mean":0.6475289463996887}