{"avg_inner_best_models/val_loss_mean":0.650884747505188,"_timestamp":1.772516566399477e+09,"_step":34,"avg_inner_best_models/train_loss_mean":0.34716921548048657,"_wandb":{"runtime":0},"_runtime":0.036712463}