outer_test_LOGLOSS_mean,outer_test_LOGLOSS_std,outer_test_AUC_mean,outer_test_AUC_std,outer_test_AUCPR_mean,outer_test_AUCPR_std,outer_test_ACC_mean,outer_test_ACC_std,outer_test_SEN_mean,outer_test_SEN_std,outer_test_SP_mean,outer_test_SP_std,outer_test_MCC_mean,outer_test_MCC_std
0.6841741968717483,0.018021124580999637,0.5841021038044848,0.14043127637660835,0.7128945566934588,0.10847764881182966,0.5589411027568922,0.05625328981983447,0.5951798941798943,0.12324173661177103,0.5008412698412699,0.25591737393795605,0.10171161683695382,0.18407453744485353
