{"_timestamp":1.7725038073232656e+09,"_step":41,"_wandb":{"runtime":0},"_runtime":0.055566698,"avg_inner_best_models/train_loss_mean":0.30243119845787686,"avg_inner_best_models/val_loss_mean":0.6576823592185974}