{"_step":59,"_runtime":0.053896205,"_wandb":{"runtime":0},"avg_inner_best_models/train_loss_mean":0.4989453877011935,"avg_inner_best_models/val_loss_mean":0.6701936662197113,"_timestamp":1.772563756899888e+09}