{"_runtime":0.058591405,"avg_inner_best_models/train_loss_mean":0.5143360793590546,"avg_inner_best_models/val_loss_mean":0.6623907883961996,"_timestamp":1.7725442323640976e+09,"_step":26,"_wandb":{"runtime":0}}