{"avg_inner_best_models/val_loss_mean":0.6505153377850851,"_wandb":{"runtime":0},"_runtime":0.060906528,"avg_inner_best_models/val_auc_mean":0.6616379310344828,"_timestamp":1.77276240458005e+09,"_step":29,"avg_inner_best_models/train_loss_mean":0.5046220843990644}