{"avg_inner_best_models/val_loss_mean":0.6585807800292969,"_timestamp":1.7725694238808322e+09,"_step":80,"_wandb":{"runtime":0},"_runtime":0.056292108,"avg_inner_best_models/train_loss_mean":0.49283714095751446}