{"avg_inner_best_models/train_loss_mean":0.5220581988493601,"avg_inner_best_models/val_loss_mean":0.6391594707965851,"_timestamp":1.772567029718021e+09,"_step":62,"_wandb":{"runtime":0},"_runtime":0.053058587}