{"_runtime":0.061447018,"_timestamp":1.772814978717199e+09,"_step":31,"avg_inner_best_models/train_loss_mean":0.5397785902023315,"avg_inner_best_models/val_loss_mean":0.6558967232704163,"avg_inner_best_models/val_auc_mean":0.7122935381048972,"_wandb":{"runtime":0}}