{"avg_inner_best_models/val_loss_mean":0.6061241030693054,"_timestamp":1.7725235499951334e+09,"_step":45,"_wandb":{"runtime":0},"_runtime":0.037945395,"avg_inner_best_models/train_loss_mean":0.2719895814855893}