{"_step":62,"_runtime":0.053418535,"_wandb":{"runtime":0},"avg_inner_best_models/train_loss_mean":0.5170964201291403,"avg_inner_best_models/val_loss_mean":0.6534996330738068,"avg_inner_best_models/val_auc_mean":0.6487068965517241,"_timestamp":1.77277828598349e+09}