{"_step":46,"_wandb":{"runtime":0},"_runtime":0.035714731,"avg_inner_best_models/train_loss_mean":0.3127021590868632,"avg_inner_best_models/val_loss_mean":0.6373552680015564,"_timestamp":1.772520113619825e+09}