outer_test_LOGLOSS_mean,outer_test_LOGLOSS_std,outer_test_AUC_mean,outer_test_AUC_std,outer_test_AUCPR_mean,outer_test_AUCPR_std,outer_test_ACC_mean,outer_test_ACC_std,outer_test_SEN_mean,outer_test_SEN_std,outer_test_SP_mean,outer_test_SP_std,outer_test_MCC_mean,outer_test_MCC_std
0.6752355555335627,0.015345805804505931,0.5871813429075333,0.06762569547775145,0.7081333430243945,0.035376854750997215,0.5915643274853801,0.0764710059640018,0.6742063492063491,0.11275060608985296,0.4467777777777779,0.10099308164668608,0.1253688353741027,0.14642244849225064
