{"_timestamp":1.7725415616212606e+09,"_step":30,"_wandb":{"runtime":0},"_runtime":0.036385176,"avg_inner_best_models/train_loss_mean":0.4322563062111537,"avg_inner_best_models/val_loss_mean":0.6247811615467072}