{"_runtime":0.056158747,"_timestamp":1.7725543826187873e+09,"_step":62,"avg_inner_best_models/train_loss_mean":0.5706890523433685,"avg_inner_best_models/val_loss_mean":0.6535388231277466,"_wandb":{"runtime":0}}