outer_test_LOGLOSS_mean,outer_test_LOGLOSS_std,outer_test_AUC_mean,outer_test_AUC_std,outer_test_AUCPR_mean,outer_test_AUCPR_std,outer_test_ACC_mean,outer_test_ACC_std,outer_test_SEN_mean,outer_test_SEN_std,outer_test_SP_mean,outer_test_SP_std,outer_test_MCC_mean,outer_test_MCC_std
0.6814655552563421,0.02231496372496088,0.5668102796674226,0.071349068184002,0.6742436215290017,0.05540009167966241,0.5817042606516291,0.09231691238396456,0.6482539682539683,0.14716541495895125,0.4685714285714286,0.12461277892416096,0.11848499270413533,0.16441044139150374
