{"avg_inner_best_models/train_loss_mean":0.46943115691343945,"_wandb":{"runtime":0},"_runtime":0.051394895,"avg_inner_best_models/val_loss_mean":0.663214902083079,"_timestamp":1.7725070668627646e+09,"_step":33}