{"avg_inner_best_models/val_auc_mean":0.5945378151260505,"_timestamp":1.7727764845409207e+09,"_step":25,"avg_inner_best_models/train_loss_mean":0.5639139264822006,"avg_inner_best_models/val_loss_mean":0.6751378774642944,"_wandb":{"runtime":0},"_runtime":0.034914414}