{"_runtime":0.052290015,"avg_inner_best_models/train_loss_mean":0.43146979312102,"avg_inner_best_models/val_loss_mean":0.656264990568161,"_timestamp":1.7724971574126663e+09,"_step":22,"_wandb":{"runtime":0}}