{"avg_inner_best_models/val_auc_mean":0.7952586206896552,"_wandb":{"runtime":0},"_runtime":0.099578338,"_timestamp":1.772825459823955e+09,"_step":54,"avg_inner_best_models/train_loss_mean":0.5485452115535736,"avg_inner_best_models/val_loss_mean":0.6545061469078064}