{"_wandb":{"runtime":0},"_runtime":0.054982834,"avg_inner_best_models/val_loss_mean":0.6659316281477611,"_timestamp":1.7725672379607034e+09,"_step":59,"avg_inner_best_models/train_loss_mean":0.5171614582339923}