{"_step":49,"_wandb":{"runtime":0},"_runtime":0.061186573,"avg_inner_best_models/train_loss_mean":0.2668437014023463,"avg_inner_best_models/val_loss_mean":0.6419830322265625,"_timestamp":1.7725102057617931e+09}