{"avg_inner_best_models/train_loss_mean":0.5047038818399111,"avg_inner_best_models/val_loss_mean":0.6534851590792338,"avg_inner_best_models/val_auc_mean":0.7302231237322514,"_timestamp":1.7728266592870421e+09,"_runtime":0.05430936,"_wandb":{"runtime":0},"_step":62}