{"avg_inner_best_models/val_loss_mean":0.6097681522369385,"_timestamp":1.7725172991861541e+09,"_wandb":{"runtime":0},"_runtime":0.038533409,"_step":51,"avg_inner_best_models/train_loss_mean":0.3284565756718318}