{"_runtime":0.054405776,"avg_inner_best_models/train_loss_mean":0.5039439226190249,"avg_inner_best_models/val_loss_mean":0.6592651804288229,"avg_inner_best_models/val_auc_mean":0.6487068965517242,"_timestamp":1.7727568101868405e+09,"_step":38,"_wandb":{"runtime":0}}