{"_timestamp":1.7728242802829359e+09,"_wandb":{"runtime":0},"_runtime":0.062329492,"_step":48,"avg_inner_best_models/train_loss_mean":0.5126703977584839,"avg_inner_best_models/val_loss_mean":0.6458114385604858,"avg_inner_best_models/val_auc_mean":0.6470588235294118}