{"_runtime":0.060134178,"avg_inner_best_models/val_loss_mean":0.6352941195170084,"avg_inner_best_models/val_auc_mean":0.7306034482758619,"_timestamp":1.7728676668847787e+09,"_step":67,"avg_inner_best_models/train_loss_mean":0.9733238965272903,"_wandb":{"runtime":0}}