{"_wandb":{"runtime":0},"_step":39,"avg_inner_best_models/train_loss_mean":0.5513783842325211,"avg_inner_best_models/val_loss_mean":0.6303581198056539,"avg_inner_best_models/val_auc_mean":0.726890756302521,"_timestamp":1.7727654029056344e+09,"_runtime":0.056804169}