{"avg_inner_best_models/val_auc_mean":0.7037815126050421,"_timestamp":1.7727517169264023e+09,"_step":44,"_wandb":{"runtime":0},"_runtime":0.063246277,"avg_inner_best_models/train_loss_mean":0.46673473219076794,"avg_inner_best_models/val_loss_mean":0.6234396497408549}