{"_wandb":{"runtime":0},"_runtime":0.043060034,"_timestamp":1.77252120413953e+09,"_step":30,"avg_inner_best_models/train_loss_mean":0.6039712280035019,"avg_inner_best_models/val_loss_mean":0.6675238211949667}