outer_test_LOGLOSS_mean,outer_test_LOGLOSS_std,outer_test_AUC_mean,outer_test_AUC_std,outer_test_AUCPR_mean,outer_test_AUCPR_std,outer_test_ACC_mean,outer_test_ACC_std,outer_test_SEN_mean,outer_test_SEN_std,outer_test_SP_mean,outer_test_SP_std,outer_test_MCC_mean,outer_test_MCC_std
0.6770662784124081,0.01438550330457829,0.5424058956916101,0.038230651839046025,0.6942593284388023,0.03076923273177653,0.5718713450292398,0.03759805298524828,0.7124550264550265,0.08601200159036394,0.3287777777777778,0.07975155872600677,0.04490553256311929,0.06335663017027496
