outer_test_LOGLOSS_mean,outer_test_LOGLOSS_std,outer_test_AUC_mean,outer_test_AUC_std,outer_test_AUCPR_mean,outer_test_AUCPR_std,outer_test_ACC_mean,outer_test_ACC_std,outer_test_SEN_mean,outer_test_SEN_std,outer_test_SP_mean,outer_test_SP_std,outer_test_MCC_mean,outer_test_MCC_std
0.6882218828255398,0.01731059204798723,0.5556908541194256,0.10500048790787,0.6835722567097945,0.08447164043483311,0.5569026733500417,0.06645784448646745,0.6274126984126984,0.08176330903273613,0.43652380952380954,0.12885189808146819,0.061602238493092626,0.14285070011999007
