{"_runtime":0.060761496,"_step":59,"avg_inner_best_models/train_loss_mean":0.4999182730913162,"avg_inner_best_models/val_loss_mean":0.6787438948949178,"_timestamp":1.7725729911262813e+09,"_wandb":{"runtime":0}}