{"avg_inner_best_models/train_loss_mean":0.48097999542951586,"_wandb":{"runtime":0},"_runtime":0.053255567,"avg_inner_best_models/val_loss_mean":0.676035217444102,"_timestamp":1.7725643158711457e+09,"_step":59}