{"avg_inner_best_models/train_loss_mean":0.4453007901708285,"avg_inner_best_models/val_loss_mean":0.6337762673695883,"_timestamp":1.7725150769422615e+09,"_step":58,"_wandb":{"runtime":0},"_runtime":0.04179503}