{"_step":43,"_wandb":{"runtime":0},"_runtime":0.058741592,"avg_inner_best_models/train_loss_mean":0.5134383762876192,"avg_inner_best_models/val_loss_mean":0.6810921629269918,"avg_inner_best_models/val_auc_mean":0.6745689655172413,"_timestamp":1.77279028017095e+09}