outer_test_LOGLOSS_mean,outer_test_LOGLOSS_std,outer_test_AUC_mean,outer_test_AUC_std,outer_test_AUCPR_mean,outer_test_AUCPR_std,outer_test_ACC_mean,outer_test_ACC_std,outer_test_SEN_mean,outer_test_SEN_std,outer_test_SP_mean,outer_test_SP_std,outer_test_MCC_mean,outer_test_MCC_std
0.692141893023107,0.022283350365511018,0.5385085034013607,0.11799681886943715,0.6721306895499358,0.09491049084577836,0.5492230576441102,0.0931420030742948,0.5819312169312169,0.12915714274876086,0.4936349206349206,0.15812868010135006,0.07423340677873655,0.1851753059195777
