outer_test_LOGLOSS_mean,outer_test_LOGLOSS_std,outer_test_AUC_mean,outer_test_AUC_std,outer_test_AUCPR_mean,outer_test_AUCPR_std,outer_test_ACC_mean,outer_test_ACC_std,outer_test_SEN_mean,outer_test_SEN_std,outer_test_SP_mean,outer_test_SP_std,outer_test_MCC_mean,outer_test_MCC_std
0.6915739939682549,0.02555141630105216,0.5140672713529856,0.0644463428968072,0.6597912781924583,0.04275546319906243,0.5290664160401003,0.07434852669041354,0.6257777777777779,0.1731869386715115,0.3612539682539682,0.15174390864677492,-0.010582787583436098,0.10973413800988878
