{"_wandb":{"runtime":0},"_runtime":0.037087821,"avg_inner_best_models/train_loss_mean":0.5148138751586279,"avg_inner_best_models/val_loss_mean":0.6774437874555588,"_timestamp":1.7725363383543482e+09,"_step":32}