{"_runtime":0.052653763,"avg_inner_best_models/train_loss_mean":0.5642925898234049,"avg_inner_best_models/val_loss_mean":0.6748808324337006,"_timestamp":1.7725062814472713e+09,"_step":50,"_wandb":{"runtime":0}}