{"_step":60,"_wandb":{"runtime":0},"_runtime":0.060107925,"avg_inner_best_models/train_loss_mean":0.17873371889193854,"avg_inner_best_models/val_loss_mean":0.5560596585273743,"_timestamp":1.772498181482673e+09}