{"_runtime":0.043229223,"_step":27,"avg_inner_best_models/train_loss_mean":0.5088071177403132,"avg_inner_best_models/val_loss_mean":0.6720235149065653,"_timestamp":1.772541374309091e+09,"_wandb":{"runtime":0}}