outer_test_LOGLOSS_mean,outer_test_LOGLOSS_std,outer_test_AUC_mean,outer_test_AUC_std,outer_test_AUCPR_mean,outer_test_AUCPR_std,outer_test_ACC_mean,outer_test_ACC_std,outer_test_SEN_mean,outer_test_SEN_std,outer_test_SP_mean,outer_test_SP_std,outer_test_MCC_mean,outer_test_MCC_std
0.68208854169348,0.026180890250372065,0.5723459309649787,0.06981568442797415,0.7133033408061815,0.05025726732422974,0.5806620718462824,0.06680252961590408,0.6292328042328043,0.19523535437302877,0.5011904761904762,0.2262739328971885,0.13350356249392908,0.11435771188385407
