outer_test_LOGLOSS_mean,outer_test_LOGLOSS_std,outer_test_AUC_mean,outer_test_AUC_std,outer_test_AUCPR_mean,outer_test_AUCPR_std,outer_test_ACC_mean,outer_test_ACC_std,outer_test_SEN_mean,outer_test_SEN_std,outer_test_SP_mean,outer_test_SP_std,outer_test_MCC_mean,outer_test_MCC_std
0.6783766376350351,0.01941001685769756,0.5605237465356513,0.05199249117230602,0.694122414166575,0.0435586500388868,0.5718045112781955,0.049945285805363365,0.6551746031746033,0.10852893428657194,0.4249682539682539,0.08991759433627898,0.082644409681188,0.07605448622947211
