{"_timestamp":1.7727965650688264e+09,"_wandb":{"runtime":0},"_runtime":0.067910561,"_step":53,"avg_inner_best_models/train_loss_mean":0.47235264877478284,"avg_inner_best_models/val_loss_mean":0.6456885039806366,"avg_inner_best_models/val_auc_mean":0.6596638655462185}