outer_test_LOGLOSS_mean,outer_test_LOGLOSS_std,outer_test_AUC_mean,outer_test_AUC_std,outer_test_AUCPR_mean,outer_test_AUCPR_std,outer_test_ACC_mean,outer_test_ACC_std,outer_test_SEN_mean,outer_test_SEN_std,outer_test_SP_mean,outer_test_SP_std,outer_test_MCC_mean,outer_test_MCC_std
0.6844519438220262,0.012509599988071772,0.5778332703451751,0.0649216979250191,0.7049390244493318,0.05285302545393662,0.5767481203007518,0.054413753304451536,0.6180740740740741,0.09767314858043594,0.5066825396825396,0.09147307722608224,0.1243128649669669,0.09668166038748043
