{"avg_inner_best_models/val_auc_mean":0.6939655172413793,"_timestamp":1.7727995505315192e+09,"_runtime":0.049660022,"_wandb":{"runtime":0},"_step":40,"avg_inner_best_models/train_loss_mean":0.5224496821562449,"avg_inner_best_models/val_loss_mean":0.6421188116073608}