{"avg_inner_best_models/train_loss_mean":0.5473150213559469,"avg_inner_best_models/val_loss_mean":0.6697324514389038,"_wandb":{"runtime":0},"_runtime":0.063713298,"avg_inner_best_models/val_auc_mean":0.7184873949579832,"_timestamp":1.7728148692249954e+09,"_step":32}