{"avg_inner_best_models/train_loss_mean":0.44554367909828824,"_wandb":{"runtime":0},"_runtime":0.051015423,"avg_inner_best_models/val_loss_mean":0.6308292547861735,"_timestamp":1.7725137123634005e+09,"_step":42}