{"_runtime":0.059628928,"_step":54,"avg_inner_best_models/train_loss_mean":0.4216148778796196,"avg_inner_best_models/val_loss_mean":0.6700998942057291,"avg_inner_best_models/val_auc_mean":0.5740365111561866,"_timestamp":1.7727584232102625e+09,"_wandb":{"runtime":0}}