{"avg_inner_best_models/val_loss_mean":0.6619051297505697,"_timestamp":1.772502223899627e+09,"_runtime":0.039673791,"_wandb":{"runtime":0},"_step":51,"avg_inner_best_models/train_loss_mean":0.32615036020676297}