{"_step":59,"_wandb":{"runtime":0},"_runtime":0.060401588,"avg_inner_best_models/train_loss_mean":0.47476578255494434,"avg_inner_best_models/val_loss_mean":0.6390391886234283,"avg_inner_best_models/val_auc_mean":0.680672268907563,"_timestamp":1.7727665538033483e+09}