{"avg_inner_best_models/train_loss_mean":0.5597977206110953,"avg_inner_best_models/val_loss_mean":0.68397922317187,"_timestamp":1.7725514667745123e+09,"_wandb":{"runtime":0},"_runtime":0.052045266,"_step":59}