{"_step":26,"avg_inner_curve/val_acc_std":0,"avg_inner_curve/val_auc_mean":0.7198275862068966,"avg_inner_curve/val_loss_std":0,"avg_inner_curve/val_acc_mean":0.7111111111111111,"avg_inner_folds/mean_aucpr":0.7067799477664491,"avg_inner_folds/std_logloss":0.034473670321632684,"avg_inner_folds/std_acc":0.11039449647901556,"avg_inner_folds/std_aucpr":0.07632938754587032,"avg_inner_folds/mean_auc":0.5772022602144306,"avg_inner_curve/val_loss_mean":0.626463770866394,"_wandb":{"runtime":0},"avg_inner_folds/mean_acc":0.6113043478260869,"avg_inner_curve/train_loss_mean":0.542550799521533,"_runtime":0,"avg_inner_folds/mean_logloss":0.6546048316035581,"_timestamp":1.772107630973953e+09,"avg_inner_curve/folds_count":1,"avg_inner_folds/std_auc":0.12835865892674844,"avg_inner_curve/train_loss_std":0,"avg_inner_curve/val_auc_std":0}