{"_runtime":0.067397638,"_step":31,"avg_inner_best_models/train_loss_mean":0.49141662816206616,"avg_inner_best_models/val_loss_mean":0.6387225091457367,"avg_inner_best_models/val_auc_mean":0.7133620689655172,"_timestamp":1.7727971966402884e+09,"_wandb":{"runtime":0}}