{"avg_inner_best_models/train_loss_mean":0.5556209633747737,"avg_inner_best_models/val_loss_mean":0.6509082516034443,"avg_inner_best_models/val_auc_mean":0.6939655172413792,"_wandb":{"runtime":0},"_runtime":0.057961951,"_timestamp":1.7728090118625944e+09,"_step":26}