outer_test_LOGLOSS_mean,outer_test_LOGLOSS_std,outer_test_AUC_mean,outer_test_AUC_std,outer_test_AUCPR_mean,outer_test_AUCPR_std,outer_test_ACC_mean,outer_test_ACC_std,outer_test_SEN_mean,outer_test_SEN_std,outer_test_SP_mean,outer_test_SP_std,outer_test_MCC_mean,outer_test_MCC_std
0.6803820488698562,0.02084966497058355,0.558088813303099,0.1128897503753939,0.6981688699805757,0.0846454612651547,0.5806390977443608,0.08057287613454986,0.6781746031746032,0.09705541898646208,0.4141428571428571,0.17124253736989267,0.09156120439639974,0.1799091343072073
