outer_test_LOGLOSS_mean,outer_test_LOGLOSS_std,outer_test_AUC_mean,outer_test_AUC_std,outer_test_AUCPR_mean,outer_test_AUCPR_std,outer_test_ACC_mean,outer_test_ACC_std,outer_test_SEN_mean,outer_test_SEN_std,outer_test_SP_mean,outer_test_SP_std,outer_test_MCC_mean,outer_test_MCC_std
0.6696094721831006,0.013989292979389419,0.5922239229024943,0.07314330869695664,0.7201406561360373,0.06290353423750823,0.5929741019214703,0.05245308514696203,0.7486031746031746,0.09387994527508803,0.3234761904761905,0.09645358505159657,0.08041214989206118,0.10227751369231386
