{"avg_inner_best_models/val_loss_mean":0.6313516795635223,"_timestamp":1.7725472338545132e+09,"_step":44,"avg_inner_best_models/train_loss_mean":0.533312201499939,"_wandb":{"runtime":0},"_runtime":0.064474776}