{"_runtime":0.034821228,"avg_inner_best_models/train_loss_mean":0.36625250180562335,"avg_inner_best_models/val_loss_mean":0.6601127982139587,"_timestamp":1.7725178788607945e+09,"_step":27,"_wandb":{"runtime":0}}