{"_timestamp":1.7725293339521239e+09,"_step":41,"_wandb":{"runtime":0},"_runtime":0.051778022,"avg_inner_best_models/train_loss_mean":0.3750112056732178,"avg_inner_best_models/val_loss_mean":0.6285620927810669}