{"avg_inner_best_models/val_loss_mean":0.6939804255962372,"_timestamp":1.7724952348402197e+09,"_runtime":0.050325052,"_wandb":{"runtime":0},"_step":26,"avg_inner_best_models/train_loss_mean":0.5741127828756968}