{"avg_inner_best_models/train_loss_mean":0.5277223785718282,"avg_inner_best_models/val_loss_mean":0.6285044948259989,"_timestamp":1.7725414725055532e+09,"_step":31,"_wandb":{"runtime":0},"_runtime":0.05270728}