{"_timestamp":1.7725337002494948e+09,"_step":38,"avg_inner_best_models/train_loss_mean":0.5325165539979935,"avg_inner_best_models/val_loss_mean":0.6690008838971455,"_wandb":{"runtime":0},"_runtime":0.038161688}