outer_test_LOGLOSS_mean,outer_test_LOGLOSS_std,outer_test_AUC_mean,outer_test_AUC_std,outer_test_AUCPR_mean,outer_test_AUCPR_std,outer_test_ACC_mean,outer_test_ACC_std,outer_test_SEN_mean,outer_test_SEN_std,outer_test_SP_mean,outer_test_SP_std,outer_test_MCC_mean,outer_test_MCC_std
0.6652548440251818,0.018431071542243306,0.5898771730914588,0.08174519922823922,0.7302006698524726,0.05535989521218569,0.5933855472013367,0.054623757732593245,0.7832063492063492,0.142563352130826,0.2662539682539683,0.16311812611995188,0.06080988988660274,0.11531156888103916
