{"_step":39,"avg_inner_best_models/train_loss_mean":0.36308808624744415,"avg_inner_best_models/val_loss_mean":0.6580238342285156,"_timestamp":1.7724982566657407e+09,"_wandb":{"runtime":0},"_runtime":0.037313742}