outer_test_LOGLOSS_mean,outer_test_LOGLOSS_std,outer_test_AUC_mean,outer_test_AUC_std,outer_test_AUCPR_mean,outer_test_AUCPR_std,outer_test_ACC_mean,outer_test_ACC_std,outer_test_SEN_mean,outer_test_SEN_std,outer_test_SP_mean,outer_test_SP_std,outer_test_MCC_mean,outer_test_MCC_std
0.6683302170827312,0.013920418181051237,0.5913002645502646,0.0627860810514675,0.7159011562719708,0.061505270106439476,0.6022953216374269,0.03866760624639194,0.7828518518518518,0.12341017288780606,0.28666666666666674,0.1562797704826222,0.08150481966977204,0.07940119165930497
