{"_runtime":0.054962128,"_step":40,"avg_inner_best_models/train_loss_mean":0.3892110188802083,"avg_inner_best_models/val_loss_mean":0.6549400687217712,"_timestamp":1.7725316999386067e+09,"_wandb":{"runtime":0}}