outer_test_LOGLOSS_mean,outer_test_LOGLOSS_std,outer_test_AUC_mean,outer_test_AUC_std,outer_test_AUCPR_mean,outer_test_AUCPR_std,outer_test_ACC_mean,outer_test_ACC_std,outer_test_SEN_mean,outer_test_SEN_std,outer_test_SP_mean,outer_test_SP_std,outer_test_MCC_mean,outer_test_MCC_std
0.6850746510476455,0.013976026086021562,0.5577066011589822,0.10761459319159156,0.7007324996995211,0.08716539363570505,0.5473663324979114,0.061943519416743725,0.5757936507936509,0.2133017735749577,0.5031428571428571,0.2591932798326355,0.09595338760865875,0.12277729752092532
