outer_test_LOGLOSS_mean,outer_test_LOGLOSS_std,outer_test_AUC_mean,outer_test_AUC_std,outer_test_AUCPR_mean,outer_test_AUCPR_std,outer_test_ACC_mean,outer_test_ACC_std,outer_test_SEN_mean,outer_test_SEN_std,outer_test_SP_mean,outer_test_SP_std,outer_test_MCC_mean,outer_test_MCC_std
0.6824136618958769,0.019081580775980284,0.5578667800453515,0.08866756086836565,0.6754350785876824,0.07409585219174601,0.5789118629908103,0.06539766450733508,0.664095238095238,0.0810036287860783,0.4322539682539682,0.13894849593707526,0.09476919232115422,0.145427804357147
