outer_test_LOGLOSS_mean,outer_test_LOGLOSS_std,outer_test_AUC_mean,outer_test_AUC_std,outer_test_AUCPR_mean,outer_test_AUCPR_std,outer_test_ACC_mean,outer_test_ACC_std,outer_test_SEN_mean,outer_test_SEN_std,outer_test_SP_mean,outer_test_SP_std,outer_test_MCC_mean,outer_test_MCC_std
0.6842350985890058,0.012076443511582395,0.5630013227513229,0.05939491440316093,0.7041714196514826,0.04837461489727027,0.584609440267335,0.06719641004578654,0.6825449735449735,0.1751788812241802,0.4157142857142858,0.15675669452778346,0.11220659107917012,0.10305149779939635
