outer_test_LOGLOSS_mean,outer_test_LOGLOSS_std,outer_test_AUC_mean,outer_test_AUC_std,outer_test_AUCPR_mean,outer_test_AUCPR_std,outer_test_ACC_mean,outer_test_ACC_std,outer_test_SEN_mean,outer_test_SEN_std,outer_test_SP_mean,outer_test_SP_std,outer_test_MCC_mean,outer_test_MCC_std
0.674308070980211,0.016054610178687447,0.5849783950617283,0.07747532301918178,0.7188245117658734,0.07021534251478774,0.6045154553049289,0.04447938590065977,0.7426190476190476,0.12614190007560547,0.3678571428571428,0.1613180366733837,0.1225662532230477,0.09992309321269502
