outer_test_LOGLOSS_mean,outer_test_LOGLOSS_std,outer_test_AUC_mean,outer_test_AUC_std,outer_test_AUCPR_mean,outer_test_AUCPR_std,outer_test_ACC_mean,outer_test_ACC_std,outer_test_SEN_mean,outer_test_SEN_std,outer_test_SP_mean,outer_test_SP_std,outer_test_MCC_mean,outer_test_MCC_std
0.683521616850395,0.0064601528563609425,0.5925428319475938,0.038839006513444616,0.722397307041425,0.05610543591824267,0.5342648287385129,0.04097435500530567,0.5314867724867726,0.06897141374335218,0.538063492063492,0.08848242531832756,0.06827608720707148,0.08357391495107228
