{"_step":59,"avg_inner_best_models/train_loss_mean":0.5127722804745038,"avg_inner_best_models/val_loss_mean":0.6596091230710347,"_wandb":{"runtime":0},"_runtime":0.053635506,"_timestamp":1.7725764381922982e+09}