{"avg_inner_best_models/val_loss_mean":0.6641247570514679,"avg_inner_best_models/val_auc_mean":0.6512605042016806,"_timestamp":1.7727608455215805e+09,"_step":57,"_wandb":{"runtime":0},"_runtime":0.061335977,"avg_inner_best_models/train_loss_mean":0.47789794703324634}