{"_wandb":{"runtime":0},"_runtime":0.052669779,"avg_inner_best_models/val_loss_mean":0.5941713651021322,"_timestamp":1.772523455315427e+09,"_step":44,"avg_inner_best_models/train_loss_mean":0.24499213695526123}