{"_wandb":{"runtime":0},"_runtime":0.040638539,"avg_inner_best_models/val_loss_mean":0.6098714172840118,"_timestamp":1.7725094756922135e+09,"_step":55,"avg_inner_best_models/train_loss_mean":0.3600034366051356}