{"_wandb":{"runtime":0},"_runtime":0.051503539,"_step":29,"avg_inner_best_models/train_loss_mean":0.5488884523510933,"avg_inner_best_models/val_loss_mean":0.679258664449056,"_timestamp":1.7724992467974927e+09}