{"_runtime":0.056739387,"avg_inner_best_models/val_loss_mean":0.64443572362264,"_timestamp":1.772541648472091e+09,"_step":40,"avg_inner_best_models/train_loss_mean":0.474379596610864,"_wandb":{"runtime":0}}