{"_runtime":0.05519015,"_wandb":{"runtime":0},"avg_inner_best_models/train_loss_mean":0.4656965186198552,"avg_inner_best_models/val_loss_mean":0.6497136950492859,"_timestamp":1.772537854946753e+09,"_step":63}