{"avg_inner_best_models/train_loss_mean":0.5045441289742788,"avg_inner_best_models/val_loss_mean":0.6462298333644867,"avg_inner_best_models/val_auc_mean":0.6681034482758621,"_timestamp":1.7727555655676644e+09,"_step":34,"_wandb":{"runtime":0},"_runtime":0.056987456}