{"_runtime":0.053592006,"avg_inner_best_models/train_loss_mean":0.4200564076503118,"avg_inner_best_models/val_loss_mean":0.6662289202213287,"_timestamp":1.7725158383485034e+09,"_step":64,"_wandb":{"runtime":0}}