outer_test_LOGLOSS_mean,outer_test_LOGLOSS_std,outer_test_AUC_mean,outer_test_AUC_std,outer_test_AUCPR_mean,outer_test_AUCPR_std,outer_test_ACC_mean,outer_test_ACC_std,outer_test_SEN_mean,outer_test_SEN_std,outer_test_SP_mean,outer_test_SP_std,outer_test_MCC_mean,outer_test_MCC_std
0.6686625519937606,0.013134610372209659,0.6093957545981354,0.05022648341776632,0.740101693321183,0.05176623569563273,0.596142439431913,0.04896933506470809,0.6805714285714286,0.11759792439950528,0.44992063492063494,0.122750472304378,0.13641393309069058,0.09043804278702022
