{"_wandb":{"runtime":0},"_runtime":0.058680278,"_step":36,"avg_inner_best_models/train_loss_mean":0.46019499997297925,"avg_inner_best_models/val_loss_mean":0.7875462472438812,"_timestamp":1.7725166677499218e+09}