{"_runtime":0.038086954,"avg_inner_best_models/val_loss_mean":0.6417380372683207,"avg_inner_best_models/val_auc_mean":0.6616379310344828,"_timestamp":1.7727556663025925e+09,"_step":49,"avg_inner_best_models/train_loss_mean":0.45808399717013043,"_wandb":{"runtime":0}}