outer_test_LOGLOSS_mean,outer_test_LOGLOSS_std,outer_test_AUC_mean,outer_test_AUC_std,outer_test_AUCPR_mean,outer_test_AUCPR_std,outer_test_ACC_mean,outer_test_ACC_std,outer_test_SEN_mean,outer_test_SEN_std,outer_test_SP_mean,outer_test_SP_std,outer_test_MCC_mean,outer_test_MCC_std
0.682225693431721,0.017288684575590834,0.5591479591836734,0.08137794928941798,0.6913612081375244,0.06931434849457249,0.5733479532163743,0.05714184477166432,0.6268571428571428,0.09581653288030051,0.4824285714285713,0.09162475539494777,0.10813658637821415,0.10123714280815432
