outer_test_LOGLOSS_mean,outer_test_LOGLOSS_std,outer_test_AUC_mean,outer_test_AUC_std,outer_test_AUCPR_mean,outer_test_AUCPR_std,outer_test_ACC_mean,outer_test_ACC_std,outer_test_SEN_mean,outer_test_SEN_std,outer_test_SP_mean,outer_test_SP_std,outer_test_MCC_mean,outer_test_MCC_std
0.6808928722733547,0.013802658886396507,0.5828933610481231,0.06778633298781192,0.730438741990176,0.06780373047928576,0.5561090225563909,0.0717916678371013,0.5937460317460317,0.12162953922002205,0.4933809523809524,0.14588536225958007,0.08773161073439105,0.13935887698473323
