outer_test_LOGLOSS_mean,outer_test_LOGLOSS_std,outer_test_AUC_mean,outer_test_AUC_std,outer_test_AUCPR_mean,outer_test_AUCPR_std,outer_test_ACC_mean,outer_test_ACC_std,outer_test_SEN_mean,outer_test_SEN_std,outer_test_SP_mean,outer_test_SP_std,outer_test_MCC_mean,outer_test_MCC_std
0.6847166282869589,0.02000419475668095,0.5411814058956916,0.09244639704832888,0.6870603107847595,0.06619497169533899,0.555091896407686,0.07991546078969135,0.6505132275132276,0.12583818775684352,0.38685714285714284,0.0881518911233754,0.04398621893084658,0.14220114767790915
