{"avg_inner_best_models/val_loss_mean":0.6524682939052582,"_timestamp":1.7725421122526839e+09,"_wandb":{"runtime":0},"_runtime":0.05361689,"_step":42,"avg_inner_best_models/train_loss_mean":0.44668159385522205}