{"avg_inner_best_models/train_loss_mean":0.6069310108820598,"avg_inner_best_models/val_loss_mean":0.6547006517648697,"_timestamp":1.7725217484201915e+09,"_wandb":{"runtime":0},"_runtime":0.034672349,"_step":29}