{"avg_inner_best_models/val_auc_mean":0.8254310344827586,"_timestamp":1.7728881171489382e+09,"_wandb":{"runtime":0},"_runtime":0.058312485,"_step":42,"avg_inner_best_models/train_loss_mean":1.2554376622041066,"avg_inner_best_models/val_loss_mean":0.6443246603012085}