outer_test_LOGLOSS_mean,outer_test_LOGLOSS_std,outer_test_AUC_mean,outer_test_AUC_std,outer_test_AUCPR_mean,outer_test_AUCPR_std,outer_test_ACC_mean,outer_test_ACC_std,outer_test_SEN_mean,outer_test_SEN_std,outer_test_SP_mean,outer_test_SP_std,outer_test_MCC_mean,outer_test_MCC_std
0.6874974139282551,0.019158524455576944,0.5129787729906777,0.09355245403082735,0.6680745851234109,0.07972637905861987,0.5566269841269842,0.0772360238297183,0.6670264550264551,0.13468605135991554,0.36188888888888887,0.09985931781454223,0.03472603592638393,0.13714430463766158
