{"avg_inner_best_models/train_loss_mean":0.4957202523946762,"avg_inner_best_models/val_loss_mean":0.6242759823799133,"_timestamp":1.7725186917740479e+09,"_wandb":{"runtime":0},"_runtime":0.041309371,"_step":39}