{"_timestamp":1.7725532178971128e+09,"_wandb":{"runtime":0},"_runtime":0.069229025,"_step":59,"avg_inner_best_models/train_loss_mean":0.5212827011942863,"avg_inner_best_models/val_loss_mean":0.6748174448808034}