outer_test_LOGLOSS_mean,outer_test_LOGLOSS_std,outer_test_AUC_mean,outer_test_AUC_std,outer_test_AUCPR_mean,outer_test_AUCPR_std,outer_test_ACC_mean,outer_test_ACC_std,outer_test_SEN_mean,outer_test_SEN_std,outer_test_SP_mean,outer_test_SP_std,outer_test_MCC_mean,outer_test_MCC_std
0.6783219886583781,0.03470174769162753,0.5871164651045604,0.10596934896450914,0.7008828586837857,0.06605823372513871,0.5923245614035088,0.09606920885217839,0.737973544973545,0.2794383356264561,0.33939682539682536,0.31992452420463063,0.10798739905691643,0.1747393113757821
