outer_test_LOGLOSS_mean,outer_test_LOGLOSS_std,outer_test_AUC_mean,outer_test_AUC_std,outer_test_AUCPR_mean,outer_test_AUCPR_std,outer_test_ACC_mean,outer_test_ACC_std,outer_test_SEN_mean,outer_test_SEN_std,outer_test_SP_mean,outer_test_SP_std,outer_test_MCC_mean,outer_test_MCC_std
0.6690009855565168,0.03824767681842039,0.5682906903502142,0.08399171372532262,0.7112464209320022,0.06786784316476646,0.5836528822055137,0.07455700803223618,0.7451798941798942,0.20393402453861187,0.30546031746031743,0.19397484879705224,0.07345771222045758,0.1210116402001464
