{"avg_inner_best_models/train_loss_mean":1.2483277916908264,"avg_inner_best_models/val_loss_mean":0.6443484226862589,"avg_inner_best_models/val_auc_mean":0.75,"_timestamp":1.7728969391993866e+09,"_wandb":{"runtime":0},"_runtime":0.056211326,"_step":52}