{"_step":29,"avg_inner_best_models/train_loss_mean":0.541817824045817,"_wandb":{"runtime":0},"_runtime":0.036368911,"avg_inner_best_models/val_loss_mean":0.6524462997913361,"avg_inner_best_models/val_auc_mean":0.6673427991886409,"_timestamp":1.772782136365354e+09}