{"_wandb":{"runtime":0},"_runtime":0.060199122,"_step":80,"avg_inner_best_models/train_loss_mean":0.43883080780506134,"avg_inner_best_models/val_loss_mean":0.6122141480445862,"avg_inner_best_models/val_auc_mean":0.7586206896551724,"_timestamp":1.7728169734568558e+09}