outer_test_LOGLOSS_mean,outer_test_LOGLOSS_std,outer_test_AUC_mean,outer_test_AUC_std,outer_test_AUCPR_mean,outer_test_AUCPR_std,outer_test_ACC_mean,outer_test_ACC_std,outer_test_SEN_mean,outer_test_SEN_std,outer_test_SP_mean,outer_test_SP_std,outer_test_MCC_mean,outer_test_MCC_std
0.6868032522512738,0.011939275590848335,0.5998353489543965,0.09472766767703657,0.7277927446567283,0.06279271959090761,0.5671971595655806,0.06009756666901384,0.5487089947089947,0.14212501774838876,0.600095238095238,0.23817238762853035,0.15326427809755522,0.15956348325323044
