{"_step":51,"avg_inner_best_models/train_loss_mean":0.4815877825021744,"avg_inner_best_models/val_loss_mean":0.6284807026386261,"_wandb":{"runtime":0},"_runtime":0.070649543,"avg_inner_best_models/val_auc_mean":0.6767241379310345,"_timestamp":1.7727961225500565e+09}