{"_timestamp":1.7728019248188741e+09,"_step":54,"_wandb":{"runtime":0},"_runtime":0.059624388,"avg_inner_best_models/train_loss_mean":0.41888462503751117,"avg_inner_best_models/val_loss_mean":0.5798263847827911,"avg_inner_best_models/val_auc_mean":0.771551724137931}