{"avg_inner_best_models/val_loss_mean":0.6585287749767303,"_wandb":{"runtime":0},"_runtime":0.054760515,"avg_inner_best_models/val_auc_mean":0.722689075630252,"_timestamp":1.7728447499768417e+09,"_step":41,"avg_inner_best_models/train_loss_mean":0.7986322045326233}