{"avg_inner_best_models/val_auc_mean":0.6916745146334395,"_timestamp":1.7728063610149384e+09,"_step":26,"avg_inner_best_models/train_loss_mean":0.5136056281626225,"avg_inner_best_models/val_loss_mean":0.6465126723051071,"_wandb":{"runtime":0},"_runtime":0.064244515}