{"_step":23,"avg_inner_best_models/train_loss_mean":0.5256015360355377,"avg_inner_best_models/val_loss_mean":0.6664790213108063,"_timestamp":1.7725330544268255e+09,"_runtime":0.055072196,"_wandb":{"runtime":0}}