{"_step":42,"avg_inner_best_models/train_loss_mean":0.4818443829814593,"avg_inner_best_models/val_loss_mean":0.624243954817454,"avg_inner_best_models/val_auc_mean":0.7478991596638656,"_timestamp":1.7728323352471135e+09,"_wandb":{"runtime":0},"_runtime":0.054128033}