{"_wandb":{"runtime":0},"_runtime":0.054204742,"avg_inner_best_models/train_loss_mean":0.4058748831351598,"avg_inner_best_models/val_loss_mean":0.6380654573440552,"_timestamp":1.7725371492016459e+09,"_step":40}