outer_test_LOGLOSS_mean,outer_test_LOGLOSS_std,outer_test_AUC_mean,outer_test_AUC_std,outer_test_AUCPR_mean,outer_test_AUCPR_std,outer_test_ACC_mean,outer_test_ACC_std,outer_test_SEN_mean,outer_test_SEN_std,outer_test_SP_mean,outer_test_SP_std,outer_test_MCC_mean,outer_test_MCC_std
0.6750932374882244,0.01780743909103271,0.5513980851599899,0.056617179724572995,0.7015455904098599,0.031883354849310076,0.5937969924812031,0.06528028275915203,0.7383703703703705,0.11475212678839504,0.34417460317460313,0.1311286290820867,0.08869345180797972,0.13380957852491288
