{"avg_inner_best_models/val_loss_mean":0.6755087773005167,"_timestamp":1.7725614669399312e+09,"_wandb":{"runtime":0},"_runtime":0.064316664,"_step":73,"avg_inner_best_models/train_loss_mean":0.5607373267412186}