{"_timestamp":1.7728248455840607e+09,"_step":39,"_wandb":{"runtime":0},"_runtime":0.038045745,"avg_inner_best_models/train_loss_mean":0.5603612661361694,"avg_inner_best_models/val_loss_mean":0.6816793084144592,"avg_inner_best_models/val_auc_mean":0.6596638655462185}