{"_step":58,"avg_inner_best_models/train_loss_mean":1.3411059776941936,"avg_inner_best_models/val_loss_mean":0.6474008957544962,"avg_inner_best_models/val_auc_mean":0.7823275862068966,"_timestamp":1.772860247511114e+09,"_runtime":0.059132204,"_wandb":{"runtime":0}}