{"_wandb":{"runtime":0},"avg_inner_best_models/train_loss_mean":0.47486482560634613,"avg_inner_best_models/val_loss_mean":0.6480399668216705,"avg_inner_best_models/val_auc_mean":0.6911764705882353,"_timestamp":1.7727527795067298e+09,"_step":28,"_runtime":0.035673272}