{"avg_inner_best_models/train_loss_mean":0.5047847827275594,"avg_inner_best_models/val_loss_mean":0.6915715336799622,"_wandb":{"runtime":0},"_runtime":0.038251769,"_timestamp":1.7725147867606936e+09,"_step":27}