outer_test_LOGLOSS_mean,outer_test_LOGLOSS_std,outer_test_AUC_mean,outer_test_AUC_std,outer_test_AUCPR_mean,outer_test_AUCPR_std,outer_test_ACC_mean,outer_test_ACC_std,outer_test_SEN_mean,outer_test_SEN_std,outer_test_SP_mean,outer_test_SP_std,outer_test_MCC_mean,outer_test_MCC_std
0.6785634385358158,0.01064327205155445,0.5997243638196018,0.07167906324146037,0.7371285973864606,0.054839761049318675,0.5795927318295739,0.061876537913522045,0.5962063492063493,0.13320108360823446,0.5527142857142858,0.15812399625619283,0.1502843610760994,0.12087161948800859
