{"avg_inner_best_models/val_loss_mean":0.6261250972747803,"_wandb":{"runtime":0},"_runtime":0.0619982,"avg_inner_best_models/val_auc_mean":0.7952586206896552,"_timestamp":1.7727778427825036e+09,"_step":80,"avg_inner_best_models/train_loss_mean":0.43811975916226703}