{"avg_inner_best_models/train_loss_mean":0.5620650351047516,"avg_inner_best_models/val_loss_mean":0.6709418892860413,"_timestamp":1.7725367008229067e+09,"_step":35,"_wandb":{"runtime":0},"_runtime":0.037012832}