{"_runtime":0.066164062,"_step":36,"avg_inner_best_models/train_loss_mean":0.5074280103047689,"avg_inner_best_models/val_loss_mean":0.6340721249580383,"avg_inner_best_models/val_auc_mean":0.7693965517241379,"_timestamp":1.7728008925922613e+09,"_wandb":{"runtime":0}}