outer_test_LOGLOSS_mean,outer_test_LOGLOSS_std,outer_test_AUC_mean,outer_test_AUC_std,outer_test_AUCPR_mean,outer_test_AUCPR_std,outer_test_ACC_mean,outer_test_ACC_std,outer_test_SEN_mean,outer_test_SEN_std,outer_test_SP_mean,outer_test_SP_std,outer_test_MCC_mean,outer_test_MCC_std
0.6790112317395868,0.013358728382338448,0.5727969261778786,0.0886286720498684,0.7192024474601235,0.05171099980562365,0.596482873851295,0.07804043058621907,0.7187566137566138,0.08373968995752162,0.38634920634920633,0.1913553668699045,0.09705289166057801,0.20545838512442793
