outer_test_LOGLOSS_mean,outer_test_LOGLOSS_std,outer_test_AUC_mean,outer_test_AUC_std,outer_test_AUCPR_mean,outer_test_AUCPR_std,outer_test_ACC_mean,outer_test_ACC_std,outer_test_SEN_mean,outer_test_SEN_std,outer_test_SP_mean,outer_test_SP_std,outer_test_MCC_mean,outer_test_MCC_std
0.6741437418322749,0.01918548478897283,0.5539736079617031,0.09378530408586125,0.6958232113819328,0.06421857711726799,0.5790831244778614,0.06386090617142344,0.7058306878306879,0.08396834492508384,0.35695238095238097,0.15131370628163615,0.05885768851102379,0.1574547626154843
