{"avg_inner_best_models/train_loss_mean":0.453166405359904,"avg_inner_best_models/val_loss_mean":0.6030641198158264,"_wandb":{"runtime":0},"_runtime":0.058047031,"avg_inner_best_models/val_auc_mean":0.7647058823529411,"_timestamp":1.772805324692779e+09,"_step":73}