{"_timestamp":1.7725710997556612e+09,"_step":61,"avg_inner_best_models/train_loss_mean":0.45686811457077664,"avg_inner_best_models/val_loss_mean":0.6347413857777914,"_wandb":{"runtime":0},"_runtime":0.064039574}