{"_step":28,"avg_inner_best_models/train_loss_mean":0.5828722516695658,"avg_inner_best_models/val_loss_mean":0.6559588611125946,"_runtime":0.052424057,"_wandb":{"runtime":0},"avg_inner_best_models/val_auc_mean":0.6185344827586207,"_timestamp":1.7727660064626992e+09}