outer_test_LOGLOSS_mean,outer_test_LOGLOSS_std,outer_test_AUC_mean,outer_test_AUC_std,outer_test_AUCPR_mean,outer_test_AUCPR_std,outer_test_ACC_mean,outer_test_ACC_std,outer_test_SEN_mean,outer_test_SEN_std,outer_test_SP_mean,outer_test_SP_std,outer_test_MCC_mean,outer_test_MCC_std
0.6732852442204728,0.018241444054028447,0.5749033131771227,0.08132483986795998,0.6969232209594555,0.0591092803199236,0.606687552213868,0.0544732444663496,0.7021904761904761,0.09419247209561338,0.44184126984126976,0.1347605288952513,0.14523345810524427,0.11892931720281658
