outer_test_LOGLOSS_mean,outer_test_LOGLOSS_std,outer_test_AUC_mean,outer_test_AUC_std,outer_test_AUCPR_mean,outer_test_AUCPR_std,outer_test_ACC_mean,outer_test_ACC_std,outer_test_SEN_mean,outer_test_SEN_std,outer_test_SP_mean,outer_test_SP_std,outer_test_MCC_mean,outer_test_MCC_std
0.6808300928861086,0.013542076822590905,0.6073551272360795,0.07825467560220192,0.7463989386934469,0.06315833072067789,0.5811194653299917,0.07430134124410936,0.5939047619047619,0.13171937465274516,0.5572222222222223,0.13522671120783425,0.1481576901146104,0.13563189003907733
