{"_step":41,"avg_inner_best_models/train_loss_mean":0.4670144145687421,"avg_inner_best_models/val_loss_mean":0.6395039757092794,"_timestamp":1.772530746185344e+09,"_runtime":0.039363906,"_wandb":{"runtime":0}}