{"avg_inner_best_models/train_loss_mean":0.39967016130685806,"_wandb":{"runtime":0},"_runtime":0.111268949,"avg_inner_best_models/val_loss_mean":0.5982286731402079,"_timestamp":1.7725457383816173e+09,"_step":60}