{"_runtime":0.041023823,"avg_inner_best_models/val_loss_mean":0.5812347730000814,"avg_inner_best_models/val_auc_mean":0.7392241379310345,"_timestamp":1.7727811679310904e+09,"_step":56,"avg_inner_best_models/train_loss_mean":0.35423136750857037,"_wandb":{"runtime":0}}