outer_test_LOGLOSS_mean,outer_test_LOGLOSS_std,outer_test_AUC_mean,outer_test_AUC_std,outer_test_AUCPR_mean,outer_test_AUCPR_std,outer_test_ACC_mean,outer_test_ACC_std,outer_test_SEN_mean,outer_test_SEN_std,outer_test_SP_mean,outer_test_SP_std,outer_test_MCC_mean,outer_test_MCC_std
0.690534486527703,0.007905581589066736,0.5338057445200303,0.052527323296894725,0.6991454413731336,0.04328316767009197,0.52828111946533,0.05119292968978734,0.5509841269841269,0.10197558990141677,0.4895238095238094,0.10390274972207543,0.04036992064666323,0.08957353025949229
