{"_runtime":0.053279093,"_step":36,"avg_inner_best_models/train_loss_mean":0.5745416432619095,"avg_inner_best_models/val_loss_mean":0.6640066256125767,"_timestamp":1.7725338922219737e+09,"_wandb":{"runtime":0}}