{"_timestamp":1.7725138741294491e+09,"_step":21,"avg_inner_best_models/train_loss_mean":0.47638339300950366,"avg_inner_best_models/val_loss_mean":0.6662457287311554,"_wandb":{"runtime":0},"_runtime":0.041973987}