{"_step":59,"avg_inner_best_models/train_loss_mean":0.5157791644334793,"avg_inner_best_models/val_loss_mean":0.6755561729272206,"_timestamp":1.7725674483193684e+09,"_wandb":{"runtime":0},"_runtime":0.065276732}