{"_wandb":{"runtime":0},"_runtime":0.062501839,"avg_inner_best_models/train_loss_mean":0.2614957019686699,"avg_inner_best_models/val_loss_mean":0.6255033413569132,"_timestamp":1.7725046168458486e+09,"_step":29}