{"avg_inner_best_models/train_loss_mean":0.48605549583832425,"avg_inner_best_models/val_loss_mean":0.6188958684603373,"avg_inner_best_models/val_auc_mean":0.7478448275862069,"_wandb":{"runtime":0},"_runtime":0.061152111,"_timestamp":1.7727828685035946e+09,"_step":47}