{"avg_inner_best_models/val_loss_mean":0.6103191574414571,"_timestamp":1.7725151718728642e+09,"_step":52,"avg_inner_best_models/train_loss_mean":0.25736062973737717,"_wandb":{"runtime":0},"_runtime":0.057417294}