{"avg_inner_best_models/train_loss_mean":0.4092640529076258,"avg_inner_best_models/val_loss_mean":0.6571487039327621,"_timestamp":1.7725033858307228e+09,"_wandb":{"runtime":0},"_runtime":0.057836327,"_step":21}