outer_test_LOGLOSS_mean,outer_test_LOGLOSS_std,outer_test_AUC_mean,outer_test_AUC_std,outer_test_AUCPR_mean,outer_test_AUCPR_std,outer_test_ACC_mean,outer_test_ACC_std,outer_test_SEN_mean,outer_test_SEN_std,outer_test_SP_mean,outer_test_SP_std,outer_test_MCC_mean,outer_test_MCC_std
0.6811899549696883,0.014171798005222648,0.5488128621819098,0.05126194764629394,0.6961149207610892,0.04694850505257631,0.5714411027568922,0.06084630801885211,0.6817195767195767,0.1182568608620171,0.3815079365079364,0.1252252734769265,0.06770729180566881,0.11390304383201794
