{"avg_inner_best_models/val_loss_mean":0.6291686296463013,"_wandb":{"runtime":0},"_runtime":0.054428059,"avg_inner_best_models/val_auc_mean":0.6953781512605042,"_timestamp":1.7727895477579243e+09,"_step":49,"avg_inner_best_models/train_loss_mean":0.41833136479059857}