{"avg_inner_best_models/train_loss_mean":0.42795194685459137,"_wandb":{"runtime":0},"_runtime":0.053651323,"avg_inner_best_models/val_loss_mean":0.6595211029052734,"avg_inner_best_models/val_auc_mean":0.6400862068965517,"_timestamp":1.7727544003978095e+09,"_step":58}