{"avg_inner_best_models/train_loss_mean":0.4681627502044042,"avg_inner_best_models/val_loss_mean":0.6172122359275818,"_runtime":0.036534722,"_wandb":{"runtime":0},"_timestamp":1.772535675367365e+09,"_step":33}