{"_runtime":0.068024919,"_wandb":{"runtime":0},"avg_inner_best_models/val_loss_mean":0.6607232252756754,"_timestamp":1.7725503479532905e+09,"_step":59,"avg_inner_best_models/train_loss_mean":0.5281562676032385}