{"avg_inner_best_models/val_loss_mean":0.6654608050982157,"avg_inner_best_models/val_auc_mean":0.7392241379310345,"_timestamp":1.7728046704095817e+09,"_step":34,"avg_inner_best_models/train_loss_mean":0.569668730099996,"_wandb":{"runtime":0},"_runtime":0.068488151}