{"_wandb":{"runtime":0},"_runtime":0.03870418,"_step":30,"avg_inner_best_models/train_loss_mean":0.645179678996404,"avg_inner_best_models/val_loss_mean":0.6875503857930502,"_timestamp":1.7725084278770103e+09}