{"_timestamp":1.7725296930806503e+09,"_step":24,"_wandb":{"runtime":0},"_runtime":0.061603362,"avg_inner_best_models/train_loss_mean":0.4980756565928459,"avg_inner_best_models/val_loss_mean":0.6588181654612223}