{"_step":70,"avg_inner_best_models/train_loss_mean":0.5269736548264822,"avg_inner_best_models/val_loss_mean":0.6739981174468994,"avg_inner_best_models/val_auc_mean":0.7415966386554622,"_wandb":{"runtime":0},"_runtime":0.053595918,"_timestamp":1.7727593305708199e+09}