outer_test_LOGLOSS_mean,outer_test_LOGLOSS_std,outer_test_AUC_mean,outer_test_AUC_std,outer_test_AUCPR_mean,outer_test_AUCPR_std,outer_test_ACC_mean,outer_test_ACC_std,outer_test_SEN_mean,outer_test_SEN_std,outer_test_SP_mean,outer_test_SP_std,outer_test_MCC_mean,outer_test_MCC_std
0.6842272551699182,0.01553443925801811,0.5615469891660367,0.08610502448418747,0.6904161061341679,0.06333391626645772,0.5600480367585631,0.08537216538171233,0.6156455026455028,0.18134903645232286,0.46012698412698416,0.17268087445176578,0.07484761386742113,0.14611357435529196
