outer_test_LOGLOSS_mean,outer_test_LOGLOSS_std,outer_test_AUC_mean,outer_test_AUC_std,outer_test_AUCPR_mean,outer_test_AUCPR_std,outer_test_ACC_mean,outer_test_ACC_std,outer_test_SEN_mean,outer_test_SEN_std,outer_test_SP_mean,outer_test_SP_std,outer_test_MCC_mean,outer_test_MCC_std
0.6747361330629451,0.018595406736570088,0.5607623456790124,0.06122367424548218,0.6828084800849105,0.04310284987516651,0.6007435254803676,0.07180112310979503,0.7378888888888889,0.16794722380855603,0.364984126984127,0.1725617148739812,0.11866670857937502,0.13968033272443198
