{"_step":78,"_wandb":{"runtime":0},"_runtime":0.078771093,"avg_inner_best_models/train_loss_mean":0.48605763415495556,"avg_inner_best_models/val_loss_mean":0.6247855126857758,"avg_inner_best_models/val_auc_mean":0.7121848739495797,"_timestamp":1.7728000943055859e+09}