{"_step":33,"avg_inner_best_models/train_loss_mean":2.8989700078964233,"avg_inner_best_models/val_loss_mean":0.6522927284240723,"avg_inner_best_models/val_auc_mean":0.7403651115618661,"_wandb":{"runtime":0},"_runtime":0.058001812,"_timestamp":1.7728578778431222e+09}