{"_timestamp":1.7725046994988315e+09,"_step":20,"avg_inner_best_models/train_loss_mean":0.47135873635609943,"_wandb":{"runtime":0},"_runtime":0.041831811,"avg_inner_best_models/val_loss_mean":0.6632702002922695}