{"_timestamp":1.7725631752330825e+09,"_step":80,"_wandb":{"runtime":0},"_runtime":0.055898347,"avg_inner_best_models/train_loss_mean":0.3915916283925374,"avg_inner_best_models/val_loss_mean":0.5691030224164327}