{"avg_inner_best_models/val_auc_mean":0.7112068965517241,"_timestamp":1.7727889846196404e+09,"_step":68,"_wandb":{"runtime":0},"_runtime":0.0607926,"avg_inner_best_models/train_loss_mean":0.4797579695781072,"avg_inner_best_models/val_loss_mean":0.6377874811490377}