{"avg_inner_best_models/val_auc_mean":0.7331932773109243,"_timestamp":1.7727692623633952e+09,"_wandb":{"runtime":0},"_runtime":0.055087879,"_step":60,"avg_inner_best_models/train_loss_mean":0.42143189410368603,"avg_inner_best_models/val_loss_mean":0.5989474058151245}