{"_wandb":{"runtime":0},"_runtime":0.05475454,"_timestamp":1.772823927765085e+09,"_step":80,"avg_inner_best_models/train_loss_mean":0.4238951231042544,"avg_inner_best_models/val_loss_mean":0.6025657455126444,"avg_inner_best_models/val_auc_mean":0.7016806722689076}