{"_timestamp":1.7725279231000988e+09,"_step":28,"avg_inner_best_models/train_loss_mean":0.4789160539706548,"_wandb":{"runtime":0},"_runtime":0.036631723,"avg_inner_best_models/val_loss_mean":0.663577526807785}