{"avg_inner_best_models/train_loss_mean":0.49221401909987134,"avg_inner_best_models/val_loss_mean":0.6395988762378693,"avg_inner_best_models/val_auc_mean":0.7505070993914807,"_timestamp":1.7728255790630376e+09,"_step":53,"_wandb":{"runtime":0},"_runtime":0.077289346}