{"_wandb":{"runtime":0},"_runtime":0.057047959,"avg_inner_best_models/train_loss_mean":0.5993109246095022,"avg_inner_best_models/val_loss_mean":0.6715309421221415,"_timestamp":1.7725462150585015e+09,"_step":49}