outer_test_LOGLOSS_mean,outer_test_LOGLOSS_std,outer_test_AUC_mean,outer_test_AUC_std,outer_test_AUCPR_mean,outer_test_AUCPR_std,outer_test_ACC_mean,outer_test_ACC_std,outer_test_SEN_mean,outer_test_SEN_std,outer_test_SP_mean,outer_test_SP_std,outer_test_MCC_mean,outer_test_MCC_std
0.6827510099970033,0.009266591503849236,0.5361122448979593,0.05590492697137847,0.6694325657834316,0.03544509972626747,0.5822786131996658,0.049826480405823645,0.7166031746031746,0.10274070738852337,0.35104761904761894,0.08148709534308213,0.07672692872852202,0.0895690363888586
