{"avg_inner_best_models/train_loss_mean":0.4981708029905955,"avg_inner_best_models/val_loss_mean":0.6187449097633362,"avg_inner_best_models/val_auc_mean":0.845841784989858,"_timestamp":1.7727630710804458e+09,"_wandb":{"runtime":0},"_runtime":0.052970687,"_step":26}