outer_test_LOGLOSS_mean,outer_test_LOGLOSS_std,outer_test_AUC_mean,outer_test_AUC_std,outer_test_AUCPR_mean,outer_test_AUCPR_std,outer_test_ACC_mean,outer_test_ACC_std,outer_test_SEN_mean,outer_test_SEN_std,outer_test_SP_mean,outer_test_SP_std,outer_test_MCC_mean,outer_test_MCC_std
0.6799504312008842,0.017084888405650228,0.5715102040816328,0.10304069226703962,0.7022024458843431,0.07290833238938968,0.5751503759398497,0.05069476559148263,0.666962962962963,0.14388984788370732,0.4214920634920634,0.2478731988900525,0.08487272886298143,0.15290274803389883
