outer_test_LOGLOSS_mean,outer_test_LOGLOSS_std,outer_test_AUC_mean,outer_test_AUC_std,outer_test_AUCPR_mean,outer_test_AUCPR_std,outer_test_ACC_mean,outer_test_ACC_std,outer_test_SEN_mean,outer_test_SEN_std,outer_test_SP_mean,outer_test_SP_std,outer_test_MCC_mean,outer_test_MCC_std
0.6673454322671946,0.025090041991595584,0.5998990929705215,0.1225393843346326,0.7252126615630775,0.09009225915069508,0.6085588972431077,0.0844690044065634,0.7438783068783068,0.15057042615076194,0.3725555555555556,0.18649843398905938,0.12546140830055313,0.18566273711385237
