{"_wandb":{"runtime":0},"_runtime":0.053529084,"avg_inner_best_models/train_loss_mean":0.30866917471090954,"avg_inner_best_models/val_loss_mean":0.6795873939990997,"_timestamp":1.7725103655322945e+09,"_step":38}