{"avg_inner_best_models/train_loss_mean":0.4437176262338956,"avg_inner_best_models/val_loss_mean":0.6338498393694559,"avg_inner_best_models/val_auc_mean":0.7456896551724137,"_timestamp":1.7727516044847884e+09,"_wandb":{"runtime":0},"_runtime":0.051732387,"_step":55}