{"_runtime":0.058927875,"avg_inner_best_models/train_loss_mean":0.47984807193279266,"avg_inner_best_models/val_loss_mean":0.6708428661028544,"avg_inner_best_models/val_auc_mean":0.7099391480730224,"_timestamp":1.7728293244979448e+09,"_step":52,"_wandb":{"runtime":0}}