{"_wandb":{"runtime":0},"_step":80,"avg_inner_best_models/train_loss_mean":0.39951153099536896,"avg_inner_best_models/val_loss_mean":0.6012594401836395,"avg_inner_best_models/val_auc_mean":0.7226890756302521,"_timestamp":1.7727682762579615e+09,"_runtime":0.062031861}