{"_timestamp":1.772783754883293e+09,"_wandb":{"runtime":0},"_runtime":0.036060635,"_step":31,"avg_inner_best_models/train_loss_mean":0.5622332940498987,"avg_inner_best_models/val_loss_mean":0.6705682078997294,"avg_inner_best_models/val_auc_mean":0.5969827586206897}