{"_runtime":0.06199255,"_step":62,"avg_inner_best_models/train_loss_mean":0.4056788459420204,"avg_inner_best_models/val_loss_mean":0.7308392922083536,"_timestamp":1.7725801173239076e+09,"_wandb":{"runtime":0}}