{"_wandb":{"runtime":0},"_runtime":0.052250675,"avg_inner_best_models/train_loss_mean":0.613024483124415,"avg_inner_best_models/val_loss_mean":0.6368597745895386,"_timestamp":1.7725214727046537e+09,"_step":34}