{"avg_inner_best_models/val_loss_mean":0.6993053555488586,"avg_inner_best_models/val_auc_mean":0.6487068965517241,"_wandb":{"runtime":0},"_runtime":0.05093976,"_timestamp":1.7728184135539057e+09,"_step":31,"avg_inner_best_models/train_loss_mean":0.39336495598157245}