{"avg_inner_best_models/val_auc_mean":0.6491596638655462,"_timestamp":1.7728176504527695e+09,"_step":51,"avg_inner_best_models/train_loss_mean":0.4087715322772662,"avg_inner_best_models/val_loss_mean":0.6365824341773987,"_wandb":{"runtime":0},"_runtime":0.07588278}