{"_timestamp":1.772760188704334e+09,"_step":55,"avg_inner_best_models/train_loss_mean":0.432791069149971,"avg_inner_best_models/val_loss_mean":0.6442136963208517,"avg_inner_best_models/val_auc_mean":0.6443965517241379,"_wandb":{"runtime":0},"_runtime":0.057944109}