{"_runtime":0.034982874,"avg_inner_best_models/train_loss_mean":0.4586201806863149,"avg_inner_best_models/val_loss_mean":0.6153376897176107,"_timestamp":1.772500380626809e+09,"_step":36,"_wandb":{"runtime":0}}