{"_step":54,"avg_inner_best_models/train_loss_mean":0.3829933827122053,"avg_inner_best_models/val_loss_mean":0.6180183738470078,"_wandb":{"runtime":0},"_runtime":0.050874532,"_timestamp":1.7725015551561093e+09}