{"avg_inner_best_models/train_loss_mean":0.44344162195920944,"_wandb":{"runtime":0},"_runtime":0.037037019,"avg_inner_best_models/val_loss_mean":0.6201464136441549,"_timestamp":1.7725261238518136e+09,"_step":35}