{"_timestamp":1.772576855947156e+09,"_step":59,"avg_inner_best_models/train_loss_mean":0.5694991052150726,"avg_inner_best_models/val_loss_mean":0.6944768985112508,"_wandb":{"runtime":0},"_runtime":0.060377832}