{"avg_inner_best_models/train_loss_mean":0.45371073484420776,"avg_inner_best_models/val_loss_mean":0.6271346211433411,"avg_inner_best_models/val_auc_mean":0.6788793103448275,"_timestamp":1.7727980151339407e+09,"_wandb":{"runtime":0},"_runtime":0.074424522,"_step":50}