{"avg_inner_best_models/train_loss_mean":0.36043882618347806,"avg_inner_best_models/val_loss_mean":0.6343134244283041,"_timestamp":1.772528507248958e+09,"_step":52,"_wandb":{"runtime":0},"_runtime":0.045647515}