{"_runtime":0.052347341,"avg_inner_best_models/val_loss_mean":0.6791497468948364,"avg_inner_best_models/val_auc_mean":0.6788793103448275,"_timestamp":1.772807120756049e+09,"_step":50,"avg_inner_best_models/train_loss_mean":0.5617055694262186,"_wandb":{"runtime":0}}