{"avg_inner_best_models/val_auc_mean":0.6774847870182555,"_timestamp":1.7727741478339865e+09,"_wandb":{"runtime":0},"_runtime":0.05118393,"_step":36,"avg_inner_best_models/train_loss_mean":0.5528162469466528,"avg_inner_best_models/val_loss_mean":0.6569588780403137}