{"_runtime":0.055862031,"_step":63,"avg_inner_best_models/train_loss_mean":0.44068045914173126,"avg_inner_best_models/val_loss_mean":0.6770691474278768,"avg_inner_best_models/val_auc_mean":0.6142241379310345,"_timestamp":1.7727723120102105e+09,"_wandb":{"runtime":0}}