{"avg_inner_best_models/train_loss_mean":0.5091694196065267,"avg_inner_best_models/val_loss_mean":0.6271294951438904,"avg_inner_best_models/val_auc_mean":0.6638655462184875,"_timestamp":1.7727606286321838e+09,"_runtime":0.037119856,"_wandb":{"runtime":0},"_step":34}