{"avg_inner_best_models/val_auc_mean":0.7672413793103449,"_timestamp":1.772799102079903e+09,"_wandb":{"runtime":0},"_runtime":0.059493786,"_step":80,"avg_inner_best_models/train_loss_mean":0.5455854535102844,"avg_inner_best_models/val_loss_mean":0.6768649220466614}