outer_test_LOGLOSS_mean,outer_test_LOGLOSS_std,outer_test_AUC_mean,outer_test_AUC_std,outer_test_AUCPR_mean,outer_test_AUCPR_std,outer_test_ACC_mean,outer_test_ACC_std,outer_test_SEN_mean,outer_test_SEN_std,outer_test_SP_mean,outer_test_SP_std,outer_test_MCC_mean,outer_test_MCC_std
0.6774845560091952,0.011284573035706907,0.6037297808012094,0.041098649741854634,0.7410508931565523,0.03879754841890051,0.5749122807017544,0.06256123752110758,0.5998677248677249,0.15578270192792704,0.5354603174603176,0.1563406571934569,0.13676882648424887,0.09783471709787432
