{"_runtime":0.056855287,"avg_inner_best_models/val_loss_mean":0.6281498869260153,"avg_inner_best_models/val_auc_mean":0.7342799188640974,"_timestamp":1.772820147919243e+09,"_step":37,"avg_inner_best_models/train_loss_mean":0.4295204356312752,"_wandb":{"runtime":0}}