outer_test_LOGLOSS_mean,outer_test_LOGLOSS_std,outer_test_AUC_mean,outer_test_AUC_std,outer_test_AUCPR_mean,outer_test_AUCPR_std,outer_test_ACC_mean,outer_test_ACC_std,outer_test_SEN_mean,outer_test_SEN_std,outer_test_SP_mean,outer_test_SP_std,outer_test_MCC_mean,outer_test_MCC_std
0.6859667144332887,0.014499590963755232,0.5449077223481985,0.1324801971660275,0.6810766762432646,0.09805575877863612,0.5796846282372599,0.11321583949868567,0.659925925925926,0.1110661974796398,0.44192063492063494,0.16430340585578412,0.10185509317722105,0.2362703131706304
