{"_step":65,"avg_inner_best_models/train_loss_mean":0.39915551741917926,"_wandb":{"runtime":0},"_runtime":0.06517139,"avg_inner_best_models/val_loss_mean":0.6132371425628662,"_timestamp":1.7725732034255807e+09}