{"_timestamp":1.7728029179723928e+09,"_step":53,"avg_inner_best_models/train_loss_mean":0.54793980717659,"_wandb":{"runtime":0},"_runtime":0.067745496,"avg_inner_best_models/val_loss_mean":0.72807244459788,"avg_inner_best_models/val_auc_mean":0.5415821501014199}