{"avg_inner_best_models/val_loss_mean":0.7105188369750977,"avg_inner_best_models/val_auc_mean":0.5991379310344828,"_timestamp":1.7728282530699768e+09,"_step":39,"avg_inner_best_models/train_loss_mean":0.47308512032032013,"_runtime":0.05207279,"_wandb":{"runtime":0}}