{"avg_inner_best_models/val_loss_mean":0.6350954174995422,"_timestamp":1.7725692350594034e+09,"_step":69,"_wandb":{"runtime":0},"_runtime":0.053843098,"avg_inner_best_models/train_loss_mean":0.46256495267152786}