{"_step":39,"_wandb":{"runtime":0},"_runtime":0.057013167,"avg_inner_best_models/train_loss_mean":0.5540396670500437,"avg_inner_best_models/val_loss_mean":0.6922004222869873,"avg_inner_best_models/val_auc_mean":0.6449579831932774,"_timestamp":1.772795650933268e+09}