{"_timestamp":1.7727671693194706e+09,"_wandb":{"runtime":0},"_runtime":0.037539249,"_step":56,"avg_inner_best_models/train_loss_mean":0.35423136750857037,"avg_inner_best_models/val_loss_mean":0.5812347730000814,"avg_inner_best_models/val_auc_mean":0.7392241379310345}