{"_step":35,"_wandb":{"runtime":0},"_runtime":0.037100012,"avg_inner_best_models/train_loss_mean":0.516863023241361,"avg_inner_best_models/val_loss_mean":0.6616136829058329,"_timestamp":1.7725254723261998e+09}