outer_test_LOGLOSS_mean,outer_test_LOGLOSS_std,outer_test_AUC_mean,outer_test_AUC_std,outer_test_AUCPR_mean,outer_test_AUCPR_std,outer_test_ACC_mean,outer_test_ACC_std,outer_test_SEN_mean,outer_test_SEN_std,outer_test_SP_mean,outer_test_SP_std,outer_test_MCC_mean,outer_test_MCC_std
0.6668136343140478,0.013535427473525015,0.6081946334089192,0.05805253220445087,0.7243319038328108,0.04474916101543449,0.620436507936508,0.05080434441303585,0.7489629629629629,0.09726627325034924,0.3996984126984128,0.13692773485930898,0.1575365313659108,0.11388135881472819
