{"_wandb":{"runtime":0},"_runtime":0.038400976,"_step":37,"avg_inner_best_models/train_loss_mean":0.5728433430194855,"avg_inner_best_models/val_loss_mean":0.6569408973058065,"_timestamp":1.7724951411361961e+09}