outer_test_LOGLOSS_mean,outer_test_LOGLOSS_std,outer_test_AUC_mean,outer_test_AUC_std,outer_test_AUCPR_mean,outer_test_AUCPR_std,outer_test_ACC_mean,outer_test_ACC_std,outer_test_SEN_mean,outer_test_SEN_std,outer_test_SP_mean,outer_test_SP_std,outer_test_MCC_mean,outer_test_MCC_std
0.6842875727443837,0.015763501526684747,0.5433673469387754,0.05850883284524099,0.6884005824843973,0.01766219834443143,0.5461779448621554,0.04965889672386517,0.6546031746031746,0.2055504994168869,0.3628571428571428,0.24936199769750725,0.007971516453989313,0.08591604497423551
