{"_timestamp":1.7728321043407235e+09,"_wandb":{"runtime":0},"_runtime":0.036178215,"_step":30,"avg_inner_best_models/train_loss_mean":0.6034971475601196,"avg_inner_best_models/val_loss_mean":0.672834058602651,"avg_inner_best_models/val_auc_mean":0.6681034482758621}