{"avg_inner_best_models/val_auc_mean":0.7456896551724137,"_timestamp":1.7727936440350714e+09,"_wandb":{"runtime":0},"_runtime":0.064625861,"_step":61,"avg_inner_best_models/train_loss_mean":0.5066515853007635,"avg_inner_best_models/val_loss_mean":0.6620863974094391}