{"avg_inner_best_models/train_loss_mean":0.5117821047703425,"avg_inner_best_models/val_loss_mean":0.663650115331014,"_wandb":{"runtime":0},"_runtime":0.039775198,"avg_inner_best_models/val_auc_mean":0.6995798319327731,"_timestamp":1.7728061376236126e+09,"_step":74}