{"avg_inner_best_models/val_auc_mean":0.7352941176470589,"_timestamp":1.7728170775469701e+09,"_step":28,"_runtime":0.052631556,"_wandb":{"runtime":0},"avg_inner_best_models/train_loss_mean":0.4935074324409167,"avg_inner_best_models/val_loss_mean":0.6378281315167745}