{"_step":35,"_wandb":{"runtime":0},"_runtime":0.036427472,"avg_inner_best_models/train_loss_mean":0.49606068432331085,"avg_inner_best_models/val_loss_mean":0.6155705451965332,"_timestamp":1.7724989864675097e+09}