outer_test_LOGLOSS_mean,outer_test_LOGLOSS_std,outer_test_AUC_mean,outer_test_AUC_std,outer_test_AUCPR_mean,outer_test_AUCPR_std,outer_test_ACC_mean,outer_test_ACC_std,outer_test_SEN_mean,outer_test_SEN_std,outer_test_SP_mean,outer_test_SP_std,outer_test_MCC_mean,outer_test_MCC_std
0.6808175991862871,0.00927243465776803,0.5548958175862938,0.049685436597563706,0.7003459471491768,0.04890922287567242,0.5675626566416039,0.04385682302498567,0.6646190476190476,0.09985376350653019,0.401984126984127,0.15285122798752596,0.06563551520106962,0.1049542271009112
