outer_test_LOGLOSS_mean,outer_test_LOGLOSS_std,outer_test_AUC_mean,outer_test_AUC_std,outer_test_AUCPR_mean,outer_test_AUCPR_std,outer_test_ACC_mean,outer_test_ACC_std,outer_test_SEN_mean,outer_test_SEN_std,outer_test_SP_mean,outer_test_SP_std,outer_test_MCC_mean,outer_test_MCC_std
0.6706918493195794,0.008260118866190401,0.5630042202066012,0.03204690457678058,0.6966240391002432,0.0238238101187607,0.6001065162907268,0.03712652646509508,0.7371851851851852,0.09759019731581105,0.3620634920634921,0.10255070272222927,0.10783053991993931,0.06712883238123579
