{"avg_inner_best_models/val_loss_mean":0.6163806120554606,"_timestamp":1.7725382479404902e+09,"_step":46,"_wandb":{"runtime":0},"_runtime":0.052068194,"avg_inner_best_models/train_loss_mean":0.47537453720966977}