{"avg_inner_best_models/train_loss_mean":0.307608962059021,"avg_inner_best_models/val_loss_mean":0.6425083577632904,"_timestamp":1.772516199259629e+09,"_step":45,"_wandb":{"runtime":0},"_runtime":0.05204115}