{"_wandb":{"runtime":0},"_runtime":0.062315236,"avg_inner_best_models/val_loss_mean":0.6384056011835734,"avg_inner_best_models/val_auc_mean":0.73109243697479,"_timestamp":1.7727663418369792e+09,"_step":72,"avg_inner_best_models/train_loss_mean":0.48417019347349805}