outer_test_LOGLOSS_mean,outer_test_LOGLOSS_std,outer_test_AUC_mean,outer_test_AUC_std,outer_test_AUCPR_mean,outer_test_AUCPR_std,outer_test_ACC_mean,outer_test_ACC_std,outer_test_SEN_mean,outer_test_SEN_std,outer_test_SP_mean,outer_test_SP_std,outer_test_MCC_mean,outer_test_MCC_std
0.6899419059277824,0.01796116165387375,0.5507742504409171,0.1548189258551977,0.6960605774955078,0.11333488720287853,0.5401545530492899,0.09417719142306427,0.5818730158730158,0.05557952579112332,0.470031746031746,0.23415356427727033,0.050391416416274426,0.240098468786319
