{"_wandb":{"runtime":0},"_runtime":0.050703662,"_timestamp":1.7725072443876903e+09,"_step":62,"avg_inner_best_models/train_loss_mean":0.5797466486692429,"avg_inner_best_models/val_loss_mean":0.6687532265981039}