{"avg_inner_best_models/train_loss_mean":0.4950006032983462,"avg_inner_best_models/val_loss_mean":0.6657230854034424,"avg_inner_best_models/val_auc_mean":0.5711206896551725,"_timestamp":1.7727574688366137e+09,"_step":28,"_wandb":{"runtime":0},"_runtime":0.076751437}