{"_step":41,"avg_inner_best_models/train_loss_mean":0.31182167182366055,"avg_inner_best_models/val_loss_mean":0.5980804959932963,"_timestamp":1.772523984366663e+09,"_wandb":{"runtime":0},"_runtime":0.057935846}