{"_timestamp":1.7728274222865214e+09,"_step":65,"avg_inner_best_models/train_loss_mean":0.42468393097321194,"avg_inner_best_models/val_loss_mean":0.6121680537859598,"_wandb":{"runtime":0},"_runtime":0.063624088,"avg_inner_best_models/val_auc_mean":0.7219827586206896}