{"_timestamp":1.772575386567959e+09,"_step":59,"_wandb":{"runtime":0},"_runtime":0.057708593,"avg_inner_best_models/train_loss_mean":0.5194514657060305,"avg_inner_best_models/val_loss_mean":0.667562210559845}