{"_timestamp":1.7728109626812553e+09,"_step":36,"avg_inner_best_models/train_loss_mean":0.4545381963253021,"avg_inner_best_models/val_loss_mean":0.6486734747886658,"avg_inner_best_models/val_auc_mean":0.6810344827586207,"_wandb":{"runtime":0},"_runtime":0.051543157}