outer_test_LOGLOSS_mean,outer_test_LOGLOSS_std,outer_test_AUC_mean,outer_test_AUC_std,outer_test_AUCPR_mean,outer_test_AUCPR_std,outer_test_ACC_mean,outer_test_ACC_std,outer_test_SEN_mean,outer_test_SEN_std,outer_test_SP_mean,outer_test_SP_std,outer_test_MCC_mean,outer_test_MCC_std
0.6661020346006772,0.011140296728541168,0.6167212144116906,0.0666870411623523,0.743720566596031,0.05143585175263985,0.6004699248120301,0.04959449095902371,0.7738201058201059,0.11789717859990459,0.2988095238095238,0.12116799757123516,0.08826582931934479,0.10637235480441017
