outer_test_LOGLOSS_mean,outer_test_LOGLOSS_std,outer_test_AUC_mean,outer_test_AUC_std,outer_test_AUCPR_mean,outer_test_AUCPR_std,outer_test_ACC_mean,outer_test_ACC_std,outer_test_SEN_mean,outer_test_SEN_std,outer_test_SP_mean,outer_test_SP_std,outer_test_MCC_mean,outer_test_MCC_std
0.6649697949476385,0.007831555419013958,0.6191977198286722,0.04779694682134194,0.7403390963800734,0.04530612706543851,0.6289661654135339,0.03290225177701511,0.728021164021164,0.07573619867885868,0.458968253968254,0.11801289432066582,0.19170310243996858,0.07757206234786308
