{"avg_inner_best_models/train_loss_mean":0.4304431726535161,"avg_inner_best_models/val_loss_mean":0.6161760985851288,"avg_inner_best_models/val_auc_mean":0.6680672268907563,"_timestamp":1.772788645735344e+09,"_wandb":{"runtime":0},"_runtime":0.059213639,"_step":33}