{"_timestamp":1.7725793173814178e+09,"_step":59,"_wandb":{"runtime":0},"_runtime":0.067874308,"avg_inner_best_models/train_loss_mean":0.5053256531556448,"avg_inner_best_models/val_loss_mean":0.6555677890777588}