{"_timestamp":1.7728081885986836e+09,"_step":80,"avg_inner_best_models/train_loss_mean":0.3422767370939255,"avg_inner_best_models/val_loss_mean":0.5932961404323578,"_wandb":{"runtime":0},"_runtime":0.056477801,"avg_inner_best_models/val_auc_mean":0.6810344827586207}