{"_runtime":0.042274461,"avg_inner_best_models/val_loss_mean":0.683035284280777,"avg_inner_best_models/val_auc_mean":0.5801217038539555,"_timestamp":1.7727814697446406e+09,"_step":34,"avg_inner_best_models/train_loss_mean":0.5101246486107508,"_wandb":{"runtime":0}}