{"_runtime":0.035260295,"_step":33,"avg_inner_best_models/train_loss_mean":0.492323378721873,"avg_inner_best_models/val_loss_mean":0.678338497877121,"_timestamp":1.772506357866049e+09,"_wandb":{"runtime":0}}