{"avg_inner_best_models/train_loss_mean":0.39137430985768634,"avg_inner_best_models/val_loss_mean":0.5762567222118378,"_timestamp":1.7725319579295251e+09,"_wandb":{"runtime":0},"_runtime":0.042831586,"_step":53}