outer_test_LOGLOSS_mean,outer_test_LOGLOSS_std,outer_test_AUC_mean,outer_test_AUC_std,outer_test_AUCPR_mean,outer_test_AUCPR_std,outer_test_ACC_mean,outer_test_ACC_std,outer_test_SEN_mean,outer_test_SEN_std,outer_test_SP_mean,outer_test_SP_std,outer_test_MCC_mean,outer_test_MCC_std
0.6840384073532269,0.011516214054643948,0.5629003527336861,0.08427120223401531,0.701382352711663,0.04502363479679605,0.560513784461153,0.0799285791909751,0.5833174603174603,0.18113524664710243,0.5212698412698412,0.16697972394339064,0.10453337400115484,0.11798305214892357
