{"_runtime":0.03721491,"avg_inner_best_models/val_loss_mean":0.7000035643577576,"_timestamp":1.7725279994464822e+09,"_step":37,"avg_inner_best_models/train_loss_mean":0.3503087138136228,"_wandb":{"runtime":0}}