outer_test_LOGLOSS_mean,outer_test_LOGLOSS_std,outer_test_AUC_mean,outer_test_AUC_std,outer_test_AUCPR_mean,outer_test_AUCPR_std,outer_test_ACC_mean,outer_test_ACC_std,outer_test_SEN_mean,outer_test_SEN_std,outer_test_SP_mean,outer_test_SP_std,outer_test_MCC_mean,outer_test_MCC_std
0.6849866624068615,0.02878715217548279,0.5752286470143613,0.07163060155498975,0.7122897790073276,0.06635910237098448,0.5280701754385965,0.05130226563864325,0.5757142857142857,0.19704416925128349,0.4504761904761905,0.24047265438229967,0.022340540464335916,0.08984048996992662
