{"_runtime":0.035071343,"_step":31,"avg_inner_best_models/train_loss_mean":0.6785887678464254,"avg_inner_best_models/val_loss_mean":0.6760023633639017,"_timestamp":1.7725082467635e+09,"_wandb":{"runtime":0}}