{"avg_inner_best_models/val_loss_mean":0.6231406629085541,"_timestamp":1.7725248389529147e+09,"_step":39,"avg_inner_best_models/train_loss_mean":0.35506901641686756,"_wandb":{"runtime":0},"_runtime":0.058467142}