{"avg_inner_best_models/val_auc_mean":0.7310924369747899,"_timestamp":1.7728908630900095e+09,"_step":78,"_wandb":{"runtime":0},"_runtime":0.055910912,"avg_inner_best_models/train_loss_mean":0.7604297896226248,"avg_inner_best_models/val_loss_mean":0.6166907946268717}