{"avg_inner_best_models/val_auc_mean":0.703781512605042,"_timestamp":1.7728238041497786e+09,"_step":27,"avg_inner_best_models/train_loss_mean":0.46491119017203647,"_wandb":{"runtime":0},"_runtime":0.056270545,"avg_inner_best_models/val_loss_mean":0.663654108842214}