outer_test_LOGLOSS_mean,outer_test_LOGLOSS_std,outer_test_AUC_mean,outer_test_AUC_std,outer_test_AUCPR_mean,outer_test_AUCPR_std,outer_test_ACC_mean,outer_test_ACC_std,outer_test_SEN_mean,outer_test_SEN_std,outer_test_SP_mean,outer_test_SP_std,outer_test_MCC_mean,outer_test_MCC_std
0.6850547905303133,0.010876153494972226,0.5642363315696649,0.10728292952800171,0.6995361147174963,0.07469189654443675,0.5245697577276525,0.04882542096450648,0.5586349206349207,0.15347481331595578,0.4697777777777778,0.22157482131711212,0.03440332022518964,0.12315200627981866
