{"_timestamp":1.77275662441401e+09,"_wandb":{"runtime":0},"_runtime":0.058339637,"_step":80,"avg_inner_best_models/train_loss_mean":0.45624931156635284,"avg_inner_best_models/val_loss_mean":0.5925770103931427,"avg_inner_best_models/val_auc_mean":0.8103448275862069}