{"_wandb":{"runtime":0},"_runtime":0.054661591,"_step":61,"avg_inner_best_models/train_loss_mean":0.44360047578811646,"avg_inner_best_models/val_loss_mean":0.6481735706329346,"_timestamp":1.772542836846125e+09}