{"_timestamp":1.7728281376901453e+09,"_wandb":{"runtime":0},"_runtime":0.055184738,"_step":32,"avg_inner_best_models/train_loss_mean":0.483065423866113,"avg_inner_best_models/val_loss_mean":0.627096156279246,"avg_inner_best_models/val_auc_mean":0.7478991596638656}