{"_runtime":0.060526153,"avg_inner_best_models/val_loss_mean":0.6518020629882812,"avg_inner_best_models/val_auc_mean":0.6228448275862069,"_timestamp":1.7727762890784447e+09,"_step":72,"avg_inner_best_models/train_loss_mean":0.3840233087539673,"_wandb":{"runtime":0}}