{"_step":34,"avg_inner_best_models/train_loss_mean":0.5101246486107508,"avg_inner_best_models/val_loss_mean":0.683035284280777,"avg_inner_best_models/val_auc_mean":0.5801217038539555,"_wandb":{"runtime":0},"_runtime":0.03582469,"_timestamp":1.7727674605956442e+09}