{"avg_inner_best_models/train_loss_mean":1.1519312212864559,"avg_inner_best_models/val_loss_mean":0.6238888502120972,"avg_inner_best_models/val_auc_mean":0.7543103448275863,"_timestamp":1.7729068629075983e+09,"_wandb":{"runtime":0},"_runtime":0.060177702,"_step":52}