{"avg_inner_best_models/val_loss_mean":0.667953406771024,"_timestamp":1.7725059320659869e+09,"_step":32,"_wandb":{"runtime":0},"_runtime":0.03636101,"avg_inner_best_models/train_loss_mean":0.4300841651856899}