{"_runtime":0.057103619,"avg_inner_best_models/train_loss_mean":0.5426398813724518,"avg_inner_best_models/val_loss_mean":0.620672881603241,"_timestamp":1.7725541725108342e+09,"_step":65,"_wandb":{"runtime":0}}