{"_step":43,"avg_inner_best_models/train_loss_mean":0.3152245084444682,"_wandb":{"runtime":0},"_runtime":0.052915454,"avg_inner_best_models/val_loss_mean":0.6224924623966217,"_timestamp":1.7725007109045303e+09}