outer_test_LOGLOSS_mean,outer_test_LOGLOSS_std,outer_test_AUC_mean,outer_test_AUC_std,outer_test_AUCPR_mean,outer_test_AUCPR_std,outer_test_ACC_mean,outer_test_ACC_std,outer_test_SEN_mean,outer_test_SEN_std,outer_test_SP_mean,outer_test_SP_std,outer_test_MCC_mean,outer_test_MCC_std
0.6598007904809017,0.030519772619612195,0.6156216931216931,0.11673008402757763,0.7407167128627238,0.09064642306965308,0.6048203842940685,0.0753404898652495,0.7441851851851852,0.14683947533028185,0.3592063492063492,0.140656769674538,0.11895822108491032,0.14841495870869786
