{"_step":43,"avg_inner_best_models/train_loss_mean":0.36467793583869934,"_wandb":{"runtime":0},"_runtime":0.037298141,"avg_inner_best_models/val_loss_mean":0.6294913589954376,"_timestamp":1.7724940506724708e+09}