{"avg_inner_best_models/val_loss_mean":0.6639411250750223,"_timestamp":1.7725719450084548e+09,"_step":75,"avg_inner_best_models/train_loss_mean":0.48964878420035046,"_wandb":{"runtime":0},"_runtime":0.056486983}