{"_runtime":0.051563499,"_wandb":{"runtime":0},"avg_inner_best_models/train_loss_mean":0.6070718069871267,"avg_inner_best_models/val_loss_mean":0.6546452343463898,"_timestamp":1.772521109651602e+09,"_step":30}