outer_test_LOGLOSS_mean,outer_test_LOGLOSS_std,outer_test_AUC_mean,outer_test_AUC_std,outer_test_AUCPR_mean,outer_test_AUCPR_std,outer_test_ACC_mean,outer_test_ACC_std,outer_test_SEN_mean,outer_test_SEN_std,outer_test_SP_mean,outer_test_SP_std,outer_test_MCC_mean,outer_test_MCC_std
0.6855442058242088,0.009498343377208639,0.5865437767699674,0.042898647088575305,0.7182366321050929,0.0369126761457841,0.5676420217209691,0.06938419298648621,0.5872222222222223,0.14767822164971034,0.5323333333333333,0.13714345360031507,0.12238081422949006,0.10945286004549726
