{"avg_inner_best_models/train_loss_mean":0.4921836542586486,"avg_inner_best_models/val_loss_mean":0.6545246591170628,"_timestamp":1.7725322260755053e+09,"_step":36,"_runtime":0.055543316,"_wandb":{"runtime":0}}