outer_test_LOGLOSS_mean,outer_test_LOGLOSS_std,outer_test_AUC_mean,outer_test_AUC_std,outer_test_AUCPR_mean,outer_test_AUCPR_std,outer_test_ACC_mean,outer_test_ACC_std,outer_test_SEN_mean,outer_test_SEN_std,outer_test_SP_mean,outer_test_SP_std,outer_test_MCC_mean,outer_test_MCC_std
0.6816871505769262,0.014207844381815861,0.5839431216931217,0.08235469435922715,0.707453804244388,0.058900187313919154,0.6037155388471178,0.05857492747669133,0.6637037037037036,0.13143427565110147,0.49730158730158724,0.18771339785152266,0.16421380876179556,0.12767778746628908
