outer_test_LOGLOSS_mean,outer_test_LOGLOSS_std,outer_test_AUC_mean,outer_test_AUC_std,outer_test_AUCPR_mean,outer_test_AUCPR_std,outer_test_ACC_mean,outer_test_ACC_std,outer_test_SEN_mean,outer_test_SEN_std,outer_test_SP_mean,outer_test_SP_std,outer_test_MCC_mean,outer_test_MCC_std
0.6860672388605412,0.01778681631184675,0.5650337616528092,0.08698555035115324,0.7140021246488141,0.0711465427497217,0.5646720969089392,0.0721877832618665,0.5714391534391535,0.07941502565308993,0.5522698412698414,0.14648980359269353,0.12027574782294553,0.1595877103906558
