{"avg_inner_best_models/train_loss_mean":0.5348923827211062,"avg_inner_best_models/val_loss_mean":0.6351784070332845,"avg_inner_best_models/val_auc_mean":0.6827731092436975,"_wandb":{"runtime":0},"_runtime":0.037865938,"_timestamp":1.7728107281938152e+09,"_step":43}