{"avg_inner_best_models/val_loss_mean":0.5616516172885895,"_timestamp":1.7725256585622368e+09,"_step":40,"_runtime":0.035015194,"_wandb":{"runtime":0},"avg_inner_best_models/train_loss_mean":0.38031460841496784}