{"avg_inner_best_models/train_loss_mean":0.5640359257658323,"avg_inner_best_models/val_loss_mean":0.672139024734497,"_timestamp":1.772562957677278e+09,"_step":59,"_wandb":{"runtime":0},"_runtime":0.051769399}