{"_timestamp":1.7725469648898325e+09,"_wandb":{"runtime":0},"_runtime":0.039926533,"_step":47,"avg_inner_best_models/train_loss_mean":0.4676547373334567,"avg_inner_best_models/val_loss_mean":0.6578768094380697}