{"_step":35,"_runtime":0.036450485,"_wandb":{"runtime":0},"avg_inner_best_models/train_loss_mean":0.34555834283431375,"avg_inner_best_models/val_loss_mean":0.6433796882629395,"_timestamp":1.772500796086499e+09}