{"_wandb":{"runtime":0},"_runtime":0.057173295,"avg_inner_best_models/val_loss_mean":0.6054547230402628,"_timestamp":1.7725286678119078e+09,"_step":51,"avg_inner_best_models/train_loss_mean":0.3782060941060384}