outer_test_LOGLOSS_mean,outer_test_LOGLOSS_std,outer_test_AUC_mean,outer_test_AUC_std,outer_test_AUCPR_mean,outer_test_AUCPR_std,outer_test_ACC_mean,outer_test_ACC_std,outer_test_SEN_mean,outer_test_SEN_std,outer_test_SP_mean,outer_test_SP_std,outer_test_MCC_mean,outer_test_MCC_std
0.6838480680272586,0.022999455765481715,0.5580741370622324,0.09715649946789695,0.6908976693284228,0.06802692274265297,0.5508145363408522,0.10674223834169123,0.5738730158730158,0.14365397245646652,0.5095238095238095,0.08882875501755397,0.08335996623360846,0.19171987669426835
