outer_test_LOGLOSS_mean,outer_test_LOGLOSS_std,outer_test_AUC_mean,outer_test_AUC_std,outer_test_AUCPR_mean,outer_test_AUCPR_std,outer_test_ACC_mean,outer_test_ACC_std,outer_test_SEN_mean,outer_test_SEN_std,outer_test_SP_mean,outer_test_SP_std,outer_test_MCC_mean,outer_test_MCC_std
0.6773346509102125,0.013045497881843235,0.58708238851096,0.06724150322653046,0.7160837357953032,0.06316631071123001,0.5938220551378446,0.05427347968573862,0.6805714285714285,0.10830332489642712,0.44542857142857145,0.13192324957865065,0.12987082432008498,0.10595741479641502
