{"avg_inner_best_models/val_auc_mean":0.6592292089249492,"_timestamp":1.7727610617061274e+09,"_wandb":{"runtime":0},"_runtime":0.05786354,"_step":39,"avg_inner_best_models/train_loss_mean":0.51945727566878,"avg_inner_best_models/val_loss_mean":0.6495579779148102}