{"avg_inner_best_models/val_auc_mean":0.6680672268907564,"_timestamp":1.77277324729561e+09,"_step":35,"avg_inner_best_models/train_loss_mean":0.5082212189833323,"_runtime":0.060082307,"_wandb":{"runtime":0},"avg_inner_best_models/val_loss_mean":0.6770363648732504}