{"_wandb":{"runtime":0},"_runtime":0.053817583,"avg_inner_best_models/val_auc_mean":0.7047413793103448,"_timestamp":1.7727720576767676e+09,"_step":61,"avg_inner_best_models/train_loss_mean":0.5086022640268008,"avg_inner_best_models/val_loss_mean":0.6559317708015442}