{"_step":49,"avg_inner_best_models/train_loss_mean":0.41833136479059857,"avg_inner_best_models/val_loss_mean":0.6291686296463013,"_wandb":{"runtime":0},"_runtime":0.053356627,"avg_inner_best_models/val_auc_mean":0.6953781512605042,"_timestamp":1.772786837240506e+09}