{"_runtime":0.037506316,"_step":40,"avg_inner_best_models/train_loss_mean":0.31775331497192383,"avg_inner_best_models/val_loss_mean":0.6326215863227844,"_timestamp":1.772522082198431e+09,"_wandb":{"runtime":0}}