{"_timestamp":1.772511682566495e+09,"_wandb":{"runtime":0},"_runtime":0.055805793,"_step":69,"avg_inner_best_models/train_loss_mean":0.23982622971137366,"avg_inner_best_models/val_loss_mean":0.6391907632350922}