{"avg_inner_best_models/val_loss_mean":0.6186365087827047,"avg_inner_best_models/val_auc_mean":0.730603448275862,"_wandb":{"runtime":0},"_runtime":0.053621832,"_timestamp":1.7727761658837774e+09,"_step":56,"avg_inner_best_models/train_loss_mean":0.4221363365650177}