{"_wandb":{"runtime":0},"_runtime":0.043490452,"avg_inner_best_models/train_loss_mean":0.520017941792806,"avg_inner_best_models/val_loss_mean":0.6568101346492767,"_timestamp":1.7725303112698066e+09,"_step":31}