{"_wandb":{"runtime":0},"_runtime":0.067392123,"_timestamp":1.7724997872759094e+09,"_step":40,"avg_inner_best_models/train_loss_mean":0.4969455103079478,"avg_inner_best_models/val_loss_mean":0.6868719160556793}