{"_timestamp":1.7725791323806593e+09,"_wandb":{"runtime":0},"_runtime":0.06025015,"_step":63,"avg_inner_best_models/train_loss_mean":0.46187188227971393,"avg_inner_best_models/val_loss_mean":0.7110658884048462}