{"_step":39,"_wandb":{"runtime":0},"_runtime":0.043405752,"avg_inner_best_models/train_loss_mean":0.3651619603236516,"avg_inner_best_models/val_loss_mean":0.6251340309778849,"_timestamp":1.772502784804775e+09}