{"_runtime":0.057490954,"_step":80,"avg_inner_best_models/train_loss_mean":0.5790360768636068,"avg_inner_best_models/val_loss_mean":0.6533219814300537,"avg_inner_best_models/val_auc_mean":0.7306034482758621,"_timestamp":1.772814255152899e+09,"_wandb":{"runtime":0}}