{"_timestamp":1.772578759745997e+09,"_step":63,"avg_inner_best_models/train_loss_mean":0.6146233876546224,"avg_inner_best_models/val_loss_mean":0.6881559093793234,"_wandb":{"runtime":0},"_runtime":0.055275336}