{"_runtime":0.036872554,"_step":39,"avg_inner_best_models/train_loss_mean":0.4295370827118556,"avg_inner_best_models/val_loss_mean":0.6542829722166061,"_timestamp":1.772514168845359e+09,"_wandb":{"runtime":0}}