{"avg_inner_best_models/train_loss_mean":0.2913445880015691,"avg_inner_best_models/val_loss_mean":0.623260110616684,"_timestamp":1.7725180589871438e+09,"_step":43,"_wandb":{"runtime":0},"_runtime":0.06240508}