outer_test_LOGLOSS_mean,outer_test_LOGLOSS_std,outer_test_AUC_mean,outer_test_AUC_std,outer_test_AUCPR_mean,outer_test_AUCPR_std,outer_test_ACC_mean,outer_test_ACC_std,outer_test_SEN_mean,outer_test_SEN_std,outer_test_SP_mean,outer_test_SP_std,outer_test_MCC_mean,outer_test_MCC_std
0.681116175753168,0.009816299906314285,0.6269851977828169,0.09383215035154223,0.743196540543038,0.06196005367673592,0.5771679197994988,0.05278212704624048,0.5546666666666666,0.09394036660174,0.6204603174603175,0.18811962993146988,0.17380784751804954,0.14158742885124367
