{"_wandb":{"runtime":0},"_runtime":0.035289666,"avg_inner_best_models/val_loss_mean":0.661963681379954,"_timestamp":1.772511581792189e+09,"_step":21,"avg_inner_best_models/train_loss_mean":0.45588988438248634}