outer_test_LOGLOSS_mean,outer_test_LOGLOSS_std,outer_test_AUC_mean,outer_test_AUC_std,outer_test_AUCPR_mean,outer_test_AUCPR_std,outer_test_ACC_mean,outer_test_ACC_std,outer_test_SEN_mean,outer_test_SEN_std,outer_test_SP_mean,outer_test_SP_std,outer_test_MCC_mean,outer_test_MCC_std
0.678652243617825,0.018081037168288024,0.5715878684807256,0.060359942270389086,0.707140548805921,0.03698134087321335,0.5773767752715121,0.06409236507261591,0.657984126984127,0.1298188258856079,0.43873015873015864,0.1345919645852328,0.09936593822935519,0.11285623111377738
