outer_test_LOGLOSS_mean,outer_test_LOGLOSS_std,outer_test_AUC_mean,outer_test_AUC_std,outer_test_AUCPR_mean,outer_test_AUCPR_std,outer_test_ACC_mean,outer_test_ACC_std,outer_test_SEN_mean,outer_test_SEN_std,outer_test_SP_mean,outer_test_SP_std,outer_test_MCC_mean,outer_test_MCC_std
0.6786135632227351,0.009514093882005761,0.5813643864953388,0.07438940101121731,0.7063690357761077,0.055985089569281346,0.5791812865497076,0.05288310117524166,0.6395608465608466,0.10453381624739817,0.4763650793650794,0.1776050546118012,0.11385497012917535,0.12879301000676238
