{"avg_inner_best_models/train_loss_mean":0.5449377720554669,"_wandb":{"runtime":0},"_runtime":0.058435748,"avg_inner_best_models/val_loss_mean":0.6487972438335419,"_timestamp":1.772506096764719e+09,"_step":29}