{"_timestamp":1.7728105171168294e+09,"_step":33,"_wandb":{"runtime":0},"_runtime":0.061391576,"avg_inner_best_models/train_loss_mean":0.494136040409406,"avg_inner_best_models/val_loss_mean":0.6408116022745768,"avg_inner_best_models/val_auc_mean":0.7058823529411764}