{"avg_inner_best_models/val_loss_mean":0.656104584534963,"_timestamp":1.7725686757064064e+09,"_step":61,"avg_inner_best_models/train_loss_mean":0.5099564616878828,"_wandb":{"runtime":0},"_runtime":0.056620385}