outer_test_LOGLOSS_mean,outer_test_LOGLOSS_std,outer_test_AUC_mean,outer_test_AUC_std,outer_test_AUCPR_mean,outer_test_AUCPR_std,outer_test_ACC_mean,outer_test_ACC_std,outer_test_SEN_mean,outer_test_SEN_std,outer_test_SP_mean,outer_test_SP_std,outer_test_MCC_mean,outer_test_MCC_std
0.6854604197838284,0.011297445449670235,0.5633352859662385,0.07137805979042149,0.7106126587518776,0.06380152911967174,0.5514766081871345,0.0450938568339816,0.5995291005291006,0.07309208906013491,0.46992063492063496,0.14050812336909674,0.06676791702696848,0.11354371316325572
