outer_test_LOGLOSS_mean,outer_test_LOGLOSS_std,outer_test_AUC_mean,outer_test_AUC_std,outer_test_AUCPR_mean,outer_test_AUCPR_std,outer_test_ACC_mean,outer_test_ACC_std,outer_test_SEN_mean,outer_test_SEN_std,outer_test_SP_mean,outer_test_SP_std,outer_test_MCC_mean,outer_test_MCC_std
0.685250894595373,0.012707402781709416,0.5606145754598136,0.07136354664689454,0.6868945426418079,0.05917492045904917,0.5714390142021721,0.032505661097528185,0.6156984126984127,0.06989238991746796,0.49626984126984136,0.11148234829033431,0.11027072787456153,0.0769624601286581
