outer_test_LOGLOSS_mean,outer_test_LOGLOSS_std,outer_test_AUC_mean,outer_test_AUC_std,outer_test_AUCPR_mean,outer_test_AUCPR_std,outer_test_ACC_mean,outer_test_ACC_std,outer_test_SEN_mean,outer_test_SEN_std,outer_test_SP_mean,outer_test_SP_std,outer_test_MCC_mean,outer_test_MCC_std
0.692354849997154,0.01166032061096987,0.5464242252456537,0.06441685025904424,0.6888769303327873,0.06206462872417908,0.5453508771929825,0.04399243099375914,0.5769841269841269,0.045210753541240475,0.4903809523809523,0.08868724751266252,0.06518598052875145,0.09750982192247887
