{"_runtime":0.036903981,"_timestamp":1.7725240664701805e+09,"_step":50,"avg_inner_best_models/train_loss_mean":0.5771539161602656,"avg_inner_best_models/val_loss_mean":0.6898058354854584,"_wandb":{"runtime":0}}