{"avg_inner_best_models/val_loss_mean":0.5799672106901804,"_timestamp":1.772495994699952e+09,"_step":48,"_wandb":{"runtime":0},"_runtime":0.035375452,"avg_inner_best_models/train_loss_mean":0.2976693734526634}