outer_test_LOGLOSS_mean,outer_test_LOGLOSS_std,outer_test_AUC_mean,outer_test_AUC_std,outer_test_AUCPR_mean,outer_test_AUCPR_std,outer_test_ACC_mean,outer_test_ACC_std,outer_test_SEN_mean,outer_test_SEN_std,outer_test_SP_mean,outer_test_SP_std,outer_test_MCC_mean,outer_test_MCC_std
0.6816499982986604,0.011936574559872229,0.5640711136306373,0.053277088331558815,0.7100055778722534,0.04122912256129891,0.5604720133667501,0.05376232960082728,0.6281428571428571,0.13164879112522965,0.44314285714285717,0.14843764206871055,0.07635596613679298,0.10172604866493579
