{"_timestamp":1.772802165164158e+09,"_step":68,"_wandb":{"runtime":0},"_runtime":0.05654774,"avg_inner_best_models/train_loss_mean":0.4868018527825673,"avg_inner_best_models/val_loss_mean":0.6190480788548788,"avg_inner_best_models/val_auc_mean":0.7435344827586208}