{"avg_inner_best_models/train_loss_mean":0.4857792779803276,"avg_inner_best_models/val_loss_mean":0.6434146165847778,"_wandb":{"runtime":0},"_runtime":0.05517537,"avg_inner_best_models/val_auc_mean":0.689075630252101,"_timestamp":1.7727532563197818e+09,"_step":56}