outer_test_LOGLOSS_mean,outer_test_LOGLOSS_std,outer_test_AUC_mean,outer_test_AUC_std,outer_test_AUCPR_mean,outer_test_AUCPR_std,outer_test_ACC_mean,outer_test_ACC_std,outer_test_SEN_mean,outer_test_SEN_std,outer_test_SP_mean,outer_test_SP_std,outer_test_MCC_mean,outer_test_MCC_std
0.6798068146039277,0.013555599220447962,0.5802479213907785,0.06694566643648094,0.7226987581058201,0.04246684275173485,0.572063492063492,0.07084372734444078,0.6106666666666666,0.13774994453712752,0.5063809523809524,0.12584352044858207,0.11683373611432164,0.1162804737977438
