outer_test_LOGLOSS_mean,outer_test_LOGLOSS_std,outer_test_AUC_mean,outer_test_AUC_std,outer_test_AUCPR_mean,outer_test_AUCPR_std,outer_test_ACC_mean,outer_test_ACC_std,outer_test_SEN_mean,outer_test_SEN_std,outer_test_SP_mean,outer_test_SP_std,outer_test_MCC_mean,outer_test_MCC_std
0.6571287266785923,0.024341408966760347,0.6112920131015369,0.056614172776790574,0.7301718224686857,0.04445109178348525,0.6215413533834587,0.06132472850388799,0.7832857142857143,0.1891847986047472,0.3442222222222222,0.19062920241735548,0.16172827436285875,0.09506201155566953
