{"_runtime":0.038391666,"_wandb":{"runtime":0},"avg_inner_best_models/val_loss_mean":0.6888392567634583,"avg_inner_best_models/val_auc_mean":0.6314655172413792,"_timestamp":1.772823117546113e+09,"_step":41,"avg_inner_best_models/train_loss_mean":0.5142329633235931}