{"avg_inner_best_models/train_loss_mean":0.594541092713674,"_wandb":{"runtime":0},"_runtime":0.037248322,"avg_inner_best_models/val_loss_mean":0.6502846777439117,"_timestamp":1.7725467823865156e+09,"_step":38}