outer_test_LOGLOSS_mean,outer_test_LOGLOSS_std,outer_test_AUC_mean,outer_test_AUC_std,outer_test_AUCPR_mean,outer_test_AUCPR_std,outer_test_ACC_mean,outer_test_ACC_std,outer_test_SEN_mean,outer_test_SEN_std,outer_test_SP_mean,outer_test_SP_std,outer_test_MCC_mean,outer_test_MCC_std
0.6828252343333399,0.017013907271248085,0.5361094104308389,0.05600848951801629,0.6835788040455888,0.04517991051311266,0.5527360066833751,0.06784400241974334,0.6590423280423281,0.13423710628208319,0.36644444444444446,0.09168979120301728,0.03325077772985364,0.10607664429038814
