outer_test_LOGLOSS_mean,outer_test_LOGLOSS_std,outer_test_AUC_mean,outer_test_AUC_std,outer_test_AUCPR_mean,outer_test_AUCPR_std,outer_test_ACC_mean,outer_test_ACC_std,outer_test_SEN_mean,outer_test_SEN_std,outer_test_SP_mean,outer_test_SP_std,outer_test_MCC_mean,outer_test_MCC_std
0.6813600375109814,0.008052519449649992,0.5934845679012346,0.06355607543881463,0.7257891057466713,0.056678678463938696,0.5834837092731828,0.05753639818544574,0.6189894179894181,0.10442822793968523,0.5215555555555557,0.10358764990784826,0.13968717378889656,0.10348749598970901
