{"_runtime":0.056750524,"avg_inner_best_models/train_loss_mean":0.5308728019396464,"avg_inner_best_models/val_loss_mean":0.6651750604311625,"_timestamp":1.7725394367787867e+09,"_step":52,"_wandb":{"runtime":0}}