{"_step":48,"_wandb":{"runtime":0},"_runtime":0.065894254,"avg_inner_best_models/train_loss_mean":0.5701945622762045,"avg_inner_best_models/val_loss_mean":0.6971512834231058,"avg_inner_best_models/val_auc_mean":0.6508620689655172,"_timestamp":1.7728036197636616e+09}