{"_step":37,"avg_inner_best_models/train_loss_mean":0.4532376465698083,"avg_inner_best_models/val_loss_mean":0.6535832484563192,"avg_inner_best_models/val_auc_mean":0.6694255288322226,"_wandb":{"runtime":0},"_runtime":0.052157432,"_timestamp":1.7727699494967613e+09}