outer_test_LOGLOSS_mean,outer_test_LOGLOSS_std,outer_test_AUC_mean,outer_test_AUC_std,outer_test_AUCPR_mean,outer_test_AUCPR_std,outer_test_ACC_mean,outer_test_ACC_std,outer_test_SEN_mean,outer_test_SEN_std,outer_test_SP_mean,outer_test_SP_std,outer_test_MCC_mean,outer_test_MCC_std
0.6879672751681446,0.0171767665331126,0.5384335474930713,0.08980113299962333,0.6834216187837401,0.08293093280851428,0.5681704260651628,0.0658293603972088,0.645111111111111,0.0798922028271165,0.43520634920634915,0.12790405569333277,0.07894707119068135,0.144919579134768
