outer_test_LOGLOSS_mean,outer_test_LOGLOSS_std,outer_test_AUC_mean,outer_test_AUC_std,outer_test_AUCPR_mean,outer_test_AUCPR_std,outer_test_ACC_mean,outer_test_ACC_std,outer_test_SEN_mean,outer_test_SEN_std,outer_test_SP_mean,outer_test_SP_std,outer_test_MCC_mean,outer_test_MCC_std
0.6789109881746613,0.01492051698569615,0.5707549760644999,0.08922584786613613,0.6940923646435126,0.07736947287478024,0.5902903091060985,0.06531126584414404,0.6520211640211641,0.15124292031620837,0.48236507936507933,0.18372692011122965,0.139890040208971,0.12679729650793276
