outer_test_LOGLOSS_mean,outer_test_LOGLOSS_std,outer_test_AUC_mean,outer_test_AUC_std,outer_test_AUCPR_mean,outer_test_AUCPR_std,outer_test_ACC_mean,outer_test_ACC_std,outer_test_SEN_mean,outer_test_SEN_std,outer_test_SP_mean,outer_test_SP_std,outer_test_MCC_mean,outer_test_MCC_std
0.6841041588831271,0.01409417862467954,0.5840215419501134,0.0680627173403857,0.718486244641541,0.05824989160523656,0.5605388471177946,0.04983214167724097,0.5470793650793652,0.14037386063678248,0.5807460317460318,0.1825675040516232,0.13253027244810808,0.10666583204199762
