{"_timestamp":1.772497074653454e+09,"_step":31,"_wandb":{"runtime":0},"_runtime":0.03658253,"avg_inner_best_models/train_loss_mean":0.2865228032072385,"avg_inner_best_models/val_loss_mean":0.6233667135238647}