{"_wandb":{"runtime":0},"_timestamp":1.7725118780401707e+09,"_step":38,"avg_inner_best_models/train_loss_mean":0.38534944752852124,"avg_inner_best_models/val_loss_mean":0.5988137722015381,"_runtime":0.053404735}