outer_test_LOGLOSS_mean,outer_test_LOGLOSS_std,outer_test_AUC_mean,outer_test_AUC_std,outer_test_AUCPR_mean,outer_test_AUCPR_std,outer_test_ACC_mean,outer_test_ACC_std,outer_test_SEN_mean,outer_test_SEN_std,outer_test_SP_mean,outer_test_SP_std,outer_test_MCC_mean,outer_test_MCC_std
0.6786282326262855,0.013872384043861,0.5713416477702192,0.07273941640572942,0.7150059543862585,0.056776395765662284,0.5759878863826232,0.0535899186271987,0.6184444444444444,0.08505926902291339,0.5025238095238096,0.16640079007473838,0.1173788704647616,0.1340773691414283
