{"_runtime":0.055355842,"_step":63,"avg_inner_best_models/train_loss_mean":0.4253290444612503,"avg_inner_best_models/val_loss_mean":0.6262897253036499,"avg_inner_best_models/val_auc_mean":0.7198275862068966,"_timestamp":1.7728175347651281e+09,"_wandb":{"runtime":0}}