{"_wandb":{"runtime":0},"_step":80,"avg_inner_best_models/train_loss_mean":0.45823806275924045,"avg_inner_best_models/val_loss_mean":0.6256972352663676,"avg_inner_best_models/val_auc_mean":0.7004310344827586,"_timestamp":1.7727652989102283e+09,"_runtime":0.056905778}