outer_test_LOGLOSS_mean,outer_test_LOGLOSS_std,outer_test_AUC_mean,outer_test_AUC_std,outer_test_AUCPR_mean,outer_test_AUCPR_std,outer_test_ACC_mean,outer_test_ACC_std,outer_test_SEN_mean,outer_test_SEN_std,outer_test_SP_mean,outer_test_SP_std,outer_test_MCC_mean,outer_test_MCC_std
0.688045997643389,0.013517615895628821,0.5380243764172336,0.08765143670791233,0.7028912966900367,0.06499275046531534,0.5271574770258981,0.09531775311036296,0.5682645502645502,0.1944541077352337,0.45576190476190476,0.12917170748919893,0.03125814789353876,0.14066215603164883
