{"_runtime":0.0584739,"avg_inner_best_models/val_loss_mean":0.6570945233106613,"avg_inner_best_models/val_auc_mean":0.6441611127209504,"_timestamp":1.7728110669860146e+09,"_step":27,"avg_inner_best_models/train_loss_mean":0.5019680249194304,"_wandb":{"runtime":0}}