{"avg_inner_best_models/val_auc_mean":0.5842871631411184,"_timestamp":1.7727943640385764e+09,"_wandb":{"runtime":0},"_runtime":0.036289974,"_step":24,"avg_inner_best_models/train_loss_mean":0.4852938652038574,"avg_inner_best_models/val_loss_mean":0.6695496141910553}