outer_test_LOGLOSS_mean,outer_test_LOGLOSS_std,outer_test_AUC_mean,outer_test_AUC_std,outer_test_AUCPR_mean,outer_test_AUCPR_std,outer_test_ACC_mean,outer_test_ACC_std,outer_test_SEN_mean,outer_test_SEN_std,outer_test_SP_mean,outer_test_SP_std,outer_test_MCC_mean,outer_test_MCC_std
0.6836918720624661,0.021667612092598768,0.5524149659863944,0.0692614172729437,0.6832622286726133,0.05686652263330779,0.5884085213032582,0.04141765151051696,0.6926984126984127,0.10400823174197907,0.4095238095238095,0.10352352477290319,0.10579300831263858,0.06363822838017806
