{"_wandb":{"runtime":0},"_runtime":0.057038807,"_step":80,"avg_inner_best_models/train_loss_mean":0.4176179418961207,"avg_inner_best_models/val_loss_mean":0.5994539558887482,"avg_inner_best_models/val_auc_mean":0.7545638945233265,"_timestamp":1.7727847348124666e+09}