outer_test_LOGLOSS_mean,outer_test_LOGLOSS_std,outer_test_AUC_mean,outer_test_AUC_std,outer_test_AUCPR_mean,outer_test_AUCPR_std,outer_test_ACC_mean,outer_test_ACC_std,outer_test_SEN_mean,outer_test_SEN_std,outer_test_SP_mean,outer_test_SP_std,outer_test_MCC_mean,outer_test_MCC_std
0.6811191100138313,0.021466534964770672,0.5725140463592845,0.1030871989228332,0.7005209047612452,0.07702032695206362,0.5894486215538848,0.07750199156332374,0.6483386243386244,0.09147885741362034,0.48734920634920625,0.13943737230791642,0.1334731296366712,0.16492678160211888
