outer_test_LOGLOSS_mean,outer_test_LOGLOSS_std,outer_test_AUC_mean,outer_test_AUC_std,outer_test_AUCPR_mean,outer_test_AUCPR_std,outer_test_ACC_mean,outer_test_ACC_std,outer_test_SEN_mean,outer_test_SEN_std,outer_test_SP_mean,outer_test_SP_std,outer_test_MCC_mean,outer_test_MCC_std
0.6849180615627409,0.018710971810033977,0.5817604560342655,0.09954674217626705,0.7072810988825676,0.055403453383899,0.590657894736842,0.0797629556279984,0.6703386243386243,0.10468482540170088,0.45458730158730165,0.15653691066393577,0.12381199776836742,0.16933434016889587
