{"_timestamp":1.7725370623430037e+09,"_step":27,"_wandb":{"runtime":0},"_runtime":0.036929347,"avg_inner_best_models/train_loss_mean":0.47790903846422833,"avg_inner_best_models/val_loss_mean":0.6590501368045807}