{"_runtime":0.053038753,"avg_inner_best_models/train_loss_mean":0.5119316888352236,"avg_inner_best_models/val_loss_mean":0.6449849357207615,"_timestamp":1.7725437777494648e+09,"_step":29,"_wandb":{"runtime":0}}