{"_runtime":0.079428705,"_wandb":{"runtime":0},"avg_inner_best_models/val_loss_mean":0.595272421836853,"avg_inner_best_models/val_auc_mean":0.7780172413793103,"_timestamp":1.7727908357015896e+09,"_step":46,"avg_inner_best_models/train_loss_mean":0.41479987651109695}