{"_runtime":0.056684188,"_step":50,"avg_inner_best_models/train_loss_mean":0.4183167467514674,"avg_inner_best_models/val_loss_mean":0.6087031761805216,"avg_inner_best_models/val_auc_mean":0.7586206896551725,"_timestamp":1.7727775043238537e+09,"_wandb":{"runtime":0}}