{"_timestamp":1.7727914528417382e+09,"_step":59,"avg_inner_best_models/train_loss_mean":0.40321233371893567,"avg_inner_best_models/val_loss_mean":0.6427114605903625,"avg_inner_best_models/val_auc_mean":0.7226890756302522,"_wandb":{"runtime":0},"_runtime":0.054699459}