{"_step":22,"avg_inner_best_models/train_loss_mean":0.5500473951299985,"avg_inner_best_models/val_loss_mean":0.6671016911665599,"avg_inner_best_models/val_auc_mean":0.6194219066937119,"_wandb":{"runtime":0},"_runtime":0.035606245,"_timestamp":1.7727997497824247e+09}