{"_step":58,"avg_inner_best_models/train_loss_mean":0.48320921262105304,"_wandb":{"runtime":0},"_runtime":0.060273969,"avg_inner_best_models/val_loss_mean":0.6230236291885376,"avg_inner_best_models/val_auc_mean":0.7262931034482759,"_timestamp":1.7728203616172037e+09}