{"avg_inner_best_models/val_loss_mean":0.6298138499259949,"avg_inner_best_models/val_auc_mean":0.726890756302521,"_timestamp":1.772794156305975e+09,"_step":58,"avg_inner_best_models/train_loss_mean":0.5133082419633865,"_wandb":{"runtime":0},"_runtime":0.065386464}