outer_test_LOGLOSS_mean,outer_test_LOGLOSS_std,outer_test_AUC_mean,outer_test_AUC_std,outer_test_AUCPR_mean,outer_test_AUCPR_std,outer_test_ACC_mean,outer_test_ACC_std,outer_test_SEN_mean,outer_test_SEN_std,outer_test_SP_mean,outer_test_SP_std,outer_test_MCC_mean,outer_test_MCC_std
0.6679039263088299,0.02901621833433052,0.6066326530612245,0.08338380926834922,0.7337869930015521,0.06177293797731357,0.5850877192982457,0.04471650039840553,0.6596825396825396,0.0800356590972755,0.45714285714285713,0.07788298682760061,0.11679366010529164,0.08174426669581517
