{"avg_inner_best_models/val_loss_mean":0.5825337767601013,"avg_inner_best_models/val_auc_mean":0.7672413793103448,"_timestamp":1.7727801707299633e+09,"_step":41,"avg_inner_best_models/train_loss_mean":0.4035582368572553,"_wandb":{"runtime":0},"_runtime":0.057339238}