{"_step":56,"avg_inner_best_models/train_loss_mean":0.38516003886858624,"avg_inner_best_models/val_loss_mean":0.6242492198944092,"avg_inner_best_models/val_auc_mean":0.6875,"_wandb":{"runtime":0},"_runtime":0.062765516,"_timestamp":1.7727788033766103e+09}