{"avg_inner_best_models/train_loss_mean":0.5190257827440897,"avg_inner_best_models/val_loss_mean":0.6951859593391418,"_timestamp":1.772494586696291e+09,"_step":42,"_wandb":{"runtime":0},"_runtime":0.051792665}