{"_timestamp":1.772820894641407e+09,"_step":63,"avg_inner_best_models/train_loss_mean":0.32613520448406536,"avg_inner_best_models/val_loss_mean":0.5705452760060629,"_wandb":{"runtime":0},"_runtime":0.062104141,"avg_inner_best_models/val_auc_mean":0.7543103448275862}