outer_test_LOGLOSS_mean,outer_test_LOGLOSS_std,outer_test_AUC_mean,outer_test_AUC_std,outer_test_AUCPR_mean,outer_test_AUCPR_std,outer_test_ACC_mean,outer_test_ACC_std,outer_test_SEN_mean,outer_test_SEN_std,outer_test_SP_mean,outer_test_SP_std,outer_test_MCC_mean,outer_test_MCC_std
0.6699993765774652,0.015087712856182843,0.5722940287226002,0.08662406073008573,0.7149284612469685,0.07273232131628209,0.5991228070175438,0.04774542983561882,0.7322222222222222,0.06241042964437167,0.36809523809523803,0.21082926644998015,0.0972210947847145,0.1638033082278214
