{"_wandb":{"runtime":0},"_runtime":0.036703496,"_step":67,"avg_inner_best_models/train_loss_mean":0.35431768000125885,"avg_inner_best_models/val_loss_mean":0.6058160364627838,"_timestamp":1.772509307915391e+09}