{"avg_inner_best_models/val_loss_mean":0.6903007626533508,"avg_inner_best_models/val_auc_mean":0.5775862068965517,"_runtime":0.044111078,"_wandb":{"runtime":0},"_timestamp":1.7727888617860963e+09,"_step":28,"avg_inner_best_models/train_loss_mean":0.4915957376360893}