{"_timestamp":1.772789332495535e+09,"_step":50,"avg_inner_best_models/train_loss_mean":0.3866073836882909,"avg_inner_best_models/val_loss_mean":0.6184147795041403,"avg_inner_best_models/val_auc_mean":0.7068965517241379,"_wandb":{"runtime":0},"_runtime":0.053805533}