{"avg_inner_best_models/train_loss_mean":0.41623921940724057,"avg_inner_best_models/val_loss_mean":0.6356065273284912,"_timestamp":1.7725231919338598e+09,"_wandb":{"runtime":0},"_runtime":0.035572819,"_step":40}