{"_runtime":0.054629472,"_step":51,"avg_inner_best_models/train_loss_mean":0.2147118548552195,"avg_inner_best_models/val_loss_mean":0.6070853471755981,"_timestamp":1.7725028719024138e+09,"_wandb":{"runtime":0}}